"Prey","Predator","Old_VV","New_VV","Rel_Change","Log_Ratio"
"Outside","Outside",2,2,0,0
"Outside","large_phytoplankton",2,2,0,0
"Outside","small_phytoplankton",2,2,0,0
"Outside","macroalgae",2,2,0,0
"humpback_whale","transient_killer_whales",2,2,0,0
"other_baleen_whales","transient_killer_whales",2,2,0,0
"dolphins_porpoises","transient_killer_whales",2,2,0,0
"northern_elephant_seal","transient_killer_whales",2,2,0,0
"northern_fur_seal_adult","transient_killer_whales",2,2,0,0
"northern_fur_seal_juvenile","transient_killer_whales",2,2,0,0
"steller_sea_lion","transient_killer_whales",2,2,0,0
"harbor_seal","transient_killer_whales",2,2,0,0
"sea_otter","transient_killer_whales",2,2,0,0
"salmon_returning","resident_killer_whales",2,5.62054410102326,1.81027205051163,0.44874836414601
"pacific_herring_adult","resident_killer_whales",2,2.3199942209609,0.159997110480449,0.0644569074131606
"pacific_halibut_adult","resident_killer_whales",2,6.60734201818029,2.30367100909015,0.518996792264962
"arrowtooth_flounder_adult","resident_killer_whales",2,2.43086190756857,0.215430953784287,0.084730292474132
"sablefish_adult","resident_killer_whales",2,9.69726116777096,3.84863058388548,0.685619096573418
"pacific_cod_adult","resident_killer_whales",2,2.03854217961004,0.0192710898050219,0.00828970623279197
"salmon_returning","offshore_killer_whales",2,5.62054410102326,1.81027205051163,0.44874836414601
"pacific_dogfish","offshore_killer_whales",2,2,0,0
"pacific_sleeper_shark","offshore_killer_whales",2,2,0,0
"pacific_halibut_adult","offshore_killer_whales",2,6.60734201818029,2.30367100909015,0.518996792264962
"pacific_dogfish","other_toothed_whales",2,2,0,0
"big_skate","other_toothed_whales",2,2,0,0
"longnose_skate","other_toothed_whales",2,2,0,0
"other_skates","other_toothed_whales",2,1.5720776829984,-0.213961158500798,-0.104555993105643
"pacific_ocean_perch_adult","other_toothed_whales",2,1.92401275075782,-0.0379936246210891,-0.0168220498096856
"slope_rockfish","other_toothed_whales",2,2,0,0
"demersal_shelf_rockfish","other_toothed_whales",2,2,0,0
"pelagic_shelf_rockfish","other_toothed_whales",2,2,0,0
"thornyheads","other_toothed_whales",2,2,0,0
"sablefish_adult","other_toothed_whales",2,9.69726116777096,3.84863058388548,0.685619096573418
"sablefish_juvenile","other_toothed_whales",2,2,0,0
"pacific_cod_adult","other_toothed_whales",2,2.03854217961004,0.0192710898050219,0.00828970623279197
"miscellaneous_deep_sea_fish","other_toothed_whales",2,2,0,0
"squid","other_toothed_whales",2,2.88161157710642,0.440805788553211,0.158605444628015
"pacific_herring_juvenile","humpback_whale",2,1.80249908826407,-0.0987504558679635,-0.0451549419462911
"pacific_sandlance","humpback_whale",2,1.88420932734671,-0.0578953363266437,-0.0259008463251865
"pacific_capelin","humpback_whale",2,8.96059028490326,3.48029514245163,0.651306624381201
"shelf_forage_fish","humpback_whale",2,2.57341995203116,0.28670997601558,0.109480668108594
"walleye_pollock_juvenile","humpback_whale",2,1.77580914365466,-0.11209542817267,-0.051633707820314
"euphausiids","humpback_whale",2,2.24416207481037,0.122081037405184,0.0500242230761129
"large_copepods","humpback_whale",2,2,0,0
"pacific_herring_adult","other_baleen_whales",2,2.3199942209609,0.159997110480449,0.0644569074131606
"pacific_herring_juvenile","other_baleen_whales",2,1.80249908826407,-0.0987504558679635,-0.0451549419462911
"pacific_sandlance","other_baleen_whales",2,1.88420932734671,-0.0578953363266437,-0.0259008463251865
"pacific_capelin","other_baleen_whales",2,8.96059028490326,3.48029514245163,0.651306624381201
"slope_forage_fish","other_baleen_whales",2,2,0,0
"squid","other_baleen_whales",2,2.88161157710642,0.440805788553211,0.158605444628015
"tanner_crab","other_baleen_whales",2,1.61865128140674,-0.190674359296632,-0.0918767002603749
"king_crab","other_baleen_whales",2,2,0,0
"pandalid_shrimp","other_baleen_whales",2,1.57153280199921,-0.214233599000393,-0.104706545354239
"nonpandalid_shrimp","other_baleen_whales",2,2.77386967512412,0.386934837562058,0.142056057070388
"motile_epifauna","other_baleen_whales",2,1.64319935045795,-0.178400324771027,-0.085339741083481
"benthic_zooplankton","other_baleen_whales",2,1.56431811762768,-0.217840941186159,-0.10670492041735
"sessile_epifauna","other_baleen_whales",2,2,0,0
"infauna","other_baleen_whales",2,1.22500405909628,-0.387497970451859,-0.212892467910209
"mysids","other_baleen_whales",2,1.60275755423632,-0.198621222881842,-0.0961621631542792
"pelagic_amphipods","other_baleen_whales",2,2,0,0
"euphausiids","other_baleen_whales",2,2.24416207481037,0.122081037405184,0.0500242230761129
"large_copepods","other_baleen_whales",2,2,0,0
"pacific_hake","dolphins_porpoises",2,2,0,0
"pacific_sandlance","dolphins_porpoises",2,1.88420932734671,-0.0578953363266437,-0.0259008463251865
"pacific_capelin","dolphins_porpoises",2,8.96059028490326,3.48029514245163,0.651306624381201
"shelf_forage_fish","dolphins_porpoises",2,2.57341995203116,0.28670997601558,0.109480668108594
"slope_forage_fish","dolphins_porpoises",2,2,0,0
"slope_demersal_fish","dolphins_porpoises",2,2,0,0
"squid","dolphins_porpoises",2,2.88161157710642,0.440805788553211,0.158605444628015
"pacific_hake","northern_elephant_seal",2,2,0,0
"pacific_dogfish","northern_elephant_seal",2,2,0,0
"big_skate","northern_elephant_seal",2,2,0,0
"longnose_skate","northern_elephant_seal",2,2,0,0
"other_skates","northern_elephant_seal",2,1.5720776829984,-0.213961158500798,-0.104555993105643
"pacific_halibut_adult","northern_elephant_seal",2,6.60734201818029,2.30367100909015,0.518996792264962
"pacific_halibut_juvenile","northern_elephant_seal",2,2,0,0
"arrowtooth_flounder_adult","northern_elephant_seal",2,2.43086190756857,0.215430953784287,0.084730292474132
"arrowtooth_flounder_juvenile","northern_elephant_seal",2,12.974571827521,5.48728591376049,0.812063038986517
"rex_sole_adult","northern_elephant_seal",2,2,0,0
"flathead_sole_adult","northern_elephant_seal",2,2,0,0
"flathead_sole_juvenile","northern_elephant_seal",2,2,0,0
"shallow_water_flatfish","northern_elephant_seal",2,1.54817916428085,-0.225910417859573,-0.111208777330002
"deep_water_flatfish","northern_elephant_seal",2,2.24933847489556,0.124669237447782,0.0510248162496058
"pacific_ocean_perch_adult","northern_elephant_seal",2,1.92401275075782,-0.0379936246210891,-0.0168220498096856
"pacific_ocean_perch_juvenile","northern_elephant_seal",2,2,0,0
"slope_rockfish","northern_elephant_seal",2,2,0,0
"demersal_shelf_rockfish","northern_elephant_seal",2,2,0,0
"pelagic_shelf_rockfish","northern_elephant_seal",2,2,0,0
"thornyheads","northern_elephant_seal",2,2,0,0
"sablefish_adult","northern_elephant_seal",2,9.69726116777096,3.84863058388548,0.685619096573418
"sablefish_juvenile","northern_elephant_seal",2,2,0,0
"pacific_cod_adult","northern_elephant_seal",2,2.03854217961004,0.0192710898050219,0.00828970623279197
"pacific_cod_juvenile","northern_elephant_seal",2,2,0,0
"walleye_pollock_adult","northern_elephant_seal",2,1.4377315656901,-0.28113421715495,-0.143352187796508
"walleye_pollock_juvenile","northern_elephant_seal",2,1.77580914365466,-0.11209542817267,-0.051633707820314
"salmon_returning","northern_fur_seal_adult",2,5.62054410102326,1.81027205051163,0.44874836414601
"pacific_hake","northern_fur_seal_adult",2,2,0,0
"pacific_herring_adult","northern_fur_seal_adult",2,2.3199942209609,0.159997110480449,0.0644569074131606
"pacific_herring_juvenile","northern_fur_seal_adult",2,1.80249908826407,-0.0987504558679635,-0.0451549419462911
"pacific_sandlance","northern_fur_seal_adult",2,1.88420932734671,-0.0578953363266437,-0.0259008463251865
"pacific_capelin","northern_fur_seal_adult",2,8.96059028490326,3.48029514245163,0.651306624381201
"shelf_forage_fish","northern_fur_seal_adult",2,2.57341995203116,0.28670997601558,0.109480668108594
"slope_forage_fish","northern_fur_seal_adult",2,2,0,0
"pacific_halibut_juvenile","northern_fur_seal_adult",2,2,0,0
"rex_sole_juvenile","northern_fur_seal_adult",2,2,0,0
"flathead_sole_juvenile","northern_fur_seal_adult",2,2,0,0
"shallow_water_flatfish","northern_fur_seal_adult",2,1.54817916428085,-0.225910417859573,-0.111208777330002
"pacific_ocean_perch_juvenile","northern_fur_seal_adult",2,2,0,0
"slope_rockfish","northern_fur_seal_adult",2,2,0,0
"demersal_shelf_rockfish","northern_fur_seal_adult",2,2,0,0
"pelagic_shelf_rockfish","northern_fur_seal_adult",2,2,0,0
"sablefish_juvenile","northern_fur_seal_adult",2,2,0,0
"pacific_cod_juvenile","northern_fur_seal_adult",2,2,0,0
"walleye_pollock_juvenile","northern_fur_seal_adult",2,1.77580914365466,-0.11209542817267,-0.051633707820314
"large_sculpins","northern_fur_seal_adult",2,2,0,0
"shelf_demersal_fish","northern_fur_seal_adult",2,1.76944387063964,-0.115278064680178,-0.0531932049312518
"slope_demersal_fish","northern_fur_seal_adult",2,2,0,0
"squid","northern_fur_seal_adult",2,2.88161157710642,0.440805788553211,0.158605444628015
"salmon_returning","northern_fur_seal_juvenile",2,5.62054410102326,1.81027205051163,0.44874836414601
"pacific_hake","northern_fur_seal_juvenile",2,2,0,0
"pacific_herring_adult","northern_fur_seal_juvenile",2,2.3199942209609,0.159997110480449,0.0644569074131606
"pacific_herring_juvenile","northern_fur_seal_juvenile",2,1.80249908826407,-0.0987504558679635,-0.0451549419462911
"pacific_sandlance","northern_fur_seal_juvenile",2,1.88420932734671,-0.0578953363266437,-0.0259008463251865
"pacific_capelin","northern_fur_seal_juvenile",2,8.96059028490326,3.48029514245163,0.651306624381201
"shelf_forage_fish","northern_fur_seal_juvenile",2,2.57341995203116,0.28670997601558,0.109480668108594
"slope_forage_fish","northern_fur_seal_juvenile",2,2,0,0
"pacific_halibut_juvenile","northern_fur_seal_juvenile",2,2,0,0
"rex_sole_adult","northern_fur_seal_juvenile",2,2,0,0
"flathead_sole_adult","northern_fur_seal_juvenile",2,2,0,0
"shallow_water_flatfish","northern_fur_seal_juvenile",2,1.54817916428085,-0.225910417859573,-0.111208777330002
"pacific_ocean_perch_adult","northern_fur_seal_juvenile",2,1.92401275075782,-0.0379936246210891,-0.0168220498096856
"slope_rockfish","northern_fur_seal_juvenile",2,2,0,0
"demersal_shelf_rockfish","northern_fur_seal_juvenile",2,2,0,0
"pelagic_shelf_rockfish","northern_fur_seal_juvenile",2,2,0,0
"sablefish_adult","northern_fur_seal_juvenile",2,9.69726116777096,3.84863058388548,0.685619096573418
"pacific_cod_adult","northern_fur_seal_juvenile",2,2.03854217961004,0.0192710898050219,0.00828970623279197
"walleye_pollock_adult","northern_fur_seal_juvenile",2,1.4377315656901,-0.28113421715495,-0.143352187796508
"large_sculpins","northern_fur_seal_juvenile",2,2,0,0
"shelf_demersal_fish","northern_fur_seal_juvenile",2,1.76944387063964,-0.115278064680178,-0.0531932049312518
"slope_demersal_fish","northern_fur_seal_juvenile",2,2,0,0
"squid","northern_fur_seal_juvenile",2,2.88161157710642,0.440805788553211,0.158605444628015
"salmon_returning","steller_sea_lion",2,5.62054410102326,1.81027205051163,0.44874836414601
"salmon_outgoing","steller_sea_lion",2,2,0,0
"pacific_hake","steller_sea_lion",2,2,0,0
"pacific_herring_adult","steller_sea_lion",2,2.3199942209609,0.159997110480449,0.0644569074131606
"pacific_herring_juvenile","steller_sea_lion",2,1.80249908826407,-0.0987504558679635,-0.0451549419462911
"pacific_sandlance","steller_sea_lion",2,1.88420932734671,-0.0578953363266437,-0.0259008463251865
"pacific_capelin","steller_sea_lion",2,8.96059028490326,3.48029514245163,0.651306624381201
"shelf_forage_fish","steller_sea_lion",2,2.57341995203116,0.28670997601558,0.109480668108594
"slope_forage_fish","steller_sea_lion",2,2,0,0
"big_skate","steller_sea_lion",2,2,0,0
"longnose_skate","steller_sea_lion",2,2,0,0
"other_skates","steller_sea_lion",2,1.5720776829984,-0.213961158500798,-0.104555993105643
"pacific_halibut_adult","steller_sea_lion",2,6.60734201818029,2.30367100909015,0.518996792264962
"pacific_halibut_juvenile","steller_sea_lion",2,2,0,0
"arrowtooth_flounder_adult","steller_sea_lion",2,2.43086190756857,0.215430953784287,0.084730292474132
"arrowtooth_flounder_juvenile","steller_sea_lion",2,12.974571827521,5.48728591376049,0.812063038986517
"shallow_water_flatfish","steller_sea_lion",2,1.54817916428085,-0.225910417859573,-0.111208777330002
"pacific_ocean_perch_adult","steller_sea_lion",2,1.92401275075782,-0.0379936246210891,-0.0168220498096856
"pacific_ocean_perch_juvenile","steller_sea_lion",2,2,0,0
"slope_rockfish","steller_sea_lion",2,2,0,0
"demersal_shelf_rockfish","steller_sea_lion",2,2,0,0
"pelagic_shelf_rockfish","steller_sea_lion",2,2,0,0
"thornyheads","steller_sea_lion",2,2,0,0
"pacific_cod_adult","steller_sea_lion",2,2.03854217961004,0.0192710898050219,0.00828970623279197
"pacific_cod_juvenile","steller_sea_lion",2,2,0,0
"walleye_pollock_adult","steller_sea_lion",2,1.4377315656901,-0.28113421715495,-0.143352187796508
"walleye_pollock_juvenile","steller_sea_lion",2,1.77580914365466,-0.11209542817267,-0.051633707820314
"large_sculpins","steller_sea_lion",2,2,0,0
"atka_mackerel","steller_sea_lion",2,2,0,0
"slope_demersal_fish","steller_sea_lion",2,2,0,0
"squid","steller_sea_lion",2,2.88161157710642,0.440805788553211,0.158605444628015
"octopus","steller_sea_lion",2,2.25065314759879,0.125326573799394,0.0512785745516917
"salmon_returning","harbor_seal",2,5.62054410102326,1.81027205051163,0.44874836414601
"pacific_herring_adult","harbor_seal",2,2.3199942209609,0.159997110480449,0.0644569074131606
"pacific_herring_juvenile","harbor_seal",2,1.80249908826407,-0.0987504558679635,-0.0451549419462911
"pacific_sandlance","harbor_seal",2,1.88420932734671,-0.0578953363266437,-0.0259008463251865
"pacific_capelin","harbor_seal",2,8.96059028490326,3.48029514245163,0.651306624381201
"shelf_forage_fish","harbor_seal",2,2.57341995203116,0.28670997601558,0.109480668108594
"pacific_halibut_adult","harbor_seal",2,6.60734201818029,2.30367100909015,0.518996792264962
"pacific_halibut_juvenile","harbor_seal",2,2,0,0
"arrowtooth_flounder_adult","harbor_seal",2,2.43086190756857,0.215430953784287,0.084730292474132
"arrowtooth_flounder_juvenile","harbor_seal",2,12.974571827521,5.48728591376049,0.812063038986517
"rex_sole_adult","harbor_seal",2,2,0,0
"rex_sole_juvenile","harbor_seal",2,2,0,0
"flathead_sole_adult","harbor_seal",2,2,0,0
"flathead_sole_juvenile","harbor_seal",2,2,0,0
"shallow_water_flatfish","harbor_seal",2,1.54817916428085,-0.225910417859573,-0.111208777330002
"pacific_ocean_perch_adult","harbor_seal",2,1.92401275075782,-0.0379936246210891,-0.0168220498096856
"pacific_ocean_perch_juvenile","harbor_seal",2,2,0,0
"slope_rockfish","harbor_seal",2,2,0,0
"demersal_shelf_rockfish","harbor_seal",2,2,0,0
"pelagic_shelf_rockfish","harbor_seal",2,2,0,0
"thornyheads","harbor_seal",2,2,0,0
"pacific_cod_adult","harbor_seal",2,2.03854217961004,0.0192710898050219,0.00828970623279197
"pacific_cod_juvenile","harbor_seal",2,2,0,0
"walleye_pollock_adult","harbor_seal",2,1.4377315656901,-0.28113421715495,-0.143352187796508
"walleye_pollock_juvenile","harbor_seal",2,1.77580914365466,-0.11209542817267,-0.051633707820314
"large_sculpins","harbor_seal",2,2,0,0
"shelf_demersal_fish","harbor_seal",2,1.76944387063964,-0.115278064680178,-0.0531932049312518
"slope_demersal_fish","harbor_seal",2,2,0,0
"squid","harbor_seal",2,2.88161157710642,0.440805788553211,0.158605444628015
"octopus","harbor_seal",2,2.25065314759879,0.125326573799394,0.0512785745516917
"tanner_crab","harbor_seal",2,1.61865128140674,-0.190674359296632,-0.0918767002603749
"king_crab","harbor_seal",2,2,0,0
"pandalid_shrimp","harbor_seal",2,1.57153280199921,-0.214233599000393,-0.104706545354239
"mysids","harbor_seal",2,1.60275755423632,-0.198621222881842,-0.0961621631542792
"pacific_herring_adult","sea_otter",2,2.3199942209609,0.159997110480449,0.0644569074131606
"pacific_herring_juvenile","sea_otter",2,1.80249908826407,-0.0987504558679635,-0.0451549419462911
"pacific_sandlance","sea_otter",2,1.88420932734671,-0.0578953363266437,-0.0259008463251865
"pacific_capelin","sea_otter",2,8.96059028490326,3.48029514245163,0.651306624381201
"shelf_forage_fish","sea_otter",2,2.57341995203116,0.28670997601558,0.109480668108594
"pacific_halibut_adult","sea_otter",2,6.60734201818029,2.30367100909015,0.518996792264962
"pacific_halibut_juvenile","sea_otter",2,2,0,0
"pacific_ocean_perch_adult","sea_otter",2,1.92401275075782,-0.0379936246210891,-0.0168220498096856
"pacific_ocean_perch_juvenile","sea_otter",2,2,0,0
"slope_rockfish","sea_otter",2,2,0,0
"demersal_shelf_rockfish","sea_otter",2,2,0,0
"pelagic_shelf_rockfish","sea_otter",2,2,0,0
"thornyheads","sea_otter",2,2,0,0
"pacific_cod_adult","sea_otter",2,2.03854217961004,0.0192710898050219,0.00828970623279197
"pacific_cod_juvenile","sea_otter",2,2,0,0
"walleye_pollock_adult","sea_otter",2,1.4377315656901,-0.28113421715495,-0.143352187796508
"walleye_pollock_juvenile","sea_otter",2,1.77580914365466,-0.11209542817267,-0.051633707820314
"squid","sea_otter",2,2.88161157710642,0.440805788553211,0.158605444628015
"motile_epifauna","sea_otter",2,1.64319935045795,-0.178400324771027,-0.085339741083481
"sessile_epifauna","sea_otter",2,2,0,0
"piscivorous_surface_birds","piscivorous_surface_birds",2,2,0,0
"planktivorous_surface_birds","piscivorous_surface_birds",2,2,0,0
"piscivorous_diving_birds","piscivorous_surface_birds",2,2,0,0
"planktivorous_diving_birds","piscivorous_surface_birds",2,2,0,0
"salmon_outgoing","piscivorous_surface_birds",2,2,0,0
"pacific_herring_adult","piscivorous_surface_birds",2,2.3199942209609,0.159997110480449,0.0644569074131606
"pacific_herring_juvenile","piscivorous_surface_birds",2,1.80249908826407,-0.0987504558679635,-0.0451549419462911
"pacific_sandlance","piscivorous_surface_birds",2,1.88420932734671,-0.0578953363266437,-0.0259008463251865
"pacific_capelin","piscivorous_surface_birds",2,8.96059028490326,3.48029514245163,0.651306624381201
"shelf_forage_fish","piscivorous_surface_birds",2,2.57341995203116,0.28670997601558,0.109480668108594
"slope_forage_fish","piscivorous_surface_birds",2,2,0,0
"pacific_halibut_juvenile","piscivorous_surface_birds",2,2,0,0
"arrowtooth_flounder_juvenile","piscivorous_surface_birds",2,12.974571827521,5.48728591376049,0.812063038986517
"rex_sole_juvenile","piscivorous_surface_birds",2,2,0,0
"flathead_sole_juvenile","piscivorous_surface_birds",2,2,0,0
"shallow_water_flatfish","piscivorous_surface_birds",2,1.54817916428085,-0.225910417859573,-0.111208777330002
"pacific_ocean_perch_juvenile","piscivorous_surface_birds",2,2,0,0
"slope_rockfish","piscivorous_surface_birds",2,2,0,0
"demersal_shelf_rockfish","piscivorous_surface_birds",2,2,0,0
"pelagic_shelf_rockfish","piscivorous_surface_birds",2,2,0,0
"thornyheads","piscivorous_surface_birds",2,2,0,0
"sablefish_juvenile","piscivorous_surface_birds",2,2,0,0
"pacific_cod_juvenile","piscivorous_surface_birds",2,2,0,0
"walleye_pollock_juvenile","piscivorous_surface_birds",2,1.77580914365466,-0.11209542817267,-0.051633707820314
"large_sculpins","piscivorous_surface_birds",2,2,0,0
"lingcod","piscivorous_surface_birds",2,2,0,0
"atka_mackerel","piscivorous_surface_birds",2,2,0,0
"shelf_demersal_fish","piscivorous_surface_birds",2,1.76944387063964,-0.115278064680178,-0.0531932049312518
"squid","piscivorous_surface_birds",2,2.88161157710642,0.440805788553211,0.158605444628015
"octopus","piscivorous_surface_birds",2,2.25065314759879,0.125326573799394,0.0512785745516917
"pandalid_shrimp","piscivorous_surface_birds",2,1.57153280199921,-0.214233599000393,-0.104706545354239
"nonpandalid_shrimp","piscivorous_surface_birds",2,2.77386967512412,0.386934837562058,0.142056057070388
"motile_epifauna","piscivorous_surface_birds",2,1.64319935045795,-0.178400324771027,-0.085339741083481
"benthic_zooplankton","piscivorous_surface_birds",2,1.56431811762768,-0.217840941186159,-0.10670492041735
"sessile_epifauna","piscivorous_surface_birds",2,2,0,0
"gelatinous_carnivores","piscivorous_surface_birds",2,2,0,0
"other_gelatinous_zooplankton","piscivorous_surface_birds",2,2,0,0
"mysids","piscivorous_surface_birds",2,1.60275755423632,-0.198621222881842,-0.0961621631542792
"pelagic_amphipods","piscivorous_surface_birds",2,2,0,0
"euphausiids","piscivorous_surface_birds",2,2.24416207481037,0.122081037405184,0.0500242230761129
"large_copepods","piscivorous_surface_birds",2,2,0,0
"small_copepods","piscivorous_surface_birds",2,2,0,0
"discards","piscivorous_surface_birds",2,2,0,0
"offal","piscivorous_surface_birds",2,1.39653561173632,-0.301732194131841,-0.155977980952141
"detritus","piscivorous_surface_birds",2,2,0,0
"salmon_outgoing","planktivorous_surface_birds",2,2,0,0
"pacific_herring_juvenile","planktivorous_surface_birds",2,1.80249908826407,-0.0987504558679635,-0.0451549419462911
"pacific_sandlance","planktivorous_surface_birds",2,1.88420932734671,-0.0578953363266437,-0.0259008463251865
"pacific_capelin","planktivorous_surface_birds",2,8.96059028490326,3.48029514245163,0.651306624381201
"shelf_forage_fish","planktivorous_surface_birds",2,2.57341995203116,0.28670997601558,0.109480668108594
"pacific_halibut_juvenile","planktivorous_surface_birds",2,2,0,0
"arrowtooth_flounder_juvenile","planktivorous_surface_birds",2,12.974571827521,5.48728591376049,0.812063038986517
"rex_sole_juvenile","planktivorous_surface_birds",2,2,0,0
"flathead_sole_juvenile","planktivorous_surface_birds",2,2,0,0
"shallow_water_flatfish","planktivorous_surface_birds",2,1.54817916428085,-0.225910417859573,-0.111208777330002
"pacific_ocean_perch_juvenile","planktivorous_surface_birds",2,2,0,0
"slope_rockfish","planktivorous_surface_birds",2,2,0,0
"demersal_shelf_rockfish","planktivorous_surface_birds",2,2,0,0
"pelagic_shelf_rockfish","planktivorous_surface_birds",2,2,0,0
"thornyheads","planktivorous_surface_birds",2,2,0,0
"sablefish_juvenile","planktivorous_surface_birds",2,2,0,0
"pacific_cod_juvenile","planktivorous_surface_birds",2,2,0,0
"walleye_pollock_juvenile","planktivorous_surface_birds",2,1.77580914365466,-0.11209542817267,-0.051633707820314
"large_sculpins","planktivorous_surface_birds",2,2,0,0
"lingcod","planktivorous_surface_birds",2,2,0,0
"atka_mackerel","planktivorous_surface_birds",2,2,0,0
"shelf_demersal_fish","planktivorous_surface_birds",2,1.76944387063964,-0.115278064680178,-0.0531932049312518
"squid","planktivorous_surface_birds",2,2.88161157710642,0.440805788553211,0.158605444628015
"octopus","planktivorous_surface_birds",2,2.25065314759879,0.125326573799394,0.0512785745516917
"pandalid_shrimp","planktivorous_surface_birds",2,1.57153280199921,-0.214233599000393,-0.104706545354239
"nonpandalid_shrimp","planktivorous_surface_birds",2,2.77386967512412,0.386934837562058,0.142056057070388
"motile_epifauna","planktivorous_surface_birds",2,1.64319935045795,-0.178400324771027,-0.085339741083481
"benthic_zooplankton","planktivorous_surface_birds",2,1.56431811762768,-0.217840941186159,-0.10670492041735
"sessile_epifauna","planktivorous_surface_birds",2,2,0,0
"mysids","planktivorous_surface_birds",2,1.60275755423632,-0.198621222881842,-0.0961621631542792
"pelagic_amphipods","planktivorous_surface_birds",2,2,0,0
"euphausiids","planktivorous_surface_birds",2,2.24416207481037,0.122081037405184,0.0500242230761129
"large_copepods","planktivorous_surface_birds",2,2,0,0
"small_copepods","planktivorous_surface_birds",2,2,0,0
"discards","planktivorous_surface_birds",2,2,0,0
"offal","planktivorous_surface_birds",2,1.39653561173632,-0.301732194131841,-0.155977980952141
"detritus","planktivorous_surface_birds",2,2,0,0
"salmon_outgoing","piscivorous_diving_birds",2,2,0,0
"pacific_herring_adult","piscivorous_diving_birds",2,2.3199942209609,0.159997110480449,0.0644569074131606
"pacific_herring_juvenile","piscivorous_diving_birds",2,1.80249908826407,-0.0987504558679635,-0.0451549419462911
"pacific_sandlance","piscivorous_diving_birds",2,1.88420932734671,-0.0578953363266437,-0.0259008463251865
"pacific_capelin","piscivorous_diving_birds",2,8.96059028490326,3.48029514245163,0.651306624381201
"shelf_forage_fish","piscivorous_diving_birds",2,2.57341995203116,0.28670997601558,0.109480668108594
"slope_forage_fish","piscivorous_diving_birds",2,2,0,0
"pacific_halibut_juvenile","piscivorous_diving_birds",2,2,0,0
"arrowtooth_flounder_juvenile","piscivorous_diving_birds",2,12.974571827521,5.48728591376049,0.812063038986517
"rex_sole_juvenile","piscivorous_diving_birds",2,2,0,0
"flathead_sole_juvenile","piscivorous_diving_birds",2,2,0,0
"shallow_water_flatfish","piscivorous_diving_birds",2,1.54817916428085,-0.225910417859573,-0.111208777330002
"pacific_ocean_perch_juvenile","piscivorous_diving_birds",2,2,0,0
"slope_rockfish","piscivorous_diving_birds",2,2,0,0
"demersal_shelf_rockfish","piscivorous_diving_birds",2,2,0,0
"pelagic_shelf_rockfish","piscivorous_diving_birds",2,2,0,0
"thornyheads","piscivorous_diving_birds",2,2,0,0
"sablefish_juvenile","piscivorous_diving_birds",2,2,0,0
"pacific_cod_juvenile","piscivorous_diving_birds",2,2,0,0
"walleye_pollock_juvenile","piscivorous_diving_birds",2,1.77580914365466,-0.11209542817267,-0.051633707820314
"large_sculpins","piscivorous_diving_birds",2,2,0,0
"lingcod","piscivorous_diving_birds",2,2,0,0
"atka_mackerel","piscivorous_diving_birds",2,2,0,0
"shelf_demersal_fish","piscivorous_diving_birds",2,1.76944387063964,-0.115278064680178,-0.0531932049312518
"squid","piscivorous_diving_birds",2,2.88161157710642,0.440805788553211,0.158605444628015
"octopus","piscivorous_diving_birds",2,2.25065314759879,0.125326573799394,0.0512785745516917
"pandalid_shrimp","piscivorous_diving_birds",2,1.57153280199921,-0.214233599000393,-0.104706545354239
"nonpandalid_shrimp","piscivorous_diving_birds",2,2.77386967512412,0.386934837562058,0.142056057070388
"motile_epifauna","piscivorous_diving_birds",2,1.64319935045795,-0.178400324771027,-0.085339741083481
"benthic_zooplankton","piscivorous_diving_birds",2,1.56431811762768,-0.217840941186159,-0.10670492041735
"sessile_epifauna","piscivorous_diving_birds",2,2,0,0
"mysids","piscivorous_diving_birds",2,1.60275755423632,-0.198621222881842,-0.0961621631542792
"pelagic_amphipods","piscivorous_diving_birds",2,2,0,0
"euphausiids","piscivorous_diving_birds",2,2.24416207481037,0.122081037405184,0.0500242230761129
"large_copepods","piscivorous_diving_birds",2,2,0,0
"small_copepods","piscivorous_diving_birds",2,2,0,0
"discards","piscivorous_diving_birds",2,2,0,0
"offal","piscivorous_diving_birds",2,1.39653561173632,-0.301732194131841,-0.155977980952141
"detritus","piscivorous_diving_birds",2,2,0,0
"salmon_outgoing","planktivorous_diving_birds",2,2,0,0
"pacific_herring_juvenile","planktivorous_diving_birds",2,1.80249908826407,-0.0987504558679635,-0.0451549419462911
"pacific_sandlance","planktivorous_diving_birds",2,1.88420932734671,-0.0578953363266437,-0.0259008463251865
"pacific_capelin","planktivorous_diving_birds",2,8.96059028490326,3.48029514245163,0.651306624381201
"shelf_forage_fish","planktivorous_diving_birds",2,2.57341995203116,0.28670997601558,0.109480668108594
"pacific_halibut_juvenile","planktivorous_diving_birds",2,2,0,0
"arrowtooth_flounder_juvenile","planktivorous_diving_birds",2,12.974571827521,5.48728591376049,0.812063038986517
"rex_sole_juvenile","planktivorous_diving_birds",2,2,0,0
"flathead_sole_juvenile","planktivorous_diving_birds",2,2,0,0
"shallow_water_flatfish","planktivorous_diving_birds",2,1.54817916428085,-0.225910417859573,-0.111208777330002
"pacific_ocean_perch_juvenile","planktivorous_diving_birds",2,2,0,0
"slope_rockfish","planktivorous_diving_birds",2,2,0,0
"demersal_shelf_rockfish","planktivorous_diving_birds",2,2,0,0
"pelagic_shelf_rockfish","planktivorous_diving_birds",2,2,0,0
"thornyheads","planktivorous_diving_birds",2,2,0,0
"sablefish_juvenile","planktivorous_diving_birds",2,2,0,0
"pacific_cod_juvenile","planktivorous_diving_birds",2,2,0,0
"walleye_pollock_juvenile","planktivorous_diving_birds",2,1.77580914365466,-0.11209542817267,-0.051633707820314
"large_sculpins","planktivorous_diving_birds",2,2,0,0
"lingcod","planktivorous_diving_birds",2,2,0,0
"atka_mackerel","planktivorous_diving_birds",2,2,0,0
"shelf_demersal_fish","planktivorous_diving_birds",2,1.76944387063964,-0.115278064680178,-0.0531932049312518
"squid","planktivorous_diving_birds",2,2.88161157710642,0.440805788553211,0.158605444628015
"octopus","planktivorous_diving_birds",2,2.25065314759879,0.125326573799394,0.0512785745516917
"pandalid_shrimp","planktivorous_diving_birds",2,1.57153280199921,-0.214233599000393,-0.104706545354239
"nonpandalid_shrimp","planktivorous_diving_birds",2,2.77386967512412,0.386934837562058,0.142056057070388
"motile_epifauna","planktivorous_diving_birds",2,1.64319935045795,-0.178400324771027,-0.085339741083481
"benthic_zooplankton","planktivorous_diving_birds",2,1.56431811762768,-0.217840941186159,-0.10670492041735
"sessile_epifauna","planktivorous_diving_birds",2,2,0,0
"mysids","planktivorous_diving_birds",2,1.60275755423632,-0.198621222881842,-0.0961621631542792
"pelagic_amphipods","planktivorous_diving_birds",2,2,0,0
"euphausiids","planktivorous_diving_birds",2,2.24416207481037,0.122081037405184,0.0500242230761129
"large_copepods","planktivorous_diving_birds",2,2,0,0
"small_copepods","planktivorous_diving_birds",2,2,0,0
"discards","planktivorous_diving_birds",2,2,0,0
"offal","planktivorous_diving_birds",2,1.39653561173632,-0.301732194131841,-0.155977980952141
"detritus","planktivorous_diving_birds",2,2,0,0
"squid","salmon_returning",2,8.08014211039588,3.04007105519794,0.606389003380161
"euphausiids","salmon_returning",2,5.68154235720042,1.84077117860021,0.45343625312685
"large_copepods","salmon_returning",2,4.76280747660144,1.38140373830072,0.37683303104192
"large_microzooplankton","salmon_returning",2,14.7794510722142,6.38972553610712,0.868628308439789
"pelagic_amphipods","salmon_outgoing",2,2,0,0
"euphausiids","salmon_outgoing",2,2.24416207481037,0.122081037405184,0.0500242230761129
"large_copepods","salmon_outgoing",2,2,0,0
"shelf_forage_fish","pacific_hake",2,2.57341995203116,0.28670997601558,0.109480668108594
"slope_forage_fish","pacific_hake",2,2,0,0
"walleye_pollock_adult","pacific_hake",2,1.4377315656901,-0.28113421715495,-0.143352187796508
"walleye_pollock_juvenile","pacific_hake",2,1.77580914365466,-0.11209542817267,-0.051633707820314
"squid","pacific_hake",2,2.88161157710642,0.440805788553211,0.158605444628015
"pandalid_shrimp","pacific_hake",2,1.57153280199921,-0.214233599000393,-0.104706545354239
"motile_epifauna","pacific_hake",2,1.64319935045795,-0.178400324771027,-0.085339741083481
"mysids","pacific_hake",2,1.60275755423632,-0.198621222881842,-0.0961621631542792
"pelagic_amphipods","pacific_hake",2,2,0,0
"euphausiids","pacific_hake",2,2.24416207481037,0.122081037405184,0.0500242230761129
"detritus","pacific_hake",2,2,0,0
"benthic_zooplankton","pacific_herring_adult",2,6.9753741300282,2.4876870650141,0.542537510654305
"infauna","pacific_herring_adult",2,3.38249205878288,0.691246029391441,0.22820678999568
"pelagic_amphipods","pacific_herring_adult",2,11.5886625705867,4.79433128529337,0.76300332194503
"euphausiids","pacific_herring_adult",2,14.1740123932881,6.08700619664405,0.850462812494427
"large_copepods","pacific_herring_adult",2,11.5886625705867,4.79433128529337,0.76300332194503
"euphausiids","pacific_herring_juvenile",2,3.47987988148776,0.739939940743879,0.240534257562089
"large_copepods","pacific_herring_juvenile",2,2.99321288736898,0.496606443684491,0.175107610759122
"euphausiids","pacific_sandlance",2,1.73606229326811,-0.131968853365944,-0.0614646912191149
"large_copepods","pacific_sandlance",2,1.59161286794592,-0.204193566027039,-0.0991925539711608
"euphausiids","pacific_capelin",2,21.7270514475667,9.86352572378337,1.0359707970653
"large_copepods","pacific_capelin",2,17.6594464396657,7.82972321983287,0.945947090215932
"shelf_forage_fish","shelf_forage_fish",2,17.2764559851062,7.63822799255308,0.936424662388143
"flathead_sole_juvenile","shelf_forage_fish",2,11.3446355590537,4.67231777952687,0.753760553280273
"shallow_water_flatfish","shelf_forage_fish",2,6.67071367555208,2.33535683777604,0.523142304335563
"pacific_cod_juvenile","shelf_forage_fish",2,11.3446355590537,4.67231777952687,0.753760553280273
"walleye_pollock_juvenile","shelf_forage_fish",2,9.02546285448903,3.51273142724451,0.654439487489456
"large_sculpins","shelf_forage_fish",2,11.3446355590537,4.67231777952687,0.753760553280273
"shelf_demersal_fish","shelf_forage_fish",2,8.9596164249148,3.4798082124574,0.651259421575296
"tanner_crab","shelf_forage_fish",2,7.39972204429428,2.69986102214714,0.568185410972889
"pandalid_shrimp","shelf_forage_fish",2,6.91229854672668,2.45614927336334,0.538592491676641
"nonpandalid_shrimp","shelf_forage_fish",2,19.350035318416,8.67501765920801,0.98565176638238
"motile_epifauna","shelf_forage_fish",2,7.65366287230754,2.82683143615377,0.582839332890678
"benthic_zooplankton","shelf_forage_fish",2,6.83766526622959,2.41883263311479,0.533877840693105
"sessile_epifauna","shelf_forage_fish",2,11.3446355590537,4.67231777952687,0.753760553280273
"infauna","shelf_forage_fish",2,3.32758499065882,0.66379249532941,0.221099161045544
"gelatinous_carnivores","shelf_forage_fish",2,11.3446355590537,4.67231777952687,0.753760553280273
"other_gelatinous_zooplankton","shelf_forage_fish",2,11.3446355590537,4.67231777952687,0.753760553280273
"mysids","shelf_forage_fish",2,7.23530722904125,2.61765361452063,0.558426981400532
"pelagic_amphipods","shelf_forage_fish",2,11.3446355590537,4.67231777952687,0.753760553280273
"euphausiids","shelf_forage_fish",2,13.8704032403094,5.93520162015471,0.841059091400336
"large_copepods","shelf_forage_fish",2,11.3446355590537,4.67231777952687,0.753760553280273
"small_microzooplankton","shelf_forage_fish",2,11.3446355590537,4.67231777952687,0.753760553280273
"euphausiids","slope_forage_fish",2,2.24416207481037,0.122081037405184,0.0500242230761129
"large_copepods","slope_forage_fish",2,2,0,0
"small_copepods","slope_forage_fish",2,2,0,0
"pacific_herring_adult","pacific_dogfish",2,2.3199942209609,0.159997110480449,0.0644569074131606
"pacific_herring_juvenile","pacific_dogfish",2,1.80249908826407,-0.0987504558679635,-0.0451549419462911
"pacific_capelin","pacific_dogfish",2,8.96059028490326,3.48029514245163,0.651306624381201
"shelf_forage_fish","pacific_dogfish",2,2.57341995203116,0.28670997601558,0.109480668108594
"flathead_sole_adult","pacific_dogfish",2,2,0,0
"shallow_water_flatfish","pacific_dogfish",2,1.54817916428085,-0.225910417859573,-0.111208777330002
"walleye_pollock_adult","pacific_dogfish",2,1.4377315656901,-0.28113421715495,-0.143352187796508
"shelf_demersal_fish","pacific_dogfish",2,1.76944387063964,-0.115278064680178,-0.0531932049312518
"squid","pacific_dogfish",2,2.88161157710642,0.440805788553211,0.158605444628015
"octopus","pacific_dogfish",2,2.25065314759879,0.125326573799394,0.0512785745516917
"tanner_crab","pacific_dogfish",2,1.61865128140674,-0.190674359296632,-0.0918767002603749
"pandalid_shrimp","pacific_dogfish",2,1.57153280199921,-0.214233599000393,-0.104706545354239
"nonpandalid_shrimp","pacific_dogfish",2,2.77386967512412,0.386934837562058,0.142056057070388
"motile_epifauna","pacific_dogfish",2,1.64319935045795,-0.178400324771027,-0.085339741083481
"benthic_zooplankton","pacific_dogfish",2,1.56431811762768,-0.217840941186159,-0.10670492041735
"infauna","pacific_dogfish",2,1.22500405909628,-0.387497970451859,-0.212892467910209
"gelatinous_carnivores","pacific_dogfish",2,2,0,0
"other_gelatinous_zooplankton","pacific_dogfish",2,2,0,0
"mysids","pacific_dogfish",2,1.60275755423632,-0.198621222881842,-0.0961621631542792
"euphausiids","pacific_dogfish",2,2.24416207481037,0.122081037405184,0.0500242230761129
"offal","pacific_dogfish",2,1.39653561173632,-0.301732194131841,-0.155977980952141
"detritus","pacific_dogfish",2,2,0,0
"salmon_returning","salmon_shark",2,5.62054410102326,1.81027205051163,0.44874836414601
"pacific_herring_adult","salmon_shark",2,2.3199942209609,0.159997110480449,0.0644569074131606
"shelf_forage_fish","salmon_shark",2,2.57341995203116,0.28670997601558,0.109480668108594
"pacific_dogfish","salmon_shark",2,2,0,0
"pacific_halibut_adult","salmon_shark",2,6.60734201818029,2.30367100909015,0.518996792264962
"pacific_halibut_juvenile","salmon_shark",2,2,0,0
"pacific_ocean_perch_adult","salmon_shark",2,1.92401275075782,-0.0379936246210891,-0.0168220498096856
"slope_rockfish","salmon_shark",2,2,0,0
"demersal_shelf_rockfish","salmon_shark",2,2,0,0
"pelagic_shelf_rockfish","salmon_shark",2,2,0,0
"thornyheads","salmon_shark",2,2,0,0
"sablefish_adult","salmon_shark",2,9.69726116777096,3.84863058388548,0.685619096573418
"large_sculpins","salmon_shark",2,2,0,0
"squid","salmon_shark",2,2.88161157710642,0.440805788553211,0.158605444628015
"harbor_seal","pacific_sleeper_shark",2,2,0,0
"salmon_returning","pacific_sleeper_shark",2,5.62054410102326,1.81027205051163,0.44874836414601
"pacific_hake","pacific_sleeper_shark",2,2,0,0
"pacific_dogfish","pacific_sleeper_shark",2,2,0,0
"pacific_halibut_adult","pacific_sleeper_shark",2,6.60734201818029,2.30367100909015,0.518996792264962
"pacific_halibut_juvenile","pacific_sleeper_shark",2,2,0,0
"arrowtooth_flounder_adult","pacific_sleeper_shark",2,2.43086190756857,0.215430953784287,0.084730292474132
"arrowtooth_flounder_juvenile","pacific_sleeper_shark",2,12.974571827521,5.48728591376049,0.812063038986517
"rex_sole_adult","pacific_sleeper_shark",2,2,0,0
"rex_sole_juvenile","pacific_sleeper_shark",2,2,0,0
"flathead_sole_adult","pacific_sleeper_shark",2,2,0,0
"flathead_sole_juvenile","pacific_sleeper_shark",2,2,0,0
"shallow_water_flatfish","pacific_sleeper_shark",2,1.54817916428085,-0.225910417859573,-0.111208777330002
"deep_water_flatfish","pacific_sleeper_shark",2,2.24933847489556,0.124669237447782,0.0510248162496058
"pacific_ocean_perch_adult","pacific_sleeper_shark",2,1.92401275075782,-0.0379936246210891,-0.0168220498096856
"pacific_ocean_perch_juvenile","pacific_sleeper_shark",2,2,0,0
"slope_rockfish","pacific_sleeper_shark",2,2,0,0
"demersal_shelf_rockfish","pacific_sleeper_shark",2,2,0,0
"pelagic_shelf_rockfish","pacific_sleeper_shark",2,2,0,0
"thornyheads","pacific_sleeper_shark",2,2,0,0
"sablefish_adult","pacific_sleeper_shark",2,9.69726116777096,3.84863058388548,0.685619096573418
"sablefish_juvenile","pacific_sleeper_shark",2,2,0,0
"pacific_cod_adult","pacific_sleeper_shark",2,2.03854217961004,0.0192710898050219,0.00828970623279197
"pacific_cod_juvenile","pacific_sleeper_shark",2,2,0,0
"walleye_pollock_adult","pacific_sleeper_shark",2,1.4377315656901,-0.28113421715495,-0.143352187796508
"walleye_pollock_juvenile","pacific_sleeper_shark",2,1.77580914365466,-0.11209542817267,-0.051633707820314
"large_sculpins","pacific_sleeper_shark",2,2,0,0
"lingcod","pacific_sleeper_shark",2,2,0,0
"shelf_demersal_fish","pacific_sleeper_shark",2,1.76944387063964,-0.115278064680178,-0.0531932049312518
"slope_demersal_fish","pacific_sleeper_shark",2,2,0,0
"miscellaneous_deep_sea_fish","pacific_sleeper_shark",2,2,0,0
"squid","pacific_sleeper_shark",2,2.88161157710642,0.440805788553211,0.158605444628015
"octopus","pacific_sleeper_shark",2,2.25065314759879,0.125326573799394,0.0512785745516917
"detritus","pacific_sleeper_shark",2,2,0,0
"pacific_herring_adult","big_skate",2,2.3199942209609,0.159997110480449,0.0644569074131606
"pacific_herring_juvenile","big_skate",2,1.80249908826407,-0.0987504558679635,-0.0451549419462911
"pacific_sandlance","big_skate",2,1.88420932734671,-0.0578953363266437,-0.0259008463251865
"shelf_forage_fish","big_skate",2,2.57341995203116,0.28670997601558,0.109480668108594
"arrowtooth_flounder_adult","big_skate",2,2.43086190756857,0.215430953784287,0.084730292474132
"shallow_water_flatfish","big_skate",2,1.54817916428085,-0.225910417859573,-0.111208777330002
"slope_rockfish","big_skate",2,2,0,0
"pacific_cod_adult","big_skate",2,2.03854217961004,0.0192710898050219,0.00828970623279197
"walleye_pollock_adult","big_skate",2,1.4377315656901,-0.28113421715495,-0.143352187796508
"large_sculpins","big_skate",2,2,0,0
"shelf_demersal_fish","big_skate",2,1.76944387063964,-0.115278064680178,-0.0531932049312518
"slope_demersal_fish","big_skate",2,2,0,0
"tanner_crab","big_skate",2,1.61865128140674,-0.190674359296632,-0.0918767002603749
"pandalid_shrimp","big_skate",2,1.57153280199921,-0.214233599000393,-0.104706545354239
"nonpandalid_shrimp","big_skate",2,2.77386967512412,0.386934837562058,0.142056057070388
"motile_epifauna","big_skate",2,1.64319935045795,-0.178400324771027,-0.085339741083481
"benthic_zooplankton","big_skate",2,1.56431811762768,-0.217840941186159,-0.10670492041735
"infauna","big_skate",2,1.22500405909628,-0.387497970451859,-0.212892467910209
"euphausiids","big_skate",2,2.24416207481037,0.122081037405184,0.0500242230761129
"macroalgae","big_skate",2,2,0,0
"pacific_herring_adult","longnose_skate",2,2.3199942209609,0.159997110480449,0.0644569074131606
"pacific_herring_juvenile","longnose_skate",2,1.80249908826407,-0.0987504558679635,-0.0451549419462911
"pacific_sandlance","longnose_skate",2,1.88420932734671,-0.0578953363266437,-0.0259008463251865
"pacific_capelin","longnose_skate",2,8.96059028490326,3.48029514245163,0.651306624381201
"shelf_forage_fish","longnose_skate",2,2.57341995203116,0.28670997601558,0.109480668108594
"other_skates","longnose_skate",2,1.5720776829984,-0.213961158500798,-0.104555993105643
"arrowtooth_flounder_adult","longnose_skate",2,2.43086190756857,0.215430953784287,0.084730292474132
"flathead_sole_adult","longnose_skate",2,2,0,0
"shallow_water_flatfish","longnose_skate",2,1.54817916428085,-0.225910417859573,-0.111208777330002
"thornyheads","longnose_skate",2,2,0,0
"walleye_pollock_adult","longnose_skate",2,1.4377315656901,-0.28113421715495,-0.143352187796508
"shelf_demersal_fish","longnose_skate",2,1.76944387063964,-0.115278064680178,-0.0531932049312518
"slope_demersal_fish","longnose_skate",2,2,0,0
"squid","longnose_skate",2,2.88161157710642,0.440805788553211,0.158605444628015
"tanner_crab","longnose_skate",2,1.61865128140674,-0.190674359296632,-0.0918767002603749
"pandalid_shrimp","longnose_skate",2,1.57153280199921,-0.214233599000393,-0.104706545354239
"nonpandalid_shrimp","longnose_skate",2,2.77386967512412,0.386934837562058,0.142056057070388
"infauna","longnose_skate",2,1.22500405909628,-0.387497970451859,-0.212892467910209
"mysids","longnose_skate",2,1.60275755423632,-0.198621222881842,-0.0961621631542792
"euphausiids","longnose_skate",2,2.24416207481037,0.122081037405184,0.0500242230761129
"offal","longnose_skate",2,1.39653561173632,-0.301732194131841,-0.155977980952141
"pacific_herring_adult","other_skates",2,1.20428704454345,-0.397856477728274,-0.220299981330728
"pacific_herring_juvenile","other_skates",2,1.12419763994947,-0.437901180025265,-0.250187326429174
"pacific_sandlance","other_skates",2,1.1368434098976,-0.431578295051201,-0.245329347071942
"shelf_forage_fish","other_skates",2,1.24350812050689,-0.378245939746555,-0.206381369966496
"arrowtooth_flounder_adult","other_skates",2,1.22144532574863,-0.389277337125687,-0.214155963779082
"flathead_sole_adult","other_skates",2,1.15476359009719,-0.422618204951405,-0.238536913622221
"shallow_water_flatfish","other_skates",2,1.08483817548058,-0.457580912259709,-0.265665036039184
"walleye_pollock_adult","other_skates",2,1.06774490860506,-0.466127545697468,-0.272562486433766
"shelf_demersal_fish","other_skates",2,1.11908189579847,-0.440459052100766,-0.252168125764836
"slope_demersal_fish","other_skates",2,1.15476359009719,-0.422618204951405,-0.238536913622221
"miscellaneous_deep_sea_fish","other_skates",2,1.15476359009719,-0.422618204951405,-0.238536913622221
"squid","other_skates",2,1.29120496284143,-0.354397518579287,-0.190034809039933
"octopus","other_skates",2,1.19355557108874,-0.403222214455631,-0.224187351411825
"tanner_crab","other_skates",2,1.09574469332873,-0.452127653335633,-0.261320619613028
"pandalid_shrimp","other_skates",2,1.0884524682957,-0.455773765852148,-0.264220527107823
"nonpandalid_shrimp","other_skates",2,1.27453043928674,-0.362734780356628,-0.195679783590037
"motile_epifauna","other_skates",2,1.09954384062505,-0.450228079687474,-0.259817445585212
"benthic_zooplankton","other_skates",2,1.08733589784095,-0.456332051079526,-0.264666269384298
"infauna","other_skates",2,1.03482243597218,-0.48258878201391,-0.286164159584217
"other_gelatinous_zooplankton","other_skates",2,1.15476359009719,-0.422618204951405,-0.238536913622221
"mysids","other_skates",2,1.09328492305181,-0.453357538474093,-0.262296636656964
"euphausiids","other_skates",2,1.19255098936042,-0.40372450531979,-0.22455303862315
"offal","other_skates",2,1.0613692748737,-0.469315362563151,-0.275163484394308
"detritus","other_skates",2,1.15476359009719,-0.422618204951405,-0.238536913622221
"salmon_outgoing","pacific_halibut_adult",2,12.7306594800514,5.36532974002569,0.80382090611448
"pacific_hake","pacific_halibut_adult",2,12.7306594800514,5.36532974002569,0.80382090611448
"pacific_herring_adult","pacific_halibut_adult",2,16.484402721728,7.24220136086401,0.916043220337063
"pacific_herring_juvenile","pacific_halibut_adult",2,10.4138435374775,4.20692176873877,0.716581052678517
"pacific_sandlance","pacific_halibut_adult",2,11.3723585281896,4.68617926409479,0.75482054726085
"pacific_capelin","pacific_halibut_adult",2,94.3829738924054,46.1914869462027,1.67386366164803
"shelf_forage_fish","pacific_halibut_adult",2,19.4572536763963,8.72862683819816,0.988051545440177
"slope_forage_fish","pacific_halibut_adult",2,12.7306594800514,5.36532974002569,0.80382090611448
"other_skates","pacific_halibut_adult",2,7.71084849539105,2.85542424769552,0.58607217442212
"pacific_halibut_adult","pacific_halibut_adult",2,66.7778198034571,32.3889099017285,1.52360224021663
"arrowtooth_flounder_adult","pacific_halibut_adult",2,17.7849538006637,7.89247690033185,0.949022745708092
"rex_sole_adult","pacific_halibut_adult",2,12.7306594800514,5.36532974002569,0.80382090611448
"flathead_sole_adult","pacific_halibut_adult",2,12.7306594800514,5.36532974002569,0.80382090611448
"shallow_water_flatfish","pacific_halibut_adult",2,7.43050311023785,2.71525155511892,0.569988224638021
"deep_water_flatfish","pacific_halibut_adult",2,15.6555642243266,6.8277821121633,0.893638728482881
"pacific_ocean_perch_adult","pacific_halibut_adult",2,11.8392789343656,4.9196394671828,0.772295257030167
"slope_rockfish","pacific_halibut_adult",2,12.7306594800514,5.36532974002569,0.80382090611448
"demersal_shelf_rockfish","pacific_halibut_adult",2,12.7306594800514,5.36532974002569,0.80382090611448
"thornyheads","pacific_halibut_adult",2,12.7306594800514,5.36532974002569,0.80382090611448
"sablefish_adult","pacific_halibut_adult",2,103.024609168195,50.5123045840976,1.71191098000614
"pacific_cod_adult","pacific_halibut_adult",2,13.1827846646758,5.59139233233789,0.818977162451645
"walleye_pollock_adult","pacific_halibut_adult",2,6.13487994078031,2.06743997039016,0.486776072366147
"large_sculpins","pacific_halibut_adult",2,12.7306594800514,5.36532974002569,0.80382090611448
"lingcod","pacific_halibut_adult",2,12.7306594800514,5.36532974002569,0.80382090611448
"shelf_demersal_fish","pacific_halibut_adult",2,10.0260840354864,4.01304201774319,0.700101344748209
"slope_demersal_fish","pacific_halibut_adult",2,12.7306594800514,5.36532974002569,0.80382090611448
"squid","pacific_halibut_adult",2,23.0725446847579,10.5362723423789,1.06206550009694
"octopus","pacific_halibut_adult",2,15.6709862021358,6.83549310106791,0.894066332563923
"tanner_crab","pacific_halibut_adult",2,8.25718751907987,3.12859375953993,0.615802151784893
"king_crab","pacific_halibut_adult",2,12.7306594800514,5.36532974002569,0.80382090611448
"pandalid_shrimp","pacific_halibut_adult",2,7.7044566819324,2.8522283409662,0.585712022035697
"nonpandalid_shrimp","pacific_halibut_adult",2,21.8086611208704,9.90433056043519,1.03759900849031
"motile_epifauna","pacific_halibut_adult",2,8.54515255801241,3.2725762790062,0.630689824992719
"benthic_zooplankton","pacific_halibut_adult",2,7.61982367631392,2.80991183815696,0.580914926162512
"sessile_epifauna","pacific_halibut_adult",2,12.7306594800514,5.36532974002569,0.80382090611448
"infauna","pacific_halibut_adult",2,3.63944599888783,0.819722999443917,0.260005284156162
"gelatinous_carnivores","pacific_halibut_adult",2,12.7306594800514,5.36532974002569,0.80382090611448
"other_gelatinous_zooplankton","pacific_halibut_adult",2,12.7306594800514,5.36532974002569,0.80382090611448
"mysids","pacific_halibut_adult",2,8.07074361777483,3.03537180888741,0.605883555689804
"pelagic_amphipods","pacific_halibut_adult",2,12.7306594800514,5.36532974002569,0.80382090611448
"euphausiids","pacific_halibut_adult",2,15.5948416375947,6.79742081879733,0.891950973280545
"large_copepods","pacific_halibut_adult",2,12.7306594800514,5.36532974002569,0.80382090611448
"small_copepods","pacific_halibut_adult",2,12.7306594800514,5.36532974002569,0.80382090611448
"small_microzooplankton","pacific_halibut_adult",2,12.7306594800514,5.36532974002569,0.80382090611448
"large_phytoplankton","pacific_halibut_adult",2,12.7306594800514,5.36532974002569,0.80382090611448
"macroalgae","pacific_halibut_adult",2,12.7306594800514,5.36532974002569,0.80382090611448
"offal","pacific_halibut_adult",2,5.65162423299261,1.82581211649631,0.451143282961425
"detritus","pacific_halibut_adult",2,12.7306594800514,5.36532974002569,0.80382090611448
"pacific_sandlance","pacific_halibut_juvenile",2,1.88420932734671,-0.0578953363266437,-0.0259008463251865
"pacific_halibut_adult","pacific_halibut_juvenile",2,6.60734201818029,2.30367100909015,0.518996792264962
"large_sculpins","pacific_halibut_juvenile",2,2,0,0
"shelf_demersal_fish","pacific_halibut_juvenile",2,1.76944387063964,-0.115278064680178,-0.0531932049312518
"tanner_crab","pacific_halibut_juvenile",2,1.61865128140674,-0.190674359296632,-0.0918767002603749
"pandalid_shrimp","pacific_halibut_juvenile",2,1.57153280199921,-0.214233599000393,-0.104706545354239
"nonpandalid_shrimp","pacific_halibut_juvenile",2,2.77386967512412,0.386934837562058,0.142056057070388
"motile_epifauna","pacific_halibut_juvenile",2,1.64319935045795,-0.178400324771027,-0.085339741083481
"benthic_zooplankton","pacific_halibut_juvenile",2,1.56431811762768,-0.217840941186159,-0.10670492041735
"infauna","pacific_halibut_juvenile",2,1.22500405909628,-0.387497970451859,-0.212892467910209
"mysids","pacific_halibut_juvenile",2,1.60275755423632,-0.198621222881842,-0.0961621631542792
"large_copepods","pacific_halibut_juvenile",2,2,0,0
"small_copepods","pacific_halibut_juvenile",2,2,0,0
"detritus","pacific_halibut_juvenile",2,2,0,0
"salmon_outgoing","arrowtooth_flounder_adult",2,9.61617484896574,3.80808742448287,0.681972355755355
"pacific_hake","arrowtooth_flounder_adult",2,9.61617484896574,3.80808742448287,0.681972355755355
"pacific_herring_adult","arrowtooth_flounder_adult",2,12.3733010074234,5.18665050371172,0.791455582547128
"pacific_herring_juvenile","arrowtooth_flounder_adult",2,7.91447246061885,2.95723623030942,0.597391976588388
"pacific_sandlance","arrowtooth_flounder_adult",2,8.61850216750566,3.30925108375283,0.634401799521529
"pacific_capelin","arrowtooth_flounder_adult",2,69.5898377957045,33.7949188978522,1.54151582855179
"shelf_forage_fish","arrowtooth_flounder_adult",2,14.5568614175518,6.27843070877589,0.862037751842411
"slope_forage_fish","arrowtooth_flounder_adult",2,9.61617484896574,3.80808742448287,0.681972355755355
"other_skates","arrowtooth_flounder_adult",2,5.92912134390544,1.96456067195272,0.471960342933517
"pacific_halibut_juvenile","arrowtooth_flounder_adult",2,9.61617484896574,3.80808742448287,0.681972355755355
"arrowtooth_flounder_adult","arrowtooth_flounder_adult",2,13.3285563803355,5.66427819016775,0.823753117740431
"arrowtooth_flounder_juvenile","arrowtooth_flounder_adult",2,104.17500460742,51.08750230371,1.71673353267318
"rex_sole_adult","arrowtooth_flounder_adult",2,9.61617484896574,3.80808742448287,0.681972355755355
"rex_sole_juvenile","arrowtooth_flounder_adult",2,9.61617484896574,3.80808742448287,0.681972355755355
"flathead_sole_adult","arrowtooth_flounder_adult",2,9.61617484896574,3.80808742448287,0.681972355755355
"flathead_sole_juvenile","arrowtooth_flounder_adult",2,9.61617484896574,3.80808742448287,0.681972355755355
"shallow_water_flatfish","arrowtooth_flounder_adult",2,5.72320752800376,1.86160376400188,0.456609498389226
"pacific_ocean_perch_juvenile","arrowtooth_flounder_adult",2,9.61617484896574,3.80808742448287,0.681972355755355
"thornyheads","arrowtooth_flounder_adult",2,9.61617484896574,3.80808742448287,0.681972355755355
"sablefish_adult","arrowtooth_flounder_adult",2,75.9371229286346,36.9685614643173,1.57942414309861
"pacific_cod_adult","arrowtooth_flounder_adult",2,9.94826100754612,3.97413050377306,0.696717175450402
"pacific_cod_juvenile","arrowtooth_flounder_adult",2,9.61617484896574,3.80808742448287,0.681972355755355
"walleye_pollock_adult","arrowtooth_flounder_adult",2,4.77157170689744,1.38578585344872,0.377631459099896
"walleye_pollock_juvenile","arrowtooth_flounder_adult",2,7.68450723115494,2.84225361557747,0.584586027941242
"large_sculpins","arrowtooth_flounder_adult",2,9.61617484896574,3.80808742448287,0.681972355755355
"shelf_demersal_fish","arrowtooth_flounder_adult",2,7.62966292589615,2.81483146294808,0.581475355835205
"slope_demersal_fish","arrowtooth_flounder_adult",2,9.61617484896574,3.80808742448287,0.681972355755355
"squid","arrowtooth_flounder_adult",2,17.2122943461871,7.60614717309356,0.934808768648221
"octopus","arrowtooth_flounder_adult",2,11.7758461951205,4.88792309756026,0.769962129025887
"tanner_crab","arrowtooth_flounder_adult",2,6.33040761113715,2.16520380556857,0.500401679214084
"pandalid_shrimp","arrowtooth_flounder_adult",2,5.92442655394454,1.96221327697227,0.471616324164133
"nonpandalid_shrimp","arrowtooth_flounder_adult",2,16.2839712801474,7.14198564007372,0.910730332083881
"motile_epifauna","arrowtooth_flounder_adult",2,6.54191806628686,2.27095903314343,0.514675104873632
"benthic_zooplankton","arrowtooth_flounder_adult",2,5.86226357191933,1.93113178595966,0.467035345094326
"sessile_epifauna","arrowtooth_flounder_adult",2,9.61617484896574,3.80808742448287,0.681972355755355
"infauna","arrowtooth_flounder_adult",2,2.93867431490058,0.46933715745029,0.167121461426288
"gelatinous_carnivores","arrowtooth_flounder_adult",2,9.61617484896574,3.80808742448287,0.681972355755355
"other_gelatinous_zooplankton","arrowtooth_flounder_adult",2,9.61617484896574,3.80808742448287,0.681972355755355
"mysids","arrowtooth_flounder_adult",2,6.19346447883505,2.09673223941753,0.49090365547926
"pelagic_amphipods","arrowtooth_flounder_adult",2,9.61617484896574,3.80808742448287,0.681972355755355
"euphausiids","arrowtooth_flounder_adult",2,11.7199179770181,4.85995898850907,0.767894576576703
"large_copepods","arrowtooth_flounder_adult",2,9.61617484896574,3.80808742448287,0.681972355755355
"small_copepods","arrowtooth_flounder_adult",2,9.61617484896574,3.80808742448287,0.681972355755355
"macroalgae","arrowtooth_flounder_adult",2,9.61617484896574,3.80808742448287,0.681972355755355
"offal","arrowtooth_flounder_adult",2,4.4166201645617,1.20831008228085,0.344060055274715
"detritus","arrowtooth_flounder_adult",2,9.61617484896574,3.80808742448287,0.681972355755355
"pacific_sandlance","arrowtooth_flounder_juvenile",2,1.50746102227572,-0.24626948886214,-0.122783904058702
"pacific_capelin","arrowtooth_flounder_juvenile",2,5.56870240898414,1.78435120449207,0.444724014183161
"shallow_water_flatfish","arrowtooth_flounder_juvenile",2,1.31460826129369,-0.342695869353155,-0.182233638506952
"walleye_pollock_adult","arrowtooth_flounder_juvenile",2,1.25122072447936,-0.374389637760319,-0.203696066491937
"shelf_demersal_fish","arrowtooth_flounder_juvenile",2,1.44159540179276,-0.279202299103618,-0.142186607280946
"pandalid_shrimp","arrowtooth_flounder_juvenile",2,1.32801126497606,-0.335994367511969,-0.177828236674006
"nonpandalid_shrimp","arrowtooth_flounder_juvenile",2,2.01805046710326,0.00902523355163209,0.00390202714395074
"benthic_zooplankton","arrowtooth_flounder_juvenile",2,1.32387064918143,-0.338064675409286,-0.179184441897947
"infauna","arrowtooth_flounder_juvenile",2,1.12913321123609,-0.435433394381954,-0.248284814153553
"other_gelatinous_zooplankton","arrowtooth_flounder_juvenile",2,1.5739150295988,-0.213042485200602,-0.10404871311264
"euphausiids","arrowtooth_flounder_juvenile",2,1.71404331399049,-0.142978343004754,-0.0670082032871985
"shelf_forage_fish","rex_sole_adult",2,2.57341995203116,0.28670997601558,0.109480668108594
"shelf_demersal_fish","rex_sole_adult",2,1.76944387063964,-0.115278064680178,-0.0531932049312518
"squid","rex_sole_adult",2,2.88161157710642,0.440805788553211,0.158605444628015
"tanner_crab","rex_sole_adult",2,1.61865128140674,-0.190674359296632,-0.0918767002603749
"pandalid_shrimp","rex_sole_adult",2,1.57153280199921,-0.214233599000393,-0.104706545354239
"nonpandalid_shrimp","rex_sole_adult",2,2.77386967512412,0.386934837562058,0.142056057070388
"motile_epifauna","rex_sole_adult",2,1.64319935045795,-0.178400324771027,-0.085339741083481
"benthic_zooplankton","rex_sole_adult",2,1.56431811762768,-0.217840941186159,-0.10670492041735
"sessile_epifauna","rex_sole_adult",2,2,0,0
"infauna","rex_sole_adult",2,1.22500405909628,-0.387497970451859,-0.212892467910209
"other_gelatinous_zooplankton","rex_sole_adult",2,2,0,0
"mysids","rex_sole_adult",2,1.60275755423632,-0.198621222881842,-0.0961621631542792
"pelagic_amphipods","rex_sole_adult",2,2,0,0
"euphausiids","rex_sole_adult",2,2.24416207481037,0.122081037405184,0.0500242230761129
"large_copepods","rex_sole_adult",2,2,0,0
"small_copepods","rex_sole_adult",2,2,0,0
"small_microzooplankton","rex_sole_adult",2,2,0,0
"detritus","rex_sole_adult",2,2,0,0
"tanner_crab","rex_sole_juvenile",2,1.61865128140674,-0.190674359296632,-0.0918767002603749
"pandalid_shrimp","rex_sole_juvenile",2,1.57153280199921,-0.214233599000393,-0.104706545354239
"nonpandalid_shrimp","rex_sole_juvenile",2,2.77386967512412,0.386934837562058,0.142056057070388
"motile_epifauna","rex_sole_juvenile",2,1.64319935045795,-0.178400324771027,-0.085339741083481
"benthic_zooplankton","rex_sole_juvenile",2,1.56431811762768,-0.217840941186159,-0.10670492041735
"infauna","rex_sole_juvenile",2,1.22500405909628,-0.387497970451859,-0.212892467910209
"gelatinous_carnivores","rex_sole_juvenile",2,2,0,0
"mysids","rex_sole_juvenile",2,1.60275755423632,-0.198621222881842,-0.0961621631542792
"pelagic_amphipods","rex_sole_juvenile",2,2,0,0
"euphausiids","rex_sole_juvenile",2,2.24416207481037,0.122081037405184,0.0500242230761129
"large_copepods","rex_sole_juvenile",2,2,0,0
"small_copepods","rex_sole_juvenile",2,2,0,0
"shelf_forage_fish","flathead_sole_adult",2,2.57341995203116,0.28670997601558,0.109480668108594
"walleye_pollock_adult","flathead_sole_adult",2,1.4377315656901,-0.28113421715495,-0.143352187796508
"shelf_demersal_fish","flathead_sole_adult",2,1.76944387063964,-0.115278064680178,-0.0531932049312518
"slope_demersal_fish","flathead_sole_adult",2,2,0,0
"tanner_crab","flathead_sole_adult",2,1.61865128140674,-0.190674359296632,-0.0918767002603749
"pandalid_shrimp","flathead_sole_adult",2,1.57153280199921,-0.214233599000393,-0.104706545354239
"nonpandalid_shrimp","flathead_sole_adult",2,2.77386967512412,0.386934837562058,0.142056057070388
"motile_epifauna","flathead_sole_adult",2,1.64319935045795,-0.178400324771027,-0.085339741083481
"benthic_zooplankton","flathead_sole_adult",2,1.56431811762768,-0.217840941186159,-0.10670492041735
"infauna","flathead_sole_adult",2,1.22500405909628,-0.387497970451859,-0.212892467910209
"gelatinous_carnivores","flathead_sole_adult",2,2,0,0
"other_gelatinous_zooplankton","flathead_sole_adult",2,2,0,0
"mysids","flathead_sole_adult",2,1.60275755423632,-0.198621222881842,-0.0961621631542792
"pelagic_amphipods","flathead_sole_adult",2,2,0,0
"euphausiids","flathead_sole_adult",2,2.24416207481037,0.122081037405184,0.0500242230761129
"large_copepods","flathead_sole_adult",2,2,0,0
"small_copepods","flathead_sole_adult",2,2,0,0
"macroalgae","flathead_sole_adult",2,2,0,0
"offal","flathead_sole_adult",2,1.39653561173632,-0.301732194131841,-0.155977980952141
"detritus","flathead_sole_adult",2,2,0,0
"tanner_crab","flathead_sole_juvenile",2,1.61865128140674,-0.190674359296632,-0.0918767002603749
"pandalid_shrimp","flathead_sole_juvenile",2,1.57153280199921,-0.214233599000393,-0.104706545354239
"nonpandalid_shrimp","flathead_sole_juvenile",2,2.77386967512412,0.386934837562058,0.142056057070388
"motile_epifauna","flathead_sole_juvenile",2,1.64319935045795,-0.178400324771027,-0.085339741083481
"benthic_zooplankton","flathead_sole_juvenile",2,1.56431811762768,-0.217840941186159,-0.10670492041735
"infauna","flathead_sole_juvenile",2,1.22500405909628,-0.387497970451859,-0.212892467910209
"gelatinous_carnivores","flathead_sole_juvenile",2,2,0,0
"mysids","flathead_sole_juvenile",2,1.60275755423632,-0.198621222881842,-0.0961621631542792
"pelagic_amphipods","flathead_sole_juvenile",2,2,0,0
"euphausiids","flathead_sole_juvenile",2,2.24416207481037,0.122081037405184,0.0500242230761129
"large_copepods","flathead_sole_juvenile",2,2,0,0
"small_copepods","flathead_sole_juvenile",2,2,0,0
"pacific_sandlance","shallow_water_flatfish",2,1.89478556857681,-0.0526072157115948,-0.0234699273510033
"pacific_capelin","shallow_water_flatfish",2,9.05580882714568,3.52790441357284,0.655897250093635
"shelf_forage_fish","shallow_water_flatfish",2,2.59224000793225,0.296120003966125,0.11264521345397
"pacific_halibut_adult","shallow_water_flatfish",2,6.67441278978355,2.33720639489177,0.523383067125481
"arrowtooth_flounder_adult","shallow_water_flatfish",2,2.4479767922835,0.223988396141751,0.0877773005583215
"shallow_water_flatfish","shallow_water_flatfish",2,1.55473606760616,-0.222631966196919,-0.109373321986669
"pacific_cod_adult","shallow_water_flatfish",2,2.05096443334508,0.0254822166725406,0.0109281334825901
"walleye_pollock_adult","shallow_water_flatfish",2,1.44296737862442,-0.278516310687791,-0.141773482618683
"shelf_demersal_fish","shallow_water_flatfish",2,1.77864737453541,-0.110676312732297,-0.0509401400326411
"squid","shallow_water_flatfish",2,2.90411798743862,0.45205899371931,0.16198426107916
"octopus","shallow_water_flatfish",2,2.26561251182974,0.132806255914871,0.0541556387406492
"tanner_crab","shallow_water_flatfish",2,1.62605111873836,-0.186974440630822,-0.0898958011236302
"pandalid_shrimp","shallow_water_flatfish",2,1.5783690438233,-0.210815478088349,-0.102821441050712
"nonpandalid_shrimp","shallow_water_flatfish",2,2.79508735855567,0.397543679277834,0.145365390349439
"motile_epifauna","shallow_water_flatfish",2,1.65089281316988,-0.17455359341506,-0.0833111187428038
"benthic_zooplankton","shallow_water_flatfish",2,1.57106806287024,-0.214465968564882,-0.104834995417985
"sessile_epifauna","shallow_water_flatfish",2,2.01196124141987,0.00598062070993666,0.00258961451732061
"infauna","shallow_water_flatfish",2,1.22769538696758,-0.386152306516208,-0.211939371668038
"other_gelatinous_zooplankton","shallow_water_flatfish",2,2.01196124141987,0.00598062070993666,0.00258961451732061
"mysids","shallow_water_flatfish",2,1.60996728286019,-0.195016358569906,-0.0942129451089366
"pelagic_amphipods","shallow_water_flatfish",2,2.01196124141987,0.00598062070993666,0.00258961451732061
"euphausiids","shallow_water_flatfish",2,2.25904379775263,0.129521898876313,0.0528946553262781
"large_copepods","shallow_water_flatfish",2,2.01196124141987,0.00598062070993666,0.00258961451732061
"small_copepods","shallow_water_flatfish",2,2.01196124141987,0.00598062070993666,0.00258961451732061
"small_microzooplankton","shallow_water_flatfish",2,2.01196124141987,0.00598062070993666,0.00258961451732061
"macroalgae","shallow_water_flatfish",2,2.01196124141987,0.00598062070993666,0.00258961451732061
"detritus","shallow_water_flatfish",2,2.01196124141987,0.00598062070993666,0.00258961451732061
"shelf_demersal_fish","deep_water_flatfish",2,1.19339190463883,-0.403304047680585,-0.224246908177865
"squid","deep_water_flatfish",2,1.47292396570081,-0.263538017149595,-0.132849667102993
"tanner_crab","deep_water_flatfish",2,1.15549171834853,-0.422254140825736,-0.238263158517329
"nonpandalid_shrimp","deep_water_flatfish",2,1.44584413255269,-0.277077933723657,-0.140908518764177
"motile_epifauna","deep_water_flatfish",2,1.16166162626536,-0.419169186867319,-0.235950352331155
"benthic_zooplankton","deep_water_flatfish",2,1.14183562928312,-0.429082185358438,-0.243426405268289
"sessile_epifauna","deep_water_flatfish",2,1.25133984689235,-0.374330076553823,-0.203654721473347
"infauna","deep_water_flatfish",2,1.05655248576342,-0.471723757118291,-0.277138919537124
"gelatinous_carnivores","deep_water_flatfish",2,1.25133984689235,-0.374330076553823,-0.203654721473347
"mysids","deep_water_flatfish",2,1.15149699139497,-0.424251504302517,-0.23976718807695
"pelagic_amphipods","deep_water_flatfish",2,1.25133984689235,-0.374330076553823,-0.203654721473347
"euphausiids","deep_water_flatfish",2,1.31270750539211,-0.343646247303944,-0.182862027339376
"small_copepods","deep_water_flatfish",2,1.25133984689235,-0.374330076553823,-0.203654721473347
"small_microzooplankton","deep_water_flatfish",2,1.25133984689235,-0.374330076553823,-0.203654721473347
"large_phytoplankton","deep_water_flatfish",2,1.25133984689235,-0.374330076553823,-0.203654721473347
"detritus","deep_water_flatfish",2,1.25133984689235,-0.374330076553823,-0.203654721473347
"pacific_sandlance","pacific_ocean_perch_adult",2,1.20893239754759,-0.395533801226203,-0.218627979495437
"pacific_capelin","pacific_ocean_perch_adult",2,2.88103106660257,0.440515533301283,0.158517945706096
"shelf_forage_fish","pacific_ocean_perch_adult",2,1.37178798363681,-0.314106008181597,-0.163743001386362
"slope_forage_fish","pacific_ocean_perch_adult",2,1.23629291287228,-0.38185354356386,-0.208908616033322
"arrowtooth_flounder_adult","pacific_ocean_perch_adult",2,1.33810252805737,-0.330948735971317,-0.174540604456674
"arrowtooth_flounder_juvenile","pacific_ocean_perch_adult",2,3.82950645752328,0.914753228761638,0.282112810527681
"shallow_water_flatfish","pacific_ocean_perch_adult",2,1.12953085150382,-0.435234574248092,-0.248131898119081
"walleye_pollock_adult","pacific_ocean_perch_adult",2,1.10343286671306,-0.448283566643471,-0.258284080008602
"large_sculpins","pacific_ocean_perch_adult",2,1.23629291287228,-0.38185354356386,-0.208908616033322
"shelf_demersal_fish","pacific_ocean_perch_adult",2,1.18181413348516,-0.409092933257418,-0.228480816199117
"slope_demersal_fish","pacific_ocean_perch_adult",2,1.23629291287228,-0.38185354356386,-0.208908616033322
"miscellaneous_deep_sea_fish","pacific_ocean_perch_adult",2,1.23629291287228,-0.38185354356386,-0.208908616033322
"squid","pacific_ocean_perch_adult",2,1.44461148044868,-0.277694259775659,-0.141278933751296
"octopus","pacific_ocean_perch_adult",2,1.295520475239,-0.352239762380498,-0.188585714418521
"tanner_crab","pacific_ocean_perch_adult",2,1.14618291333577,-0.426908543332117,-0.241776065717178
"king_crab","pacific_ocean_perch_adult",2,1.23629291287228,-0.38185354356386,-0.208908616033322
"pandalid_shrimp","pacific_ocean_perch_adult",2,1.13504915058645,-0.432475424706775,-0.246015327644702
"motile_epifauna","pacific_ocean_perch_adult",2,1.15198344807727,-0.424008275961367,-0.239583756559731
"infauna","pacific_ocean_perch_adult",2,1.05316686453195,-0.473416567734027,-0.278532809089912
"gelatinous_carnivores","pacific_ocean_perch_adult",2,1.23629291287228,-0.38185354356386,-0.208908616033322
"other_gelatinous_zooplankton","pacific_ocean_perch_adult",2,1.23629291287228,-0.38185354356386,-0.208908616033322
"mysids","pacific_ocean_perch_adult",2,1.14242733824627,-0.428786330876865,-0.243201408455761
"pelagic_amphipods","pacific_ocean_perch_adult",2,1.23629291287228,-0.38185354356386,-0.208908616033322
"euphausiids","pacific_ocean_perch_adult",2,1.29398668074216,-0.353006659628919,-0.189100189586286
"large_copepods","pacific_ocean_perch_adult",2,1.23629291287228,-0.38185354356386,-0.208908616033322
"small_copepods","pacific_ocean_perch_adult",2,1.23629291287228,-0.38185354356386,-0.208908616033322
"macroalgae","pacific_ocean_perch_adult",2,1.23629291287228,-0.38185354356386,-0.208908616033322
"detritus","pacific_ocean_perch_adult",2,1.23629291287228,-0.38185354356386,-0.208908616033322
"motile_epifauna","pacific_ocean_perch_juvenile",2,1.64319935045795,-0.178400324771027,-0.085339741083481
"gelatinous_carnivores","pacific_ocean_perch_juvenile",2,2,0,0
"other_gelatinous_zooplankton","pacific_ocean_perch_juvenile",2,2,0,0
"mysids","pacific_ocean_perch_juvenile",2,1.60275755423632,-0.198621222881842,-0.0961621631542792
"pelagic_amphipods","pacific_ocean_perch_juvenile",2,2,0,0
"euphausiids","pacific_ocean_perch_juvenile",2,2.24416207481037,0.122081037405184,0.0500242230761129
"large_copepods","pacific_ocean_perch_juvenile",2,2,0,0
"small_copepods","pacific_ocean_perch_juvenile",2,2,0,0
"pacific_herring_adult","slope_rockfish",2,2.3199942209609,0.159997110480449,0.0644569074131606
"pacific_herring_juvenile","slope_rockfish",2,1.80249908826407,-0.0987504558679635,-0.0451549419462911
"pacific_sandlance","slope_rockfish",2,1.88420932734671,-0.0578953363266437,-0.0259008463251865
"pacific_capelin","slope_rockfish",2,8.96059028490326,3.48029514245163,0.651306624381201
"shelf_forage_fish","slope_rockfish",2,2.57341995203116,0.28670997601558,0.109480668108594
"slope_forage_fish","slope_rockfish",2,2,0,0
"arrowtooth_flounder_adult","slope_rockfish",2,2.43086190756857,0.215430953784287,0.084730292474132
"shallow_water_flatfish","slope_rockfish",2,1.54817916428085,-0.225910417859573,-0.111208777330002
"walleye_pollock_adult","slope_rockfish",2,1.4377315656901,-0.28113421715495,-0.143352187796508
"shelf_demersal_fish","slope_rockfish",2,1.76944387063964,-0.115278064680178,-0.0531932049312518
"slope_demersal_fish","slope_rockfish",2,2,0,0
"squid","slope_rockfish",2,2.88161157710642,0.440805788553211,0.158605444628015
"octopus","slope_rockfish",2,2.25065314759879,0.125326573799394,0.0512785745516917
"tanner_crab","slope_rockfish",2,1.61865128140674,-0.190674359296632,-0.0918767002603749
"king_crab","slope_rockfish",2,2,0,0
"pandalid_shrimp","slope_rockfish",2,1.57153280199921,-0.214233599000393,-0.104706545354239
"nonpandalid_shrimp","slope_rockfish",2,2.77386967512412,0.386934837562058,0.142056057070388
"motile_epifauna","slope_rockfish",2,1.64319935045795,-0.178400324771027,-0.085339741083481
"benthic_zooplankton","slope_rockfish",2,1.56431811762768,-0.217840941186159,-0.10670492041735
"sessile_epifauna","slope_rockfish",2,2,0,0
"infauna","slope_rockfish",2,1.22500405909628,-0.387497970451859,-0.212892467910209
"gelatinous_carnivores","slope_rockfish",2,2,0,0
"other_gelatinous_zooplankton","slope_rockfish",2,2,0,0
"mysids","slope_rockfish",2,1.60275755423632,-0.198621222881842,-0.0961621631542792
"pelagic_amphipods","slope_rockfish",2,2,0,0
"euphausiids","slope_rockfish",2,2.24416207481037,0.122081037405184,0.0500242230761129
"large_copepods","slope_rockfish",2,2,0,0
"small_copepods","slope_rockfish",2,2,0,0
"detritus","slope_rockfish",2,2,0,0
"shallow_water_flatfish","demersal_shelf_rockfish",2,1.54817916428085,-0.225910417859573,-0.111208777330002
"sablefish_adult","demersal_shelf_rockfish",2,9.69726116777096,3.84863058388548,0.685619096573418
"shelf_demersal_fish","demersal_shelf_rockfish",2,1.76944387063964,-0.115278064680178,-0.0531932049312518
"pandalid_shrimp","demersal_shelf_rockfish",2,1.57153280199921,-0.214233599000393,-0.104706545354239
"nonpandalid_shrimp","demersal_shelf_rockfish",2,2.77386967512412,0.386934837562058,0.142056057070388
"benthic_zooplankton","demersal_shelf_rockfish",2,1.56431811762768,-0.217840941186159,-0.10670492041735
"detritus","demersal_shelf_rockfish",2,2,0,0
"pacific_sandlance","pelagic_shelf_rockfish",2,1.88420932734671,-0.0578953363266437,-0.0259008463251865
"pacific_capelin","pelagic_shelf_rockfish",2,8.96059028490326,3.48029514245163,0.651306624381201
"shelf_forage_fish","pelagic_shelf_rockfish",2,2.57341995203116,0.28670997601558,0.109480668108594
"slope_forage_fish","pelagic_shelf_rockfish",2,2,0,0
"squid","pelagic_shelf_rockfish",2,2.88161157710642,0.440805788553211,0.158605444628015
"octopus","pelagic_shelf_rockfish",2,2.25065314759879,0.125326573799394,0.0512785745516917
"pandalid_shrimp","pelagic_shelf_rockfish",2,1.57153280199921,-0.214233599000393,-0.104706545354239
"nonpandalid_shrimp","pelagic_shelf_rockfish",2,2.77386967512412,0.386934837562058,0.142056057070388
"motile_epifauna","pelagic_shelf_rockfish",2,1.64319935045795,-0.178400324771027,-0.085339741083481
"benthic_zooplankton","pelagic_shelf_rockfish",2,1.56431811762768,-0.217840941186159,-0.10670492041735
"gelatinous_carnivores","pelagic_shelf_rockfish",2,2,0,0
"other_gelatinous_zooplankton","pelagic_shelf_rockfish",2,2,0,0
"mysids","pelagic_shelf_rockfish",2,1.60275755423632,-0.198621222881842,-0.0961621631542792
"pelagic_amphipods","pelagic_shelf_rockfish",2,2,0,0
"euphausiids","pelagic_shelf_rockfish",2,2.24416207481037,0.122081037405184,0.0500242230761129
"large_copepods","pelagic_shelf_rockfish",2,2,0,0
"small_copepods","pelagic_shelf_rockfish",2,2,0,0
"detritus","pelagic_shelf_rockfish",2,2,0,0
"pacific_capelin","thornyheads",2,8.96059028490326,3.48029514245163,0.651306624381201
"shelf_forage_fish","thornyheads",2,2.57341995203116,0.28670997601558,0.109480668108594
"slope_forage_fish","thornyheads",2,2,0,0
"other_skates","thornyheads",2,1.5720776829984,-0.213961158500798,-0.104555993105643
"shallow_water_flatfish","thornyheads",2,1.54817916428085,-0.225910417859573,-0.111208777330002
"thornyheads","thornyheads",2,2,0,0
"walleye_pollock_juvenile","thornyheads",2,1.77580914365466,-0.11209542817267,-0.051633707820314
"shelf_demersal_fish","thornyheads",2,1.76944387063964,-0.115278064680178,-0.0531932049312518
"slope_demersal_fish","thornyheads",2,2,0,0
"miscellaneous_deep_sea_fish","thornyheads",2,2,0,0
"squid","thornyheads",2,2.88161157710642,0.440805788553211,0.158605444628015
"octopus","thornyheads",2,2.25065314759879,0.125326573799394,0.0512785745516917
"tanner_crab","thornyheads",2,1.61865128140674,-0.190674359296632,-0.0918767002603749
"king_crab","thornyheads",2,2,0,0
"pandalid_shrimp","thornyheads",2,1.57153280199921,-0.214233599000393,-0.104706545354239
"nonpandalid_shrimp","thornyheads",2,2.77386967512412,0.386934837562058,0.142056057070388
"motile_epifauna","thornyheads",2,1.64319935045795,-0.178400324771027,-0.085339741083481
"benthic_zooplankton","thornyheads",2,1.56431811762768,-0.217840941186159,-0.10670492041735
"sessile_epifauna","thornyheads",2,2,0,0
"infauna","thornyheads",2,1.22500405909628,-0.387497970451859,-0.212892467910209
"gelatinous_carnivores","thornyheads",2,2,0,0
"other_gelatinous_zooplankton","thornyheads",2,2,0,0
"mysids","thornyheads",2,1.60275755423632,-0.198621222881842,-0.0961621631542792
"pelagic_amphipods","thornyheads",2,2,0,0
"euphausiids","thornyheads",2,2.24416207481037,0.122081037405184,0.0500242230761129
"large_copepods","thornyheads",2,2,0,0
"small_copepods","thornyheads",2,2,0,0
"large_microzooplankton","thornyheads",2,4.66201331263958,1.33100665631979,0.367543513674514
"offal","thornyheads",2,1.39653561173632,-0.301732194131841,-0.155977980952141
"detritus","thornyheads",2,2,0,0
"salmon_outgoing","sablefish_adult",2,1.19548434393031,-0.402257828034843,-0.223486102697921
"pacific_hake","sablefish_adult",2,1.19548434393031,-0.402257828034843,-0.223486102697921
"pacific_herring_adult","sablefish_adult",2,1.25803820427635,-0.370980897861826,-0.20133616564021
"pacific_herring_juvenile","sablefish_adult",2,1.15687600777398,-0.421561996113011,-0.237743181245673
"pacific_sandlance","sablefish_adult",2,1.17284908025344,-0.413575459873281,-0.231787864051409
"pacific_capelin","sablefish_adult",2,2.55617076914235,0.278085384571176,0.10655986854023
"shelf_forage_fish","sablefish_adult",2,1.30757896704968,-0.346210516475161,-0.184562069506436
"slope_forage_fish","sablefish_adult",2,1.19548434393031,-0.402257828034843,-0.223486102697921
"other_skates","sablefish_adult",2,1.11183223053812,-0.444083884730941,-0.254990736159348
"arrowtooth_flounder_adult","sablefish_adult",2,1.27971110125592,-0.360144449372039,-0.193918058275186
"shallow_water_flatfish","sablefish_adult",2,1.10716044428571,-0.446419777857144,-0.25681943438883
"pacific_ocean_perch_adult","sablefish_adult",2,1.18063002636514,-0.409684986817431,-0.228916171446884
"thornyheads","sablefish_adult",2,1.19548434393031,-0.402257828034843,-0.223486102697921
"pacific_cod_adult","sablefish_adult",2,1.20301873662503,-0.398490631687486,-0.220757604276346
"walleye_pollock_adult","sablefish_adult",2,1.08556966793652,-0.457215166031741,-0.26537229552946
"large_sculpins","sablefish_adult",2,1.19548434393031,-0.402257828034843,-0.223486102697921
"shelf_demersal_fish","sablefish_adult",2,1.15041423024319,-0.424792884878403,-0.240175750512977
"slope_demersal_fish","sablefish_adult",2,1.19548434393031,-0.402257828034843,-0.223486102697921
"squid","sablefish_adult",2,1.36782560468233,-0.316087197658833,-0.164999266519807
"octopus","sablefish_adult",2,1.24448311004273,-0.377758444978634,-0.206040988865626
"tanner_crab","sablefish_adult",2,1.12093663986744,-0.439531680066278,-0.251448930556622
"king_crab","sablefish_adult",2,1.19548434393031,-0.402257828034843,-0.223486102697921
"pandalid_shrimp","sablefish_adult",2,1.11172571483347,-0.444137142583265,-0.255032344414168
"nonpandalid_shrimp","sablefish_adult",2,1.34676374965952,-0.326618125170241,-0.171738577534146
"motile_epifauna","sablefish_adult",2,1.12573540304068,-0.437132298479662,-0.249593671314808
"benthic_zooplankton","sablefish_adult",2,1.11031535699244,-0.444842321503781,-0.255583648994347
"sessile_epifauna","sablefish_adult",2,1.19548434393031,-0.402257828034843,-0.223486102697921
"infauna","sablefish_adult",2,1.04398477087409,-0.478007614562953,-0.282335832221478
"gelatinous_carnivores","sablefish_adult",2,1.19548434393031,-0.402257828034843,-0.223486102697921
"other_gelatinous_zooplankton","sablefish_adult",2,1.19548434393031,-0.402257828034843,-0.223486102697921
"mysids","sablefish_adult",2,1.11782966503893,-0.441085167480536,-0.252654364894955
"pelagic_amphipods","sablefish_adult",2,1.19548434393031,-0.402257828034843,-0.223486102697921
"euphausiids","sablefish_adult",2,1.24321420693728,-0.378392896531358,-0.206484031241237
"large_copepods","sablefish_adult",2,1.19548434393031,-0.402257828034843,-0.223486102697921
"small_copepods","sablefish_adult",2,1.19548434393031,-0.402257828034843,-0.223486102697921
"large_phytoplankton","sablefish_adult",2,1.19548434393031,-0.402257828034843,-0.223486102697921
"macroalgae","sablefish_adult",2,1.19548434393031,-0.402257828034843,-0.223486102697921
"offal","sablefish_adult",2,1.07751650390528,-0.46124174804736,-0.26860606485896
"detritus","sablefish_adult",2,1.19548434393031,-0.402257828034843,-0.223486102697921
"pacific_capelin","sablefish_juvenile",2,8.96059028490326,3.48029514245163,0.651306624381201
"walleye_pollock_juvenile","sablefish_juvenile",2,1.77580914365466,-0.11209542817267,-0.051633707820314
"squid","sablefish_juvenile",2,2.88161157710642,0.440805788553211,0.158605444628015
"tanner_crab","sablefish_juvenile",2,1.61865128140674,-0.190674359296632,-0.0918767002603749
"motile_epifauna","sablefish_juvenile",2,1.64319935045795,-0.178400324771027,-0.085339741083481
"benthic_zooplankton","sablefish_juvenile",2,1.56431811762768,-0.217840941186159,-0.10670492041735
"sessile_epifauna","sablefish_juvenile",2,2,0,0
"infauna","sablefish_juvenile",2,1.22500405909628,-0.387497970451859,-0.212892467910209
"pelagic_amphipods","sablefish_juvenile",2,2,0,0
"euphausiids","sablefish_juvenile",2,2.24416207481037,0.122081037405184,0.0500242230761129
"large_copepods","sablefish_juvenile",2,2,0,0
"small_copepods","sablefish_juvenile",2,2,0,0
"large_microzooplankton","sablefish_juvenile",2,4.66201331263958,1.33100665631979,0.367543513674514
"pacific_herring_adult","pacific_cod_adult",2,1.43693281969881,-0.281533590150594,-0.143593531437977
"pacific_herring_juvenile","pacific_cod_adult",2,1.26563615497172,-0.367181922514139,-0.19872112299929
"pacific_sandlance","pacific_cod_adult",2,1.29268315608257,-0.353658421958715,-0.189537905762157
"pacific_capelin","pacific_cod_adult",2,3.63504423308592,0.81752211654296,0.259479704281626
"shelf_forage_fish","pacific_cod_adult",2,1.52081956518786,-0.239590217406069,-0.118952304616649
"slope_forage_fish","pacific_cod_adult",2,1.33101116107974,-0.33449441946013,-0.176848298434971
"big_skate","pacific_cod_adult",2,1.33101116107974,-0.33449441946013,-0.176848298434971
"longnose_skate","pacific_cod_adult",2,1.33101116107974,-0.33449441946013,-0.176848298434971
"other_skates","pacific_cod_adult",2,1.18936409807711,-0.405317950961446,-0.225715170835116
"pacific_halibut_juvenile","pacific_cod_adult",2,1.33101116107974,-0.33449441946013,-0.176848298434971
"arrowtooth_flounder_adult","pacific_cod_adult",2,1.47363126136904,-0.263184369315478,-0.132641169662412
"arrowtooth_flounder_juvenile","pacific_cod_adult",2,4.96371692406045,1.48185846203023,0.394777010477787
"rex_sole_adult","pacific_cod_adult",2,1.33101116107974,-0.33449441946013,-0.176848298434971
"rex_sole_juvenile","pacific_cod_adult",2,1.33101116107974,-0.33449441946013,-0.176848298434971
"flathead_sole_adult","pacific_cod_adult",2,1.33101116107974,-0.33449441946013,-0.176848298434971
"flathead_sole_juvenile","pacific_cod_adult",2,1.33101116107974,-0.33449441946013,-0.176848298434971
"shallow_water_flatfish","pacific_cod_adult",2,1.18145342164833,-0.409273289175837,-0.228613391252815
"pacific_ocean_perch_adult","pacific_cod_adult",2,1.30585853348083,-0.347070733259585,-0.185133864250495
"pacific_ocean_perch_juvenile","pacific_cod_adult",2,1.33101116107974,-0.33449441946013,-0.176848298434971
"slope_rockfish","pacific_cod_adult",2,1.33101116107974,-0.33449441946013,-0.176848298434971
"thornyheads","pacific_cod_adult",2,1.33101116107974,-0.33449441946013,-0.176848298434971
"sablefish_juvenile","pacific_cod_adult",2,1.33101116107974,-0.33449441946013,-0.176848298434971
"pacific_cod_juvenile","pacific_cod_adult",2,1.33101116107974,-0.33449441946013,-0.176848298434971
"walleye_pollock_adult","pacific_cod_adult",2,1.14489403380033,-0.427552983099834,-0.242264703455711
"walleye_pollock_juvenile","pacific_cod_adult",2,1.25680148541741,-0.371599257291296,-0.201763310337823
"large_sculpins","pacific_cod_adult",2,1.33101116107974,-0.33449441946013,-0.176848298434971
"shelf_demersal_fish","pacific_cod_adult",2,1.25469450900612,-0.372652745496941,-0.202491998295621
"slope_demersal_fish","pacific_cod_adult",2,1.33101116107974,-0.33449441946013,-0.176848298434971
"squid","pacific_cod_adult",2,1.62283443283908,-0.188582783580462,-0.0907557817972329
"octopus","pacific_cod_adult",2,1.41398015049471,-0.293009924752647,-0.150586682802199
"tanner_crab","pacific_cod_adult",2,1.20478047896191,-0.397609760519044,-0.220122073616623
"king_crab","pacific_cod_adult",2,1.33101116107974,-0.33449441946013,-0.176848298434971
"pandalid_shrimp","pacific_cod_adult",2,1.18918373638492,-0.405408131807542,-0.225781034625351
"nonpandalid_shrimp","pacific_cod_adult",2,1.58717066076697,-0.206414669616513,-0.100406368818075
"motile_epifauna","pacific_cod_adult",2,1.21290616380082,-0.393546918099591,-0.217202792587904
"benthic_zooplankton","pacific_cod_adult",2,1.18679559533427,-0.406602202332864,-0.226654069854002
"sessile_epifauna","pacific_cod_adult",2,1.33101116107974,-0.33449441946013,-0.176848298434971
"infauna","pacific_cod_adult",2,1.07447885484911,-0.462760572575443,-0.269832122428151
"gelatinous_carnivores","pacific_cod_adult",2,1.33101116107974,-0.33449441946013,-0.176848298434971
"other_gelatinous_zooplankton","pacific_cod_adult",2,1.33101116107974,-0.33449441946013,-0.176848298434971
"mysids","pacific_cod_adult",2,1.19951947787735,-0.400240261061327,-0.22202269120009
"pelagic_amphipods","pacific_cod_adult",2,1.33101116107974,-0.33449441946013,-0.176848298434971
"euphausiids","pacific_cod_adult",2,1.41183153295436,-0.294084233522821,-0.151247118121924
"large_copepods","pacific_cod_adult",2,1.33101116107974,-0.33449441946013,-0.176848298434971
"small_copepods","pacific_cod_adult",2,1.33101116107974,-0.33449441946013,-0.176848298434971
"large_phytoplankton","pacific_cod_adult",2,1.33101116107974,-0.33449441946013,-0.176848298434971
"macroalgae","pacific_cod_adult",2,1.33101116107974,-0.33449441946013,-0.176848298434971
"offal","pacific_cod_adult",2,1.1312577132503,-0.434371143374848,-0.247468442292159
"detritus","pacific_cod_adult",2,1.33101116107974,-0.33449441946013,-0.176848298434971
"pacific_sandlance","pacific_cod_juvenile",2,1.88420932734671,-0.0578953363266437,-0.0259008463251865
"pacific_capelin","pacific_cod_juvenile",2,8.96059028490326,3.48029514245163,0.651306624381201
"shelf_forage_fish","pacific_cod_juvenile",2,2.57341995203116,0.28670997601558,0.109480668108594
"slope_forage_fish","pacific_cod_juvenile",2,2,0,0
"shallow_water_flatfish","pacific_cod_juvenile",2,1.54817916428085,-0.225910417859573,-0.111208777330002
"walleye_pollock_adult","pacific_cod_juvenile",2,1.4377315656901,-0.28113421715495,-0.143352187796508
"shelf_demersal_fish","pacific_cod_juvenile",2,1.76944387063964,-0.115278064680178,-0.0531932049312518
"tanner_crab","pacific_cod_juvenile",2,1.61865128140674,-0.190674359296632,-0.0918767002603749
"pandalid_shrimp","pacific_cod_juvenile",2,1.57153280199921,-0.214233599000393,-0.104706545354239
"nonpandalid_shrimp","pacific_cod_juvenile",2,2.77386967512412,0.386934837562058,0.142056057070388
"motile_epifauna","pacific_cod_juvenile",2,1.64319935045795,-0.178400324771027,-0.085339741083481
"benthic_zooplankton","pacific_cod_juvenile",2,1.56431811762768,-0.217840941186159,-0.10670492041735
"infauna","pacific_cod_juvenile",2,1.22500405909628,-0.387497970451859,-0.212892467910209
"other_gelatinous_zooplankton","pacific_cod_juvenile",2,2,0,0
"mysids","pacific_cod_juvenile",2,1.60275755423632,-0.198621222881842,-0.0961621631542792
"euphausiids","pacific_cod_juvenile",2,2.24416207481037,0.122081037405184,0.0500242230761129
"large_copepods","pacific_cod_juvenile",2,2,0,0
"small_copepods","pacific_cod_juvenile",2,2,0,0
"detritus","pacific_cod_juvenile",2,2,0,0
"pacific_herring_adult","walleye_pollock_adult",2,1.60554507087828,-0.197227464560861,-0.0954074940710289
"pacific_herring_juvenile","walleye_pollock_adult",2,1.36814507182378,-0.315927464088111,-0.164897845244718
"pacific_sandlance","walleye_pollock_adult",2,1.40562950299103,-0.297185248504486,-0.153159131602087
"pacific_capelin","walleye_pollock_adult",2,4.65190705516541,1.3259535275827,0.36660103330042
"shelf_forage_fish","walleye_pollock_adult",2,1.72180368765586,-0.139098156172068,-0.0650463620352737
"slope_forage_fish","walleye_pollock_adult",2,1.45874827424431,-0.270625862877844,-0.137049640397438
"pacific_halibut_juvenile","walleye_pollock_adult",2,1.45874827424431,-0.270625862877844,-0.137049640397438
"arrowtooth_flounder_juvenile","walleye_pollock_adult",2,6.49331416068981,2.24665708034491,0.511436419830579
"rex_sole_adult","walleye_pollock_adult",2,1.45874827424431,-0.270625862877844,-0.137049640397438
"flathead_sole_juvenile","walleye_pollock_adult",2,1.45874827424431,-0.270625862877844,-0.137049640397438
"shallow_water_flatfish","walleye_pollock_adult",2,1.25147624559053,-0.374261877204734,-0.203607385033252
"deep_water_flatfish","walleye_pollock_adult",2,1.57313186930536,-0.213434065347319,-0.104264866358417
"thornyheads","walleye_pollock_adult",2,1.45874827424431,-0.270625862877844,-0.137049640397438
"pacific_cod_juvenile","walleye_pollock_adult",2,1.45874827424431,-0.270625862877844,-0.137049640397438
"walleye_pollock_juvenile","walleye_pollock_adult",2,1.35590110579453,-0.322049447102733,-0.168801980745004
"large_sculpins","walleye_pollock_adult",2,1.45874827424431,-0.270625862877844,-0.137049640397438
"shelf_demersal_fish","walleye_pollock_adult",2,1.3529810477838,-0.3235094761081,-0.169738282510972
"slope_demersal_fish","walleye_pollock_adult",2,1.45874827424431,-0.270625862877844,-0.137049640397438
"miscellaneous_deep_sea_fish","walleye_pollock_adult",2,1.45874827424431,-0.270625862877844,-0.137049640397438
"squid","walleye_pollock_adult",2,1.86318606379569,-0.0684069681021547,-0.0307737685482981
"octopus","walleye_pollock_adult",2,1.57373497313916,-0.213132513430419,-0.104098399403598
"tanner_crab","walleye_pollock_adult",2,1.28380520770437,-0.358097396147814,-0.192530862613989
"king_crab","walleye_pollock_adult",2,1.45874827424431,-0.270625862877844,-0.137049640397438
"pandalid_shrimp","walleye_pollock_adult",2,1.26218968659116,-0.368905156704422,-0.199905368450521
"nonpandalid_shrimp","walleye_pollock_adult",2,1.81375965219751,-0.0931201739012464,-0.0424502590479826
"motile_epifauna","walleye_pollock_adult",2,1.29506659201765,-0.352466703991177,-0.188737895353084
"benthic_zooplankton","walleye_pollock_adult",2,1.2588799625865,-0.370560018706751,-0.201045674667848
"sessile_epifauna","walleye_pollock_adult",2,1.45874827424431,-0.270625862877844,-0.137049640397438
"infauna","walleye_pollock_adult",2,1.10322022380838,-0.448389888095808,-0.258367781103984
"gelatinous_carnivores","walleye_pollock_adult",2,1.45874827424431,-0.270625862877844,-0.137049640397438
"other_gelatinous_zooplankton","walleye_pollock_adult",2,1.45874827424431,-0.270625862877844,-0.137049640397438
"mysids","walleye_pollock_adult",2,1.27651398779363,-0.361743006103184,-0.195004417582619
"pelagic_amphipods","walleye_pollock_adult",2,1.45874827424431,-0.270625862877844,-0.137049640397438
"euphausiids","walleye_pollock_adult",2,1.57075720469948,-0.21462139765026,-0.104920935263238
"large_copepods","walleye_pollock_adult",2,1.45874827424431,-0.270625862877844,-0.137049640397438
"small_copepods","walleye_pollock_adult",2,1.45874827424431,-0.270625862877844,-0.137049640397438
"small_microzooplankton","walleye_pollock_adult",2,1.45874827424431,-0.270625862877844,-0.137049640397438
"macroalgae","walleye_pollock_adult",2,1.45874827424431,-0.270625862877844,-0.137049640397438
"detritus","walleye_pollock_adult",2,1.45874827424431,-0.270625862877844,-0.137049640397438
"pacific_capelin","walleye_pollock_juvenile",2,2.98887947202405,0.494439736012027,0.174478406598362
"shelf_forage_fish","walleye_pollock_juvenile",2,1.39310434672193,-0.303447826639034,-0.157046348365419
"arrowtooth_flounder_adult","walleye_pollock_juvenile",2,1.35748754469392,-0.321256227653042,-0.168294142151176
"walleye_pollock_adult","walleye_pollock_juvenile",2,1.10936316203951,-0.445318418980247,-0.255956255239419
"tanner_crab","walleye_pollock_juvenile",2,1.15456427097682,-0.42271786451159,-0.238611881924286
"pandalid_shrimp","walleye_pollock_juvenile",2,1.14279215696358,-0.428603921518212,-0.243062744526542
"nonpandalid_shrimp","walleye_pollock_juvenile",2,1.44318484642916,-0.278407576785419,-0.14170803557334
"motile_epifauna","walleye_pollock_juvenile",2,1.16069737780263,-0.419651311098687,-0.236310992361297
"benthic_zooplankton","walleye_pollock_juvenile",2,1.14098963514922,-0.429505182425389,-0.243748296397339
"infauna","walleye_pollock_juvenile",2,1.05621517227276,-0.471892413863621,-0.277277593932628
"gelatinous_carnivores","walleye_pollock_juvenile",2,1.24984070286796,-0.375079648566022,-0.204175331675119
"other_gelatinous_zooplankton","walleye_pollock_juvenile",2,1.24984070286796,-0.375079648566022,-0.204175331675119
"mysids","walleye_pollock_juvenile",2,1.15059337100937,-0.424703314495314,-0.24010812809717
"pelagic_amphipods","walleye_pollock_juvenile",2,1.24984070286796,-0.375079648566022,-0.204175331675119
"euphausiids","walleye_pollock_juvenile",2,1.31084232725228,-0.344578836373861,-0.183479539307543
"large_copepods","walleye_pollock_juvenile",2,1.24984070286796,-0.375079648566022,-0.204175331675119
"small_copepods","walleye_pollock_juvenile",2,1.24984070286796,-0.375079648566022,-0.204175331675119
"pacific_sandlance","large_sculpins",2,1.88420932734671,-0.0578953363266437,-0.0259008463251865
"shelf_forage_fish","large_sculpins",2,2.57341995203116,0.28670997601558,0.109480668108594
"arrowtooth_flounder_adult","large_sculpins",2,2.43086190756857,0.215430953784287,0.084730292474132
"flathead_sole_adult","large_sculpins",2,2,0,0
"shallow_water_flatfish","large_sculpins",2,1.54817916428085,-0.225910417859573,-0.111208777330002
"thornyheads","large_sculpins",2,2,0,0
"pacific_cod_adult","large_sculpins",2,2.03854217961004,0.0192710898050219,0.00828970623279197
"walleye_pollock_adult","large_sculpins",2,1.4377315656901,-0.28113421715495,-0.143352187796508
"shelf_demersal_fish","large_sculpins",2,1.76944387063964,-0.115278064680178,-0.0531932049312518
"slope_demersal_fish","large_sculpins",2,2,0,0
"octopus","large_sculpins",2,2.25065314759879,0.125326573799394,0.0512785745516917
"tanner_crab","large_sculpins",2,1.61865128140674,-0.190674359296632,-0.0918767002603749
"pandalid_shrimp","large_sculpins",2,1.57153280199921,-0.214233599000393,-0.104706545354239
"nonpandalid_shrimp","large_sculpins",2,2.77386967512412,0.386934837562058,0.142056057070388
"motile_epifauna","large_sculpins",2,1.64319935045795,-0.178400324771027,-0.085339741083481
"benthic_zooplankton","large_sculpins",2,1.56431811762768,-0.217840941186159,-0.10670492041735
"sessile_epifauna","large_sculpins",2,2,0,0
"infauna","large_sculpins",2,1.22500405909628,-0.387497970451859,-0.212892467910209
"mysids","large_sculpins",2,1.60275755423632,-0.198621222881842,-0.0961621631542792
"pelagic_amphipods","large_sculpins",2,2,0,0
"euphausiids","large_sculpins",2,2.24416207481037,0.122081037405184,0.0500242230761129
"large_copepods","large_sculpins",2,2,0,0
"small_copepods","large_sculpins",2,2,0,0
"small_microzooplankton","large_sculpins",2,2,0,0
"large_phytoplankton","large_sculpins",2,2,0,0
"macroalgae","large_sculpins",2,2,0,0
"detritus","large_sculpins",2,2,0,0
"pacific_herring_adult","lingcod",2,2.3199942209609,0.159997110480449,0.0644569074131606
"pacific_herring_juvenile","lingcod",2,1.80249908826407,-0.0987504558679635,-0.0451549419462911
"pacific_sandlance","lingcod",2,1.88420932734671,-0.0578953363266437,-0.0259008463251865
"pacific_capelin","lingcod",2,8.96059028490326,3.48029514245163,0.651306624381201
"shelf_forage_fish","lingcod",2,2.57341995203116,0.28670997601558,0.109480668108594
"shallow_water_flatfish","lingcod",2,1.54817916428085,-0.225910417859573,-0.111208777330002
"slope_rockfish","lingcod",2,2,0,0
"walleye_pollock_adult","lingcod",2,1.4377315656901,-0.28113421715495,-0.143352187796508
"walleye_pollock_juvenile","lingcod",2,1.77580914365466,-0.11209542817267,-0.051633707820314
"squid","lingcod",2,2.88161157710642,0.440805788553211,0.158605444628015
"octopus","lingcod",2,2.25065314759879,0.125326573799394,0.0512785745516917
"pandalid_shrimp","lingcod",2,1.57153280199921,-0.214233599000393,-0.104706545354239
"nonpandalid_shrimp","lingcod",2,2.77386967512412,0.386934837562058,0.142056057070388
"motile_epifauna","lingcod",2,1.64319935045795,-0.178400324771027,-0.085339741083481
"benthic_zooplankton","lingcod",2,1.56431811762768,-0.217840941186159,-0.10670492041735
"infauna","lingcod",2,1.22500405909628,-0.387497970451859,-0.212892467910209
"euphausiids","lingcod",2,2.24416207481037,0.122081037405184,0.0500242230761129
"pacific_hake","atka_mackerel",2,2,0,0
"pacific_sandlance","atka_mackerel",2,1.88420932734671,-0.0578953363266437,-0.0259008463251865
"shallow_water_flatfish","atka_mackerel",2,1.54817916428085,-0.225910417859573,-0.111208777330002
"shelf_demersal_fish","atka_mackerel",2,1.76944387063964,-0.115278064680178,-0.0531932049312518
"squid","atka_mackerel",2,2.88161157710642,0.440805788553211,0.158605444628015
"pandalid_shrimp","atka_mackerel",2,1.57153280199921,-0.214233599000393,-0.104706545354239
"nonpandalid_shrimp","atka_mackerel",2,2.77386967512412,0.386934837562058,0.142056057070388
"motile_epifauna","atka_mackerel",2,1.64319935045795,-0.178400324771027,-0.085339741083481
"benthic_zooplankton","atka_mackerel",2,1.56431811762768,-0.217840941186159,-0.10670492041735
"sessile_epifauna","atka_mackerel",2,2,0,0
"infauna","atka_mackerel",2,1.22500405909628,-0.387497970451859,-0.212892467910209
"gelatinous_carnivores","atka_mackerel",2,2,0,0
"other_gelatinous_zooplankton","atka_mackerel",2,2,0,0
"pelagic_amphipods","atka_mackerel",2,2,0,0
"euphausiids","atka_mackerel",2,2.24416207481037,0.122081037405184,0.0500242230761129
"large_copepods","atka_mackerel",2,2,0,0
"small_copepods","atka_mackerel",2,2,0,0
"macroalgae","atka_mackerel",2,2,0,0
"detritus","atka_mackerel",2,2,0,0
"shallow_water_flatfish","shelf_demersal_fish",2,1.27585430354896,-0.36207284822552,-0.195228912797209
"deep_water_flatfish","shelf_demersal_fish",2,1.6286911603825,-0.185654419808752,-0.0891912563878728
"shelf_demersal_fish","shelf_demersal_fish",2,1.387198961372,-0.306400519314002,-0.158891240698066
"slope_demersal_fish","shelf_demersal_fish",2,1.50321924203531,-0.248390378982345,-0.124007669327054
"octopus","shelf_demersal_fish",2,1.62935272898374,-0.185323635508132,-0.0890148833207047
"pandalid_shrimp","shelf_demersal_fish",2,1.28760630342036,-0.35619684828982,-0.191246901575554
"nonpandalid_shrimp","shelf_demersal_fish",2,1.89264535338538,-0.053677323307311,-0.0239607528027727
"motile_epifauna","shelf_demersal_fish",2,1.32367028961505,-0.338164855192474,-0.179250174633532
"benthic_zooplankton","shelf_demersal_fish",2,1.28397573541939,-0.358012132290303,-0.192473179153137
"sessile_epifauna","shelf_demersal_fish",2,1.50321924203531,-0.248390378982345,-0.124007669327054
"infauna","shelf_demersal_fish",2,1.1132263720733,-0.443386813963351,-0.254446509545053
"gelatinous_carnivores","shelf_demersal_fish",2,1.50321924203531,-0.248390378982345,-0.124007669327054
"other_gelatinous_zooplankton","shelf_demersal_fish",2,1.50321924203531,-0.248390378982345,-0.124007669327054
"mysids","shelf_demersal_fish",2,1.30331919957386,-0.348340400213072,-0.185979202640231
"pelagic_amphipods","shelf_demersal_fish",2,1.50321924203531,-0.248390378982345,-0.124007669327054
"euphausiids","shelf_demersal_fish",2,1.62608629625515,-0.186956851872424,-0.0898864058247959
"detritus","shelf_demersal_fish",2,1.50321924203531,-0.248390378982345,-0.124007669327054
"slope_forage_fish","slope_demersal_fish",2,2,0,0
"walleye_pollock_adult","slope_demersal_fish",2,1.4377315656901,-0.28113421715495,-0.143352187796508
"shelf_demersal_fish","slope_demersal_fish",2,1.76944387063964,-0.115278064680178,-0.0531932049312518
"squid","slope_demersal_fish",2,2.88161157710642,0.440805788553211,0.158605444628015
"octopus","slope_demersal_fish",2,2.25065314759879,0.125326573799394,0.0512785745516917
"pandalid_shrimp","slope_demersal_fish",2,1.57153280199921,-0.214233599000393,-0.104706545354239
"nonpandalid_shrimp","slope_demersal_fish",2,2.77386967512412,0.386934837562058,0.142056057070388
"motile_epifauna","slope_demersal_fish",2,1.64319935045795,-0.178400324771027,-0.085339741083481
"benthic_zooplankton","slope_demersal_fish",2,1.56431811762768,-0.217840941186159,-0.10670492041735
"infauna","slope_demersal_fish",2,1.22500405909628,-0.387497970451859,-0.212892467910209
"gelatinous_carnivores","slope_demersal_fish",2,2,0,0
"other_gelatinous_zooplankton","slope_demersal_fish",2,2,0,0
"mysids","slope_demersal_fish",2,1.60275755423632,-0.198621222881842,-0.0961621631542792
"pelagic_amphipods","slope_demersal_fish",2,2,0,0
"euphausiids","slope_demersal_fish",2,2.24416207481037,0.122081037405184,0.0500242230761129
"large_copepods","slope_demersal_fish",2,2,0,0
"small_copepods","slope_demersal_fish",2,2,0,0
"detritus","slope_demersal_fish",2,2,0,0
"slope_forage_fish","miscellaneous_deep_sea_fish",2,2,0,0
"squid","miscellaneous_deep_sea_fish",2,2.88161157710642,0.440805788553211,0.158605444628015
"octopus","miscellaneous_deep_sea_fish",2,2.25065314759879,0.125326573799394,0.0512785745516917
"pandalid_shrimp","miscellaneous_deep_sea_fish",2,1.57153280199921,-0.214233599000393,-0.104706545354239
"nonpandalid_shrimp","miscellaneous_deep_sea_fish",2,2.77386967512412,0.386934837562058,0.142056057070388
"infauna","miscellaneous_deep_sea_fish",2,1.22500405909628,-0.387497970451859,-0.212892467910209
"pacific_hake","squid",2,10.2606046462657,4.13030232313286,0.710142958367113
"pacific_sandlance","squid",2,9.18831300509845,3.59415650254922,0.662205785599066
"pacific_capelin","squid",2,74.7198793793928,36.3599396896964,1.57240616647526
"shelf_forage_fish","squid",2,15.5708201183069,6.78541005915347,0.891281491886489
"miscellaneous_deep_sea_fish","squid",2,10.2606046462657,4.13030232313286,0.710142958367113
"other_gelatinous_zooplankton","squid",2,10.2606046462657,4.13030232313286,0.710142958367113
"mysids","squid",2,6.58189940733258,2.29094970366629,0.517321244923633
"pelagic_amphipods","squid",2,10.2606046462657,4.13030232313286,0.710142958367113
"euphausiids","squid",2,12.5216930906965,5.26084654534824,0.796633059267434
"large_copepods","squid",2,10.2606046462657,4.13030232313286,0.710142958367113
"large_microzooplankton","squid",2,34.912457497717,16.4562287488585,1.24195042433708
"motile_epifauna","octopus",2,1.71511140044493,-0.142444299777535,-0.066737661939848
"infauna","octopus",2,1.25016033939023,-0.374919830304885,-0.204064278618542
"motile_epifauna","tanner_crab",2,1.738495811472,-0.130752094263999,-0.0608563469816542
"benthic_zooplankton","tanner_crab",2,1.64792752963617,-0.176036235181914,-0.084091886707709
"sessile_epifauna","tanner_crab",2,2.14816007035176,0.0740800351758799,0.0310366440638922
"infauna","tanner_crab",2,1.25834067632142,-0.370829661839291,-0.201231760105932
"discards","tanner_crab",2,2.14816007035176,0.0740800351758799,0.0310366440638922
"offal","tanner_crab",2,1.45528635586815,-0.272356822065926,-0.138081538055321
"detritus","tanner_crab",2,2.14816007035176,0.0740800351758799,0.0310366440638922
"motile_epifauna","king_crab",2,1.64319935045795,-0.178400324771027,-0.085339741083481
"benthic_zooplankton","king_crab",2,1.56431811762768,-0.217840941186159,-0.10670492041735
"sessile_epifauna","king_crab",2,2,0,0
"infauna","king_crab",2,1.22500405909628,-0.387497970451859,-0.212892467910209
"discards","king_crab",2,2,0,0
"offal","king_crab",2,1.39653561173632,-0.301732194131841,-0.155977980952141
"detritus","king_crab",2,2,0,0
"benthic_zooplankton","pandalid_shrimp",2,1.71162955998132,-0.144185220009339,-0.0676202174863943
"infauna","pandalid_shrimp",2,1.28373985269482,-0.358130073652589,-0.192552971920233
"euphausiids","pandalid_shrimp",2,2.56894220154543,0.284471100772717,0.108724337550494
"detritus","pandalid_shrimp",2,2.26104326221692,0.130521631108458,0.053278876439155
"benthic_zooplankton","nonpandalid_shrimp",2,1.14926410251672,-0.425367948741638,-0.240610154020301
"infauna","nonpandalid_shrimp",2,1.05951435528034,-0.47024282235983,-0.275923150354022
"euphausiids","nonpandalid_shrimp",2,1.32908519092495,-0.335457404537524,-0.177477176675461
"detritus","nonpandalid_shrimp",2,1.26450347393454,-0.367748263032728,-0.199109968857002
"tanner_crab","motile_epifauna",2,1.6338648838784,-0.1830675580608,-0.0878138569390076
"pandalid_shrimp","motile_epifauna",2,1.58558768737723,-0.207206156311387,-0.100839730952707
"nonpandalid_shrimp","motile_epifauna",2,2.81749190445582,0.408745952227909,0.148832681190732
"motile_epifauna","motile_epifauna",2,1.65901662833644,-0.170491685831778,-0.0811792566808682
"benthic_zooplankton","motile_epifauna",2,1.5781955826345,-0.21090220868275,-0.102869172205376
"sessile_epifauna","motile_epifauna",2,2.02459156382424,0.0122957819121212,0.00530742721095208
"infauna","motile_epifauna",2,1.23053726077626,-0.384731369611869,-0.210935226951027
"macroalgae","motile_epifauna",2,2.02459156382424,0.0122957819121212,0.00530742721095208
"discards","motile_epifauna",2,2.02459156382424,0.0122957819121212,0.00530742721095208
"offal","motile_epifauna",2,1.40628704254092,-0.296856478729542,-0.152956020450863
"detritus","motile_epifauna",2,2.02459156382424,0.0122957819121212,0.00530742721095208
"benthic_microbes","benthic_zooplankton",2,2.00062962871495,0.000314814357473381,0.00013670062174424
"detritus","benthic_zooplankton",2,2.00062962871495,0.000314814357473381,0.00013670062174424
"benthic_zooplankton","sessile_epifauna",2,1.56431811762768,-0.217840941186159,-0.10670492041735
"benthic_microbes","sessile_epifauna",2,2,0,0
"detritus","sessile_epifauna",2,2,0,0
"benthic_zooplankton","infauna",2,1.53812170867983,-0.230939145660086,-0.114039293932808
"benthic_microbes","infauna",2,1.95357864982613,-0.023210675086935,-0.0101990953333246
"detritus","infauna",2,1.95357864982613,-0.023210675086935,-0.0101990953333246
"pacific_herring_juvenile","gelatinous_carnivores",2,1.80249908826407,-0.0987504558679635,-0.0451549419462911
"pacific_sandlance","gelatinous_carnivores",2,1.88420932734671,-0.0578953363266437,-0.0259008463251865
"pacific_capelin","gelatinous_carnivores",2,8.96059028490326,3.48029514245163,0.651306624381201
"shelf_forage_fish","gelatinous_carnivores",2,2.57341995203116,0.28670997601558,0.109480668108594
"pacific_cod_adult","gelatinous_carnivores",2,2.03854217961004,0.0192710898050219,0.00828970623279197
"miscellaneous_deep_sea_fish","gelatinous_carnivores",2,2,0,0
"squid","gelatinous_carnivores",2,2.88161157710642,0.440805788553211,0.158605444628015
"other_gelatinous_zooplankton","gelatinous_carnivores",2,2,0,0
"euphausiids","gelatinous_carnivores",2,2.24416207481037,0.122081037405184,0.0500242230761129
"large_copepods","gelatinous_carnivores",2,2,0,0
"large_microzooplankton","gelatinous_carnivores",2,4.66201331263958,1.33100665631979,0.367543513674514
"small_microzooplankton","gelatinous_carnivores",2,2,0,0
"large_phytoplankton","gelatinous_carnivores",2,2,0,0
"small_phytoplankton","gelatinous_carnivores",2,2,0,0
"large_copepods","other_gelatinous_zooplankton",2,2,0,0
"small_microzooplankton","other_gelatinous_zooplankton",2,2,0,0
"large_phytoplankton","other_gelatinous_zooplankton",2,2,0,0
"small_phytoplankton","other_gelatinous_zooplankton",2,2,0,0
"large_copepods","mysids",2,1.54976099535579,-0.225119502322104,-0.110765269365708
"small_microzooplankton","mysids",2,1.54976099535579,-0.225119502322104,-0.110765269365708
"large_phytoplankton","mysids",2,1.54976099535579,-0.225119502322104,-0.110765269365708
"small_phytoplankton","mysids",2,1.54976099535579,-0.225119502322104,-0.110765269365708
"large_copepods","pelagic_amphipods",2,2,0,0
"small_microzooplankton","pelagic_amphipods",2,2,0,0
"large_phytoplankton","pelagic_amphipods",2,2,0,0
"small_phytoplankton","pelagic_amphipods",2,2,0,0
"small_copepods","euphausiids",2,2,0,0
"large_microzooplankton","euphausiids",2,4.66201331263958,1.33100665631979,0.367543513674514
"large_phytoplankton","euphausiids",2,2,0,0
"large_microzooplankton","large_copepods",2,4.66201331263958,1.33100665631979,0.367543513674514
"small_microzooplankton","large_copepods",2,2,0,0
"large_phytoplankton","large_copepods",2,2,0,0
"small_phytoplankton","large_copepods",2,2,0,0
"large_microzooplankton","small_copepods",2,4.66201331263958,1.33100665631979,0.367543513674514
"small_microzooplankton","small_copepods",2,2,0,0
"large_phytoplankton","small_copepods",2,2,0,0
"small_phytoplankton","small_copepods",2,2,0,0
"small_microzooplankton","large_microzooplankton",2,1.88971699314153,-0.0551415034292357,-0.0246332272155956
"large_phytoplankton","large_microzooplankton",2,1.88971699314153,-0.0551415034292357,-0.0246332272155956
"small_phytoplankton","large_microzooplankton",2,1.88971699314153,-0.0551415034292357,-0.0246332272155956
"small_phytoplankton","small_microzooplankton",2,2,0,0
"detritus","benthic_microbes",2,2,0,0
