"","Prey","Predator","Old_VV","New_VV","Rel_Change","Log_Ratio"
"1","Outside","Outside",2,2,0,0
"2","Outside","large_phytoplankton",2,2,0,0
"3","Outside","small_phytoplankton",2,2,0,0
"4","Outside","macroalgae",2,2,0,0
"5","humpback_whale","transient_killer_whales",2,2,0,0
"6","other_baleen_whales","transient_killer_whales",2,2,0,0
"7","dolphins_porpoises","transient_killer_whales",2,2,0,0
"8","northern_elephant_seal","transient_killer_whales",2,2,0,0
"9","northern_fur_seal_adult","transient_killer_whales",2,2,0,0
"10","northern_fur_seal_juvenile","transient_killer_whales",2,2,0,0
"11","steller_sea_lion","transient_killer_whales",2,2,0,0
"12","harbor_seal","transient_killer_whales",2,2,0,0
"13","sea_otter","transient_killer_whales",2,2,0,0
"14","salmon_returning","resident_killer_whales",3.2228956415194,3.24719530486191,0.00753969909216434,0.00326216722703502
"15","pacific_herring_adult","resident_killer_whales",1.39831987841021,1.4008126135393,0.00178266444436503,0.000773512079694457
"16","pacific_halibut_adult","resident_killer_whales",2.71963296114975,2.69913360977419,-0.00753754336279777,-0.00328591296150802
"17","arrowtooth_flounder_adult","resident_killer_whales",3.35100143896289,3.25407942072792,-0.0289232994972876,-0.0127464659833099
"18","sablefish_adult","resident_killer_whales",4.43238057246908,4.46893757434988,0.0082477127771643,0.00356724547818526
"19","pacific_cod_adult","resident_killer_whales",1.80463912050554,1.79259262624943,-0.00667529264950151,-0.00290876201892274
"20","salmon_returning","offshore_killer_whales",3.2228956415194,3.24719530486191,0.00753969909216434,0.00326216722703502
"21","pacific_dogfish","offshore_killer_whales",2,2,0,0
"22","pacific_sleeper_shark","offshore_killer_whales",2,2,0,0
"23","pacific_halibut_adult","offshore_killer_whales",2.71963296114975,2.69913360977419,-0.00753754336279777,-0.00328591296150802
"24","pacific_dogfish","other_toothed_whales",2,2,0,0
"25","big_skate","other_toothed_whales",2,2,0,0
"26","longnose_skate","other_toothed_whales",2,2,0,0
"27","other_skates","other_toothed_whales",1.64960990991215,1.68431716060666,0.0210396715526284,0.00904261652538198
"28","pacific_ocean_perch_adult","other_toothed_whales",2,2,0,0
"29","slope_rockfish","other_toothed_whales",2,2,0,0
"30","demersal_shelf_rockfish","other_toothed_whales",2,2,0,0
"31","pelagic_shelf_rockfish","other_toothed_whales",2,2,0,0
"32","thornyheads","other_toothed_whales",2,2,0,0
"33","sablefish_adult","other_toothed_whales",4.43238057246908,4.46893757434988,0.0082477127771643,0.00356724547818526
"34","sablefish_juvenile","other_toothed_whales",2,2,0,0
"35","pacific_cod_adult","other_toothed_whales",1.80463912050554,1.79259262624943,-0.00667529264950151,-0.00290876201892274
"36","miscellaneous_deep_sea_fish","other_toothed_whales",2,2,0,0
"37","squid","other_toothed_whales",2.16370260406474,2.17109948574463,0.00341862216461419,0.00148215671593613
"38","pacific_herring_juvenile","humpback_whale",1.66064644280173,1.66245629488044,0.0010898479243131,0.000473057206233786
"39","pacific_sandlance","humpback_whale",1.60473625243531,1.59668560529429,-0.005016803931988,-0.0021842538437839
"40","pacific_capelin","humpback_whale",3.92962779355821,3.7544592849742,-0.0445763613722313,-0.0198040178165347
"41","shelf_forage_fish","humpback_whale",1.62606259807669,1.63983691721433,0.00847096486563648,0.00366339885006381
"42","walleye_pollock_juvenile","humpback_whale",1.47195833361704,1.47172602682911,-0.0001578215786604,-6.85464499342305e-05
"43","euphausiids","humpback_whale",2.31956638311456,2.3146577048298,-0.00211620513234678,-0.000920030041414509
"44","large_copepods","humpback_whale",2,2,0,0
"45","pacific_herring_adult","other_baleen_whales",1.39831987841021,1.4008126135393,0.00178266444436503,0.000773512079694457
"46","pacific_herring_juvenile","other_baleen_whales",1.66064644280173,1.66245629488044,0.0010898479243131,0.000473057206233786
"47","pacific_sandlance","other_baleen_whales",1.60473625243531,1.59668560529429,-0.005016803931988,-0.0021842538437839
"48","pacific_capelin","other_baleen_whales",3.92962779355821,3.7544592849742,-0.0445763613722313,-0.0198040178165347
"49","slope_forage_fish","other_baleen_whales",2,2,0,0
"50","squid","other_baleen_whales",2.16370260406474,2.17109948574463,0.00341862216461419,0.00148215671593613
"51","tanner_crab","other_baleen_whales",1.4762841948005,1.47666851456249,0.00026032911775653,0.00011304478553411
"52","king_crab","other_baleen_whales",2,2,0,0
"53","pandalid_shrimp","other_baleen_whales",1.52319768485256,1.54156638870411,0.0120593039460466,0.00520596173491725
"54","nonpandalid_shrimp","other_baleen_whales",2.75379311132565,2.65336503826553,-0.0364689971251235,-0.0161343067886396
"55","motile_epifauna","other_baleen_whales",1.45148080839979,2,0.37790316511655,0.139218697736159
"56","benthic_zooplankton","other_baleen_whales",1.71952879460816,1.71028579389991,-0.00537531022291271,-0.00234076438706127
"57","sessile_epifauna","other_baleen_whales",2,2,0,0
"58","infauna","other_baleen_whales",1.21517984233876,1.21934727299658,0.00342947645494296,0.00148685458858334
"59","mysids","other_baleen_whales",1.7621123719706,1.74004708525129,-0.0125220656016556,-0.00547260008236879
"60","pelagic_amphipods","other_baleen_whales",2,2,0,0
"61","euphausiids","other_baleen_whales",2.31956638311456,2.3146577048298,-0.00211620513234678,-0.000920030041414509
"62","large_copepods","other_baleen_whales",2,2,0,0
"63","pacific_hake","dolphins_porpoises",2,2,0,0
"64","pacific_sandlance","dolphins_porpoises",1.60473625243531,1.59668560529429,-0.005016803931988,-0.0021842538437839
"65","pacific_capelin","dolphins_porpoises",3.92962779355821,3.7544592849742,-0.0445763613722313,-0.0198040178165347
"66","shelf_forage_fish","dolphins_porpoises",1.62606259807669,1.63983691721433,0.00847096486563648,0.00366339885006381
"67","slope_forage_fish","dolphins_porpoises",2,2,0,0
"68","slope_demersal_fish","dolphins_porpoises",2,2,0,0
"69","squid","dolphins_porpoises",2.16370260406474,2.17109948574463,0.00341862216461419,0.00148215671593613
"70","pacific_hake","northern_elephant_seal",2,2,0,0
"71","pacific_dogfish","northern_elephant_seal",2,2,0,0
"72","big_skate","northern_elephant_seal",2,2,0,0
"73","longnose_skate","northern_elephant_seal",2,2,0,0
"74","other_skates","northern_elephant_seal",1.64960990991215,1.68431716060666,0.0210396715526284,0.00904261652538198
"75","pacific_halibut_adult","northern_elephant_seal",2.71963296114975,2.69913360977419,-0.00753754336279777,-0.00328591296150802
"76","pacific_halibut_juvenile","northern_elephant_seal",2,2,0,0
"77","arrowtooth_flounder_adult","northern_elephant_seal",3.35100143896289,3.25407942072792,-0.0289232994972876,-0.0127464659833099
"78","arrowtooth_flounder_juvenile","northern_elephant_seal",9.63779636019163,9.34135151515413,-0.0307585711461954,-0.0135680308345054
"79","rex_sole_adult","northern_elephant_seal",2,2,0,0
"80","flathead_sole_adult","northern_elephant_seal",2,2,0,0
"81","flathead_sole_juvenile","northern_elephant_seal",2,2,0,0
"82","shallow_water_flatfish","northern_elephant_seal",1.61107880233262,1.61084561509199,-0.000144739810547412,-6.28642506220821e-05
"83","deep_water_flatfish","northern_elephant_seal",2.01173476963637,2.01092851320715,-0.000400776703462169,-0.000174089998727584
"84","pacific_ocean_perch_adult","northern_elephant_seal",2,2,0,0
"85","pacific_ocean_perch_juvenile","northern_elephant_seal",2,2,0,0
"86","slope_rockfish","northern_elephant_seal",2,2,0,0
"87","demersal_shelf_rockfish","northern_elephant_seal",2,2,0,0
"88","pelagic_shelf_rockfish","northern_elephant_seal",2,2,0,0
"89","thornyheads","northern_elephant_seal",2,2,0,0
"90","sablefish_adult","northern_elephant_seal",4.43238057246908,4.46893757434988,0.0082477127771643,0.00356724547818526
"91","sablefish_juvenile","northern_elephant_seal",2,2,0,0
"92","pacific_cod_adult","northern_elephant_seal",1.80463912050554,1.79259262624943,-0.00667529264950151,-0.00290876201892274
"93","pacific_cod_juvenile","northern_elephant_seal",1.87389832184934,1.86528633414928,-0.0045957603994029,-0.00200051385196783
"94","walleye_pollock_adult","northern_elephant_seal",1.4649846129216,1.48017611105139,0.01036973221138,0.00448032752107638
"95","walleye_pollock_juvenile","northern_elephant_seal",1.47195833361704,1.47172602682911,-0.0001578215786604,-6.85464499342305e-05
"96","salmon_returning","northern_fur_seal_adult",3.2228956415194,3.24719530486191,0.00753969909216434,0.00326216722703502
"97","pacific_hake","northern_fur_seal_adult",2,2,0,0
"98","pacific_herring_adult","northern_fur_seal_adult",1.39831987841021,1.4008126135393,0.00178266444436503,0.000773512079694457
"99","pacific_herring_juvenile","northern_fur_seal_adult",1.66064644280173,1.66245629488044,0.0010898479243131,0.000473057206233786
"100","pacific_sandlance","northern_fur_seal_adult",1.60473625243531,1.59668560529429,-0.005016803931988,-0.0021842538437839
"101","pacific_capelin","northern_fur_seal_adult",3.92962779355821,3.7544592849742,-0.0445763613722313,-0.0198040178165347
"102","shelf_forage_fish","northern_fur_seal_adult",1.62606259807669,1.63983691721433,0.00847096486563648,0.00366339885006381
"103","slope_forage_fish","northern_fur_seal_adult",2,2,0,0
"104","pacific_halibut_juvenile","northern_fur_seal_adult",2,2,0,0
"105","rex_sole_juvenile","northern_fur_seal_adult",2,2,0,0
"106","flathead_sole_juvenile","northern_fur_seal_adult",2,2,0,0
"107","shallow_water_flatfish","northern_fur_seal_adult",1.61107880233262,1.61084561509199,-0.000144739810547412,-6.28642506220821e-05
"108","pacific_ocean_perch_juvenile","northern_fur_seal_adult",2,2,0,0
"109","slope_rockfish","northern_fur_seal_adult",2,2,0,0
"110","demersal_shelf_rockfish","northern_fur_seal_adult",2,2,0,0
"111","pelagic_shelf_rockfish","northern_fur_seal_adult",2,2,0,0
"112","sablefish_juvenile","northern_fur_seal_adult",2,2,0,0
"113","pacific_cod_juvenile","northern_fur_seal_adult",1.87389832184934,1.86528633414928,-0.0045957603994029,-0.00200051385196783
"114","walleye_pollock_juvenile","northern_fur_seal_adult",1.47195833361704,1.47172602682911,-0.0001578215786604,-6.85464499342305e-05
"115","large_sculpins","northern_fur_seal_adult",2,2,0,0
"116","shelf_demersal_fish","northern_fur_seal_adult",1.88922020061599,1.86958667249638,-0.0103923979392173,-0.00453697716191073
"117","slope_demersal_fish","northern_fur_seal_adult",2,2,0,0
"118","squid","northern_fur_seal_adult",2.16370260406474,2.17109948574463,0.00341862216461419,0.00148215671593613
"119","salmon_returning","northern_fur_seal_juvenile",3.2228956415194,3.24719530486191,0.00753969909216434,0.00326216722703502
"120","pacific_hake","northern_fur_seal_juvenile",2,2,0,0
"121","pacific_herring_adult","northern_fur_seal_juvenile",1.39831987841021,1.4008126135393,0.00178266444436503,0.000773512079694457
"122","pacific_herring_juvenile","northern_fur_seal_juvenile",1.66064644280173,1.66245629488044,0.0010898479243131,0.000473057206233786
"123","pacific_sandlance","northern_fur_seal_juvenile",1.60473625243531,1.59668560529429,-0.005016803931988,-0.0021842538437839
"124","pacific_capelin","northern_fur_seal_juvenile",3.92962779355821,3.7544592849742,-0.0445763613722313,-0.0198040178165347
"125","shelf_forage_fish","northern_fur_seal_juvenile",1.62606259807669,1.63983691721433,0.00847096486563648,0.00366339885006381
"126","slope_forage_fish","northern_fur_seal_juvenile",2,2,0,0
"127","pacific_halibut_juvenile","northern_fur_seal_juvenile",2,2,0,0
"128","rex_sole_adult","northern_fur_seal_juvenile",2,2,0,0
"129","flathead_sole_adult","northern_fur_seal_juvenile",2,2,0,0
"130","shallow_water_flatfish","northern_fur_seal_juvenile",1.61107880233262,1.61084561509199,-0.000144739810547412,-6.28642506220821e-05
"131","pacific_ocean_perch_adult","northern_fur_seal_juvenile",2,2,0,0
"132","slope_rockfish","northern_fur_seal_juvenile",2,2,0,0
"133","demersal_shelf_rockfish","northern_fur_seal_juvenile",2,2,0,0
"134","pelagic_shelf_rockfish","northern_fur_seal_juvenile",2,2,0,0
"135","sablefish_adult","northern_fur_seal_juvenile",4.43238057246908,4.46893757434988,0.0082477127771643,0.00356724547818526
"136","pacific_cod_adult","northern_fur_seal_juvenile",1.80463912050554,1.79259262624943,-0.00667529264950151,-0.00290876201892274
"137","walleye_pollock_adult","northern_fur_seal_juvenile",1.4649846129216,1.48017611105139,0.01036973221138,0.00448032752107638
"138","large_sculpins","northern_fur_seal_juvenile",2,2,0,0
"139","shelf_demersal_fish","northern_fur_seal_juvenile",1.88922020061599,1.86958667249638,-0.0103923979392173,-0.00453697716191073
"140","slope_demersal_fish","northern_fur_seal_juvenile",2,2,0,0
"141","squid","northern_fur_seal_juvenile",2.16370260406474,2.17109948574463,0.00341862216461419,0.00148215671593613
"142","salmon_returning","steller_sea_lion",3.2228956415194,3.24719530486191,0.00753969909216434,0.00326216722703502
"143","salmon_outgoing","steller_sea_lion",2,2,0,0
"144","pacific_hake","steller_sea_lion",2,2,0,0
"145","pacific_herring_adult","steller_sea_lion",1.39831987841021,1.4008126135393,0.00178266444436503,0.000773512079694457
"146","pacific_herring_juvenile","steller_sea_lion",1.66064644280173,1.66245629488044,0.0010898479243131,0.000473057206233786
"147","pacific_sandlance","steller_sea_lion",1.60473625243531,1.59668560529429,-0.005016803931988,-0.0021842538437839
"148","pacific_capelin","steller_sea_lion",3.92962779355821,3.7544592849742,-0.0445763613722313,-0.0198040178165347
"149","shelf_forage_fish","steller_sea_lion",1.62606259807669,1.63983691721433,0.00847096486563648,0.00366339885006381
"150","slope_forage_fish","steller_sea_lion",2,2,0,0
"151","big_skate","steller_sea_lion",2,2,0,0
"152","longnose_skate","steller_sea_lion",2,2,0,0
"153","other_skates","steller_sea_lion",1.64960990991215,1.68431716060666,0.0210396715526284,0.00904261652538198
"154","pacific_halibut_adult","steller_sea_lion",2.71963296114975,2.69913360977419,-0.00753754336279777,-0.00328591296150802
"155","pacific_halibut_juvenile","steller_sea_lion",2,2,0,0
"156","arrowtooth_flounder_adult","steller_sea_lion",3.35100143896289,3.25407942072792,-0.0289232994972876,-0.0127464659833099
"157","arrowtooth_flounder_juvenile","steller_sea_lion",9.63779636019163,9.34135151515413,-0.0307585711461954,-0.0135680308345054
"158","shallow_water_flatfish","steller_sea_lion",1.61107880233262,1.61084561509199,-0.000144739810547412,-6.28642506220821e-05
"159","pacific_ocean_perch_adult","steller_sea_lion",2,2,0,0
"160","pacific_ocean_perch_juvenile","steller_sea_lion",2,2,0,0
"161","slope_rockfish","steller_sea_lion",2,2,0,0
"162","demersal_shelf_rockfish","steller_sea_lion",2,2,0,0
"163","pelagic_shelf_rockfish","steller_sea_lion",2,2,0,0
"164","thornyheads","steller_sea_lion",2,2,0,0
"165","pacific_cod_adult","steller_sea_lion",1.80463912050554,1.79259262624943,-0.00667529264950151,-0.00290876201892274
"166","pacific_cod_juvenile","steller_sea_lion",1.87389832184934,1.86528633414928,-0.0045957603994029,-0.00200051385196783
"167","walleye_pollock_adult","steller_sea_lion",1.4649846129216,1.48017611105139,0.01036973221138,0.00448032752107638
"168","walleye_pollock_juvenile","steller_sea_lion",1.47195833361704,1.47172602682911,-0.0001578215786604,-6.85464499342305e-05
"169","large_sculpins","steller_sea_lion",2,2,0,0
"170","atka_mackerel","steller_sea_lion",2,2,0,0
"171","slope_demersal_fish","steller_sea_lion",2,2,0,0
"172","squid","steller_sea_lion",2.16370260406474,2.17109948574463,0.00341862216461419,0.00148215671593613
"173","octopus","steller_sea_lion",1.97034225267124,1.99724659365936,0.0136546536276374,0.00589001853777827
"174","salmon_returning","harbor_seal",3.2228956415194,3.24719530486191,0.00753969909216434,0.00326216722703502
"175","pacific_herring_adult","harbor_seal",1.39831987841021,1.4008126135393,0.00178266444436503,0.000773512079694457
"176","pacific_herring_juvenile","harbor_seal",1.66064644280173,1.66245629488044,0.0010898479243131,0.000473057206233786
"177","pacific_sandlance","harbor_seal",1.60473625243531,1.59668560529429,-0.005016803931988,-0.0021842538437839
"178","pacific_capelin","harbor_seal",3.92962779355821,3.7544592849742,-0.0445763613722313,-0.0198040178165347
"179","shelf_forage_fish","harbor_seal",1.62606259807669,1.63983691721433,0.00847096486563648,0.00366339885006381
"180","pacific_halibut_adult","harbor_seal",2.71963296114975,2.69913360977419,-0.00753754336279777,-0.00328591296150802
"181","pacific_halibut_juvenile","harbor_seal",2,2,0,0
"182","arrowtooth_flounder_adult","harbor_seal",3.35100143896289,3.25407942072792,-0.0289232994972876,-0.0127464659833099
"183","arrowtooth_flounder_juvenile","harbor_seal",9.63779636019163,9.34135151515413,-0.0307585711461954,-0.0135680308345054
"184","rex_sole_adult","harbor_seal",2,2,0,0
"185","rex_sole_juvenile","harbor_seal",2,2,0,0
"186","flathead_sole_adult","harbor_seal",2,2,0,0
"187","flathead_sole_juvenile","harbor_seal",2,2,0,0
"188","shallow_water_flatfish","harbor_seal",1.61107880233262,1.61084561509199,-0.000144739810547412,-6.28642506220821e-05
"189","pacific_ocean_perch_adult","harbor_seal",2,2,0,0
"190","pacific_ocean_perch_juvenile","harbor_seal",2,2,0,0
"191","slope_rockfish","harbor_seal",2,2,0,0
"192","demersal_shelf_rockfish","harbor_seal",2,2,0,0
"193","pelagic_shelf_rockfish","harbor_seal",2,2,0,0
"194","thornyheads","harbor_seal",2,2,0,0
"195","pacific_cod_adult","harbor_seal",1.80463912050554,1.79259262624943,-0.00667529264950151,-0.00290876201892274
"196","pacific_cod_juvenile","harbor_seal",1.87389832184934,1.86528633414928,-0.0045957603994029,-0.00200051385196783
"197","walleye_pollock_adult","harbor_seal",1.4649846129216,1.48017611105139,0.01036973221138,0.00448032752107638
"198","walleye_pollock_juvenile","harbor_seal",1.47195833361704,1.47172602682911,-0.0001578215786604,-6.85464499342305e-05
"199","large_sculpins","harbor_seal",2,2,0,0
"200","shelf_demersal_fish","harbor_seal",1.88922020061599,1.86958667249638,-0.0103923979392173,-0.00453697716191073
"201","slope_demersal_fish","harbor_seal",2,2,0,0
"202","squid","harbor_seal",2.16370260406474,2.17109948574463,0.00341862216461419,0.00148215671593613
"203","octopus","harbor_seal",1.97034225267124,1.99724659365936,0.0136546536276374,0.00589001853777827
"204","tanner_crab","harbor_seal",1.4762841948005,1.47666851456249,0.00026032911775653,0.00011304478553411
"205","king_crab","harbor_seal",2,2,0,0
"206","pandalid_shrimp","harbor_seal",1.52319768485256,1.54156638870411,0.0120593039460466,0.00520596173491725
"207","mysids","harbor_seal",1.7621123719706,1.74004708525129,-0.0125220656016556,-0.00547260008236879
"208","pacific_herring_adult","sea_otter",1.39831987841021,1.4008126135393,0.00178266444436503,0.000773512079694457
"209","pacific_herring_juvenile","sea_otter",1.66064644280173,1.66245629488044,0.0010898479243131,0.000473057206233786
"210","pacific_sandlance","sea_otter",1.60473625243531,1.59668560529429,-0.005016803931988,-0.0021842538437839
"211","pacific_capelin","sea_otter",3.92962779355821,3.7544592849742,-0.0445763613722313,-0.0198040178165347
"212","shelf_forage_fish","sea_otter",1.62606259807669,1.63983691721433,0.00847096486563648,0.00366339885006381
"213","pacific_halibut_adult","sea_otter",2.71963296114975,2.69913360977419,-0.00753754336279777,-0.00328591296150802
"214","pacific_halibut_juvenile","sea_otter",2,2,0,0
"215","pacific_ocean_perch_adult","sea_otter",2,2,0,0
"216","pacific_ocean_perch_juvenile","sea_otter",2,2,0,0
"217","slope_rockfish","sea_otter",2,2,0,0
"218","demersal_shelf_rockfish","sea_otter",2,2,0,0
"219","pelagic_shelf_rockfish","sea_otter",2,2,0,0
"220","thornyheads","sea_otter",2,2,0,0
"221","pacific_cod_adult","sea_otter",1.80463912050554,1.79259262624943,-0.00667529264950151,-0.00290876201892274
"222","pacific_cod_juvenile","sea_otter",1.87389832184934,1.86528633414928,-0.0045957603994029,-0.00200051385196783
"223","walleye_pollock_adult","sea_otter",1.4649846129216,1.48017611105139,0.01036973221138,0.00448032752107638
"224","walleye_pollock_juvenile","sea_otter",1.47195833361704,1.47172602682911,-0.0001578215786604,-6.85464499342305e-05
"225","squid","sea_otter",2.16370260406474,2.17109948574463,0.00341862216461419,0.00148215671593613
"226","motile_epifauna","sea_otter",1.45148080839979,2,0.37790316511655,0.139218697736159
"227","sessile_epifauna","sea_otter",2,2,0,0
"228","piscivorous_surface_birds","piscivorous_surface_birds",2,2,0,0
"229","planktivorous_surface_birds","piscivorous_surface_birds",2,2,0,0
"230","piscivorous_diving_birds","piscivorous_surface_birds",2,2,0,0
"231","planktivorous_diving_birds","piscivorous_surface_birds",2,2,0,0
"232","salmon_outgoing","piscivorous_surface_birds",2,2,0,0
"233","pacific_herring_adult","piscivorous_surface_birds",1.39831987841021,1.4008126135393,0.00178266444436503,0.000773512079694457
"234","pacific_herring_juvenile","piscivorous_surface_birds",1.66064644280173,1.66245629488044,0.0010898479243131,0.000473057206233786
"235","pacific_sandlance","piscivorous_surface_birds",1.60473625243531,1.59668560529429,-0.005016803931988,-0.0021842538437839
"236","pacific_capelin","piscivorous_surface_birds",3.92962779355821,3.7544592849742,-0.0445763613722313,-0.0198040178165347
"237","shelf_forage_fish","piscivorous_surface_birds",1.62606259807669,1.63983691721433,0.00847096486563648,0.00366339885006381
"238","slope_forage_fish","piscivorous_surface_birds",2,2,0,0
"239","pacific_halibut_juvenile","piscivorous_surface_birds",2,2,0,0
"240","arrowtooth_flounder_juvenile","piscivorous_surface_birds",9.63779636019163,9.34135151515413,-0.0307585711461954,-0.0135680308345054
"241","rex_sole_juvenile","piscivorous_surface_birds",2,2,0,0
"242","flathead_sole_juvenile","piscivorous_surface_birds",2,2,0,0
"243","shallow_water_flatfish","piscivorous_surface_birds",1.61107880233262,1.61084561509199,-0.000144739810547412,-6.28642506220821e-05
"244","pacific_ocean_perch_juvenile","piscivorous_surface_birds",2,2,0,0
"245","slope_rockfish","piscivorous_surface_birds",2,2,0,0
"246","demersal_shelf_rockfish","piscivorous_surface_birds",2,2,0,0
"247","pelagic_shelf_rockfish","piscivorous_surface_birds",2,2,0,0
"248","thornyheads","piscivorous_surface_birds",2,2,0,0
"249","sablefish_juvenile","piscivorous_surface_birds",2,2,0,0
"250","pacific_cod_juvenile","piscivorous_surface_birds",1.87389832184934,1.86528633414928,-0.0045957603994029,-0.00200051385196783
"251","walleye_pollock_juvenile","piscivorous_surface_birds",1.47195833361704,1.47172602682911,-0.0001578215786604,-6.85464499342305e-05
"252","large_sculpins","piscivorous_surface_birds",2,2,0,0
"253","lingcod","piscivorous_surface_birds",2,2,0,0
"254","atka_mackerel","piscivorous_surface_birds",2,2,0,0
"255","shelf_demersal_fish","piscivorous_surface_birds",1.88922020061599,1.86958667249638,-0.0103923979392173,-0.00453697716191073
"256","squid","piscivorous_surface_birds",2.16370260406474,2.17109948574463,0.00341862216461419,0.00148215671593613
"257","octopus","piscivorous_surface_birds",1.97034225267124,1.99724659365936,0.0136546536276374,0.00589001853777827
"258","pandalid_shrimp","piscivorous_surface_birds",1.52319768485256,1.54156638870411,0.0120593039460466,0.00520596173491725
"259","nonpandalid_shrimp","piscivorous_surface_birds",2.75379311132565,2.65336503826553,-0.0364689971251235,-0.0161343067886396
"260","motile_epifauna","piscivorous_surface_birds",1.45148080839979,2,0.37790316511655,0.139218697736159
"261","benthic_zooplankton","piscivorous_surface_birds",1.71952879460816,1.71028579389991,-0.00537531022291271,-0.00234076438706127
"262","sessile_epifauna","piscivorous_surface_birds",2,2,0,0
"263","gelatinous_carnivores","piscivorous_surface_birds",2,2,0,0
"264","other_gelatinous_zooplankton","piscivorous_surface_birds",2,2,0,0
"265","mysids","piscivorous_surface_birds",1.7621123719706,1.74004708525129,-0.0125220656016556,-0.00547260008236879
"266","pelagic_amphipods","piscivorous_surface_birds",2,2,0,0
"267","euphausiids","piscivorous_surface_birds",2.31956638311456,2.3146577048298,-0.00211620513234678,-0.000920030041414509
"268","large_copepods","piscivorous_surface_birds",2,2,0,0
"269","small_copepods","piscivorous_surface_birds",2,2,0,0
"270","discards","piscivorous_surface_birds",2,2,0,0
"271","offal","piscivorous_surface_birds",1.50714505029554,1.50909941075193,0.00129673016941001,0.0005627979373713
"272","detritus","piscivorous_surface_birds",2,2,0,0
"273","salmon_outgoing","planktivorous_surface_birds",2,2,0,0
"274","pacific_herring_juvenile","planktivorous_surface_birds",1.66064644280173,1.66245629488044,0.0010898479243131,0.000473057206233786
"275","pacific_sandlance","planktivorous_surface_birds",1.60473625243531,1.59668560529429,-0.005016803931988,-0.0021842538437839
"276","pacific_capelin","planktivorous_surface_birds",3.92962779355821,3.7544592849742,-0.0445763613722313,-0.0198040178165347
"277","shelf_forage_fish","planktivorous_surface_birds",1.62606259807669,1.63983691721433,0.00847096486563648,0.00366339885006381
"278","pacific_halibut_juvenile","planktivorous_surface_birds",2,2,0,0
"279","arrowtooth_flounder_juvenile","planktivorous_surface_birds",9.63779636019163,9.34135151515413,-0.0307585711461954,-0.0135680308345054
"280","rex_sole_juvenile","planktivorous_surface_birds",2,2,0,0
"281","flathead_sole_juvenile","planktivorous_surface_birds",2,2,0,0
"282","shallow_water_flatfish","planktivorous_surface_birds",1.61107880233262,1.61084561509199,-0.000144739810547412,-6.28642506220821e-05
"283","pacific_ocean_perch_juvenile","planktivorous_surface_birds",2,2,0,0
"284","slope_rockfish","planktivorous_surface_birds",2,2,0,0
"285","demersal_shelf_rockfish","planktivorous_surface_birds",2,2,0,0
"286","pelagic_shelf_rockfish","planktivorous_surface_birds",2,2,0,0
"287","thornyheads","planktivorous_surface_birds",2,2,0,0
"288","sablefish_juvenile","planktivorous_surface_birds",2,2,0,0
"289","pacific_cod_juvenile","planktivorous_surface_birds",1.87389832184934,1.86528633414928,-0.0045957603994029,-0.00200051385196783
"290","walleye_pollock_juvenile","planktivorous_surface_birds",1.47195833361704,1.47172602682911,-0.0001578215786604,-6.85464499342305e-05
"291","large_sculpins","planktivorous_surface_birds",2,2,0,0
"292","lingcod","planktivorous_surface_birds",2,2,0,0
"293","atka_mackerel","planktivorous_surface_birds",2,2,0,0
"294","shelf_demersal_fish","planktivorous_surface_birds",1.88922020061599,1.86958667249638,-0.0103923979392173,-0.00453697716191073
"295","squid","planktivorous_surface_birds",2.16370260406474,2.17109948574463,0.00341862216461419,0.00148215671593613
"296","octopus","planktivorous_surface_birds",1.97034225267124,1.99724659365936,0.0136546536276374,0.00589001853777827
"297","pandalid_shrimp","planktivorous_surface_birds",1.52319768485256,1.54156638870411,0.0120593039460466,0.00520596173491725
"298","nonpandalid_shrimp","planktivorous_surface_birds",2.75379311132565,2.65336503826553,-0.0364689971251235,-0.0161343067886396
"299","motile_epifauna","planktivorous_surface_birds",1.45148080839979,2,0.37790316511655,0.139218697736159
"300","benthic_zooplankton","planktivorous_surface_birds",1.71952879460816,1.71028579389991,-0.00537531022291271,-0.00234076438706127
"301","sessile_epifauna","planktivorous_surface_birds",2,2,0,0
"302","mysids","planktivorous_surface_birds",1.7621123719706,1.74004708525129,-0.0125220656016556,-0.00547260008236879
"303","pelagic_amphipods","planktivorous_surface_birds",2,2,0,0
"304","euphausiids","planktivorous_surface_birds",2.31956638311456,2.3146577048298,-0.00211620513234678,-0.000920030041414509
"305","large_copepods","planktivorous_surface_birds",2,2,0,0
"306","small_copepods","planktivorous_surface_birds",2,2,0,0
"307","discards","planktivorous_surface_birds",2,2,0,0
"308","offal","planktivorous_surface_birds",1.50714505029554,1.50909941075193,0.00129673016941001,0.0005627979373713
"309","detritus","planktivorous_surface_birds",2,2,0,0
"310","salmon_outgoing","piscivorous_diving_birds",2,2,0,0
"311","pacific_herring_adult","piscivorous_diving_birds",1.39831987841021,1.4008126135393,0.00178266444436503,0.000773512079694457
"312","pacific_herring_juvenile","piscivorous_diving_birds",1.66064644280173,1.66245629488044,0.0010898479243131,0.000473057206233786
"313","pacific_sandlance","piscivorous_diving_birds",1.60473625243531,1.59668560529429,-0.005016803931988,-0.0021842538437839
"314","pacific_capelin","piscivorous_diving_birds",3.92962779355821,3.7544592849742,-0.0445763613722313,-0.0198040178165347
"315","shelf_forage_fish","piscivorous_diving_birds",1.62606259807669,1.63983691721433,0.00847096486563648,0.00366339885006381
"316","slope_forage_fish","piscivorous_diving_birds",2,2,0,0
"317","pacific_halibut_juvenile","piscivorous_diving_birds",2,2,0,0
"318","arrowtooth_flounder_juvenile","piscivorous_diving_birds",9.63779636019163,9.34135151515413,-0.0307585711461954,-0.0135680308345054
"319","rex_sole_juvenile","piscivorous_diving_birds",2,2,0,0
"320","flathead_sole_juvenile","piscivorous_diving_birds",2,2,0,0
"321","shallow_water_flatfish","piscivorous_diving_birds",1.61107880233262,1.61084561509199,-0.000144739810547412,-6.28642506220821e-05
"322","pacific_ocean_perch_juvenile","piscivorous_diving_birds",2,2,0,0
"323","slope_rockfish","piscivorous_diving_birds",2,2,0,0
"324","demersal_shelf_rockfish","piscivorous_diving_birds",2,2,0,0
"325","pelagic_shelf_rockfish","piscivorous_diving_birds",2,2,0,0
"326","thornyheads","piscivorous_diving_birds",2,2,0,0
"327","sablefish_juvenile","piscivorous_diving_birds",2,2,0,0
"328","pacific_cod_juvenile","piscivorous_diving_birds",1.87389832184934,1.86528633414928,-0.0045957603994029,-0.00200051385196783
"329","walleye_pollock_juvenile","piscivorous_diving_birds",1.47195833361704,1.47172602682911,-0.0001578215786604,-6.85464499342305e-05
"330","large_sculpins","piscivorous_diving_birds",2,2,0,0
"331","lingcod","piscivorous_diving_birds",2,2,0,0
"332","atka_mackerel","piscivorous_diving_birds",2,2,0,0
"333","shelf_demersal_fish","piscivorous_diving_birds",1.88922020061599,1.86958667249638,-0.0103923979392173,-0.00453697716191073
"334","squid","piscivorous_diving_birds",2.16370260406474,2.17109948574463,0.00341862216461419,0.00148215671593613
"335","octopus","piscivorous_diving_birds",1.97034225267124,1.99724659365936,0.0136546536276374,0.00589001853777827
"336","pandalid_shrimp","piscivorous_diving_birds",1.52319768485256,1.54156638870411,0.0120593039460466,0.00520596173491725
"337","nonpandalid_shrimp","piscivorous_diving_birds",2.75379311132565,2.65336503826553,-0.0364689971251235,-0.0161343067886396
"338","motile_epifauna","piscivorous_diving_birds",1.45148080839979,2,0.37790316511655,0.139218697736159
"339","benthic_zooplankton","piscivorous_diving_birds",1.71952879460816,1.71028579389991,-0.00537531022291271,-0.00234076438706127
"340","sessile_epifauna","piscivorous_diving_birds",2,2,0,0
"341","mysids","piscivorous_diving_birds",1.7621123719706,1.74004708525129,-0.0125220656016556,-0.00547260008236879
"342","pelagic_amphipods","piscivorous_diving_birds",2,2,0,0
"343","euphausiids","piscivorous_diving_birds",2.31956638311456,2.3146577048298,-0.00211620513234678,-0.000920030041414509
"344","large_copepods","piscivorous_diving_birds",2,2,0,0
"345","small_copepods","piscivorous_diving_birds",2,2,0,0
"346","discards","piscivorous_diving_birds",2,2,0,0
"347","offal","piscivorous_diving_birds",1.50714505029554,1.50909941075193,0.00129673016941001,0.0005627979373713
"348","detritus","piscivorous_diving_birds",2,2,0,0
"349","salmon_outgoing","planktivorous_diving_birds",2,2,0,0
"350","pacific_herring_juvenile","planktivorous_diving_birds",1.66064644280173,1.66245629488044,0.0010898479243131,0.000473057206233786
"351","pacific_sandlance","planktivorous_diving_birds",1.60473625243531,1.59668560529429,-0.005016803931988,-0.0021842538437839
"352","pacific_capelin","planktivorous_diving_birds",3.92962779355821,3.7544592849742,-0.0445763613722313,-0.0198040178165347
"353","shelf_forage_fish","planktivorous_diving_birds",1.62606259807669,1.63983691721433,0.00847096486563648,0.00366339885006381
"354","pacific_halibut_juvenile","planktivorous_diving_birds",2,2,0,0
"355","arrowtooth_flounder_juvenile","planktivorous_diving_birds",9.63779636019163,9.34135151515413,-0.0307585711461954,-0.0135680308345054
"356","rex_sole_juvenile","planktivorous_diving_birds",2,2,0,0
"357","flathead_sole_juvenile","planktivorous_diving_birds",2,2,0,0
"358","shallow_water_flatfish","planktivorous_diving_birds",1.61107880233262,1.61084561509199,-0.000144739810547412,-6.28642506220821e-05
"359","pacific_ocean_perch_juvenile","planktivorous_diving_birds",2,2,0,0
"360","slope_rockfish","planktivorous_diving_birds",2,2,0,0
"361","demersal_shelf_rockfish","planktivorous_diving_birds",2,2,0,0
"362","pelagic_shelf_rockfish","planktivorous_diving_birds",2,2,0,0
"363","thornyheads","planktivorous_diving_birds",2,2,0,0
"364","sablefish_juvenile","planktivorous_diving_birds",2,2,0,0
"365","pacific_cod_juvenile","planktivorous_diving_birds",1.87389832184934,1.86528633414928,-0.0045957603994029,-0.00200051385196783
"366","walleye_pollock_juvenile","planktivorous_diving_birds",1.47195833361704,1.47172602682911,-0.0001578215786604,-6.85464499342305e-05
"367","large_sculpins","planktivorous_diving_birds",2,2,0,0
"368","lingcod","planktivorous_diving_birds",2,2,0,0
"369","atka_mackerel","planktivorous_diving_birds",2,2,0,0
"370","shelf_demersal_fish","planktivorous_diving_birds",1.88922020061599,1.86958667249638,-0.0103923979392173,-0.00453697716191073
"371","squid","planktivorous_diving_birds",2.16370260406474,2.17109948574463,0.00341862216461419,0.00148215671593613
"372","octopus","planktivorous_diving_birds",1.97034225267124,1.99724659365936,0.0136546536276374,0.00589001853777827
"373","pandalid_shrimp","planktivorous_diving_birds",1.52319768485256,1.54156638870411,0.0120593039460466,0.00520596173491725
"374","nonpandalid_shrimp","planktivorous_diving_birds",2.75379311132565,2.65336503826553,-0.0364689971251235,-0.0161343067886396
"375","motile_epifauna","planktivorous_diving_birds",1.45148080839979,2,0.37790316511655,0.139218697736159
"376","benthic_zooplankton","planktivorous_diving_birds",1.71952879460816,1.71028579389991,-0.00537531022291271,-0.00234076438706127
"377","sessile_epifauna","planktivorous_diving_birds",2,2,0,0
"378","mysids","planktivorous_diving_birds",1.7621123719706,1.74004708525129,-0.0125220656016556,-0.00547260008236879
"379","pelagic_amphipods","planktivorous_diving_birds",2,2,0,0
"380","euphausiids","planktivorous_diving_birds",2.31956638311456,2.3146577048298,-0.00211620513234678,-0.000920030041414509
"381","large_copepods","planktivorous_diving_birds",2,2,0,0
"382","small_copepods","planktivorous_diving_birds",2,2,0,0
"383","discards","planktivorous_diving_birds",2,2,0,0
"384","offal","planktivorous_diving_birds",1.50714505029554,1.50909941075193,0.00129673016941001,0.0005627979373713
"385","detritus","planktivorous_diving_birds",2,2,0,0
"386","squid","salmon_returning",12.1984744223714,8.18978775370421,-0.328621967786026,-0.173032873162974
"387","euphausiids","salmon_returning",13.6983735692556,9.07114167630953,-0.337794254883757,-0.179007055747256
"388","large_copepods","salmon_returning",10.6231411558725,7.13934839970717,-0.327943750821711,-0.172594376223842
"389","large_microzooplankton","salmon_returning",10.6231411558725,17.4165664706881,0.639493085438311,0.214709589372375
"390","pelagic_amphipods","salmon_outgoing",2,2,0,0
"391","euphausiids","salmon_outgoing",2.31956638311456,2.3146577048298,-0.00211620513234678,-0.000920030041414509
"392","large_copepods","salmon_outgoing",2,2,0,0
"393","shelf_forage_fish","pacific_hake",1.62606259807669,1.63983691721433,0.00847096486563648,0.00366339885006381
"394","slope_forage_fish","pacific_hake",2,2,0,0
"395","walleye_pollock_adult","pacific_hake",1.4649846129216,1.48017611105139,0.01036973221138,0.00448032752107638
"396","walleye_pollock_juvenile","pacific_hake",1.47195833361704,1.47172602682911,-0.0001578215786604,-6.85464499342305e-05
"397","squid","pacific_hake",2.16370260406474,2.17109948574463,0.00341862216461419,0.00148215671593613
"398","pandalid_shrimp","pacific_hake",1.52319768485256,1.54156638870411,0.0120593039460466,0.00520596173491725
"399","motile_epifauna","pacific_hake",1.45148080839979,2,0.37790316511655,0.139218697736159
"400","mysids","pacific_hake",1.7621123719706,1.74004708525129,-0.0125220656016556,-0.00547260008236879
"401","pelagic_amphipods","pacific_hake",2,2,0,0
"402","euphausiids","pacific_hake",2.31956638311456,2.3146577048298,-0.00211620513234678,-0.000920030041414509
"403","detritus","pacific_hake",2,2,0,0
"404","benthic_zooplankton","pacific_herring_adult",7.8492376100558,7.75043018932316,-0.0125881551357366,-0.00550166734503333
"405","infauna","pacific_herring_adult",3.04830978289771,3.0846375730703,0.011917355111478,0.00514504443590497
"406","pelagic_amphipods","pacific_herring_adult",10.5190597810415,10.5038226123869,-0.00144852952371632,-0.000629544446039862
"407","euphausiids","pacific_herring_adult",13.5610312859202,13.4942736227101,-0.00492275711209567,-0.00214320582921041
"408","large_copepods","pacific_herring_adult",10.5190597810415,10.5038226123869,-0.00144852952371632,-0.000629544446039862
"409","euphausiids","pacific_herring_juvenile",3.84309727857071,3.85675401348885,0.00355357513177967,0.00154056243687608
"410","large_copepods","pacific_herring_juvenile",3.15456934562107,3.17300214572484,0.00584320649960013,0.00253028702296458
"411","euphausiids","pacific_sandlance",2.42903910923194,2.5885362014751,0.0656626283360211,0.0276197357953425
"412","large_copepods","pacific_sandlance",2.08296113595967,2.20832684860791,0.060186294637937,0.0253821856651775
"413","euphausiids","pacific_capelin",32.6248663833964,32.6734536276309,0.00148927029044699,0.000646300730330459
"414","large_copepods","pacific_capelin",24.9661049175505,25.0925478253912,0.00506458289181388,0.00219396931110916
"415","shelf_forage_fish","shelf_forage_fish",1.17852980106119,1.1871367119032,0.00730309138917051,0.00316016679231741
"416","flathead_sole_juvenile","shelf_forage_fish",1.28516286008723,1.29247564007082,0.0056901581976132,0.0024642000921561
"417","shallow_water_flatfish","shelf_forage_fish",1.17425697901185,1.17865746225848,0.0037474618633655,0.0016244601047913
"418","pacific_cod_juvenile","shelf_forage_fish",1.24920334488399,1.25307517442484,0.00309943897982223,0.00134398751654042
"419","walleye_pollock_juvenile","shelf_forage_fish",1.13458498825624,1.13796837163491,0.00298204490072718,0.0012931584737254
"420","large_sculpins","shelf_forage_fish",1.28516286008723,1.29247564007082,0.0056901581976132,0.0024642000921561
"421","shelf_demersal_fish","shelf_forage_fish",1.253572575655,1.25433291863544,0.000606540853881565,0.000263337491487039
"422","tanner_crab","shelf_forage_fish",1.13581856320365,1.13941392889827,0.00316544016015907,0.00137256195726135
"423","pandalid_shrimp","shelf_forage_fish",1.14919654820357,1.15839497617708,0.00800422520228183,0.00346235252437763
"424","nonpandalid_shrimp","shelf_forage_fish",1.5001166596269,1.48356899783743,-0.011030916617903,-0.00481728487038855
"425","motile_epifauna","shelf_forage_fish",1.12874555859778,1.29247564007082,0.1450549065074,0.0588263120221648
"426","benthic_zooplankton","shelf_forage_fish",1.20518288898558,1.20774129220409,0.00212283400460711,0.000920957919289165
"427","sessile_epifauna","shelf_forage_fish",1.28516286008723,1.29247564007082,0.0056901581976132,0.0024642000921561
"428","infauna","shelf_forage_fish",1.06136129927444,1.06415373406746,0.00263099360692132,0.0011411255158271
"429","gelatinous_carnivores","shelf_forage_fish",1.28516286008723,1.29247564007082,0.0056901581976132,0.0024642000921561
"430","other_gelatinous_zooplankton","shelf_forage_fish",1.28516286008723,1.29247564007082,0.0056901581976132,0.0024642000921561
"431","mysids","shelf_forage_fish",1.217326143699,1.21644574494142,-0.000723223404127338,-0.000314205567706369
"432","pelagic_amphipods","shelf_forage_fish",1.28516286008723,1.29247564007082,0.0056901581976132,0.0024642000921561
"433","euphausiids","shelf_forage_fish",1.37629132388391,1.38450535369413,0.00596823482621689,0.00258426734267623
"434","large_copepods","shelf_forage_fish",1.28516286008723,1.29247564007082,0.0056901581976132,0.0024642000921561
"435","small_microzooplankton","shelf_forage_fish",1.28516286008723,1.29247564007082,0.0056901581976132,0.0024642000921561
"436","euphausiids","slope_forage_fish",2.31956638311456,2.3146577048298,-0.00211620513234678,-0.000920030041414509
"437","large_copepods","slope_forage_fish",2,2,0,0
"438","small_copepods","slope_forage_fish",2,2,0,0
"439","pacific_herring_adult","pacific_dogfish",1.39831987841021,1.4008126135393,0.00178266444436503,0.000773512079694457
"440","pacific_herring_juvenile","pacific_dogfish",1.66064644280173,1.66245629488044,0.0010898479243131,0.000473057206233786
"441","pacific_capelin","pacific_dogfish",3.92962779355821,3.7544592849742,-0.0445763613722313,-0.0198040178165347
"442","shelf_forage_fish","pacific_dogfish",1.62606259807669,1.63983691721433,0.00847096486563648,0.00366339885006381
"443","flathead_sole_adult","pacific_dogfish",2,2,0,0
"444","shallow_water_flatfish","pacific_dogfish",1.61107880233262,1.61084561509199,-0.000144739810547412,-6.28642506220821e-05
"445","walleye_pollock_adult","pacific_dogfish",1.4649846129216,1.48017611105139,0.01036973221138,0.00448032752107638
"446","shelf_demersal_fish","pacific_dogfish",1.88922020061599,1.86958667249638,-0.0103923979392173,-0.00453697716191073
"447","squid","pacific_dogfish",2.16370260406474,2.17109948574463,0.00341862216461419,0.00148215671593613
"448","octopus","pacific_dogfish",1.97034225267124,1.99724659365936,0.0136546536276374,0.00589001853777827
"449","tanner_crab","pacific_dogfish",1.4762841948005,1.47666851456249,0.00026032911775653,0.00011304478553411
"450","pandalid_shrimp","pacific_dogfish",1.52319768485256,1.54156638870411,0.0120593039460466,0.00520596173491725
"451","nonpandalid_shrimp","pacific_dogfish",2.75379311132565,2.65336503826553,-0.0364689971251235,-0.0161343067886396
"452","motile_epifauna","pacific_dogfish",1.45148080839979,2,0.37790316511655,0.139218697736159
"453","benthic_zooplankton","pacific_dogfish",1.71952879460816,1.71028579389991,-0.00537531022291271,-0.00234076438706127
"454","infauna","pacific_dogfish",1.21517984233876,1.21934727299658,0.00342947645494296,0.00148685458858334
"455","gelatinous_carnivores","pacific_dogfish",2,2,0,0
"456","other_gelatinous_zooplankton","pacific_dogfish",2,2,0,0
"457","mysids","pacific_dogfish",1.7621123719706,1.74004708525129,-0.0125220656016556,-0.00547260008236879
"458","euphausiids","pacific_dogfish",2.31956638311456,2.3146577048298,-0.00211620513234678,-0.000920030041414509
"459","offal","pacific_dogfish",1.50714505029554,1.50909941075193,0.00129673016941001,0.0005627979373713
"460","detritus","pacific_dogfish",2,2,0,0
"461","salmon_returning","salmon_shark",16.3155640099838,15.4359958642264,-0.0539097603502499,-0.0240674378975257
"462","pacific_herring_adult","salmon_shark",3.74439046093531,3.57482258834583,-0.0452858414095875,-0.0201266367185453
"463","shelf_forage_fish","salmon_shark",5.3135186447828,5.11031612192382,-0.0382425538411354,-0.0169344425951654
"464","pacific_dogfish","salmon_shark",7.88991589344935,7.42400588546688,-0.0590513275774327,-0.0264340661493832
"465","pacific_halibut_adult","salmon_shark",12.848126469925,11.915244309384,-0.0726084198131725,-0.0327368513936314
"466","pacific_halibut_juvenile","salmon_shark",7.88991589344935,7.42400588546688,-0.0590513275774327,-0.0264340661493832
"467","pacific_ocean_perch_adult","salmon_shark",7.88991589344935,7.42400588546688,-0.0590513275774327,-0.0264340661493832
"468","slope_rockfish","salmon_shark",7.88991589344935,7.42400588546688,-0.0590513275774327,-0.0264340661493832
"469","demersal_shelf_rockfish","salmon_shark",7.88991589344935,7.42400588546688,-0.0590513275774327,-0.0264340661493832
"470","pelagic_shelf_rockfish","salmon_shark",7.88991589344935,7.42400588546688,-0.0590513275774327,-0.0264340661493832
"471","thornyheads","salmon_shark",7.88991589344935,7.42400588546688,-0.0590513275774327,-0.0264340661493832
"472","sablefish_adult","salmon_shark",24.6488134586215,23.2844753939408,-0.055351064543977,-0.0247295605081608
"473","large_sculpins","salmon_shark",7.88991589344935,7.42400588546688,-0.0590513275774327,-0.0264340661493832
"474","squid","salmon_shark",9.01781306699407,8.52314998889075,-0.0548539955783541,-0.024501097293112
"475","harbor_seal","pacific_sleeper_shark",2,2,0,0
"476","salmon_returning","pacific_sleeper_shark",3.2228956415194,3.24719530486191,0.00753969909216434,0.00326216722703502
"477","pacific_hake","pacific_sleeper_shark",2,2,0,0
"478","pacific_dogfish","pacific_sleeper_shark",2,2,0,0
"479","pacific_halibut_adult","pacific_sleeper_shark",2.71963296114975,2.69913360977419,-0.00753754336279777,-0.00328591296150802
"480","pacific_halibut_juvenile","pacific_sleeper_shark",2,2,0,0
"481","arrowtooth_flounder_adult","pacific_sleeper_shark",3.35100143896289,3.25407942072792,-0.0289232994972876,-0.0127464659833099
"482","arrowtooth_flounder_juvenile","pacific_sleeper_shark",9.63779636019163,9.34135151515413,-0.0307585711461954,-0.0135680308345054
"483","rex_sole_adult","pacific_sleeper_shark",2,2,0,0
"484","rex_sole_juvenile","pacific_sleeper_shark",2,2,0,0
"485","flathead_sole_adult","pacific_sleeper_shark",2,2,0,0
"486","flathead_sole_juvenile","pacific_sleeper_shark",2,2,0,0
"487","shallow_water_flatfish","pacific_sleeper_shark",1.61107880233262,1.61084561509199,-0.000144739810547412,-6.28642506220821e-05
"488","deep_water_flatfish","pacific_sleeper_shark",2.01173476963637,2.01092851320715,-0.000400776703462169,-0.000174089998727584
"489","pacific_ocean_perch_adult","pacific_sleeper_shark",2,2,0,0
"490","pacific_ocean_perch_juvenile","pacific_sleeper_shark",2,2,0,0
"491","slope_rockfish","pacific_sleeper_shark",2,2,0,0
"492","demersal_shelf_rockfish","pacific_sleeper_shark",2,2,0,0
"493","pelagic_shelf_rockfish","pacific_sleeper_shark",2,2,0,0
"494","thornyheads","pacific_sleeper_shark",2,2,0,0
"495","sablefish_adult","pacific_sleeper_shark",4.43238057246908,4.46893757434988,0.0082477127771643,0.00356724547818526
"496","sablefish_juvenile","pacific_sleeper_shark",2,2,0,0
"497","pacific_cod_adult","pacific_sleeper_shark",1.80463912050554,1.79259262624943,-0.00667529264950151,-0.00290876201892274
"498","pacific_cod_juvenile","pacific_sleeper_shark",1.87389832184934,1.86528633414928,-0.0045957603994029,-0.00200051385196783
"499","walleye_pollock_adult","pacific_sleeper_shark",1.4649846129216,1.48017611105139,0.01036973221138,0.00448032752107638
"500","walleye_pollock_juvenile","pacific_sleeper_shark",1.47195833361704,1.47172602682911,-0.0001578215786604,-6.85464499342305e-05
"501","large_sculpins","pacific_sleeper_shark",2,2,0,0
"502","lingcod","pacific_sleeper_shark",2,2,0,0
"503","shelf_demersal_fish","pacific_sleeper_shark",1.88922020061599,1.86958667249638,-0.0103923979392173,-0.00453697716191073
"504","slope_demersal_fish","pacific_sleeper_shark",2,2,0,0
"505","miscellaneous_deep_sea_fish","pacific_sleeper_shark",2,2,0,0
"506","squid","pacific_sleeper_shark",2.16370260406474,2.17109948574463,0.00341862216461419,0.00148215671593613
"507","octopus","pacific_sleeper_shark",1.97034225267124,1.99724659365936,0.0136546536276374,0.00589001853777827
"508","detritus","pacific_sleeper_shark",2,2,0,0
"509","pacific_herring_adult","big_skate",1.39831987841021,1.4008126135393,0.00178266444436503,0.000773512079694457
"510","pacific_herring_juvenile","big_skate",1.66064644280173,1.66245629488044,0.0010898479243131,0.000473057206233786
"511","pacific_sandlance","big_skate",1.60473625243531,1.59668560529429,-0.005016803931988,-0.0021842538437839
"512","shelf_forage_fish","big_skate",1.62606259807669,1.63983691721433,0.00847096486563648,0.00366339885006381
"513","arrowtooth_flounder_adult","big_skate",3.35100143896289,3.25407942072792,-0.0289232994972876,-0.0127464659833099
"514","shallow_water_flatfish","big_skate",1.61107880233262,1.61084561509199,-0.000144739810547412,-6.28642506220821e-05
"515","slope_rockfish","big_skate",2,2,0,0
"516","pacific_cod_adult","big_skate",1.80463912050554,1.79259262624943,-0.00667529264950151,-0.00290876201892274
"517","walleye_pollock_adult","big_skate",1.4649846129216,1.48017611105139,0.01036973221138,0.00448032752107638
"518","large_sculpins","big_skate",2,2,0,0
"519","shelf_demersal_fish","big_skate",1.88922020061599,1.86958667249638,-0.0103923979392173,-0.00453697716191073
"520","slope_demersal_fish","big_skate",2,2,0,0
"521","tanner_crab","big_skate",1.4762841948005,1.47666851456249,0.00026032911775653,0.00011304478553411
"522","pandalid_shrimp","big_skate",1.52319768485256,1.54156638870411,0.0120593039460466,0.00520596173491725
"523","nonpandalid_shrimp","big_skate",2.75379311132565,2.65336503826553,-0.0364689971251235,-0.0161343067886396
"524","motile_epifauna","big_skate",1.45148080839979,2,0.37790316511655,0.139218697736159
"525","benthic_zooplankton","big_skate",1.71952879460816,1.71028579389991,-0.00537531022291271,-0.00234076438706127
"526","infauna","big_skate",1.21517984233876,1.21934727299658,0.00342947645494296,0.00148685458858334
"527","euphausiids","big_skate",2.31956638311456,2.3146577048298,-0.00211620513234678,-0.000920030041414509
"528","macroalgae","big_skate",2,2,0,0
"529","pacific_herring_adult","longnose_skate",1.39831987841021,1.4008126135393,0.00178266444436503,0.000773512079694457
"530","pacific_herring_juvenile","longnose_skate",1.66064644280173,1.66245629488044,0.0010898479243131,0.000473057206233786
"531","pacific_sandlance","longnose_skate",1.60473625243531,1.59668560529429,-0.005016803931988,-0.0021842538437839
"532","pacific_capelin","longnose_skate",3.92962779355821,3.7544592849742,-0.0445763613722313,-0.0198040178165347
"533","shelf_forage_fish","longnose_skate",1.62606259807669,1.63983691721433,0.00847096486563648,0.00366339885006381
"534","other_skates","longnose_skate",1.64960990991215,1.68431716060666,0.0210396715526284,0.00904261652538198
"535","arrowtooth_flounder_adult","longnose_skate",3.35100143896289,3.25407942072792,-0.0289232994972876,-0.0127464659833099
"536","flathead_sole_adult","longnose_skate",2,2,0,0
"537","shallow_water_flatfish","longnose_skate",1.61107880233262,1.61084561509199,-0.000144739810547412,-6.28642506220821e-05
"538","thornyheads","longnose_skate",2,2,0,0
"539","walleye_pollock_adult","longnose_skate",1.4649846129216,1.48017611105139,0.01036973221138,0.00448032752107638
"540","shelf_demersal_fish","longnose_skate",1.88922020061599,1.86958667249638,-0.0103923979392173,-0.00453697716191073
"541","slope_demersal_fish","longnose_skate",2,2,0,0
"542","squid","longnose_skate",2.16370260406474,2.17109948574463,0.00341862216461419,0.00148215671593613
"543","tanner_crab","longnose_skate",1.4762841948005,1.47666851456249,0.00026032911775653,0.00011304478553411
"544","pandalid_shrimp","longnose_skate",1.52319768485256,1.54156638870411,0.0120593039460466,0.00520596173491725
"545","nonpandalid_shrimp","longnose_skate",2.75379311132565,2.65336503826553,-0.0364689971251235,-0.0161343067886396
"546","infauna","longnose_skate",1.21517984233876,1.21934727299658,0.00342947645494296,0.00148685458858334
"547","mysids","longnose_skate",1.7621123719706,1.74004708525129,-0.0125220656016556,-0.00547260008236879
"548","euphausiids","longnose_skate",2.31956638311456,2.3146577048298,-0.00211620513234678,-0.000920030041414509
"549","offal","longnose_skate",1.50714505029554,1.50909941075193,0.00129673016941001,0.0005627979373713
"550","pacific_herring_adult","other_skates",1.0614910385149,1.06028687134826,-0.00113441105288936,-0.000492948116269815
"551","pacific_herring_juvenile","other_skates",1.10198797012389,1.09964111925182,-0.00212965198867143,-0.000925882360971672
"552","pacific_sandlance","other_skates",1.09335677731745,1.08974844380293,-0.00330023427793646,-0.0014356438215576
"553","shelf_forage_fish","other_skates",1.0966490537322,1.0962389021926,-0.000374004371043846,-0.000162458416525053
"554","arrowtooth_flounder_adult","other_skates",1.36293825105803,1.33903971944952,-0.0175345666540334,-0.00768272071965155
"555","flathead_sole_adult","other_skates",1.15437602250815,1.15041161208953,-0.00343424529037528,-0.00149404070115799
"556","shallow_water_flatfish","other_skates",1.09433591494315,1.09187827370381,-0.00224578322413438,-0.000976428095560256
"557","walleye_pollock_adult","other_skates",1.07178247507033,1.07222406295012,0.000412012595898181,0.000178897945299997
"558","shelf_demersal_fish","other_skates",1.137274277705,1.13079593326175,-0.00569637823544089,-0.00248097865879614
"559","slope_demersal_fish","other_skates",1.15437602250815,1.15041161208953,-0.00343424529037528,-0.00149404070115799
"560","miscellaneous_deep_sea_fish","other_skates",1.15437602250815,1.15041161208953,-0.00343424529037528,-0.00149404070115799
"561","squid","other_skates",1.17964777939789,1.17614696156807,-0.00296768060005981,-0.00129076354435722
"562","octopus","other_skates",1.14979757743898,1.1499974678031,0.00017384830863687,7.54947989977728e-05
"563","tanner_crab","other_skates",1.0735268595768,1.07169647970767,-0.00170501543841595,-0.000741110778815733
"564","pandalid_shrimp","other_skates",1.08076917757301,1.08145787357849,0.000637227652092953,0.000276656315851427
"565","nonpandalid_shrimp","other_skates",1.27074360482865,1.24868530077799,-0.017358579627585,-0.00760493340286233
"566","motile_epifauna","other_skates",1.06969781143952,1.15041161208953,0.075454768427905,0.031592149511716
"567","benthic_zooplankton","other_skates",1.11107799339169,1.10683523130478,-0.00381859969520526,-0.00166157123684363
"568","infauna","other_skates",1.03321860818419,1.03299237693886,-0.000218957772864847,-9.51025646278973e-05
"569","other_gelatinous_zooplankton","other_skates",1.15437602250815,1.15041161208953,-0.00343424529037528,-0.00149404070115799
"570","mysids","other_skates",1.11765187668907,1.11131167511481,-0.00567278748106304,-0.00247067475092737
"571","euphausiids","other_skates",1.20370940966069,1.19773978472937,-0.00495935720316765,-0.00215917997597413
"572","offal","other_skates",1.07829103569932,1.07657446308503,-0.0015919381293753,-0.000691920838944534
"573","detritus","other_skates",1.15437602250815,1.15041161208953,-0.00343424529037528,-0.00149404070115799
"574","salmon_outgoing","pacific_halibut_adult",11.1551041030295,10.0193437040709,-0.101815311490466,-0.0466343526940322
"575","pacific_hake","pacific_halibut_adult",11.1551041030295,10.0193437040709,-0.101815311490466,-0.0466343526940322
"576","pacific_herring_adult","pacific_halibut_adult",5.04497983156171,4.6150667224379,-0.0852160213672701,-0.0386814501565967
"577","pacific_herring_juvenile","pacific_halibut_adult",7.70893340194768,6.97492101245203,-0.0952158166667003,-0.0434549999825895
"578","pacific_sandlance","pacific_halibut_adult",7.14115959835645,6.38171255742077,-0.106347859962472,-0.0488315002886122
"579","pacific_capelin","pacific_halibut_adult",30.7506752267121,25.8434150100517,-0.159582193902448,-0.0755047546858982
"580","shelf_forage_fish","pacific_halibut_adult",7.35773085848191,6.77090907090919,-0.079755810433897,-0.0360969160137004
"581","slope_forage_fish","pacific_halibut_adult",11.1551041030295,10.0193437040709,-0.101815311490466,-0.0466343526940322
"582","other_skates","pacific_halibut_adult",7.59685626151747,7.1720916741054,-0.0559132057774677,-0.0249880771858811
"583","pacific_halibut_adult","pacific_halibut_adult",18.4630517394765,16.3250700256922,-0.115797850970274,-0.0534484338877142
"584","arrowtooth_flounder_adult","pacific_halibut_adult",24.8746643590402,21.3303170318182,-0.142488247321167,-0.0667599189952943
"585","rex_sole_adult","pacific_halibut_adult",11.1551041030295,10.0193437040709,-0.101815311490466,-0.0466343526940322
"586","flathead_sole_adult","pacific_halibut_adult",11.1551041030295,10.0193437040709,-0.101815311490466,-0.0466343526940322
"587","shallow_water_flatfish","pacific_halibut_adult",7.20556885284229,6.50942655263929,-0.0966117060873555,-0.0441255413173316
"588","deep_water_flatfish","pacific_halibut_adult",11.2742719103118,10.1179117208607,-0.102566285313154,-0.0469976189711899
"589","pacific_ocean_perch_adult","pacific_halibut_adult",11.1551041030295,10.0193437040709,-0.101815311490466,-0.0466343526940322
"590","slope_rockfish","pacific_halibut_adult",11.1551041030295,10.0193437040709,-0.101815311490466,-0.0466343526940322
"591","demersal_shelf_rockfish","pacific_halibut_adult",11.1551041030295,10.0193437040709,-0.101815311490466,-0.0466343526940322
"592","thornyheads","pacific_halibut_adult",11.1551041030295,10.0193437040709,-0.101815311490466,-0.0466343526940322
"593","sablefish_adult","pacific_halibut_adult",35.8561820346393,32.2875402710277,-0.0995265407835126,-0.045529083161706
"594","pacific_cod_adult","pacific_halibut_adult",9.17119403410384,8.14866531345583,-0.111493521655485,-0.0513394012869097
"595","walleye_pollock_adult","pacific_halibut_adult",5.7219671505257,5.3308733840566,-0.0683495301844159,-0.0307469926913465
"596","large_sculpins","pacific_halibut_adult",11.1551041030295,10.0193437040709,-0.101815311490466,-0.0466343526940322
"597","lingcod","pacific_halibut_adult",11.1551041030295,10.0193437040709,-0.101815311490466,-0.0466343526940322
"598","shelf_demersal_fish","pacific_halibut_adult",10.0301237077721,8.84310107972425,-0.118345761491266,-0.0547017002975535
"599","slope_demersal_fish","pacific_halibut_adult",11.1551041030295,10.0193437040709,-0.101815311490466,-0.0466343526940322
"600","squid","pacific_halibut_adult",12.8175210892439,11.5625487735916,-0.0979106885734338,-0.0447504629684935
"601","octopus","pacific_halibut_adult",10.8539265914445,9.99450978592773,-0.0791802670007185,-0.035825382426839
"602","tanner_crab","pacific_halibut_adult",5.83671558082666,5.29923716574806,-0.0920857642685537,-0.0419551742848075
"603","king_crab","pacific_halibut_adult",11.1551041030295,10.0193437040709,-0.101815311490466,-0.0466343526940322
"604","pandalid_shrimp","pacific_halibut_adult",6.31312695614172,5.88457339829483,-0.0678829304121574,-0.0305295388444492
"605","nonpandalid_shrimp","pacific_halibut_adult",18.8099516206879,15.9122675484112,-0.154050586131742,-0.072655606150957
"606","motile_epifauna","pacific_halibut_adult",5.58483460981976,10.0193437040709,0.794026932588837,0.253828958544705
"607","benthic_zooplankton","pacific_halibut_adult",8.30688981437318,7.40631170330219,-0.108413393122507,-0.0498364639725167
"608","sessile_epifauna","pacific_halibut_adult",11.1551041030295,10.0193437040709,-0.101815311490466,-0.0466343526940322
"609","infauna","pacific_halibut_adult",3.18517369982355,2.97836844570683,-0.0649274650635774,-0.0291546989662068
"610","gelatinous_carnivores","pacific_halibut_adult",11.1551041030295,10.0193437040709,-0.101815311490466,-0.0466343526940322
"611","other_gelatinous_zooplankton","pacific_halibut_adult",11.1551041030295,10.0193437040709,-0.101815311490466,-0.0466343526940322
"612","mysids","pacific_halibut_adult",8.73933047556812,7.67473901907729,-0.121816134481586,-0.0564145462576959
"613","pelagic_amphipods","pacific_halibut_adult",11.1551041030295,10.0193437040709,-0.101815311490466,-0.0466343526940322
"614","euphausiids","pacific_halibut_adult",14.4003339913865,12.857349693065,-0.107149202181311,-0.0492211089701585
"615","large_copepods","pacific_halibut_adult",11.1551041030295,10.0193437040709,-0.101815311490466,-0.0466343526940322
"616","small_copepods","pacific_halibut_adult",11.1551041030295,10.0193437040709,-0.101815311490466,-0.0466343526940322
"617","small_microzooplankton","pacific_halibut_adult",11.1551041030295,10.0193437040709,-0.101815311490466,-0.0466343526940322
"618","large_phytoplankton","pacific_halibut_adult",11.1551041030295,10.0193437040709,-0.101815311490466,-0.0466343526940322
"619","macroalgae","pacific_halibut_adult",11.1551041030295,10.0193437040709,-0.101815311490466,-0.0466343526940322
"620","offal","pacific_halibut_adult",6.15011078108731,5.59174256511168,-0.0907899444173772,-0.0413357697575639
"621","detritus","pacific_halibut_adult",11.1551041030295,10.0193437040709,-0.101815311490466,-0.0466343526940322
"622","pacific_sandlance","pacific_halibut_juvenile",1.60473625243531,1.59668560529429,-0.005016803931988,-0.0021842538437839
"623","pacific_halibut_adult","pacific_halibut_juvenile",2.71963296114975,2.69913360977419,-0.00753754336279777,-0.00328591296150802
"624","large_sculpins","pacific_halibut_juvenile",2,2,0,0
"625","shelf_demersal_fish","pacific_halibut_juvenile",1.88922020061599,1.86958667249638,-0.0103923979392173,-0.00453697716191073
"626","tanner_crab","pacific_halibut_juvenile",1.4762841948005,1.47666851456249,0.00026032911775653,0.00011304478553411
"627","pandalid_shrimp","pacific_halibut_juvenile",1.52319768485256,1.54156638870411,0.0120593039460466,0.00520596173491725
"628","nonpandalid_shrimp","pacific_halibut_juvenile",2.75379311132565,2.65336503826553,-0.0364689971251235,-0.0161343067886396
"629","motile_epifauna","pacific_halibut_juvenile",1.45148080839979,2,0.37790316511655,0.139218697736159
"630","benthic_zooplankton","pacific_halibut_juvenile",1.71952879460816,1.71028579389991,-0.00537531022291271,-0.00234076438706127
"631","infauna","pacific_halibut_juvenile",1.21517984233876,1.21934727299658,0.00342947645494296,0.00148685458858334
"632","mysids","pacific_halibut_juvenile",1.7621123719706,1.74004708525129,-0.0125220656016556,-0.00547260008236879
"633","large_copepods","pacific_halibut_juvenile",2,2,0,0
"634","small_copepods","pacific_halibut_juvenile",2,2,0,0
"635","detritus","pacific_halibut_juvenile",2,2,0,0
"636","salmon_outgoing","arrowtooth_flounder_adult",14.9031527907304,14.6964719936263,-0.0138682599585694,-0.00606506259308586
"637","pacific_hake","arrowtooth_flounder_adult",14.9031527907304,14.6964719936263,-0.0138682599585694,-0.00606506259308586
"638","pacific_herring_adult","arrowtooth_flounder_adult",6.53790212912232,6.4897187360332,-0.00736985536606549,-0.00321254009034943
"639","pacific_herring_juvenile","arrowtooth_flounder_adult",10.185068434925,10.0733140898314,-0.010972370564587,-0.0047915758004644
"640","pacific_sandlance","arrowtooth_flounder_adult",9.40774051570182,9.17248768191316,-0.0250063055412734,-0.0109981929892946
"641","pacific_capelin","arrowtooth_flounder_adult",41.7310628338103,38.7263744542331,-0.0720012426125621,-0.0324526053114614
"642","shelf_forage_fish","arrowtooth_flounder_adult",9.70424395762194,9.76350841711423,0.00610706611984391,0.00264419916014354
"643","slope_forage_fish","arrowtooth_flounder_adult",14.9031527907304,14.6964719936263,-0.0138682599585694,-0.00606506259308586
"644","other_skates","arrowtooth_flounder_adult",10.0316258318813,10.372730825007,0.0340029621162419,0.0145217828864498
"645","pacific_halibut_juvenile","arrowtooth_flounder_adult",14.9031527907304,14.6964719936263,-0.0138682599585694,-0.00606506259308586
"646","arrowtooth_flounder_adult","arrowtooth_flounder_adult",33.6863322171282,31.8729356574094,-0.0538318196243611,-0.0240316613599979
"647","arrowtooth_flounder_juvenile","arrowtooth_flounder_adult",121.09260257096,115.247087416301,-0.0482730986910047,-0.0214876548401273
"648","rex_sole_adult","arrowtooth_flounder_adult",14.9031527907304,14.6964719936263,-0.0138682599585694,-0.00606506259308586
"649","rex_sole_juvenile","arrowtooth_flounder_adult",14.9031527907304,14.6964719936263,-0.0138682599585694,-0.00606506259308586
"650","flathead_sole_adult","arrowtooth_flounder_adult",14.9031527907304,14.6964719936263,-0.0138682599585694,-0.00606506259308586
"651","flathead_sole_juvenile","arrowtooth_flounder_adult",14.9031527907304,14.6964719936263,-0.0138682599585694,-0.00606506259308586
"652","shallow_water_flatfish","arrowtooth_flounder_adult",9.49592195600695,9.3664298595369,-0.0136366007502975,-0.00596305137461127
"653","pacific_ocean_perch_juvenile","arrowtooth_flounder_adult",14.9031527907304,14.6964719936263,-0.0138682599585694,-0.00606506259308586
"654","thornyheads","arrowtooth_flounder_adult",14.9031527907304,14.6964719936263,-0.0138682599585694,-0.00606506259308586
"655","sablefish_adult","arrowtooth_flounder_adult",48.7209115349724,48.5122063347212,-0.0042836883316808,-0.00186437826942739
"656","pacific_cod_adult","arrowtooth_flounder_adult",12.1870206337875,11.85572270778,-0.0271844888068045,-0.011969513346929
"657","pacific_cod_juvenile","arrowtooth_flounder_adult",13.1499418922343,12.8513700421432,-0.0227051839877306,-0.00997440490640309
"658","walleye_pollock_adult","arrowtooth_flounder_adult",7.46475211878765,7.57671865702374,0.014999364540758,0.00646577035117393
"659","walleye_pollock_juvenile","arrowtooth_flounder_adult",7.56170882313624,7.46098231512947,-0.0133206012506837,-0.005823939501033
"660","large_sculpins","arrowtooth_flounder_adult",14.9031527907304,14.6964719936263,-0.0138682599585694,-0.00606506259308586
"661","shelf_demersal_fish","arrowtooth_flounder_adult",13.3629643137681,12.9102695058774,-0.0338768253256717,-0.0149675002189318
"662","slope_demersal_fish","arrowtooth_flounder_adult",14.9031527907304,14.6964719936263,-0.0138682599585694,-0.00606506259308586
"663","squid","arrowtooth_flounder_adult",17.179135107283,17.0399313082515,-0.00810307376722785,-0.00353345556166626
"664","octopus","arrowtooth_flounder_adult",14.4908165981897,14.6587600407947,0.0115896465507608,0.00500437576441603
"665","tanner_crab","arrowtooth_flounder_adult",7.6218519321214,7.52867695994864,-0.0122247155943941,-0.00534184472696049
"666","pandalid_shrimp","arrowtooth_flounder_adult",8.27409735226155,8.41754887557517,0.0173374227068306,0.00746502029264454
"667","nonpandalid_shrimp","arrowtooth_flounder_adult",25.3832535900911,23.6452679418448,-0.0684697744549494,-0.0308030489003613
"668","motile_epifauna","arrowtooth_flounder_adult",7.27700666126478,14.6964719936263,1.01957654812315,0.305260318906079
"669","benthic_zooplankton","arrowtooth_flounder_adult",11.0037187687674,10.7284094836208,-0.0250196584383846,-0.0110041408526259
"670","sessile_epifauna","arrowtooth_flounder_adult",14.9031527907304,14.6964719936263,-0.0138682599585694,-0.00606506259308586
"671","infauna","arrowtooth_flounder_adult",3.99167822552104,4.00428378147596,0.00315795894426851,0.00136932314662826
"672","gelatinous_carnivores","arrowtooth_flounder_adult",14.9031527907304,14.6964719936263,-0.0138682599585694,-0.00606506259308586
"673","other_gelatinous_zooplankton","arrowtooth_flounder_adult",14.9031527907304,14.6964719936263,-0.0138682599585694,-0.00606506259308586
"674","mysids","arrowtooth_flounder_adult",11.5957647512132,11.1360341771091,-0.0396464212553114,-0.0175688408914291
"675","pelagic_amphipods","arrowtooth_flounder_adult",14.9031527907304,14.6964719936263,-0.0138682599585694,-0.00606506259308586
"676","euphausiids","arrowtooth_flounder_adult",19.3461330419533,19.0061724354064,-0.0175725353387018,-0.00769950493242508
"677","large_copepods","arrowtooth_flounder_adult",14.9031527907304,14.6964719936263,-0.0138682599585694,-0.00606506259308586
"678","small_copepods","arrowtooth_flounder_adult",14.9031527907304,14.6964719936263,-0.0138682599585694,-0.00606506259308586
"679","macroalgae","arrowtooth_flounder_adult",14.9031527907304,14.6964719936263,-0.0138682599585694,-0.00606506259308586
"680","offal","arrowtooth_flounder_adult",8.05091512132156,7.97286582133553,-0.00969446315231015,-0.00423079278111091
"681","detritus","arrowtooth_flounder_adult",14.9031527907304,14.6964719936263,-0.0138682599585694,-0.00606506259308586
"682","pacific_sandlance","arrowtooth_flounder_juvenile",1.42280767929012,1.43242469435183,0.00675918130165853,0.00292559891564014
"683","pacific_capelin","arrowtooth_flounder_juvenile",3.04827992962219,2.99618727826036,-0.0170891954034843,-0.00748589094620811
"684","shallow_water_flatfish","arrowtooth_flounder_juvenile",1.42724213942388,1.44268661093648,0.0108211992106952,0.00467434148262417
"685","walleye_pollock_juvenile","arrowtooth_flounder_juvenile",1.32997460786361,1.34186509806747,0.00894038888679138,0.00386550762214002
"686","shelf_demersal_fish","arrowtooth_flounder_juvenile",1.62170760870759,1.63019913289381,0.00523616226539714,0.00226810346791736
"687","pandalid_shrimp","arrowtooth_flounder_juvenile",1.36579913648576,1.39247918506614,0.0195343867686339,0.00840187820834155
"688","nonpandalid_shrimp","arrowtooth_flounder_juvenile",2.22618280674999,2.19821203156286,-0.012564455669285,-0.00549124370666936
"689","benthic_zooplankton","arrowtooth_flounder_juvenile",1.50306608642292,1.51475201446855,0.00777472670775081,0.00336346278240853
"690","infauna","arrowtooth_flounder_juvenile",1.15044523856951,1.1589634082687,0.00740423743226648,0.00320377329316389
"691","other_gelatinous_zooplankton","arrowtooth_flounder_juvenile",1.69916046472731,1.72471112176162,0.0150372243026582,0.00648196935543985
"692","euphausiids","arrowtooth_flounder_juvenile",1.92258864565691,1.95274705999976,0.015686358291451,0.0067596194712577
"693","shelf_forage_fish","rex_sole_adult",1.62606259807669,1.63983691721433,0.00847096486563648,0.00366339885006381
"694","shelf_demersal_fish","rex_sole_adult",1.88922020061599,1.86958667249638,-0.0103923979392173,-0.00453697716191073
"695","squid","rex_sole_adult",2.16370260406474,2.17109948574463,0.00341862216461419,0.00148215671593613
"696","tanner_crab","rex_sole_adult",1.4762841948005,1.47666851456249,0.00026032911775653,0.00011304478553411
"697","pandalid_shrimp","rex_sole_adult",1.52319768485256,1.54156638870411,0.0120593039460466,0.00520596173491725
"698","nonpandalid_shrimp","rex_sole_adult",2.75379311132565,2.65336503826553,-0.0364689971251235,-0.0161343067886396
"699","motile_epifauna","rex_sole_adult",1.45148080839979,2,0.37790316511655,0.139218697736159
"700","benthic_zooplankton","rex_sole_adult",1.71952879460816,1.71028579389991,-0.00537531022291271,-0.00234076438706127
"701","sessile_epifauna","rex_sole_adult",2,2,0,0
"702","infauna","rex_sole_adult",1.21517984233876,1.21934727299658,0.00342947645494296,0.00148685458858334
"703","other_gelatinous_zooplankton","rex_sole_adult",2,2,0,0
"704","mysids","rex_sole_adult",1.7621123719706,1.74004708525129,-0.0125220656016556,-0.00547260008236879
"705","pelagic_amphipods","rex_sole_adult",2,2,0,0
"706","euphausiids","rex_sole_adult",2.31956638311456,2.3146577048298,-0.00211620513234678,-0.000920030041414509
"707","large_copepods","rex_sole_adult",2,2,0,0
"708","small_copepods","rex_sole_adult",2,2,0,0
"709","small_microzooplankton","rex_sole_adult",2,2,0,0
"710","detritus","rex_sole_adult",2,2,0,0
"711","tanner_crab","rex_sole_juvenile",1.4762841948005,1.47666851456249,0.00026032911775653,0.00011304478553411
"712","pandalid_shrimp","rex_sole_juvenile",1.52319768485256,1.54156638870411,0.0120593039460466,0.00520596173491725
"713","nonpandalid_shrimp","rex_sole_juvenile",2.75379311132565,2.65336503826553,-0.0364689971251235,-0.0161343067886396
"714","motile_epifauna","rex_sole_juvenile",1.45148080839979,2,0.37790316511655,0.139218697736159
"715","benthic_zooplankton","rex_sole_juvenile",1.71952879460816,1.71028579389991,-0.00537531022291271,-0.00234076438706127
"716","infauna","rex_sole_juvenile",1.21517984233876,1.21934727299658,0.00342947645494296,0.00148685458858334
"717","gelatinous_carnivores","rex_sole_juvenile",2,2,0,0
"718","mysids","rex_sole_juvenile",1.7621123719706,1.74004708525129,-0.0125220656016556,-0.00547260008236879
"719","pelagic_amphipods","rex_sole_juvenile",2,2,0,0
"720","euphausiids","rex_sole_juvenile",2.31956638311456,2.3146577048298,-0.00211620513234678,-0.000920030041414509
"721","large_copepods","rex_sole_juvenile",2,2,0,0
"722","small_copepods","rex_sole_juvenile",2,2,0,0
"723","shelf_forage_fish","flathead_sole_adult",1.62606259807669,1.63983691721433,0.00847096486563648,0.00366339885006381
"724","walleye_pollock_adult","flathead_sole_adult",1.4649846129216,1.48017611105139,0.01036973221138,0.00448032752107638
"725","shelf_demersal_fish","flathead_sole_adult",1.88922020061599,1.86958667249638,-0.0103923979392173,-0.00453697716191073
"726","slope_demersal_fish","flathead_sole_adult",2,2,0,0
"727","tanner_crab","flathead_sole_adult",1.4762841948005,1.47666851456249,0.00026032911775653,0.00011304478553411
"728","pandalid_shrimp","flathead_sole_adult",1.52319768485256,1.54156638870411,0.0120593039460466,0.00520596173491725
"729","nonpandalid_shrimp","flathead_sole_adult",2.75379311132565,2.65336503826553,-0.0364689971251235,-0.0161343067886396
"730","motile_epifauna","flathead_sole_adult",1.45148080839979,2,0.37790316511655,0.139218697736159
"731","benthic_zooplankton","flathead_sole_adult",1.71952879460816,1.71028579389991,-0.00537531022291271,-0.00234076438706127
"732","infauna","flathead_sole_adult",1.21517984233876,1.21934727299658,0.00342947645494296,0.00148685458858334
"733","gelatinous_carnivores","flathead_sole_adult",2,2,0,0
"734","other_gelatinous_zooplankton","flathead_sole_adult",2,2,0,0
"735","mysids","flathead_sole_adult",1.7621123719706,1.74004708525129,-0.0125220656016556,-0.00547260008236879
"736","pelagic_amphipods","flathead_sole_adult",2,2,0,0
"737","euphausiids","flathead_sole_adult",2.31956638311456,2.3146577048298,-0.00211620513234678,-0.000920030041414509
"738","large_copepods","flathead_sole_adult",2,2,0,0
"739","small_copepods","flathead_sole_adult",2,2,0,0
"740","macroalgae","flathead_sole_adult",2,2,0,0
"741","offal","flathead_sole_adult",1.50714505029554,1.50909941075193,0.00129673016941001,0.0005627979373713
"742","detritus","flathead_sole_adult",2,2,0,0
"743","tanner_crab","flathead_sole_juvenile",1.4762841948005,1.47666851456249,0.00026032911775653,0.00011304478553411
"744","pandalid_shrimp","flathead_sole_juvenile",1.52319768485256,1.54156638870411,0.0120593039460466,0.00520596173491725
"745","nonpandalid_shrimp","flathead_sole_juvenile",2.75379311132565,2.65336503826553,-0.0364689971251235,-0.0161343067886396
"746","motile_epifauna","flathead_sole_juvenile",1.45148080839979,2,0.37790316511655,0.139218697736159
"747","benthic_zooplankton","flathead_sole_juvenile",1.71952879460816,1.71028579389991,-0.00537531022291271,-0.00234076438706127
"748","infauna","flathead_sole_juvenile",1.21517984233876,1.21934727299658,0.00342947645494296,0.00148685458858334
"749","gelatinous_carnivores","flathead_sole_juvenile",2,2,0,0
"750","mysids","flathead_sole_juvenile",1.7621123719706,1.74004708525129,-0.0125220656016556,-0.00547260008236879
"751","pelagic_amphipods","flathead_sole_juvenile",2,2,0,0
"752","euphausiids","flathead_sole_juvenile",2.31956638311456,2.3146577048298,-0.00211620513234678,-0.000920030041414509
"753","large_copepods","flathead_sole_juvenile",2,2,0,0
"754","small_copepods","flathead_sole_juvenile",2,2,0,0
"755","pacific_sandlance","shallow_water_flatfish",1.63384272187838,1.62595070079663,-0.00483034320015907,-0.00210287429844375
"756","pacific_capelin","shallow_water_flatfish",4.07063326744769,3.88955474113545,-0.04448411694571,-0.0197620894927953
"757","shelf_forage_fish","shallow_water_flatfish",1.65619552264834,1.67121841581604,0.00907072441765489,0.00392160642313816
"758","pacific_halibut_adult","shallow_water_flatfish",2.80240035608506,2.78246946859177,-0.00711207713416773,-0.00309977187521256
"759","arrowtooth_flounder_adult","shallow_water_flatfish",3.46415713496794,3.36463320136578,-0.028729624472731,-0.0126598573686456
"760","shallow_water_flatfish","shallow_water_flatfish",1.64049054408909,1.64080520369986,0.00019180824412679,8.32932740948324e-05
"761","pacific_cod_adult","shallow_water_flatfish",1.84336708476994,1.83146619500295,-0.00645606068661797,-0.00281292152913152
"762","walleye_pollock_adult","shallow_water_flatfish",1.4873647172613,1.50372687149069,0.011000768029183,0.00475148551257321
"763","shelf_demersal_fish","shallow_water_flatfish",1.93201912410234,1.91223649812042,-0.0102393530866883,-0.00446981781942463
"764","squid","shallow_water_flatfish",2.21971259875191,2.22853733574297,0.00397562143676788,0.00172316738665981
"765","octopus","shallow_water_flatfish",2.01704564942141,2.04615763918129,0.0144329850780651,0.00622336219034693
"766","tanner_crab","shallow_water_flatfish",1.49920815761297,1.50004724111104,0.000559684453294462,0.000242999874388367
"767","pandalid_shrimp","shallow_water_flatfish",1.54837963378571,1.56812810218548,0.0127542806485317,0.00550408750915078
"768","nonpandalid_shrimp","shallow_water_flatfish",2.83820466330176,2.73445612763615,-0.0365542827150881,-0.0161727494545465
"769","motile_epifauna","shallow_water_flatfish",1.47321096315884,2.04904608933529,0.390870785363799,0.14328678505308
"770","benthic_zooplankton","shallow_water_flatfish",1.75416032660139,1.74512253440111,-0.00515220419890827,-0.00224335794770303
"771","sessile_epifauna","shallow_water_flatfish",2.04813084931797,2.04904608933529,0.00044686598887167,0.000194028084069433
"772","infauna","shallow_water_flatfish",1.22553663090663,1.23010539894342,0.00372797346205256,0.00161602791677779
"773","other_gelatinous_zooplankton","shallow_water_flatfish",2.04813084931797,2.04904608933529,0.00044686598887167,0.000194028084069433
"774","mysids","shallow_water_flatfish",1.79879348770927,1.77634350070685,-0.0124805805423592,-0.00545435526568454
"775","pelagic_amphipods","shallow_water_flatfish",2.04813084931797,2.04904608933529,0.00044686598887167,0.000194028084069433
"776","euphausiids","shallow_water_flatfish",2.38307823386531,2.3791365240662,-0.00165404129125457,-0.000718935744379687
"777","large_copepods","shallow_water_flatfish",2.04813084931797,2.04904608933529,0.00044686598887167,0.000194028084069433
"778","small_copepods","shallow_water_flatfish",2.04813084931797,2.04904608933529,0.00044686598887167,0.000194028084069433
"779","small_microzooplankton","shallow_water_flatfish",2.04813084931797,2.04904608933529,0.00044686598887167,0.000194028084069433
"780","macroalgae","shallow_water_flatfish",2.04813084931797,2.04904608933529,0.00044686598887167,0.000194028084069433
"781","detritus","shallow_water_flatfish",2.04813084931797,2.04904608933529,0.00044686598887167,0.000194028084069433
"782","shelf_demersal_fish","deep_water_flatfish",1.24048407545219,1.18859467128978,-0.0418299639545907,-0.0185574145503083
"783","squid","deep_water_flatfish",1.31471613515522,1.25398632424712,-0.046192337101675,-0.0205391927628253
"784","tanner_crab","deep_water_flatfish",1.12880809968076,1.10337916237841,-0.0225272456049391,-0.00989533907868174
"785","nonpandalid_shrimp","deep_water_flatfish",1.47430244456818,1.35857936393914,-0.078493446887646,-0.035501572034256
"786","motile_epifauna","deep_water_flatfish",1.12210017801802,1.21687852085907,0.084465134840692,0.0352155941651532
"787","benthic_zooplankton","deep_water_flatfish",1.19459208957771,1.15404573236823,-0.0339415919151214,-0.0149966152593309
"788","sessile_epifauna","deep_water_flatfish",1.27044378353708,1.21687852085907,-0.0421626390495387,-0.0187082270781524
"789","infauna","deep_water_flatfish",1.05819405070301,1.04757171212197,-0.0100381764327432,-0.00438155301231187
"790","gelatinous_carnivores","deep_water_flatfish",1.27044378353708,1.21687852085907,-0.0421626390495387,-0.0187082270781524
"791","mysids","deep_water_flatfish",1.20610855335615,1.16050031721537,-0.0378143708655952,-0.0167411338544025
"792","pelagic_amphipods","deep_water_flatfish",1.27044378353708,1.21687852085907,-0.0421626390495387,-0.0187082270781524
"793","euphausiids","deep_water_flatfish",1.35686852527784,1.28512101845947,-0.052877272544646,-0.0235937417958699
"794","small_copepods","deep_water_flatfish",1.27044378353708,1.21687852085907,-0.0421626390495387,-0.0187082270781524
"795","small_microzooplankton","deep_water_flatfish",1.27044378353708,1.21687852085907,-0.0421626390495387,-0.0187082270781524
"796","large_phytoplankton","deep_water_flatfish",1.27044378353708,1.21687852085907,-0.0421626390495387,-0.0187082270781524
"797","detritus","deep_water_flatfish",1.27044378353708,1.21687852085907,-0.0421626390495387,-0.0187082270781524
"798","pacific_sandlance","pacific_ocean_perch_adult",1.60473625243531,1.59668560529429,-0.005016803931988,-0.0021842538437839
"799","pacific_capelin","pacific_ocean_perch_adult",3.92962779355821,3.7544592849742,-0.0445763613722313,-0.0198040178165347
"800","shelf_forage_fish","pacific_ocean_perch_adult",1.62606259807669,1.63983691721433,0.00847096486563648,0.00366339885006381
"801","slope_forage_fish","pacific_ocean_perch_adult",2,2,0,0
"802","arrowtooth_flounder_adult","pacific_ocean_perch_adult",3.35100143896289,3.25407942072792,-0.0289232994972876,-0.0127464659833099
"803","arrowtooth_flounder_juvenile","pacific_ocean_perch_adult",9.63779636019163,9.34135151515413,-0.0307585711461954,-0.0135680308345054
"804","shallow_water_flatfish","pacific_ocean_perch_adult",1.61107880233262,1.61084561509199,-0.000144739810547412,-6.28642506220821e-05
"805","walleye_pollock_adult","pacific_ocean_perch_adult",1.4649846129216,1.48017611105139,0.01036973221138,0.00448032752107638
"806","large_sculpins","pacific_ocean_perch_adult",2,2,0,0
"807","shelf_demersal_fish","pacific_ocean_perch_adult",1.88922020061599,1.86958667249638,-0.0103923979392173,-0.00453697716191073
"808","slope_demersal_fish","pacific_ocean_perch_adult",2,2,0,0
"809","miscellaneous_deep_sea_fish","pacific_ocean_perch_adult",2,2,0,0
"810","squid","pacific_ocean_perch_adult",2.16370260406474,2.17109948574463,0.00341862216461419,0.00148215671593613
"811","octopus","pacific_ocean_perch_adult",1.97034225267124,1.99724659365936,0.0136546536276374,0.00589001853777827
"812","tanner_crab","pacific_ocean_perch_adult",1.4762841948005,1.47666851456249,0.00026032911775653,0.00011304478553411
"813","king_crab","pacific_ocean_perch_adult",2,2,0,0
"814","pandalid_shrimp","pacific_ocean_perch_adult",1.52319768485256,1.54156638870411,0.0120593039460466,0.00520596173491725
"815","motile_epifauna","pacific_ocean_perch_adult",1.45148080839979,2,0.37790316511655,0.139218697736159
"816","infauna","pacific_ocean_perch_adult",1.21517984233876,1.21934727299658,0.00342947645494296,0.00148685458858334
"817","gelatinous_carnivores","pacific_ocean_perch_adult",2,2,0,0
"818","other_gelatinous_zooplankton","pacific_ocean_perch_adult",2,2,0,0
"819","mysids","pacific_ocean_perch_adult",1.7621123719706,1.74004708525129,-0.0125220656016556,-0.00547260008236879
"820","pelagic_amphipods","pacific_ocean_perch_adult",2,2,0,0
"821","euphausiids","pacific_ocean_perch_adult",2.31956638311456,2.3146577048298,-0.00211620513234678,-0.000920030041414509
"822","large_copepods","pacific_ocean_perch_adult",2,2,0,0
"823","small_copepods","pacific_ocean_perch_adult",2,2,0,0
"824","macroalgae","pacific_ocean_perch_adult",2,2,0,0
"825","detritus","pacific_ocean_perch_adult",2,2,0,0
"826","motile_epifauna","pacific_ocean_perch_juvenile",1.45148080839979,2,0.37790316511655,0.139218697736159
"827","gelatinous_carnivores","pacific_ocean_perch_juvenile",2,2,0,0
"828","other_gelatinous_zooplankton","pacific_ocean_perch_juvenile",2,2,0,0
"829","mysids","pacific_ocean_perch_juvenile",1.7621123719706,1.74004708525129,-0.0125220656016556,-0.00547260008236879
"830","pelagic_amphipods","pacific_ocean_perch_juvenile",2,2,0,0
"831","euphausiids","pacific_ocean_perch_juvenile",2.31956638311456,2.3146577048298,-0.00211620513234678,-0.000920030041414509
"832","large_copepods","pacific_ocean_perch_juvenile",2,2,0,0
"833","small_copepods","pacific_ocean_perch_juvenile",2,2,0,0
"834","pacific_herring_adult","slope_rockfish",1.39831987841021,1.4008126135393,0.00178266444436503,0.000773512079694457
"835","pacific_herring_juvenile","slope_rockfish",1.66064644280173,1.66245629488044,0.0010898479243131,0.000473057206233786
"836","pacific_sandlance","slope_rockfish",1.60473625243531,1.59668560529429,-0.005016803931988,-0.0021842538437839
"837","pacific_capelin","slope_rockfish",3.92962779355821,3.7544592849742,-0.0445763613722313,-0.0198040178165347
"838","shelf_forage_fish","slope_rockfish",1.62606259807669,1.63983691721433,0.00847096486563648,0.00366339885006381
"839","slope_forage_fish","slope_rockfish",2,2,0,0
"840","arrowtooth_flounder_adult","slope_rockfish",3.35100143896289,3.25407942072792,-0.0289232994972876,-0.0127464659833099
"841","shallow_water_flatfish","slope_rockfish",1.61107880233262,1.61084561509199,-0.000144739810547412,-6.28642506220821e-05
"842","walleye_pollock_adult","slope_rockfish",1.4649846129216,1.48017611105139,0.01036973221138,0.00448032752107638
"843","shelf_demersal_fish","slope_rockfish",1.88922020061599,1.86958667249638,-0.0103923979392173,-0.00453697716191073
"844","slope_demersal_fish","slope_rockfish",2,2,0,0
"845","squid","slope_rockfish",2.16370260406474,2.17109948574463,0.00341862216461419,0.00148215671593613
"846","octopus","slope_rockfish",1.97034225267124,1.99724659365936,0.0136546536276374,0.00589001853777827
"847","tanner_crab","slope_rockfish",1.4762841948005,1.47666851456249,0.00026032911775653,0.00011304478553411
"848","king_crab","slope_rockfish",2,2,0,0
"849","pandalid_shrimp","slope_rockfish",1.52319768485256,1.54156638870411,0.0120593039460466,0.00520596173491725
"850","nonpandalid_shrimp","slope_rockfish",2.75379311132565,2.65336503826553,-0.0364689971251235,-0.0161343067886396
"851","motile_epifauna","slope_rockfish",1.45148080839979,2,0.37790316511655,0.139218697736159
"852","benthic_zooplankton","slope_rockfish",1.71952879460816,1.71028579389991,-0.00537531022291271,-0.00234076438706127
"853","sessile_epifauna","slope_rockfish",2,2,0,0
"854","infauna","slope_rockfish",1.21517984233876,1.21934727299658,0.00342947645494296,0.00148685458858334
"855","gelatinous_carnivores","slope_rockfish",2,2,0,0
"856","other_gelatinous_zooplankton","slope_rockfish",2,2,0,0
"857","mysids","slope_rockfish",1.7621123719706,1.74004708525129,-0.0125220656016556,-0.00547260008236879
"858","pelagic_amphipods","slope_rockfish",2,2,0,0
"859","euphausiids","slope_rockfish",2.31956638311456,2.3146577048298,-0.00211620513234678,-0.000920030041414509
"860","large_copepods","slope_rockfish",2,2,0,0
"861","small_copepods","slope_rockfish",2,2,0,0
"862","detritus","slope_rockfish",2,2,0,0
"863","shallow_water_flatfish","demersal_shelf_rockfish",1.61107880233262,1.61084561509199,-0.000144739810547412,-6.28642506220821e-05
"864","sablefish_adult","demersal_shelf_rockfish",4.43238057246908,4.46893757434988,0.0082477127771643,0.00356724547818526
"865","shelf_demersal_fish","demersal_shelf_rockfish",1.88922020061599,1.86958667249638,-0.0103923979392173,-0.00453697716191073
"866","pandalid_shrimp","demersal_shelf_rockfish",1.52319768485256,1.54156638870411,0.0120593039460466,0.00520596173491725
"867","nonpandalid_shrimp","demersal_shelf_rockfish",2.75379311132565,2.65336503826553,-0.0364689971251235,-0.0161343067886396
"868","benthic_zooplankton","demersal_shelf_rockfish",1.71952879460816,1.71028579389991,-0.00537531022291271,-0.00234076438706127
"869","detritus","demersal_shelf_rockfish",2,2,0,0
"870","pacific_sandlance","pelagic_shelf_rockfish",1.60473625243531,1.59668560529429,-0.005016803931988,-0.0021842538437839
"871","pacific_capelin","pelagic_shelf_rockfish",3.92962779355821,3.7544592849742,-0.0445763613722313,-0.0198040178165347
"872","shelf_forage_fish","pelagic_shelf_rockfish",1.62606259807669,1.63983691721433,0.00847096486563648,0.00366339885006381
"873","slope_forage_fish","pelagic_shelf_rockfish",2,2,0,0
"874","squid","pelagic_shelf_rockfish",2.16370260406474,2.17109948574463,0.00341862216461419,0.00148215671593613
"875","octopus","pelagic_shelf_rockfish",1.97034225267124,1.99724659365936,0.0136546536276374,0.00589001853777827
"876","pandalid_shrimp","pelagic_shelf_rockfish",1.52319768485256,1.54156638870411,0.0120593039460466,0.00520596173491725
"877","nonpandalid_shrimp","pelagic_shelf_rockfish",2.75379311132565,2.65336503826553,-0.0364689971251235,-0.0161343067886396
"878","motile_epifauna","pelagic_shelf_rockfish",1.45148080839979,2,0.37790316511655,0.139218697736159
"879","benthic_zooplankton","pelagic_shelf_rockfish",1.71952879460816,1.71028579389991,-0.00537531022291271,-0.00234076438706127
"880","gelatinous_carnivores","pelagic_shelf_rockfish",2,2,0,0
"881","other_gelatinous_zooplankton","pelagic_shelf_rockfish",2,2,0,0
"882","mysids","pelagic_shelf_rockfish",1.7621123719706,1.74004708525129,-0.0125220656016556,-0.00547260008236879
"883","pelagic_amphipods","pelagic_shelf_rockfish",2,2,0,0
"884","euphausiids","pelagic_shelf_rockfish",2.31956638311456,2.3146577048298,-0.00211620513234678,-0.000920030041414509
"885","large_copepods","pelagic_shelf_rockfish",2,2,0,0
"886","small_copepods","pelagic_shelf_rockfish",2,2,0,0
"887","detritus","pelagic_shelf_rockfish",2,2,0,0
"888","pacific_capelin","thornyheads",3.92962779355821,3.7544592849742,-0.0445763613722313,-0.0198040178165347
"889","shelf_forage_fish","thornyheads",1.62606259807669,1.63983691721433,0.00847096486563648,0.00366339885006381
"890","slope_forage_fish","thornyheads",2,2,0,0
"891","other_skates","thornyheads",1.64960990991215,1.68431716060666,0.0210396715526284,0.00904261652538198
"892","shallow_water_flatfish","thornyheads",1.61107880233262,1.61084561509199,-0.000144739810547412,-6.28642506220821e-05
"893","thornyheads","thornyheads",2,2,0,0
"894","walleye_pollock_juvenile","thornyheads",1.47195833361704,1.47172602682911,-0.0001578215786604,-6.85464499342305e-05
"895","shelf_demersal_fish","thornyheads",1.88922020061599,1.86958667249638,-0.0103923979392173,-0.00453697716191073
"896","slope_demersal_fish","thornyheads",2,2,0,0
"897","miscellaneous_deep_sea_fish","thornyheads",2,2,0,0
"898","squid","thornyheads",2.16370260406474,2.17109948574463,0.00341862216461419,0.00148215671593613
"899","octopus","thornyheads",1.97034225267124,1.99724659365936,0.0136546536276374,0.00589001853777827
"900","tanner_crab","thornyheads",1.4762841948005,1.47666851456249,0.00026032911775653,0.00011304478553411
"901","king_crab","thornyheads",2,2,0,0
"902","pandalid_shrimp","thornyheads",1.52319768485256,1.54156638870411,0.0120593039460466,0.00520596173491725
"903","nonpandalid_shrimp","thornyheads",2.75379311132565,2.65336503826553,-0.0364689971251235,-0.0161343067886396
"904","motile_epifauna","thornyheads",1.45148080839979,2,0.37790316511655,0.139218697736159
"905","benthic_zooplankton","thornyheads",1.71952879460816,1.71028579389991,-0.00537531022291271,-0.00234076438706127
"906","sessile_epifauna","thornyheads",2,2,0,0
"907","infauna","thornyheads",1.21517984233876,1.21934727299658,0.00342947645494296,0.00148685458858334
"908","gelatinous_carnivores","thornyheads",2,2,0,0
"909","other_gelatinous_zooplankton","thornyheads",2,2,0,0
"910","mysids","thornyheads",1.7621123719706,1.74004708525129,-0.0125220656016556,-0.00547260008236879
"911","pelagic_amphipods","thornyheads",2,2,0,0
"912","euphausiids","thornyheads",2.31956638311456,2.3146577048298,-0.00211620513234678,-0.000920030041414509
"913","large_copepods","thornyheads",2,2,0,0
"914","small_copepods","thornyheads",2,2,0,0
"915","large_microzooplankton","thornyheads",2,3.67399166847594,0.836995834237969,0.264108171455773
"916","offal","thornyheads",1.50714505029554,1.50909941075193,0.00129673016941001,0.0005627979373713
"917","detritus","thornyheads",2,2,0,0
"918","salmon_outgoing","sablefish_adult",1.28812649811071,1.28507948209574,-0.00236546334497534,-0.0010285246266725
"919","pacific_hake","sablefish_adult",1.28812649811071,1.28507948209574,-0.00236546334497534,-0.0010285246266725
"920","pacific_herring_adult","sablefish_adult",1.11476651169422,1.11426345228522,-0.000451268856498266,-0.000196027808181809
"921","pacific_herring_juvenile","sablefish_adult",1.19034974605376,1.18885269745558,-0.00125765440211756,-0.000546536115840094
"922","pacific_sandlance","sablefish_adult",1.17424053869478,1.17010282333128,-0.00352373745169943,-0.00153304233938363
"923","pacific_capelin","sablefish_adult",1.84410339692573,1.78523982641424,-0.031919886167784,-0.014088701001976
"924","shelf_forage_fish","sablefish_adult",1.18038522398193,1.18240437698519,0.00171058817260672,0.000742264330720597
"925","slope_forage_fish","sablefish_adult",1.28812649811071,1.28507948209574,-0.00236546334497534,-0.0010285246266725
"926","other_skates","sablefish_adult",1.187169828481,1.19508478173497,0.00666707750153894,0.00288586547915865
"927","arrowtooth_flounder_adult","sablefish_adult",1.67738581166161,1.64259179386377,-0.0207430023289473,-0.00910331634474707
"928","shallow_water_flatfish","sablefish_adult",1.17606799538578,1.17413955159088,-0.0016397383505653,-0.000712713809321728
"929","pacific_ocean_perch_adult","sablefish_adult",1.28812649811071,1.28507948209574,-0.00236546334497534,-0.0010285246266725
"930","thornyheads","sablefish_adult",1.28812649811071,1.28507948209574,-0.00236546334497534,-0.0010285246266725
"931","pacific_cod_adult","sablefish_adult",1.23183785203414,1.22595189540409,-0.0047781910746908,-0.00208011557916103
"932","walleye_pollock_adult","sablefish_adult",1.13397438819646,1.13688835705327,0.00256969547737773,0.00111457312177998
"933","large_sculpins","sablefish_adult",1.28812649811071,1.28507948209574,-0.00236546334497534,-0.0010285246266725
"934","shelf_demersal_fish","sablefish_adult",1.25620790245279,1.24790131823262,-0.00661242793007855,-0.00288127761562619
"935","slope_demersal_fish","sablefish_adult",1.28812649811071,1.28507948209574,-0.00236546334497534,-0.0010285246266725
"936","squid","sablefish_adult",1.33529355615149,1.33385643487866,-0.00107625867450911,-0.000467664912816347
"937","octopus","sablefish_adult",1.27958131523102,1.28429454244215,0.00368341359398272,0.00159674726016198
"938","tanner_crab","sablefish_adult",1.13723009715335,1.13588841326282,-0.00117978225680648,-0.000512675406152849
"939","king_crab","sablefish_adult",1.28812649811071,1.28507948209574,-0.00236546334497534,-0.0010285246266725
"940","pandalid_shrimp","sablefish_adult",1.1507471167562,1.15438946561223,0.00316520354732264,0.00137245952185317
"941","nonpandalid_shrimp","sablefish_adult",1.50531426757694,1.47134044882394,-0.0225692531352245,-0.00991400356886489
"942","motile_epifauna","sablefish_adult",1.13008358428842,1.28507948209574,0.137154366245315,0.0558194232260209
"943","benthic_zooplankton","sablefish_adult",1.20731531188027,1.20248790626495,-0.00399846300947249,-0.00173999138956452
"944","sessile_epifauna","sablefish_adult",1.28812649811071,1.28507948209574,-0.00236546334497534,-0.0010285246266725
"945","infauna","sablefish_adult",1.06199901443708,1.06253140698498,0.000501311715603192,0.000217662358012174
"946","gelatinous_carnivores","sablefish_adult",1.28812649811071,1.28507948209574,-0.00236546334497534,-0.0010285246266725
"947","other_gelatinous_zooplankton","sablefish_adult",1.28812649811071,1.28507948209574,-0.00236546334497534,-0.0010285246266725
"948","mysids","sablefish_adult",1.21958476890273,1.2109722397899,-0.00706185361808409,-0.00307780439655033
"949","pelagic_amphipods","sablefish_adult",1.28812649811071,1.28507948209574,-0.00236546334497534,-0.0010285246266725
"950","euphausiids","sablefish_adult",1.38020204099141,1.37478193762605,-0.00392703619063739,-0.00170884770163435
"951","large_copepods","sablefish_adult",1.28812649811071,1.28507948209574,-0.00236546334497534,-0.0010285246266725
"952","small_copepods","sablefish_adult",1.28812649811071,1.28507948209574,-0.00236546334497534,-0.0010285246266725
"953","large_phytoplankton","sablefish_adult",1.28812649811071,1.28507948209574,-0.00236546334497534,-0.0010285246266725
"954","macroalgae","sablefish_adult",1.28812649811071,1.28507948209574,-0.00236546334497534,-0.0010285246266725
"955","offal","sablefish_adult",1.14612192737583,1.14513379635241,-0.000862151748278195,-0.00037458924644018
"956","detritus","sablefish_adult",1.28812649811071,1.28507948209574,-0.00236546334497534,-0.0010285246266725
"957","pacific_capelin","sablefish_juvenile",3.92962779355821,3.7544592849742,-0.0445763613722313,-0.0198040178165347
"958","walleye_pollock_juvenile","sablefish_juvenile",1.47195833361704,1.47172602682911,-0.0001578215786604,-6.85464499342305e-05
"959","squid","sablefish_juvenile",2.16370260406474,2.17109948574463,0.00341862216461419,0.00148215671593613
"960","tanner_crab","sablefish_juvenile",1.4762841948005,1.47666851456249,0.00026032911775653,0.00011304478553411
"961","motile_epifauna","sablefish_juvenile",1.45148080839979,2,0.37790316511655,0.139218697736159
"962","benthic_zooplankton","sablefish_juvenile",1.71952879460816,1.71028579389991,-0.00537531022291271,-0.00234076438706127
"963","sessile_epifauna","sablefish_juvenile",2,2,0,0
"964","infauna","sablefish_juvenile",1.21517984233876,1.21934727299658,0.00342947645494296,0.00148685458858334
"965","pelagic_amphipods","sablefish_juvenile",2,2,0,0
"966","euphausiids","sablefish_juvenile",2.31956638311456,2.3146577048298,-0.00211620513234678,-0.000920030041414509
"967","large_copepods","sablefish_juvenile",2,2,0,0
"968","small_copepods","sablefish_juvenile",2,2,0,0
"969","large_microzooplankton","sablefish_juvenile",2,3.67399166847594,0.836995834237969,0.264108171455773
"970","pacific_herring_adult","pacific_cod_adult",1.32155939141127,1.33885553972443,0.0130876814357093,0.00564703461573721
"971","pacific_herring_juvenile","pacific_cod_adult",1.53333283021986,1.56005469329759,0.017427307725421,0.00750338990562352
"972","pacific_sandlance","pacific_cod_adult",1.48819712958731,1.50445074829954,0.0109216839550943,0.00471751212554546
"973","pacific_capelin","pacific_cod_adult",3.36505728541108,3.32867867958797,-0.0108106943619728,-0.00472058754678822
"974","shelf_forage_fish","pacific_cod_adult",1.50541366106658,1.54093178855764,0.0235935998255086,0.0101275617314094
"975","slope_forage_fish","pacific_cod_adult",1.80728933914795,1.84542134722815,0.0210990057066209,0.0090678532989288
"976","big_skate","pacific_cod_adult",1.80728933914795,1.84542134722815,0.0210990057066209,0.0090678532989288
"977","longnose_skate","pacific_cod_adult",1.80728933914795,1.84542134722815,0.0210990057066209,0.0090678532989288
"978","other_skates","pacific_cod_adult",1.52442315487694,1.57853633585143,0.0354974803428874,0.0151490464699237
"979","pacific_halibut_juvenile","pacific_cod_adult",1.80728933914795,1.84542134722815,0.0210990057066209,0.0090678532989288
"980","arrowtooth_flounder_adult","pacific_cod_adult",2.89793839799623,2.90564686063105,0.00265998153726965,0.00115368159706319
"981","arrowtooth_flounder_juvenile","pacific_cod_adult",7.97320091531368,8.05195663564517,0.00987755371625321,0.00426871935779579
"982","rex_sole_adult","pacific_cod_adult",1.80728933914795,1.84542134722815,0.0210990057066209,0.0090678532989288
"983","rex_sole_juvenile","pacific_cod_adult",1.80728933914795,1.84542134722815,0.0210990057066209,0.0090678532989288
"984","flathead_sole_adult","pacific_cod_adult",1.80728933914795,1.84542134722815,0.0210990057066209,0.0090678532989288
"985","flathead_sole_juvenile","pacific_cod_adult",1.80728933914795,1.84542134722815,0.0210990057066209,0.0090678532989288
"986","shallow_water_flatfish","pacific_cod_adult",1.49331740250242,1.51642192285948,0.0154719420789853,0.0066679281656284
"987","pacific_ocean_perch_adult","pacific_cod_adult",1.80728933914795,1.84542134722815,0.0210990057066209,0.0090678532989288
"988","pacific_ocean_perch_juvenile","pacific_cod_adult",1.80728933914795,1.84542134722815,0.0210990057066209,0.0090678532989288
"989","slope_rockfish","pacific_cod_adult",1.80728933914795,1.84542134722815,0.0210990057066209,0.0090678532989288
"990","thornyheads","pacific_cod_adult",1.80728933914795,1.84542134722815,0.0210990057066209,0.0090678532989288
"991","sablefish_juvenile","pacific_cod_adult",1.80728933914795,1.84542134722815,0.0210990057066209,0.0090678532989288
"992","pacific_cod_juvenile","pacific_cod_adult",1.70548879872826,1.73153153835459,0.0152699564170404,0.00658153485413917
"993","walleye_pollock_adult","pacific_cod_adult",1.37537712087944,1.40595113471184,0.0222295495310005,0.00954843092636968
"994","walleye_pollock_juvenile","pacific_cod_adult",1.38100693125107,1.39880725312445,0.0128893790976492,0.00556201725485914
"995","large_sculpins","pacific_cod_adult",1.80728933914795,1.84542134722815,0.0210990057066209,0.0090678532989288
"996","shelf_demersal_fish","pacific_cod_adult",1.71785798811229,1.73516713619354,0.010076006399262,0.00435405488939284
"997","slope_demersal_fish","pacific_cod_adult",1.80728933914795,1.84542134722815,0.0210990057066209,0.0090678532989288
"998","squid","pacific_cod_adult",1.93944470620018,1.99007250497642,0.0261042754219247,0.0111914971687882
"999","octopus","pacific_cod_adult",1.7833469559063,1.84309355873018,0.0335025120187673,0.0143115365555308
"1000","tanner_crab","pacific_cod_adult",1.38449915286711,1.40298573776266,0.0133525433058364,0.00576056182262283
"1001","king_crab","pacific_cod_adult",1.80728933914795,1.84542134722815,0.0210990057066209,0.0090678532989288
"1002","pandalid_shrimp","pacific_cod_adult",1.42237191324836,1.45785178595171,0.0249441600842106,0.0107002052669995
"1003","nonpandalid_shrimp","pacific_cod_adult",2.41581848184432,2.39779009811037,-0.00746264004081332,-0.00325313703965903
"1004","motile_epifauna","pacific_cod_adult",1.36447564345105,1.84542134722815,0.3524765766875,0.131129752371247
"1005","benthic_zooplankton","pacific_cod_adult",1.58086792509714,1.60049077279588,0.0124127053166243,0.00535758671762455
"1006","sessile_epifauna","pacific_cod_adult",1.80728933914795,1.84542134722815,0.0210990057066209,0.0090678532989288
"1007","infauna","pacific_cod_adult",1.17371239271962,1.18544086704759,0.00999263056326516,0.00431820495354858
"1008","gelatinous_carnivores","pacific_cod_adult",1.80728933914795,1.84542134722815,0.0210990057066209,0.0090678532989288
"1009","other_gelatinous_zooplankton","pacific_cod_adult",1.80728933914795,1.84542134722815,0.0210990057066209,0.0090678532989288
"1010","mysids","pacific_cod_adult",1.61524519312462,1.62565160382541,0.0064426198233476,0.00278901955805181
"1011","pelagic_amphipods","pacific_cod_adult",1.80728933914795,1.84542134722815,0.0210990057066209,0.0090678532989288
"1012","euphausiids","pacific_cod_adult",2.06527187338641,2.11143968796107,0.0223543520684104,0.0096014500794106
"1013","large_copepods","pacific_cod_adult",1.80728933914795,1.84542134722815,0.0210990057066209,0.0090678532989288
"1014","small_copepods","pacific_cod_adult",1.80728933914795,1.84542134722815,0.0210990057066209,0.0090678532989288
"1015","large_phytoplankton","pacific_cod_adult",1.80728933914795,1.84542134722815,0.0210990057066209,0.0090678532989288
"1016","macroalgae","pacific_cod_adult",1.80728933914795,1.84542134722815,0.0210990057066209,0.0090678532989288
"1017","offal","pacific_cod_adult",1.40941279250524,1.43040350971096,0.0148932359045824,0.00642035801645741
"1018","detritus","pacific_cod_adult",1.80728933914795,1.84542134722815,0.0210990057066209,0.0090678532989288
"1019","pacific_sandlance","pacific_cod_juvenile",1.610874821538,1.62984846040957,0.0117784688281728,0.00508543315852559
"1020","pacific_capelin","pacific_cod_juvenile",3.95936591920142,3.90754783508846,-0.0130874703602556,-0.00572133727785946
"1021","shelf_forage_fish","pacific_cod_juvenile",1.6324176470843,1.67539805493027,0.0263292962574464,0.0112867258854886
"1022","slope_forage_fish","pacific_cod_juvenile",2.01015082042456,2.05557844000431,0.0225991100360126,0.00970541042590148
"1023","shallow_water_flatfish","pacific_cod_juvenile",1.61728175352035,1.64479546146228,0.0170123158083249,0.00732621217073848
"1024","walleye_pollock_juvenile","pacific_cod_juvenile",1.47674909790946,1.4979438235097,0.014352286133267,0.00618881234720971
"1025","shelf_demersal_fish","pacific_cod_juvenile",1.89824651519034,1.91791694320228,0.0103624201885955,0.00447718453041021
"1026","tanner_crab","pacific_cod_juvenile",1.48111887013298,1.50316100700105,0.0148820849646545,0.00641558626499412
"1027","pandalid_shrimp","pacific_cod_juvenile",1.52850857059804,1.57166580374705,0.028234865004471,0.0120923256760659
"1028","nonpandalid_shrimp","pacific_cod_juvenile",2.77159555026055,2.74525648785,-0.00950321283639943,-0.00414692882748612
"1029","motile_epifauna","pacific_cod_juvenile",1.45606370901099,2.05557844000431,0.411736606910239,0.149753676293762
"1030","benthic_zooplankton","pacific_cod_juvenile",1.72683260219253,1.74976237028209,0.0132785123818329,0.00572883308570351
"1031","infauna","pacific_cod_juvenile",1.21736409427732,1.23153825224893,0.0116433185751392,0.00502741756378109
"1032","other_gelatinous_zooplankton","pacific_cod_juvenile",2.01015082042456,2.05557844000431,0.0225991100360126,0.00970541042590148
"1033","mysids","pacific_cod_juvenile",1.7698484378018,1.7811777477793,0.00640128823209607,0.00277118401507751
"1034","euphausiids","pacific_cod_juvenile",2.33296106450784,2.38772432920389,0.0234737156694036,0.0100766938120895
"1035","large_copepods","pacific_cod_juvenile",2.01015082042456,2.05557844000431,0.0225991100360126,0.00970541042590148
"1036","small_copepods","pacific_cod_juvenile",2.01015082042456,2.05557844000431,0.0225991100360126,0.00970541042590148
"1037","detritus","pacific_cod_juvenile",2.01015082042456,2.05557844000431,0.0225991100360126,0.00970541042590148
"1038","pacific_herring_adult","walleye_pollock_adult",1.57067128258111,1.61383277446446,0.0274796466721012,0.0117732277008627
"1039","pacific_herring_juvenile","walleye_pollock_adult",1.94650549289948,2.01453240669541,0.034948225958821,0.0149186244375749
"1040","pacific_sandlance","walleye_pollock_adult",1.86640318875862,1.91380652257064,0.0253982280450036,0.0108925626158472
"1041","pacific_capelin","walleye_pollock_adult",5.19726591880856,5.21837369366949,0.00406132285526262,0.00176023807230824
"1042","shelf_forage_fish","walleye_pollock_adult",1.89695735810742,1.97989149251149,0.0437195565043238,0.0185838210569246
"1043","slope_forage_fish","walleye_pollock_adult",2.43269596500883,2.53147070159326,0.0406029927311826,0.0172850705747876
"1044","pacific_halibut_juvenile","walleye_pollock_adult",2.43269596500883,2.53147070159326,0.0406029927311826,0.0172850705747876
"1045","arrowtooth_flounder_juvenile","walleye_pollock_adult",13.3753359918145,13.7745354571491,0.0298459392406218,0.0127722608779986
"1046","rex_sole_adult","walleye_pollock_adult",2.43269596500883,2.53147070159326,0.0406029927311826,0.0172850705747876
"1047","flathead_sole_juvenile","walleye_pollock_adult",2.43269596500883,2.53147070159326,0.0406029927311826,0.0172850705747876
"1048","shallow_water_flatfish","walleye_pollock_adult",1.87549013440437,1.9354921627101,0.031992718705921,0.0136766331080576
"1049","deep_water_flatfish","walleye_pollock_adult",2.44950832211716,2.54820739938198,0.0402934239388579,0.0171558531681057
"1050","thornyheads","walleye_pollock_adult",2.43269596500883,2.53147070159326,0.0406029927311826,0.0172850705747876
"1051","pacific_cod_juvenile","walleye_pollock_adult",2.25203059954154,2.32516066923865,0.0324729467317204,0.0138786809201509
"1052","walleye_pollock_juvenile","walleye_pollock_adult",1.67617280022542,1.72243458926777,0.0275996538281293,0.011823949291702
"1053","large_sculpins","walleye_pollock_adult",2.43269596500883,2.53147070159326,0.0406029927311826,0.0172850705747876
"1054","shelf_demersal_fish","walleye_pollock_adult",2.27398219342687,2.33174651142418,0.0254022736696367,0.0108942760857362
"1055","slope_demersal_fish","walleye_pollock_adult",2.43269596500883,2.53147070159326,0.0406029927311826,0.0172850705747876
"1056","miscellaneous_deep_sea_fish","walleye_pollock_adult",2.43269596500883,2.53147070159326,0.0406029927311826,0.0172850705747876
"1057","squid","walleye_pollock_adult",2.66723202531382,2.79350455106883,0.0473421601707695,0.0200885861663137
"1058","octopus","walleye_pollock_adult",2.39020543007965,2.52725394045298,0.0573375445677757,0.024213653666356
"1059","tanner_crab","walleye_pollock_adult",1.68237044408816,1.73000386442444,0.0283132769620758,0.0121254431896553
"1060","king_crab","walleye_pollock_adult",2.43269596500883,2.53147070159326,0.0406029927311826,0.0172850705747876
"1061","pandalid_shrimp","walleye_pollock_adult",1.74958321199022,1.82939305726801,0.0456164901050933,0.0193724237549442
"1062","nonpandalid_shrimp","walleye_pollock_adult",3.51265231405654,3.53208011514228,0.00553080673768802,0.00239538074203982
"1063","motile_epifauna","walleye_pollock_adult",1.6468347324733,2.53147070159326,0.5371734951153,0.186722887486035
"1064","benthic_zooplankton","walleye_pollock_adult",2.03086600074278,2.08778188311562,0.0280254247951497,0.01200385562394
"1065","sessile_epifauna","walleye_pollock_adult",2.43269596500883,2.53147070159326,0.0406029927311826,0.0172850705747876
"1066","infauna","walleye_pollock_adult",1.30828729186997,1.33592392206864,0.0211242823884381,0.00907860386033761
"1067","gelatinous_carnivores","walleye_pollock_adult",2.43269596500883,2.53147070159326,0.0406029927311826,0.0172850705747876
"1068","other_gelatinous_zooplankton","walleye_pollock_adult",2.43269596500883,2.53147070159326,0.0406029927311826,0.0172850705747876
"1069","mysids","walleye_pollock_adult",2.09187532020558,2.13336042886184,0.0198315397937696,0.00852843903622408
"1070","pelagic_amphipods","walleye_pollock_adult",2.43269596500883,2.53147070159326,0.0406029927311826,0.0172850705747876
"1071","euphausiids","walleye_pollock_adult",2.89053743264953,3.01335975757067,0.0424911725874322,0.0180723862234462
"1072","large_copepods","walleye_pollock_adult",2.43269596500883,2.53147070159326,0.0406029927311826,0.0172850705747876
"1073","small_copepods","walleye_pollock_adult",2.43269596500883,2.53147070159326,0.0406029927311826,0.0172850705747876
"1074","small_microzooplankton","walleye_pollock_adult",2.43269596500883,2.53147070159326,0.0406029927311826,0.0172850705747876
"1075","macroalgae","walleye_pollock_adult",2.43269596500883,2.53147070159326,0.0406029927311826,0.0172850705747876
"1076","detritus","walleye_pollock_adult",2.43269596500883,2.53147070159326,0.0406029927311826,0.0172850705747876
"1077","pacific_capelin","walleye_pollock_juvenile",1.75614322055286,1.7126077934117,-0.0247903625579373,-0.0109020154831671
"1078","shelf_forage_fish","walleye_pollock_juvenile",1.16158810010552,1.16553258790453,0.003395771529211,0.00147226650895415
"1079","arrowtooth_flounder_juvenile","walleye_pollock_juvenile",3.22943377743639,3.15799599206672,-0.0221208392222779,-0.00971480886253806
"1080","walleye_pollock_juvenile","walleye_pollock_juvenile",1.12181345873788,1.12204051986076,0.000202405418755935,8.78946615951681e-05
"1081","tanner_crab","walleye_pollock_juvenile",1.12292997279271,1.12331919379029,0.000346611994527013,0.000150505594568951
"1082","pandalid_shrimp","walleye_pollock_juvenile",1.13503844525236,1.14010896125625,0.0044672636641494,0.00193578733445227
"1083","nonpandalid_shrimp","walleye_pollock_juvenile",1.45265776570564,1.42774304853574,-0.01715112654755,-0.00751325579088871
"1084","motile_epifauna","walleye_pollock_juvenile",1.11652816553416,1.25871059241973,0.127343340969411,0.0520562038718956
"1085","benthic_zooplankton","walleye_pollock_juvenile",1.18571192601048,1.18375845852716,-0.00164750597549623,-0.0007160927997503
"1086","infauna","walleye_pollock_juvenile",1.05553837908756,1.0567474629426,0.00114546650220615,0.000497185081016963
"1087","gelatinous_carnivores","walleye_pollock_juvenile",1.25810214601852,1.25871059241973,0.000483622417414731,0.000209983774869299
"1088","other_gelatinous_zooplankton","walleye_pollock_juvenile",1.25810214601852,1.25871059241973,0.000483622417414731,0.000209983774869299
"1089","mysids","walleye_pollock_juvenile",1.19670283871287,1.19145801984385,-0.00438272451551869,-0.00190757632369866
"1090","pelagic_amphipods","walleye_pollock_juvenile",1.25810214601852,1.25871059241973,0.000483622417414731,0.000209983774869299
"1091","euphausiids","walleye_pollock_juvenile",1.34058291529576,1.34011587364568,-0.000348386992519822,-0.000151328910461103
"1092","large_copepods","walleye_pollock_juvenile",1.25810214601852,1.25871059241973,0.000483622417414731,0.000209983774869299
"1093","small_copepods","walleye_pollock_juvenile",1.25810214601852,1.25871059241973,0.000483622417414731,0.000209983774869299
"1094","pacific_sandlance","large_sculpins",1.60473625243531,1.59668560529429,-0.005016803931988,-0.0021842538437839
"1095","shelf_forage_fish","large_sculpins",1.62606259807669,1.63983691721433,0.00847096486563648,0.00366339885006381
"1096","arrowtooth_flounder_adult","large_sculpins",3.35100143896289,3.25407942072792,-0.0289232994972876,-0.0127464659833099
"1097","flathead_sole_adult","large_sculpins",2,2,0,0
"1098","shallow_water_flatfish","large_sculpins",1.61107880233262,1.61084561509199,-0.000144739810547412,-6.28642506220821e-05
"1099","thornyheads","large_sculpins",2,2,0,0
"1100","pacific_cod_adult","large_sculpins",1.80463912050554,1.79259262624943,-0.00667529264950151,-0.00290876201892274
"1101","walleye_pollock_adult","large_sculpins",1.4649846129216,1.48017611105139,0.01036973221138,0.00448032752107638
"1102","shelf_demersal_fish","large_sculpins",1.88922020061599,1.86958667249638,-0.0103923979392173,-0.00453697716191073
"1103","slope_demersal_fish","large_sculpins",2,2,0,0
"1104","octopus","large_sculpins",1.97034225267124,1.99724659365936,0.0136546536276374,0.00589001853777827
"1105","tanner_crab","large_sculpins",1.4762841948005,1.47666851456249,0.00026032911775653,0.00011304478553411
"1106","pandalid_shrimp","large_sculpins",1.52319768485256,1.54156638870411,0.0120593039460466,0.00520596173491725
"1107","nonpandalid_shrimp","large_sculpins",2.75379311132565,2.65336503826553,-0.0364689971251235,-0.0161343067886396
"1108","motile_epifauna","large_sculpins",1.45148080839979,2,0.37790316511655,0.139218697736159
"1109","benthic_zooplankton","large_sculpins",1.71952879460816,1.71028579389991,-0.00537531022291271,-0.00234076438706127
"1110","sessile_epifauna","large_sculpins",2,2,0,0
"1111","infauna","large_sculpins",1.21517984233876,1.21934727299658,0.00342947645494296,0.00148685458858334
"1112","mysids","large_sculpins",1.7621123719706,1.74004708525129,-0.0125220656016556,-0.00547260008236879
"1113","pelagic_amphipods","large_sculpins",2,2,0,0
"1114","euphausiids","large_sculpins",2.31956638311456,2.3146577048298,-0.00211620513234678,-0.000920030041414509
"1115","large_copepods","large_sculpins",2,2,0,0
"1116","small_copepods","large_sculpins",2,2,0,0
"1117","small_microzooplankton","large_sculpins",2,2,0,0
"1118","large_phytoplankton","large_sculpins",2,2,0,0
"1119","macroalgae","large_sculpins",2,2,0,0
"1120","detritus","large_sculpins",2,2,0,0
"1121","pacific_herring_adult","lingcod",1.39831987841021,1.4008126135393,0.00178266444436503,0.000773512079694457
"1122","pacific_herring_juvenile","lingcod",1.66064644280173,1.66245629488044,0.0010898479243131,0.000473057206233786
"1123","pacific_sandlance","lingcod",1.60473625243531,1.59668560529429,-0.005016803931988,-0.0021842538437839
"1124","pacific_capelin","lingcod",3.92962779355821,3.7544592849742,-0.0445763613722313,-0.0198040178165347
"1125","shelf_forage_fish","lingcod",1.62606259807669,1.63983691721433,0.00847096486563648,0.00366339885006381
"1126","shallow_water_flatfish","lingcod",1.61107880233262,1.61084561509199,-0.000144739810547412,-6.28642506220821e-05
"1127","slope_rockfish","lingcod",2,2,0,0
"1128","walleye_pollock_adult","lingcod",1.4649846129216,1.48017611105139,0.01036973221138,0.00448032752107638
"1129","walleye_pollock_juvenile","lingcod",1.47195833361704,1.47172602682911,-0.0001578215786604,-6.85464499342305e-05
"1130","squid","lingcod",2.16370260406474,2.17109948574463,0.00341862216461419,0.00148215671593613
"1131","octopus","lingcod",1.97034225267124,1.99724659365936,0.0136546536276374,0.00589001853777827
"1132","pandalid_shrimp","lingcod",1.52319768485256,1.54156638870411,0.0120593039460466,0.00520596173491725
"1133","nonpandalid_shrimp","lingcod",2.75379311132565,2.65336503826553,-0.0364689971251235,-0.0161343067886396
"1134","motile_epifauna","lingcod",1.45148080839979,2,0.37790316511655,0.139218697736159
"1135","benthic_zooplankton","lingcod",1.71952879460816,1.71028579389991,-0.00537531022291271,-0.00234076438706127
"1136","infauna","lingcod",1.21517984233876,1.21934727299658,0.00342947645494296,0.00148685458858334
"1137","euphausiids","lingcod",2.31956638311456,2.3146577048298,-0.00211620513234678,-0.000920030041414509
"1138","pacific_hake","atka_mackerel",2,2,0,0
"1139","pacific_sandlance","atka_mackerel",1.60473625243531,1.59668560529429,-0.005016803931988,-0.0021842538437839
"1140","shallow_water_flatfish","atka_mackerel",1.61107880233262,1.61084561509199,-0.000144739810547412,-6.28642506220821e-05
"1141","shelf_demersal_fish","atka_mackerel",1.88922020061599,1.86958667249638,-0.0103923979392173,-0.00453697716191073
"1142","squid","atka_mackerel",2.16370260406474,2.17109948574463,0.00341862216461419,0.00148215671593613
"1143","pandalid_shrimp","atka_mackerel",1.52319768485256,1.54156638870411,0.0120593039460466,0.00520596173491725
"1144","nonpandalid_shrimp","atka_mackerel",2.75379311132565,2.65336503826553,-0.0364689971251235,-0.0161343067886396
"1145","motile_epifauna","atka_mackerel",1.45148080839979,2,0.37790316511655,0.139218697736159
"1146","benthic_zooplankton","atka_mackerel",1.71952879460816,1.71028579389991,-0.00537531022291271,-0.00234076438706127
"1147","sessile_epifauna","atka_mackerel",2,2,0,0
"1148","infauna","atka_mackerel",1.21517984233876,1.21934727299658,0.00342947645494296,0.00148685458858334
"1149","gelatinous_carnivores","atka_mackerel",2,2,0,0
"1150","other_gelatinous_zooplankton","atka_mackerel",2,2,0,0
"1151","pelagic_amphipods","atka_mackerel",2,2,0,0
"1152","euphausiids","atka_mackerel",2.31956638311456,2.3146577048298,-0.00211620513234678,-0.000920030041414509
"1153","large_copepods","atka_mackerel",2,2,0,0
"1154","small_copepods","atka_mackerel",2,2,0,0
"1155","macroalgae","atka_mackerel",2,2,0,0
"1156","detritus","atka_mackerel",2,2,0,0
"1157","shallow_water_flatfish","shelf_demersal_fish",1.48098413753242,1.47998057013675,-0.000677635479163441,-0.000294393106218358
"1158","deep_water_flatfish","shelf_demersal_fish",1.79634308002102,1.79435135842564,-0.0011087645881972,-0.000481797491768438
"1159","shelf_demersal_fish","shelf_demersal_fish",1.69991105833989,1.68329001066052,-0.00977759842070847,-0.00426725294674414
"1160","slope_demersal_fish","shelf_demersal_fish",1.78710656579218,1.78576412480995,-0.00075118127140561,-0.000326356472867589
"1161","octopus","shelf_demersal_fish",1.7637627581431,1.78360059688645,0.0112474530101956,0.00485744078101053
"1162","pandalid_shrimp","shelf_demersal_fish",1.41181233295471,1.42554343944657,0.00972587232122879,0.00420348437934301
"1163","nonpandalid_shrimp","shelf_demersal_fish",2.38042207296551,2.29915493228408,-0.0341398030224899,-0.01508573080515
"1164","motile_epifauna","shelf_demersal_fish",1.35536350862063,1.78576412480995,0.317553640371604,0.119768305283582
"1165","benthic_zooplankton","shelf_demersal_fish",1.56634583851261,1.5581170952087,-0.00525346516815572,-0.00228756503005868
"1166","sessile_epifauna","shelf_demersal_fish",1.78710656579218,1.78576412480995,-0.00075118127140561,-0.000326356472867589
"1167","infauna","shelf_demersal_fish",1.16936946673096,1.17235521799561,0.00255330017551381,0.00110747092491302
"1168","gelatinous_carnivores","shelf_demersal_fish",1.78710656579218,1.78576412480995,-0.00075118127140561,-0.000326356472867589
"1169","other_gelatinous_zooplankton","shelf_demersal_fish",1.78710656579218,1.78576412480995,-0.00075118127140561,-0.000326356472867589
"1170","mysids","shelf_demersal_fish",1.59986365184951,1.58150245026063,-0.0114767290122791,-0.00501310243266019
"1171","pelagic_amphipods","shelf_demersal_fish",1.78710656579218,1.78576412480995,-0.00075118127140561,-0.000326356472867589
"1172","euphausiids","shelf_demersal_fish",2.03863936414811,2.03301086086024,-0.00276091170751036,-0.00120070700637662
"1173","detritus","shelf_demersal_fish",1.78710656579218,1.78576412480995,-0.00075118127140561,-0.000326356472867589
"1174","slope_forage_fish","slope_demersal_fish",2,2,0,0
"1175","walleye_pollock_adult","slope_demersal_fish",1.4649846129216,1.48017611105139,0.01036973221138,0.00448032752107638
"1176","shelf_demersal_fish","slope_demersal_fish",1.88922020061599,1.86958667249638,-0.0103923979392173,-0.00453697716191073
"1177","squid","slope_demersal_fish",2.16370260406474,2.17109948574463,0.00341862216461419,0.00148215671593613
"1178","octopus","slope_demersal_fish",1.97034225267124,1.99724659365936,0.0136546536276374,0.00589001853777827
"1179","pandalid_shrimp","slope_demersal_fish",1.52319768485256,1.54156638870411,0.0120593039460466,0.00520596173491725
"1180","nonpandalid_shrimp","slope_demersal_fish",2.75379311132565,2.65336503826553,-0.0364689971251235,-0.0161343067886396
"1181","motile_epifauna","slope_demersal_fish",1.45148080839979,2,0.37790316511655,0.139218697736159
"1182","benthic_zooplankton","slope_demersal_fish",1.71952879460816,1.71028579389991,-0.00537531022291271,-0.00234076438706127
"1183","infauna","slope_demersal_fish",1.21517984233876,1.21934727299658,0.00342947645494296,0.00148685458858334
"1184","gelatinous_carnivores","slope_demersal_fish",2,2,0,0
"1185","other_gelatinous_zooplankton","slope_demersal_fish",2,2,0,0
"1186","mysids","slope_demersal_fish",1.7621123719706,1.74004708525129,-0.0125220656016556,-0.00547260008236879
"1187","pelagic_amphipods","slope_demersal_fish",2,2,0,0
"1188","euphausiids","slope_demersal_fish",2.31956638311456,2.3146577048298,-0.00211620513234678,-0.000920030041414509
"1189","large_copepods","slope_demersal_fish",2,2,0,0
"1190","small_copepods","slope_demersal_fish",2,2,0,0
"1191","detritus","slope_demersal_fish",2,2,0,0
"1192","slope_forage_fish","miscellaneous_deep_sea_fish",2,2,0,0
"1193","squid","miscellaneous_deep_sea_fish",2.16370260406474,2.17109948574463,0.00341862216461419,0.00148215671593613
"1194","octopus","miscellaneous_deep_sea_fish",1.97034225267124,1.99724659365936,0.0136546536276374,0.00589001853777827
"1195","pandalid_shrimp","miscellaneous_deep_sea_fish",1.52319768485256,1.54156638870411,0.0120593039460466,0.00520596173491725
"1196","nonpandalid_shrimp","miscellaneous_deep_sea_fish",2.75379311132565,2.65336503826553,-0.0364689971251235,-0.0161343067886396
"1197","infauna","miscellaneous_deep_sea_fish",1.21517984233876,1.21934727299658,0.00342947645494296,0.00148685458858334
"1198","pacific_hake","squid",2.06532610926589,1.98901686214331,-0.0369477956920367,-0.0163501703745562
"1199","pacific_sandlance","squid",1.64424131893894,1.59013212503424,-0.0329083044450103,-0.0145323459939694
"1200","pacific_capelin","squid",4.12100897890859,3.72420667892668,-0.0962876572249066,-0.0439697861463357
"1201","shelf_forage_fish","squid",1.66696083176594,1.63280950014676,-0.0204871830029746,-0.00898987685692785
"1202","miscellaneous_deep_sea_fish","squid",2.06532610926589,1.98901686214331,-0.0369477956920367,-0.0163501703745562
"1203","other_gelatinous_zooplankton","squid",2.06532610926589,1.98901686214331,-0.0369477956920367,-0.0163501703745562
"1204","mysids","squid",1.81189820805484,1.73191904609353,-0.0441410900489627,-0.0196062072549985
"1205","pelagic_amphipods","squid",2.06532610926589,1.98901686214331,-0.0369477956920367,-0.0163501703745562
"1206","euphausiids","squid",2.40576852084151,2.30021863802329,-0.0438736652773627,-0.0194847198076334
"1207","large_copepods","squid",2.06532610926589,1.98901686214331,-0.0369477956920367,-0.0163501703745562
"1208","large_microzooplankton","squid",2.06532610926589,3.64462284935342,0.764671851579351,0.246663958280231
"1209","motile_epifauna","octopus",1.46094734106664,2.02996565541729,0.38948584822723,0.142854127890561
"1210","infauna","octopus",1.21969167754603,1.22592015779592,0.00510660223772086,0.00221212574494747
"1211","motile_epifauna","tanner_crab",1.42455920779924,1.9370793979628,0.359774579643718,0.133466917979691
"1212","benthic_zooplankton","tanner_crab",1.67662361133427,1.66559418412926,-0.00657835612623658,-0.00286638217797696
"1213","sessile_epifauna","tanner_crab",1.9403704429963,1.9370793979628,-0.00169609109713109,-0.000737228384422601
"1214","infauna","tanner_crab",1.20234876366397,1.20554581052442,0.00265900124578033,0.00115325699111459
"1215","discards","tanner_crab",1.9403704429963,1.9370793979628,-0.00169609109713109,-0.000737228384422601
"1216","offal","tanner_crab",1.4769042156098,1.47706656933064,0.000109928402346471,4.77386746734655e-05
"1217","detritus","tanner_crab",1.9403704429963,1.9370793979628,-0.00169609109713109,-0.000737228384422601
"1218","motile_epifauna","king_crab",1.45148080839979,2,0.37790316511655,0.139218697736159
"1219","benthic_zooplankton","king_crab",1.71952879460816,1.71028579389991,-0.00537531022291271,-0.00234076438706127
"1220","sessile_epifauna","king_crab",2,2,0,0
"1221","infauna","king_crab",1.21517984233876,1.21934727299658,0.00342947645494296,0.00148685458858334
"1222","discards","king_crab",2,2,0,0
"1223","offal","king_crab",1.50714505029554,1.50909941075193,0.00129673016941001,0.0005627979373713
"1224","detritus","king_crab",2,2,0,0
"1225","benthic_zooplankton","pandalid_shrimp",1.67547353032479,1.66183809570783,-0.00813825725692829,-0.003548860656723
"1226","infauna","pandalid_shrimp",1.20200482433569,1.20438587214546,0.00198089704929783,0.000859441705715111
"1227","euphausiids","pandalid_shrimp",2.23877205468297,2.22498656082483,-0.00615761387109637,-0.00268248508158467
"1228","detritus","pandalid_shrimp",1.93877206219751,1.93179126119633,-0.00360063007781697,-0.00156655576359774
"1229","benthic_zooplankton","nonpandalid_shrimp",2.04019880552794,1.95358179849306,-0.0424551797600273,-0.0188408886623864
"1230","infauna","nonpandalid_shrimp",1.31107832883375,1.29448085386894,-0.0126594076034848,-0.00553300753025815
"1231","euphausiids","nonpandalid_shrimp",2.90765315553228,2.76497076154533,-0.0490713253454838,-0.0218520565280275
"1232","detritus","nonpandalid_shrimp",2.4456666825883,2.34253255053477,-0.0421701504901673,-0.0187116328651266
"1233","tanner_crab","motile_epifauna",1.49753690190577,1.47666851456249,-0.0139351406410877,-0.00609451798448403
"1234","pandalid_shrimp","motile_epifauna",1.54654376115682,1.54156638870411,-0.00321838448915523,-0.00139998067268923
"1235","nonpandalid_shrimp","motile_epifauna",2.83205069729037,2.65336503826553,-0.0630940890979813,-0.0283040210949335
"1236","motile_epifauna","motile_epifauna",1.47162674120486,2,0.359040267481509,0.133232324786901
"1237","benthic_zooplankton","motile_epifauna",1.75163553863316,1.71028579389991,-0.0236063632081334,-0.0103750595653616
"1238","sessile_epifauna","motile_epifauna",2.04462190292535,2,-0.0218240364448341,-0.00958301318066471
"1239","infauna","motile_epifauna",1.22478157637509,1.21934727299658,-0.00443695715491854,-0.00193123358448957
"1240","macroalgae","motile_epifauna",2.04462190292535,2,-0.0218240364448341,-0.00958301318066471
"1241","discards","motile_epifauna",2.04462190292535,2,-0.0218240364448341,-0.00958301318066471
"1242","offal","motile_epifauna",1.5297748274989,1.50909941075193,-0.0135153333518808,-0.00590966078367442
"1243","detritus","motile_epifauna",2.04462190292535,2,-0.0218240364448341,-0.00958301318066471
"1244","benthic_microbes","benthic_zooplankton",1.98853416426741,1.98960177105369,0.000536881289474378,0.000233102012998803
"1245","detritus","benthic_zooplankton",1.98853416426741,1.98960177105369,0.000536881289474378,0.000233102012998803
"1246","benthic_zooplankton","sessile_epifauna",1.71952879460816,1.71028579389991,-0.00537531022291271,-0.00234076438706127
"1247","benthic_microbes","sessile_epifauna",2,2,0,0
"1248","detritus","sessile_epifauna",2,2,0,0
"1249","benthic_zooplankton","infauna",1.7043797116224,1.6954760018189,-0.00522401771318226,-0.00227470881245675
"1250","benthic_microbes","infauna",1.97894582802067,1.97914953078296,0.000102934986597969,4.4701796024364e-05
"1251","detritus","infauna",1.97894582802067,1.97914953078296,0.000102934986597969,4.4701796024364e-05
"1252","pacific_herring_juvenile","gelatinous_carnivores",1.66064644280173,1.66245629488044,0.0010898479243131,0.000473057206233786
"1253","pacific_sandlance","gelatinous_carnivores",1.60473625243531,1.59668560529429,-0.005016803931988,-0.0021842538437839
"1254","pacific_capelin","gelatinous_carnivores",3.92962779355821,3.7544592849742,-0.0445763613722313,-0.0198040178165347
"1255","shelf_forage_fish","gelatinous_carnivores",1.62606259807669,1.63983691721433,0.00847096486563648,0.00366339885006381
"1256","pacific_cod_adult","gelatinous_carnivores",1.80463912050554,1.79259262624943,-0.00667529264950151,-0.00290876201892274
"1257","miscellaneous_deep_sea_fish","gelatinous_carnivores",2,2,0,0
"1258","squid","gelatinous_carnivores",2.16370260406474,2.17109948574463,0.00341862216461419,0.00148215671593613
"1259","other_gelatinous_zooplankton","gelatinous_carnivores",2,2,0,0
"1260","euphausiids","gelatinous_carnivores",2.31956638311456,2.3146577048298,-0.00211620513234678,-0.000920030041414509
"1261","large_copepods","gelatinous_carnivores",2,2,0,0
"1262","large_microzooplankton","gelatinous_carnivores",2,3.67399166847594,0.836995834237969,0.264108171455773
"1263","small_microzooplankton","gelatinous_carnivores",2,2,0,0
"1264","large_phytoplankton","gelatinous_carnivores",2,2,0,0
"1265","small_phytoplankton","gelatinous_carnivores",2,2,0,0
"1266","large_copepods","other_gelatinous_zooplankton",2,2,0,0
"1267","small_microzooplankton","other_gelatinous_zooplankton",2,2,0,0
"1268","large_phytoplankton","other_gelatinous_zooplankton",2,2,0,0
"1269","small_phytoplankton","other_gelatinous_zooplankton",2,2,0,0
"1270","large_copepods","mysids",1.93003361492156,1.90467897962959,-0.0131368879256555,-0.00574308420340984
"1271","small_microzooplankton","mysids",1.93003361492156,1.90467897962959,-0.0131368879256555,-0.00574308420340984
"1272","large_phytoplankton","mysids",1.93003361492156,1.90467897962959,-0.0131368879256555,-0.00574308420340984
"1273","small_phytoplankton","mysids",1.93003361492156,1.90467897962959,-0.0131368879256555,-0.00574308420340984
"1274","large_copepods","pelagic_amphipods",2,2,0,0
"1275","small_microzooplankton","pelagic_amphipods",2,2,0,0
"1276","large_phytoplankton","pelagic_amphipods",2,2,0,0
"1277","small_phytoplankton","pelagic_amphipods",2,2,0,0
"1278","small_copepods","euphausiids",7.3423373036216,6.81418093276183,-0.0719330029416198,-0.0324206709767219
"1279","large_microzooplankton","euphausiids",7.3423373036216,16.5470713732168,1.25365175814723,0.352886808249819
"1280","large_phytoplankton","euphausiids",7.3423373036216,6.81418093276183,-0.0719330029416198,-0.0324206709767219
"1281","large_microzooplankton","large_copepods",2,3.67399166847594,0.836995834237969,0.264108171455773
"1282","small_microzooplankton","large_copepods",2,2,0,0
"1283","large_phytoplankton","large_copepods",2,2,0,0
"1284","small_phytoplankton","large_copepods",2,2,0,0
"1285","large_microzooplankton","small_copepods",2,3.67399166847594,0.836995834237969,0.264108171455773
"1286","small_microzooplankton","small_copepods",2,2,0,0
"1287","large_phytoplankton","small_copepods",2,2,0,0
"1288","small_phytoplankton","small_copepods",2,2,0,0
"1289","small_microzooplankton","large_microzooplankton",2,1.69497971031079,-0.152510144844606,-0.0718654917991007
"1290","large_phytoplankton","large_microzooplankton",2,1.69497971031079,-0.152510144844606,-0.0718654917991007
"1291","small_phytoplankton","large_microzooplankton",2,1.69497971031079,-0.152510144844606,-0.0718654917991007
"1292","small_phytoplankton","small_microzooplankton",2,2,0,0
"1293","detritus","benthic_microbes",2,2,0,0
