"","arrowtooth_flounder_juvenile","arrowtooth_flounder_adult","atka_mackerel","flathead_sole_adult","octopus","pacific_cod_juvenile","pacific_cod_adult","pacific_ocean_perch_adult","walleye_pollock_juvenile","walleye_pollock_adult","sablefish_adult","pacific_sleeper_shark","pacific_herring_adult","pacific_halibut_juvenile","pacific_halibut_adult","squid","pacific_capelin","pacific_sandlance"
"1",1.02554245155022,1.01204272652671,0.92214068051401,0.955586128647008,0.953565272425023,0.99603887554328,0.995606759959172,0.942351351974314,0.948449300054934,0.963011704101113,0.999683256796067,0.935132037865347,0.948193654056479,0.999167948075256,0.9993538198125,0.983155281259493,0.942554234894803,0.977993565313491
"2",1.04008767384467,1.02639648283056,0.910965514012206,0.944005646058936,0.943305255054538,1.00194282890199,1.00150815198185,0.93093125796475,0.943844171832819,0.958335869160304,1.00527189034731,0.925057029596935,0.937856126665294,1.00563421226681,1.00582128690069,0.976829572688351,0.931131682203538,0.968340223118912
"3",1.04112893581666,1.02742403815367,0.910185966002238,0.94319782434509,0.942588689735832,1.0024020724453,1.00196719628968,0.930134624504536,0.943579171101658,0.958066799632087,1.00567968262921,0.924353394541729,0.937134241410986,1.00612815438271,1.00631532090292,0.976385658422959,0.930334877232643,0.967665466923339
"4",1.03287397889933,1.01927774533726,0.916439123459183,0.949677779792638,0.94833347291374,0.998891485496774,0.998458132353323,0.936524833187636,0.94590822200158,0.960431610567096,1.00247392434317,0.929994548050779,0.942922019817443,1.00232228541221,1.00250874393986,0.979936692848434,0.936726461691558,0.973072987803283
"5",1.01591020545459,1.00253727447403,0.929864442355896,0.963590026352686,0.960643349949453,0.992713402830681,0.992282729949883,0.950244396460727,0.952562115384058,0.967187667221676,0.996109805782056,0.942082623075268,0.955326636158054,0.995387818970519,0.995572987503498,0.987487216306151,0.950448978709088,0.98464453577222
"6",0.998596824632951,0.985451798289553,0.944515304946004,0.978772266285987,0.974040684952863,0.988150759638792,0.987722066187991,0.965216363820071,0.962658605816797,0.977439178247631,0.990010973972668,0.955238944901853,0.968831003576683,0.989834920241756,0.990019055788303,0.9956196368573,0.965424169448392,0.997214951969216
"7",0.987291388196575,0.974295180932222,0.954715648469825,0.989342569694968,0.983346625691885,0.986361996196545,0.985934078772241,0.975640269535755,0.971638483101557,0.986556931749178,0.986311842584298,0.964377702049193,0.978213617911359,0.98727507435973,0.987458733707054,1.00122024425271,0.975850319372067,1.00593276626402
"8",0.977725482719711,0.964855196223771,0.963818961723879,0.998776054253369,0.991637080360395,0.985755789876141,0.985328135444783,0.984943101233432,0.981148120971907,0.996212579732027,0.983404460633319,0.97251936870565,0.98657394158061,0.985938119353306,0.986121529991541,1.00617878748077,0.985155153916835,1.01369013341455
"9",0.965679464414379,0.952967745644724,0.97602406319693,1.01142382689027,1.00273108763962,0.986447196451792,0.986019242064716,0.997415703426519,0.996338112096648,1.01163579659504,0.980107816949898,0.983414491646165,0.997763694488125,0.985608791403398,0.985792140777899,1.01277179512075,0.997630441390686,1.02405774556825
"10",0.965881614229901,0.953167234461747,0.975811485904255,1.0112035395562,1.00253806871334,0.986420156449129,0.985992213792927,0.997198467051003,0.996047985693727,1.01134121561779,0.980159228501874,0.983224930897096,0.997568988030436,0.985599772422471,0.985783120119203,1.01265748058678,0.997413158245406,1.02387748973599
"11",0.970171996105462,0.957401139908196,0.971365251786401,1.00659604339263,0.998499243078706,0.985977185577992,0.985549435097639,0.992654784269523,0.990192469310032,1.00539579416961,0.981283656439587,0.979258482960584,0.993495027122147,0.985532240056274,0.985715575190195,1.01026236499577,0.992868497234701,1.02010471799945
"12",0.989069446323466,0.976049833596227,0.953073701998731,0.987641070883655,0.98184983083601,0.986571464838594,0.98614345653966,0.973962336320573,0.970077286798677,0.984971764980658,0.986876147169973,0.962907785196095,0.976704364400411,0.98761244863297,0.987796170740856,1.00032196360587,0.974172024907347,1.00453130814813
"13",1.0023104296751,0.989116519302724,0.941280888759777,0.97542053990937,0.971086193841003,0.988958186406622,0.988529142666593,0.961911058533853,0.960156668410911,0.974898826323013,0.991278969228431,0.952337570477536,0.965852564932326,0.990873943660046,0.991058272492504,0.99383345914853,0.962118152548626,0.994444856152109
"14",1.01761969014335,1.00422425636615,0.928473152837975,0.962148275660681,0.959369151559926,0.993266162167912,0.99283524948129,0.948822613878194,0.951762371662656,0.966375644308119,0.996735614389878,0.940831367605732,0.954042468806814,0.996026185955084,0.996211473241251,0.986709244567599,0.9490268900248,0.983447732754192
"15",1.02604347158299,1.01253715138376,0.921746362931504,0.955177509419934,0.953203632410025,0.996225360951687,0.995793164463858,0.941948392084534,0.948260332265005,0.962819834916973,0.999872127963215,0.934776914849058,0.947829239918182,0.999376257573231,0.999562168061567,0.982933262576302,0.942151188250037,0.977653561522848
"16",1.01933768538961,1.00591963678707,0.927084081844718,0.9607088239578,0.958096643051749,0.993838405777444,0.993407244832056,0.947403098444004,0.950990079916037,0.965591494864462,0.997368315849978,0.939581775209973,0.952760041650849,0.996682309759251,0.996867719101847,0.985931495115282,0.94760706897696,0.982252295828868
"17",1.00418444399906,0.990965865044685,0.939668769375295,0.973749949993876,0.969612927247682,0.989403272502218,0.988974035668683,0.960263606129234,0.958969040414468,0.973692963594635,0.991927765000458,0.950890797719723,0.96436742890172,0.991431878031796,0.991616310654844,0.992941274146258,0.960470345456814,0.993063113026625
"18",0.984646554529862,0.971685162525648,0.957185989333058,0.991902508229097,0.985597737657024,0.986104180587732,0.985676375012619,0.978164753165528,0.974074225690478,0.989030072507648,0.985485657542895,0.966588399491598,0.980483557321922,0.986822402409606,0.987005977547941,1.00256943811247,0.978375346508899,1.00803996873748
"19",0.974127557748386,0.961304632527149,0.967370935462293,1.00245685578991,0.994868196292655,0.985777405544344,0.985349741735374,0.988572924020023,0.985268838921098,1.00039656680876,0.982373162250763,0.975692534211757,0.989832679893199,0.98566640170593,0.985849761797476,1.00810384562894,0.988785758183758,1.01671120811585
"20",0.963868985797917,0.951181099258167,0.97794083266799,1.01341011635462,1.00447117444825,0.986715291686439,0.98628722099052,0.999374482971382,0.998996946541197,1.01433545454114,0.979653975977695,0.985123405949959,0.999519028990519,0.985714188853454,0.985897557834676,1.01380174495663,0.999589642649715,1.02568257455314
"21",0.965275755220618,0.952569350675739,0.976449454677167,1.01186464704532,1.00311731873459,0.98650291918494,0.986074940623445,0.997850418264494,0.996921521493007,1.01222816360606,0.980005582598934,0.983793803147012,0.998153304625988,0.985628437001277,0.985811790030381,1.01300049803466,0.99806524982031,1.0244184245691
"22",0.970791921051884,0.958012904474423,0.970732807285484,1.0059406605373,0.997924489786131,0.985933106373344,0.985505375016051,0.992008478404178,0.989391990489668,1.00458302487045,0.981451180760976,0.97869403217719,0.992915301142021,0.985541279739323,0.985724616554864,1.00992102967626,0.992222052223357,1.01956766897477
"23",0.980082840433645,0.96718152286642,0.961531230790731,0.996405348793792,0.989554912149729,0.9858190209747,0.985391339111538,0.98260522981819,0.97861857151012,0.993644191798521,0.984099539878864,0.970474555680654,0.9844740890101,0.986188090324177,0.986371547463642,1.00493607043823,0.98281677917109,1.01174264656548
"24",0.997905656549726,0.984769728395345,0.945123301292758,0.979402314268364,0.974595862497455,0.988011791873399,0.987583158711547,0.96583768569803,0.963146960981809,0.977935031573305,0.989777673575334,0.955784143394144,0.969390702523052,0.989651672434188,0.989835773891783,0.995954833637317,0.966045625093439,0.997735353419088
"25",1.01420925859855,1.00085871802689,0.9312579872969,0.965034114270516,0.961919271572093,0.99218028523107,0.991749843634842,0.951668483898731,0.953389770398934,0.96802802997616,0.995490955670283,0.943335574370603,0.956612577329197,0.994767387004445,0.994952440120623,0.988265434040845,0.951873372745069,0.985842736332124
"26",1.03261878993867,1.01902591555573,0.916635166551737,0.949880933241804,0.948513461867463,0.998787855243359,0.998354547058241,0.936725172980921,0.945988867723301,0.960513494515873,1.00237585493049,0.930171291435838,0.943103368512843,1.00220878342079,1.00239522083405,0.980047661887158,0.936926844616869,0.973242333922834
"27",1.03007621733588,1.01651681209987,0.918597775500405,0.951914724752075,0.950314964954185,0.997772103756296,0.997339236238764,0.938730796672897,0.946822369651063,0.961359793956212,1.00140232988197,0.931940313851054,0.944918523293061,1.00109220532728,1.0012784350274,0.981157397532906,0.938932900108291,0.974937060678396
"28",1.01958380644661,1.00616251803027,0.926885822112801,0.96050337347319,0.957914992151543,0.993921736374836,0.993490539277797,0.947200493428997,0.950881967227039,0.965481722223098,0.997459260664078,0.939403395886279,0.952576977892654,0.996777481039587,0.996962908086565,0.985820404828147,0.947404420342237,0.982081628831726
"29",1.00371486859747,0.990502470897503,0.940071486682589,0.974167273598341,0.969981000147259,0.98928943915215,0.988860251703398,0.96067514984161,0.959262061966033,0.973990484172377,0.991764650584826,0.951252251103835,0.964738462684695,0.991290020354851,0.991474426588609,0.99316426731812,0.960881977772226,0.99340834688882
"30",0.987069963765395,0.974076671220887,0.954921167627255,0.989555542899775,0.983533944865508,0.986337916254251,0.985910009276646,0.975850293082003,0.971837120195813,0.986758618699262,0.986242060689293,0.964561657854175,0.978402499624901,0.987234892105784,0.987418543978142,1.00133259436292,0.976060388135197,1.0061081345784
"31",0.977086550002049,0.964224674095045,0.964444318161394,0.999424091965811,0.992206096459001,0.985749000889837,0.985321349403772,0.985582163685411,0.981856399262992,0.996931732863393,0.98321865404563,0.97307817789763,0.987147806296616,0.985879971093028,0.986063370914144,1.00651809753963,0.985794353955348,1.014222251861
"32",0.970171996105462,0.957401139908196,0.971365251786401,1.00659604339263,0.998499243078706,0.985977185577992,0.985549435097639,0.992654784269523,0.990192469310032,1.00539579416961,0.981283656439587,0.979258482960584,0.993495027122147,0.985532240056274,0.985715575190195,1.01026236499577,0.992868497234701,1.02010471799945
"33",0.970998950326723,0.958217208520015,0.97052214115581,1.00572235368288,0.997733026103036,0.985919466061052,0.985491740621392,0.991793195078859,0.989127115132138,1.00431408264084,0.981507400268274,0.978506000646718,0.992722182456749,0.98554531456524,0.985728652131366,1.00980729529098,0.992006722548754,1.01938875672684
"34",0.974969160288473,0.962135156634693,0.96653335161365,1.00158889331493,0.994106458820193,0.985759124877745,0.985331468999549,0.987716982742472,0.984275619871276,0.999388097964241,0.982611076734342,0.974944456677786,0.989064410804874,0.985717631317287,0.985901000938899,1.00765037956232,0.987929632626887,1.0159991016022
"35",0.984646554529862,0.971685162525648,0.957185989333058,0.991902508229097,0.985597737657024,0.986104180587732,0.985676375012619,0.978164753165528,0.974074225690478,0.989030072507648,0.985485657542895,0.966588399491598,0.980483557321922,0.986822402409606,0.987005977547941,1.00256943811247,0.978375346508899,1.00803996873748
"36",0.997675628606856,0.984542728424619,0.945326076768917,0.979612444280348,0.974781008167204,0.987966348739169,0.987537735292096,0.966044905429404,0.963311119694167,0.97810171076356,0.989700221890746,0.955965961304939,0.969577357533224,0.989591410315937,0.989775500563179,0.996066587200428,0.966252889438051,0.997908892785809
"37",1.00749140731096,0.994229297154828,0.936855481924901,0.97083462642091,0.967040876826654,0.990247491176924,0.989817888092578,0.95738865950949,0.95698909585517,0.971682619147162,0.993086482144718,0.948365011910474,0.961774772378482,0.992468702061162,0.992653327560977,0.991381250191371,0.957594779877311,0.990650160572743
"38",1.01688601015658,1.00350023417372,0.929069145981156,0.962765885091028,0.959915027727499,0.993026870368228,0.992596061494538,0.94943166947688,0.952101730979712,0.966720214117176,0.996466562869093,0.941367414410623,0.954592611209925,0.995750415491459,0.995935651477007,0.987042632432875,0.949636076749715,0.983960479234221
"39",1.03312933697463,1.0195297420073,0.916243119596862,0.949474666996561,0.948153512960127,0.998995487855998,0.998562089592782,0.936324533484398,0.945828063656796,0.960350221478398,1.00257212341427,0.929817833217648,0.94274070110652,1.00243612096257,1.00262260066665,0.979825724386158,0.936526118864926,0.972903664374341
"40",1.02906394155551,1.01551786140874,0.919383940974885,0.952729403941606,0.951036399542397,0.997376320344459,0.99694362453125,0.939534192633413,0.947169692740613,0.9617124498128,1.00101659383309,0.932648743236027,0.945645446278738,1.00065502447442,1.00084117284731,0.981601323521989,0.939736469035417,0.975615606951245
"41",1.01299953909037,0.999664922657867,0.932254778179981,0.966067058116462,0.96283171795681,0.991811601313399,0.99138131966481,0.952687121571004,0.953998301377335,0.968645904283701,0.995053216964335,0.944231596261563,0.957532211660905,0.994335302509844,0.994520275246847,0.988821467755869,0.952892229724276,0.986699467189326
"42",0.99356614349365,0.980487338506529,0.948985608799296,0.983404705178784,0.978121173455695,0.987224294462558,0.986796002943901,0.969784643876361,0.966385700109886,0.981223498006552,0.988333313903313,0.959246103879337,0.972944880997399,0.988577677863237,0.988761579529358,0.998080074297747,0.96999343302956,1.00103891489625
"43",0.98137830787464,0.968459937425592,0.960286794602235,0.995115777706818,0.988421932942475,0.985878653714613,0.985450945980738,0.981333519167684,0.977282658289657,0.992287767088318,0.984487717503704,0.96936190644157,0.983331525464501,0.986348495096476,0.986531982075482,1.00425913302443,0.981544794728467,1.01068272936065
"44",0.973707907255615,0.960890506102397,0.967790155110772,1.00289128026484,0.995249411111442,0.985789620283925,0.985361951175784,0.989001331757439,0.985771005736603,1.00090644384775,0.982255310117191,0.976066913295931,0.990217168020708,0.985643753120296,0.985827108998604,1.00833070036171,0.989214258154939,1.0170675586929
"45",0.970171996105462,0.957401139908196,0.971365251786401,1.00659604339263,0.998499243078706,0.985977185577992,0.985549435097639,0.992654784269523,0.990192469310032,1.00539579416961,0.981283656439587,0.979258482960584,0.993495027122147,0.985532240056274,0.985715575190195,1.01026236499577,0.992868497234701,1.02010471799945
"46",0.967709796788133,0.954971351744289,0.973901809143889,1.00922460005058,1.00080376680138,0.986201278027007,0.985773430327719,0.995246935668652,0.993483612804166,1.00873746958077,0.980630709979426,0.981521704517751,0.995819557684152,0.985542527063453,0.98572586411103,1.01162973821463,0.995461206709378,1.02225766941288
"47",0.988178938005768,0.975171047482131,0.953894186792255,0.988491314131811,0.982597839216549,0.986462999412812,0.986035038169873,0.974800803780897,0.97085171308417,0.985758081736704,0.986592653779519,0.963642360976825,0.977458592867113,0.987440234587974,0.98762392465948,1.00077098948744,0.975010672884976,1.00523170807098
"48",1.01107310316973,0.997763845370765,0.933852111629102,0.967722325820251,0.964293528186057,0.991242870403368,0.990812835489616,0.954319463975088,0.955002508546959,0.969665529958615,0.994360351251187,0.94566709700659,0.959005576848934,0.99366336183612,0.993848209574337,0.98971143036709,0.954524923562455,0.988071783050363
"49",1.01884596275756,1.00543438694443,0.927480735017839,0.961119863485854,0.958460046397661,0.993672928473514,0.993241839317816,0.947808445113828,0.951207959821178,0.965812720077794,0.997186844447549,0.939938633796062,0.953126273777665,0.996493044144695,0.996678418278868,0.986153687932496,0.94801250291563,0.98259371165322
"50",1.02679628452675,1.01328005467656,0.92115519977911,0.954564905161027,0.952661407165841,0.996507959629787,0.996075640541026,0.94134427233614,0.947980761004529,0.962535971144863,1.00015644219617,0.934244461429746,0.947282861001387,0.999691313478164,0.999877282575253,0.98260025144336,0.941546938438075,0.977143742378666
"51",1.03646434925859,1.02282085386694,0.913698597857861,0.946837857094113,0.945816634766299,1.00038120685705,0.999947207421739,0.933724243147419,0.944829872253353,0.95933670393519,1.00386043274895,0.927523101488852,0.940386248369932,1.00394614164995,1.00413290225792,0.978383159121268,0.933925268700133,0.97070448878912
"52",1.03185423845593,1.01827142824418,0.917223532132288,0.95049063846274,0.949053603568717,0.998479200973394,0.998046026693009,0.937326433842743,0.946233739950039,0.960762126488446,1.00208242635906,0.930701693726854,0.943647595351496,1.00187028314622,1.00205665758946,0.980380573076031,0.937528234926757,0.973750509220899
"53",1.01396696476275,1.00061961362528,0.93145725144253,0.965240605598276,0.962101688731457,0.992105738303919,0.991675329048687,0.95187211534131,0.95351031260373,0.968150422974975,0.99540312041709,0.9435147077819,0.956796429998431,0.994680228505483,0.994865265407869,0.988376629481075,0.952077048028347,0.98601402378224
"54",0.994019842182416,0.980935064933949,0.948578086202745,0.982982402000317,0.977749327314666,0.987299587658034,0.986871263474625,0.969368189556608,0.966032710155669,0.980865088276774,0.988482625006398,0.958880938636521,0.9725699771741,0.988683611622855,0.988867532995465,0.997856166170459,0.969576889049546,1.00069053375995
"55",0.980513909028047,0.967606917090657,0.961116153517625,0.995975216935521,0.989177039282267,0.985836939132963,0.985409249496294,0.982181055245101,0.978169871091877,0.993188602074982,0.984228227632234,0.970103463000927,0.984093016551936,0.986239686406162,0.986423153143866,1.00471035502578,0.982392513275612,1.01138915894005
"56",0.972662144819447,0.95985850955696,0.968839462904552,1.00397864577599,0.996203467370739,0.985829174852192,0.985401488583933,0.990073637360045,0.987042808661358,1.00219777391861,0.981963920710826,0.977003863229445,0.991179429537334,0.985595842608605,0.985779189574288,1.00889819852093,0.990286794618881,1.01795931140266
"57",0.962870085098824,0.950195347585468,0.979008518548036,1.01451652651338,1.00544018766326,0.986883630592273,0.986455486865204,1.00046556945505,1.00051176205811,1.01587352839733,0.979408788728421,0.986075062537656,1.00049656009814,0.985791774645258,0.985975158059496,1.0143748286821,1.00068096403813,1.02658724999082
"58",0.958729093746767,0.946108866160808,0.983515387842095,1.01918685705191,1.00952852790501,0.987744919597645,0.987316402214075,1.00507121636139,1.00717907207524,1.02264320768435,0.97843417330012,0.990090194280704,1.00462104839619,0.98626962462477,0.986453096931777,1.01678906987332,1.00528760251423,1.03040294344166
"59",0.968527411652354,0.955778203937666,0.973055074004242,1.00834715437317,1.00003460310325,0.986118037564736,0.985690225977995,0.994381642530119,0.992370524256268,1.00760729077284,0.980845292810873,0.980766324753898,0.99504370429343,0.985530782546882,0.985714117409667,1.01117357982318,0.994595727278122,1.02153916479949
"60",0.990186732386732,0.977152412267708,0.952049455578679,0.986579675706107,0.980915901955689,0.986717477405792,0.986289405761633,0.972915641364926,0.969126408668714,0.984006287154616,0.987234262367416,0.961990629285537,0.975762686278603,0.987837563040873,0.988021327026008,0.999760994653455,0.973125104604191,1.00365672218437
"61",1.00512573422661,0.991894764601114,0.938863953936817,0.972915944418174,0.968877263649411,0.989636037222178,0.98920669940738,0.959441151451151,0.958390690238252,0.973105733482564,0.992255814643881,0.950168365360413,0.963625856441145,0.991720312355122,0.991904798634604,0.992495390286888,0.959647713708887,0.992373044169817
"62",1.02155899842231,1.00811170957224,0.925301334997701,0.958861418031679,0.956462991028681,0.994602529309321,0.994171036861124,0.945581278913628,0.950036750781668,0.964623528401516,0.998191813174006,0.937977548318328,0.951113710585144,0.997551708466487,0.9977372795403,0.984931820532929,0.945784857219134,0.980717263046781
"63",1.02504211642324,1.01154897755969,0.922535166065712,0.955994921935411,0.953927038488518,0.995853924974609,0.995421889628355,0.942754483514692,0.94864034842323,0.96320568580863,0.999494924628379,0.935487284956069,0.948558198256259,0.998961025163967,0.999146858408062,0.983377309554062,0.942957453227124,0.978333669381397
"64",1.01566668968167,1.00229696422026,0.93006338124894,0.963796180631159,0.960825518178219,0.99263603690725,0.992205397590424,0.95044769552212,0.952678632106491,0.967305972931238,0.996020971051624,0.942261511520811,0.955510232647282,0.995298083569056,0.99548323540887,0.987598374650373,0.95065232153962,0.984815620977306
"65",0.998135865263096,0.984996906756998,0.944920580917434,0.979192241355687,0.974410760149826,0.988057675116684,0.987629022049119,0.965630522275142,0.962983490285311,0.977769050962642,0.989855282964647,0.955602368099981,0.969204091938973,0.989712345231392,0.989896457975736,0.995843090779234,0.965838417069438,0.997561850233795
"66",0.981811636412078,0.968887561844111,0.959872510413103,0.994686467697166,0.988044697217571,0.985902438685802,0.985474720633197,0.980910155060689,0.97684410743021,0.991842482758974,0.984618515503533,0.968991440349368,0.982951104559024,0.986405694390685,0.986589192010277,1.00403362494748,0.981121339473572,1.01032978531288
"67",0.96955381797108,0.956791099159856,0.971998369267904,1.00725212363713,0.999074543081744,0.98602601963513,0.9855982479689,0.993301777865251,0.991001789509121,1.00621754059722,0.98111783941942,0.979823471318337,0.994075311372156,0.985527818139075,0.985711152450402,1.01060390071605,0.993515630124494,1.02064223853933
"68",0.963069468665246,0.950392106566904,0.978794818859921,1.01429507607532,1.00524625219094,0.986848846465051,0.986420717828521,1.00024718608441,1.00020661594649,1.01556369710015,0.979457426574222,0.985884600621125,1.00030091834657,0.985775160505382,0.985958540828949,1.01426016016736,1.00046253365079,1.02640619965716
"69",0.956595354890084,0.944003214769246,0.985891141463997,1.02164877772643,1.01168234789332,0.988297620515587,0.987868863351536,1.00749903966956,1.0108761562647,1.02639705656725,0.977959918897842,0.992205459790397,1.00679404826348,0.986620425371354,0.986803962936603,1.01805861775656,1.00771594851903,1.0324123516951
"70",0.959707038005138,0.947073937252831,0.982438956636786,1.01807138438058,1.00855235518923,0.987516980731623,0.987088562235695,1.00397119288009,1.00554590331508,1.02098496340001,0.978658052677099,0.989131498558147,1.00363621375617,0.986133261701321,0.986316708641207,1.01621315101997,1.00418734220409,1.0294920463813
"71",0.970791921051884,0.958012904474423,0.970732807285484,1.0059406605373,0.997924489786131,0.985933106373344,0.985505375016051,0.992008478404178,0.989391990489668,1.00458302487045,0.981451180760976,0.97869403217719,0.992915301142021,0.985541279739323,0.985724616554864,1.00992102967626,0.992222052223357,1.01956766897477
"72",0.993113175026247,0.980040332688206,0.949393362002981,0.983827247328356,0.978493201998717,0.987150806547091,0.986722546909994,0.970201333857492,0.966741582860011,0.981584844947964,0.988184650764619,0.959611448539445,0.973319971724776,0.988473438202785,0.988657320477564,0.998304031461857,0.97041021272169,1.00138744928365
"73",1.01396696476275,1.00061961362528,0.93145725144253,0.965240605598276,0.962101688731457,0.992105738303919,0.991675329048687,0.95187211534131,0.95351031260373,0.968150422974975,0.99540312041709,0.9435147077819,0.956796429998431,0.994680228505483,0.994865265407869,0.988376629481075,0.952077048028347,0.98601402378224
"74",1.01958380644661,1.00616251803027,0.926885822112801,0.96050337347319,0.957914992151543,0.993921736374836,0.993490539277797,0.947200493428997,0.950881967227039,0.965481722223098,0.997459260664078,0.939403395886279,0.952576977892654,0.996777481039587,0.996962908086565,0.985820404828147,0.947404420342237,0.982081628831726
"75",1.02404350328208,1.01056350965965,0.923324644244543,0.956813033978945,0.954650951636535,0.995488641730649,0.995056764856707,0.94356126478451,0.949028725025389,0.963600025509716,0.99911988306336,0.936198154184514,0.949287679738013,0.998551354197111,0.998737111231542,0.983821397053245,0.94376440819239,0.979014181068352
"76",1.02032320764636,1.00689218612452,0.926291309079874,0.959887297835742,0.957370241405262,0.994174090609012,0.993742784032113,0.946592950380323,0.950560922760999,0.965155748469608,0.997732929306465,0.938868456676393,0.95202799469314,0.997065142736093,0.997250623295776,0.985487157640431,0.946796746492979,0.98156979042758
"77",1.00207698267816,0.988886145284643,0.941482639388437,0.975629607903297,0.971270536144295,0.98890447767319,0.988475457233838,0.96211723095602,0.960308053256576,0.975052535517791,0.991198558591496,0.952518598072926,0.966038395782715,0.990805988875906,0.990990305066972,0.993945022891292,0.96232436935855,0.994617726577587
"78",0.983116128265104,0.970174882022493,0.958631223777056,0.993400160394878,0.986914246422413,0.985985436312272,0.98555768225247,0.979641662991761,0.975548449423209,0.99052693133711,0.98501509722548,0.967881277660285,0.981811126855331,0.986588393073347,0.986771924679739,1.00335750354395,0.979852574305471,1.00927202367709
"79",0.967302162090209,0.954569082944503,0.974325637935819,1.00966380083963,1.00118872414019,0.986246125823124,0.985818258667334,0.995680053568687,0.994046258844028,1.00930875443661,0.980524576474829,0.981899763604067,0.99620786770153,0.985551545956928,0.985734884682258,1.01185795808351,0.995894417857248,1.02261724624334
"80",0.955441828514771,0.942864872834957,0.987191495224901,1.02299629448013,1.01286084522747,0.988629165085593,0.988200264086217,1.00882789344483,1.01295456010677,1.02850737203234,0.977711951825509,0.993362865271725,1.0079830798812,0.986841669087656,0.987025247810104,1.01875260623877,1.00904508838901,1.03351160657039
"81",0.947940480961495,0.935462269247982,0.995945423091783,1.03206772166855,1.02078740430872,0.991400487037344,0.990970383744129,1.01777368223255,1.02799980906532,1.04378362437115,0.976258119680568,1.00114763129186,1.01598121943743,0.988878466228298,0.989062423849032,1.02340850252581,1.0179928031545,1.04090107657186
"82",0.947208621664117,0.934740043778297,0.996829282059148,1.03298363763099,1.02158704503967,0.991732917091329,0.991302669578635,1.01867691284633,1.02962478037873,1.04543354534588,0.976132315514901,1.00193297456558,1.01678815141656,0.989137881384946,0.989321887263779,1.02387707779026,1.01889622822873,1.04164614080387
"83",0.958729093746767,0.946108866160808,0.983515387842095,1.01918685705191,1.00952852790501,0.987744919597645,0.987316402214075,1.00507121636139,1.00717907207524,1.02264320768435,0.97843417330012,0.990090194280704,1.00462104839619,0.98626962462477,0.986453096931777,1.01678906987332,1.00528760251423,1.03040294344166
"84",0.978580051945847,0.965698516330429,0.962986111718572,0.997912997315168,0.990879164992757,0.985771836657331,0.985344175264332,0.984091997551448,0.980216099878915,0.995266248472182,0.983654718354547,0.97177504971035,0.98580957851383,0.986022362381384,0.986205788691056,1.00572663533199,0.984303866997038,1.01298130366283
"85",1.00161062618978,0.988425927678511,0.941886299153954,0.976047908148338,0.971639344633294,0.988798350858258,0.988369376460333,0.962529737782593,0.960612795411711,0.975361956656181,0.991038198886809,0.952880775138469,0.966410184621955,0.990671277451154,0.990855568582322,0.994168178305683,0.962736964995511,0.994963570271844
"86",1.00254405572178,0.989347070013638,0.941079190800265,0.975211526494868,0.970901892682191,0.989012324630606,0.988583257403571,0.961704939935192,0.960005938828847,0.974745782452694,0.991359533436456,0.952156583360086,0.965666776310414,0.990942296996578,0.99112663854457,0.993721904611961,0.961911989573795,0.994272019867373
"87",1.00348034863147,0.990271038034386,0.94027292316223,0.974376016049266,0.970165097257232,0.989233161592021,0.988803998558392,0.960881001229514,0.959409540016739,0.974140226587622,0.99168332171568,0.951433037475182,0.964924041852865,0.991219683508694,0.991404076657933,0.99327577698179,0.96108787347877,0.993581014039791
"88",0.996757326389181,0.983636514275466,0.946137732311326,0.980453538046142,0.9755220264186,0.987788988816346,0.987360452314048,0.966874350126823,0.963974670586868,0.978775449756145,0.98939199664022,0.956693661423624,0.970324424208004,0.989354481816414,0.989538527988672,0.996513710113325,0.967082512710225,0.998603414268145
"89",0.985745314356494,0.972769458830557,0.956155585372943,0.990834732181477,0.984658899494386,0.986203322610501,0.985775474024202,0.97711176571425,0.973045442801752,0.987985493780283,0.985826923641362,0.965666415140585,0.979536853935619,0.987003162760917,0.987186771525471,1.00200700772478,0.977322132355373,1.00716122553901
"90",0.976449329923824,0.963595842061433,0.965070295809865,1.00007277342013,0.992775613729799,0.98574673109183,0.985319080590481,0.986221860963502,0.982572693938964,0.997659025462487,0.983034472616598,0.97363747993183,0.987722183240411,0.985826164005542,0.986009553817112,1.00685757843363,0.986434188956647,1.01475479964298
"91",0.964872834110147,0.952171733416112,0.976875163308973,1.01230579585481,1.00350380861495,0.986560838185777,0.986132834497047,0.998285457205088,0.99750916164686,1.01282482633323,0.979904135259196,0.984173369093751,0.998543178869275,0.985650233199864,0.985833590283639,1.0132293001281,0.998500382422328,1.02477932772629
"92",0.955058947288058,0.942487031664138,0.987625661620481,1.02344620781104,1.01325426557539,0.988744449206981,0.988315498193427,1.00927157551905,1.01365726283218,1.02922086399131,0.977630994135999,0.9937492450858,1.00838002315567,0.986920169887925,0.987103763213603,1.01898417824002,1.00948886598548,1.0338785378673
"93",0.949599403265177,0.937099354332833,0.993962514446594,1.03001289420485,1.01899298171308,0.990689973654358,0.990260178606045,1.01574731393309,1.02442657705242,1.04015552927983,0.976554412491399,0.999385297232015,1.01417048174516,0.988332683154529,0.988516539245137,1.02235626958472,1.0159659985894,1.03922886355165
"94",0.950714723041943,0.93819999260102,0.992644946889869,1.02864753932206,1.01780030822896,0.99024477542609,0.989815173519929,1.0144008690851,1.02210683180776,1.03780016687826,0.976762016410803,0.998213955048401,1.01296700011914,0.987997572787886,0.988181366539078,1.02165633005257,1.01461926385945,1.03811721637237
"95",0.95525028601612,0.942675851705421,0.987408533467092,1.02322120455947,1.01305751843292,0.988686507848417,0.988257581971798,1.00904968854104,1.01330528780008,1.02886348476666,0.977671366463005,0.993556018833958,1.00818151382842,0.986880620957249,0.987064206925777,1.01886837694357,1.00926693123646,1.03369503995004
"96",0.977512315038998,0.964644834575191,0.964027345123974,0.998991995585076,0.991826696952408,0.985753026005075,0.985325372772778,0.985156051798306,0.981383327333019,0.996451397430155,0.983342344975636,0.972705583916664,0.986765173152663,0.985918255714738,0.986101662657809,1.00629187201246,0.985368150328762,1.01386745875336
"97",0.996070502357165,0.982958731249562,0.946747058990107,0.981084964610832,0.976078250767736,0.98766061835634,0.987232137545519,0.96749703149386,0.964479646269392,0.97928817878924,0.989162494508361,0.957239889662354,0.97088519652045,0.989181129998249,0.989365143922471,0.996849168655584,0.967705328137042,0.999124690693867
"98",1.02429289924055,1.01080962269516,0.923127211066862,0.95660844002716,0.954469925496339,0.995579384255076,0.995147468013935,0.94335950443943,0.948930842895048,0.963500640506074,0.999213440156029,0.93602038977503,0.94910526000499,0.998653248896707,0.998839024886254,0.983710371151982,0.943562604409448,0.97884401498944
"99",1.03312933697463,1.0195297420073,0.916243119596862,0.949474666996561,0.948153512960127,0.998995487855998,0.998562089592782,0.936324533484398,0.945828063656796,0.960350221478398,1.00257212341427,0.929817833217648,0.94274070110652,1.00243612096257,1.00262260066665,0.979825724386158,0.936526118864926,0.972903664374341
"100",1.02454246680039,1.01105590507316,0.922929820377607,0.956403890104831,0.954288931318565,0.995670512584622,0.99523855680891,0.943157787514001,0.948833486886379,0.963401789702128,0.999307132901911,0.935842656826335,0.948922873241118,0.998755492607982,0.998941287617571,0.983599347978506,0.943360844055504,0.97867387440565
"101",1.00891931906283,0.995638412594578,0.935652806094101,0.96958833031289,0.965940911243272,0.990634455360035,0.990204684397448,0.95615962448361,0.956178004017731,0.97085907387963,0.993592046208326,0.947284836299225,0.960666039519833,0.992936270138294,0.993120982618172,0.990713132701503,0.956365480247135,0.989617967379177
"102",0.990186732386732,0.977152412267708,0.952049455578679,0.986579675706107,0.980915901955689,0.986717477405792,0.986289405761633,0.972915641364926,0.969126408668714,0.984006287154616,0.987234262367416,0.961990629285537,0.975762686278603,0.987837563040873,0.988021327026008,0.999760994653455,0.973125104604191,1.00365672218437
"103",0.975180039748899,0.962343260183966,0.966324132864817,1.00137208633693,0.993916167768407,0.985755831145799,0.985328176696537,0.987503178520419,0.984029614747275,0.999138315700004,0.982671014218457,0.974757578224054,0.988872489964729,0.985731669291153,0.985915041524201,1.00753706317805,0.987715782373994,1.01582119803735
"104",0.968322715057186,0.955576201865522,0.973266642952005,1.00856639679031,1.00022680056554,0.986138042941865,0.98571022267611,0.994597848460704,0.992647278750367,1.00788829453019,0.980791358357814,0.980955077796706,0.995237572225519,0.98553293456465,0.985716269827768,1.01128758451542,0.994811979756621,1.02171871020076
"105",0.958339324226115,0.945724227370087,0.983946560779276,1.01963366835362,1.0099194894602,0.987840149706768,0.987411591009133,1.00551183936922,1.00784053994051,1.02331483166689,0.978346068814369,0.990474156747351,1.00501548450824,0.98632818564062,0.986511668841529,1.01701963594649,1.0057283203857,1.03076773099372
"106",0.956981487551346,0.944384264574365,0.985458399463997,1.02120034045301,1.0112900982489,0.98819184726092,0.987763135984909,1.00705681320957,1.01019314720595,1.02570356064971,0.978044263660349,0.991820230936903,1.00639829862551,0.98655139692186,0.986734921645987,1.0178275276043,1.00727362685019,1.0320464417264
"107",0.969759683060346,0.956994254344629,0.971787255027969,1.00703335241978,0.998882715401938,0.986009211907858,0.985581447533393,0.993086036608381,0.990731028760968,1.00594262261324,0.98117292158158,0.979635081873459,0.993881820989288,0.985528777385362,0.985712111875134,1.01049003303763,0.993299842419751,1.02046301238902
"108",0.992209431826246,0.979148485909141,0.95020956464882,0.984673053118091,0.979237810229731,0.987009266040549,0.986581067808544,0.97103542531777,0.967462088528834,0.982316413195109,0.987889275754044,0.96034267998024,0.974070717868649,0.988270063551192,0.988453907992892,0.998752095573573,0.971244483757146,1.00208498149279
"109",1.02032320764636,1.00689218612452,0.926291309079874,0.959887297835742,0.957370241405262,0.994174090609012,0.993742784032113,0.946592950380323,0.950560922760999,0.965155748469608,0.997732929306465,0.938868456676393,0.95202799469314,0.997065142736093,0.997250623295776,0.985487157640431,0.946796746492979,0.98156979042758
"110",1.02780242674102,1.01427295254077,0.920367562819936,0.953748701117,0.951938874699969,0.996890098965429,0.996457614091612,0.940539372640218,0.94761519365516,0.962164790907755,1.00053740096873,0.933534951274278,0.946554804299887,1.00011620626929,1.00030225440771,0.982156265434012,0.940741865451797,0.976464328205385
"111",1.02155899842231,1.00811170957224,0.925301334997701,0.958861418031679,0.956462991028681,0.994602529309321,0.994171036861124,0.945581278913628,0.950036750781668,0.964623528401516,0.998191813174006,0.937977548318328,0.951113710585144,0.997551708466487,0.9977372795403,0.984931820532929,0.945784857219134,0.980717263046781
"112",1.01518018117905,1.00181685987088,0.930461397553754,0.964208632730814,0.961189960529873,0.99248250945833,0.99205193674694,0.950854435199563,0.952913379785265,0.967544324904461,0.995843728388317,0.942619392621005,0.955877534620207,0.995119712913899,0.99530483157204,0.987820706676943,0.951059148785817,0.985157877319029
"113",0.998596824632951,0.985451798289553,0.944515304946004,0.978772266285987,0.974040684952863,0.988150759638792,0.987722066187991,0.965216363820071,0.962658605816797,0.977439178247631,0.990010973972668,0.955238944901853,0.968831003576683,0.989834920241756,0.990019055788303,0.9956196368573,0.965424169448392,0.997214951969216
"114",0.982245716554891,0.96931592797425,0.959458488049444,0.994257429009228,0.987667671630098,0.985928167865178,0.985500438650379,0.980487058517627,0.97640890154115,0.991400594758388,0.984750012814557,0.968621180916096,0.982570898570881,0.986464748178924,0.986648256784086,1.00380818449914,0.980698151840216,1.00997702037202
"115",0.970171996105462,0.957401139908196,0.971365251786401,1.00659604339263,0.998499243078706,0.985977185577992,0.985549435097639,0.992654784269523,0.990192469310032,1.00539579416961,0.981283656439587,0.979258482960584,0.993495027122147,0.985532240056274,0.985715575190195,1.01026236499577,0.992868497234701,1.02010471799945
"116",0.964269932298116,0.951576767900298,0.977514324325045,1.01296813882898,1.00408403163642,0.986651850440531,0.986223807267585,0.998938626792281,0.998398612733292,1.01372793397052,0.979753445187747,0.984743198025714,0.999128488445286,0.98568697860176,0.985870342521154,1.0135726911228,0.999153692633242,1.02532110550183
"117",0.962074537550558,0.949410272224997,0.979864135869982,1.01540317652412,1.00621659893943,0.987028376698083,0.986600170175224,1.00133993944777,1.00174336596089,1.01712404223411,0.97921624464405,0.986837568346764,1.00127981005772,0.985863749360377,0.98604714616382,1.01483376490198,1.00155552227777,1.02731203238338
"118",0.960689998138804,0.948043958193689,0.981364648859656,1.0169581121528,1.00757792298835,0.987303424157435,0.986875098309621,1.0028733393664,1.00394164344637,1.01935607187159,0.978887068649561,0.988174514060706,1.00265315436019,0.986011123047375,0.986194547266233,1.01563792974999,1.00308925232875,1.0285826636662
"119",0.966895310518808,0.954167586962558,0.974749776216981,1.01010332234288,1.00157393356334,0.986293134563603,0.985865247013821,0.996113487741067,0.994613006257334,1.00988420363801,0.980419218048522,0.982278070553465,0.996596435045088,0.985562673540406,0.985746014335763,1.01208627285914,0.996327945345557,1.02297704104629
"120",0.979008474121007,0.966121298971556,0.962570094569148,0.997481891491871,0.990500535875581,0.985782844420177,0.985355178251637,0.983666862502655,0.979755336470094,0.994798410544008,0.983780920570293,0.971403213324421,0.985427732857938,0.986067344841841,0.986250779519444,1.00550066950943,0.983878640419071,1.01262716986123
"121",0.989292534919398,0.976269985566087,0.952868732345587,0.9874286671133,0.981662949346579,0.986599742309144,0.98617172174248,0.973752874322165,0.969885593209013,0.984777128145103,0.986947437808746,0.962724259873428,0.976515930767704,0.98765659870276,0.987840329023729,1.0002097422459,0.973962517812954,1.00435631011598
"122",1.00021586321164,0.987049524658703,0.943098555586819,0.977304132340684,0.972746769289799,0.988490335154249,0.988061494384025,0.96376856338978,0.961542922821099,0.976306365156977,0.990560827805874,0.953968289317886,0.967526576451409,0.990276773416912,0.990460991159868,0.994837873592298,0.96397605731485,0.996001931724299
"123",1.00371486859747,0.990502470897503,0.940071486682589,0.974167273598341,0.969981000147259,0.98928943915215,0.988860251703398,0.96067514984161,0.959262061966033,0.973990484172377,0.991764650584826,0.951252251103835,0.964738462684695,0.991290020354851,0.991474426588609,0.99316426731812,0.960881977772226,0.99340834688882
"124",1.00371486859747,0.990502470897503,0.940071486682589,0.974167273598341,0.969981000147259,0.98928943915215,0.988860251703398,0.96067514984161,0.959262061966033,0.973990484172377,0.991764650584826,0.951252251103835,0.964738462684695,0.991290020354851,0.991474426588609,0.99316426731812,0.960881977772226,0.99340834688882
"125",0.992435093168672,0.979371176759154,0.95000542661093,0.98446151112514,0.979051588969828,0.987043970221729,0.986615756933869,0.97082681316123,0.96728086473135,0.982132406903968,0.987962875020303,0.960159804051453,0.973882960434531,0.988320267373195,0.988504121154138,0.998640060613172,0.971035826687587,1.00191054022247
"126",0.977086550002049,0.964224674095045,0.964444318161394,0.999424091965811,0.992206096459001,0.985749000889837,0.985321349403772,0.985582163685411,0.981856399262992,0.996931732863393,0.98321865404563,0.97307817789763,0.987147806296616,0.985879971093028,0.986063370914144,1.00651809753963,0.985794353955348,1.014222251861
"127",0.967302162090209,0.954569082944503,0.974325637935819,1.00966380083963,1.00118872414019,0.986246125823124,0.985818258667334,0.995680053568687,0.994046258844028,1.00930875443661,0.980524576474829,0.981899763604067,0.99620786770153,0.985551545956928,0.985734884682258,1.01185795808351,0.995894417857248,1.02261724624334
"128",0.9608871906125,0.948238554924842,0.981150039820224,1.01673571938183,1.00738324341342,0.987262428014508,0.986834119952217,1.00265402671409,1.00362421956177,1.01903377428962,0.97893348471826,0.98798332054681,1.00245675348931,0.985988389390478,0.986171809380273,1.01552296795384,1.00286989245965,1.02840096700848
"129",0.952401679942398,0.939864743249312,0.990675022796451,1.02660616735145,1.01601659830141,0.989619076064916,0.989189745608447,1.01238776992144,1.01871826292441,1.03435957021735,0.977088341150991,0.996462152447148,1.01116717938159,0.987537268122244,0.98772097624456,1.02060867605433,1.01260573128691,1.03645438539658
"130",0.953725293562854,0.941170933485796,0.98914809506788,1.02502385893832,1.01463358213592,0.989166888195767,0.988737753913794,1.0108273763288,1.01615636743499,1.03175833961825,0.977354381355887,0.995103880198019,1.00977171562215,0.987213837705751,0.987397485661432,1.01979565397585,1.01104500175035,1.03516484531143
"131",0.970585085511066,0.957808791612634,0.970943547646504,1.00615904431538,0.998116013737233,0.985947272511694,0.985519535008649,0.992223837587782,0.989657839339366,1.00485295553914,0.981395150097113,0.978882122968988,0.993108481374272,0.985537755062102,0.98572109122196,1.01003478602057,0.992437457772576,1.01974663317159
"132",0.993113175026247,0.980040332688206,0.949393362002981,0.983827247328356,0.978493201998717,0.987150806547091,0.986722546909994,0.970201333857492,0.966741582860011,0.981584844947964,0.988184650764619,0.959611448539445,0.973319971724776,0.988473438202785,0.988657320477564,0.998304031461857,0.97041021272169,1.00138744928365
"133",1.00536150198758,0.99212742883386,0.938662878360815,0.97270757596063,0.968693447569595,0.989695287403076,0.989265923883532,0.959235668876856,0.958247696024372,0.972960543748567,0.992338205166585,0.949987855478452,0.963440565828507,0.991793400540313,0.991977900416136,0.992383940229315,0.959442186895354,0.992200609453384
"134",1.01761969014335,1.00422425636615,0.928473152837975,0.962148275660681,0.959369151559926,0.993266162167912,0.99283524948129,0.948822613878194,0.951762371662656,0.966375644308119,0.996735614389878,0.940831367605732,0.954042468806814,0.996026185955084,0.996211473241251,0.986709244567599,0.9490268900248,0.983447732754192
"135",1.02255073539054,1.00909039181383,0.924510141182531,0.958041528126782,0.955737784782096,0.994952312236418,0.994520668040474,0.944772744405657,0.949627134287434,0.964207622692991,0.998561399417113,0.937265406319726,0.950382895621557,0.997947342054648,0.998132986726801,0.98448761341276,0.944976148638253,0.980035717754127
"136",1.01713039633598,1.00374140337636,0.928870436146979,0.96255996817924,0.959733034357418,0.993106235908681,0.992675392603517,0.949228604494667,0.951988048769798,0.966604786440981,0.996556105722742,0.941188698044743,0.954409194733217,0.995841975741741,0.996027228759924,0.986931498493859,0.949432968048758,0.983789535710324
"137",1.00418444399906,0.990965865044685,0.939668769375295,0.973749949993876,0.969612927247682,0.989403272502218,0.988974035668683,0.960263606129234,0.958969040414468,0.973692963594635,0.991927765000458,0.950890797719723,0.96436742890172,0.991431878031796,0.991616310654844,0.992941274146258,0.960470345456814,0.993063113026625
"138",0.984646554529862,0.971685162525648,0.957185989333058,0.991902508229097,0.985597737657024,0.986104180587732,0.985676375012619,0.978164753165528,0.974074225690478,0.989030072507648,0.985485657542895,0.966588399491598,0.980483557321922,0.986822402409606,0.987005977547941,1.00256943811247,0.978375346508899,1.00803996873748
"139",0.971413589605957,0.958626389696325,0.970101030869557,1.00528596999797,0.997350278907973,0.985893759618184,0.985466045330854,0.991362855266327,0.988600273174543,1.00377915159988,0.981620404676908,0.978130114748053,0.992336129087124,0.985554910780041,0.985738250131318,1.00957989198917,0.991576290086492,1.01903108749219
"140",0.964470702087004,0.951774894856665,0.97730119064977,1.01274727493267,1.00389055864135,0.986620960649499,0.986192930877597,0.998720821839857,0.998101059127639,1.01342581175395,0.979803477348609,0.984553190823044,0.998933318594664,0.985674188553095,0.9858575500932,1.01345820226597,0.998935840788644,1.02514045629465
"141",0.961876147988016,0.949214494162874,0.980078245851149,1.01562505213631,1.00641086998415,0.987065970304102,0.986637747471857,1.0015587421039,1.0020540393997,1.01743948572456,0.979168612002629,0.987028360198259,1.00147579417543,0.985883128167098,0.986066528575513,1.0149485650521,1.00177437204088,1.02749337405544
"142",0.961479966559521,0.948823527867439,0.980506714013686,1.01606906056294,1.00679961518127,0.98714285260471,0.986714596418304,1.0019966010562,1.00267873809485,1.0180737759865,0.979073952962025,0.9874101435954,1.00186796961602,0.985923555812747,0.986106963741777,1.01517824544658,1.00221232526174,1.02785623382709
"143",0.958729093746767,0.946108866160808,0.983515387842095,1.01918685705191,1.00952852790501,0.987744919597645,0.987316402214075,1.00507121636139,1.00717907207524,1.02264320768435,0.97843417330012,0.990090194280704,1.00462104839619,0.98626962462477,0.986453096931777,1.01678906987332,1.00528760251423,1.03040294344166
"144",0.966286503675348,0.953566794146178,0.975386567249556,1.01076320937577,1.00215222326025,0.986367714722543,0.985939794817349,0.996764235401541,0.995470873127779,1.01075524211814,0.9802626388591,0.982845998573621,0.997179771484751,0.98558333681358,0.985766681452853,1.01242892482806,0.996978833108324,1.02351714463012
"145",0.981811636412078,0.968887561844111,0.959872510413103,0.994686467697166,0.988044697217571,0.985902438685802,0.985474720633197,0.980910155060689,0.97684410743021,0.991842482758974,0.984618515503533,0.968991440349368,0.982951104559024,0.986405694390685,0.986589192010277,1.00403362494748,0.981121339473572,1.01032978531288
"146",0.985965624799131,0.972986869217334,0.955949693241503,0.990621372475133,0.984471282634294,0.986224574657596,0.985796716851436,0.976901361019474,0.972842080557697,0.987779009130881,0.98589568879345,0.965482166555372,0.979347667545415,0.987040665697919,0.987224281439014,1.00189456782901,0.977111682361656,1.00698560487263
"147",0.992886964865103,0.979817100243847,0.949597325426923,0.984038608374223,0.978679284978154,0.987114741088284,0.986686497097611,0.970409767573048,0.966920613846233,0.981766624759618,0.988110562757141,0.95979418845268,0.973507587487624,0.988421955403506,0.98860582810112,0.998416028641249,0.970618691311847,1.0015617742336
"148",0.996528203687009,0.983410407629306,0.946340785266668,0.9806639556013,0.975707390464843,0.987745754884537,0.98731723713859,0.967081853418926,0.964142296351512,0.978945649231491,0.989315336813448,0.956875694151918,0.970511303131041,0.989296282998486,0.98948031834422,0.996625518410586,0.967290060676615,0.998777136195132
"149",0.984865933833861,0.971901654030828,0.95697978226349,0.991688822162023,0.985409869062577,0.986123057647489,0.985695243882864,0.977954026630087,0.973866865495332,0.988819528522979,0.985553568650427,0.966403903325724,0.980294113335116,0.986857651299169,0.987041232994732,1.00245692094891,0.978164574605225,1.00786413436597
"150",0.969759683060346,0.956994254344629,0.971787255027969,1.00703335241978,0.998882715401938,0.986009211907858,0.985581447533393,0.993086036608381,0.990731028760968,1.00594262261324,0.98117292158158,0.979635081873459,0.993881820989288,0.985528777385362,0.985712111875134,1.01049003303763,0.993299842419751,1.02046301238902
"151",0.96009962108344,0.947461352564944,0.982008980179261,1.01762581295408,1.00816237472088,0.987429839059148,0.987001458368245,1.00353179257531,1.00490075649652,1.02032991105603,0.978749044917876,0.988748500663542,1.00324277825789,0.986082707525671,0.986266145061139,1.01598297960043,1.00374784729891,1.02912811274514
"152",0.954295632885349,0.941733765148309,0.988495077827126,1.02434715718313,1.01404199739518,0.988982221690952,0.988553167523597,1.01016004682834,1.01507772030923,1.0306631310429,0.977471641960595,0.994522880800902,1.00917481819416,0.987084361770431,0.987267985640155,1.01944769174205,1.01037752857761,1.03461317847016
"153",0.948491575343501,0.936006109300722,0.995283570434487,1.03138186404196,1.0201885342187,0.991157911870212,0.990727913814365,1.01709732366862,1.02679607440991,1.04256140768362,0.976354855768473,1.00055946972423,1.01537689716315,0.988690738123138,0.988874660821466,1.02305744378682,1.0173162989744,1.04034303301015
"154",0.94413583843405,0.931707709121178,1.0006037508607,1.0368950039832,1.02500045639053,0.993262179236594,0.992831268277903,1.0225341071479,1.0367931978514,1.05271202604661,0.975638693326195,1.00528536860349,1.0202328310646,0.990358694324019,0.990542927306436,1.02587504619121,1.02275425296243,1.04482577543024
"155",0.957756182076654,0.945148761410584,0.984593968847826,1.02030455749554,1.01050646405815,0.987987363905571,0.987558741341403,1.00617343676056,1.00884162400974,1.02433128628961,0.978215470846867,0.991050623747816,1.00560768148487,0.986420359754737,0.986603860102476,1.01736570065561,1.00639006021522,1.03131537591856
"156",0.980729726193638,0.967819893347627,0.960908714574468,0.995760254315597,0.988988182984753,0.98584663407284,0.985418940230176,0.981969069836945,0.977946798012499,0.992962103951889,0.984292836191585,0.969917995469139,0.983902562265517,0.986266187766148,0.986449659433808,1.00459752356235,0.982180482228196,1.01121248353314
"157",1.00207698267816,0.988886145284643,0.941482639388437,0.975629607903297,0.971270536144295,0.98890447767319,0.988475457233838,0.96211723095602,0.960308053256576,0.975052535517791,0.991198558591496,0.952518598072926,0.966038395782715,0.990805988875906,0.990990305066972,0.993945022891292,0.96232436935855,0.994617726577587
"158",1.01131329298022,0.998000873443401,0.933652277255913,0.967515243583145,0.964110672871465,0.991312530553191,0.990882465418493,0.9541152498072,0.954874905917579,0.969535968130102,0.99444645079933,0.945487532442053,0.958821273501516,0.993746041359069,0.99393090447787,0.989600163264042,0.954320665428411,0.987900138140535
"159",1.01396696476275,1.00061961362528,0.93145725144253,0.965240605598276,0.962101688731457,0.992105738303919,0.991675329048687,0.95187211534131,0.95351031260373,0.968150422974975,0.99540312041709,0.9435147077819,0.956796429998431,0.994680228505483,0.994865265407869,0.988376629481075,0.952077048028347,0.98601402378224
"160",1.01420925859855,1.00085871802689,0.9312579872969,0.965034114270516,0.961919271572093,0.99218028523107,0.991749843634842,0.951668483898731,0.953389770398934,0.96802802997616,0.995490955670283,0.943335574370603,0.956612577329197,0.994767387004445,0.994952440120623,0.988265434040845,0.951873372745069,0.985842736332124
"161",0.998827575105706,0.985679511279143,0.944312749089096,0.978562363858703,0.973855711870217,0.988197959775901,0.987769245848073,0.96500936852137,0.962497188499952,0.977275282544026,0.99008905515006,0.955057296768745,0.968644525562991,0.98989682114944,0.990080968211198,0.995507925633425,0.965217129584773,0.997041556671439
"162",0.982245716554891,0.96931592797425,0.959458488049444,0.994257429009228,0.987667671630098,0.985928167865178,0.985500438650379,0.980487058517627,0.97640890154115,0.991400594758388,0.984750012814557,0.968621180916096,0.982570898570881,0.986464748178924,0.986648256784086,1.00380818449914,0.980698151840216,1.00997702037202
"163",0.968118213633745,0.955374392395963,0.973478288333298,1.00878571841317,1.00041906022688,0.986158584238946,0.985730755061676,0.99481413250002,0.992925042935815,1.00817032348161,0.980737616206615,0.981143891997766,0.995431503657634,0.9855356086463,0.985718944406868,1.01140161240817,0.99502831036067,1.02189830933596
"164",0.958729093746767,0.946108866160808,0.983515387842095,1.01918685705191,1.00952852790501,0.987744919597645,0.987316402214075,1.00507121636139,1.00717907207524,1.02264320768435,0.97843417330012,0.990090194280704,1.00462104839619,0.98626962462477,0.986453096931777,1.01678906987332,1.00528760251423,1.03040294344166
"165",0.95621003342687,0.943622965483972,0.986324236918047,1.02209758127346,1.01207488792127,0.98840575906476,0.987976954986524,1.00794162733029,1.01156403974318,1.02709550174591,0.97787641689137,0.992590974131926,1.00719009398934,0.986691806896422,0.986875357740528,1.01828982694859,1.00815863146639,1.0327785148924
"166",0.959119668479503,0.946494299564207,0.983084558868889,1.01874040218953,1.00913784849648,0.987652010337563,0.987223533261194,1.00463094485624,1.00652230539414,1.02197635706753,0.97852310608857,0.989706509209916,1.00422690003254,0.986213363132804,0.986396824973681,1.01655861770713,1.00484723622112,1.03003840155334
"167",0.972662144819447,0.95985850955696,0.968839462904552,1.00397864577599,0.996203467370739,0.985829174852192,0.985401488583933,0.990073637360045,0.987042808661358,1.00219777391861,0.981963920710826,0.977003863229445,0.991179429537334,0.985595842608605,0.985779189574288,1.00889819852093,0.990286794618881,1.01795931140266
"168",0.982028582585942,0.969101652247658,0.959665466581807,0.994471914519556,0.987856158226324,0.985915060602894,0.985487337074471,0.980698573424109,0.976626087546135,0.991621115417484,0.984684176872733,0.968806284868796,0.98276097477068,0.986434989883498,0.986618492952829,1.00392089631585,0.980909712284662,1.01015338051887
"169",0.994929427171173,0.981832676603401,0.947763728447402,0.982138508014067,0.977006178327722,0.987455570572045,0.987027178717936,0.968535983421519,0.965335347561256,0.980157018440693,0.988783183774861,0.958151142561689,0.971820726291418,0.98890053927292,0.989084500999826,0.997408494368584,0.96874450374518,0.999994227584846
"170",1.00536150198758,0.99212742883386,0.938662878360815,0.97270757596063,0.968693447569595,0.989695287403076,0.989265923883532,0.959235668876856,0.958247696024372,0.972960543748567,0.992338205166585,0.949987855478452,0.963440565828507,0.991793400540313,0.991977900416136,0.992383940229315,0.959442186895354,0.992200609453384
"171",1.0058335711458,0.992593283911113,0.93826088030024,0.972290997689498,0.9683259344312,0.98981505488555,0.989385639406793,0.958824860175017,0.957963608449358,0.972672094318837,0.992503438483508,0.949626952815168,0.96307010683702,0.991940748246868,0.992125275533272,0.992161064672792,0.959031289748724,0.99185583830193
"172",1.00371486859747,0.990502470897503,0.940071486682589,0.974167273598341,0.969981000147259,0.98928943915215,0.988860251703398,0.96067514984161,0.959262061966033,0.973990484172377,0.991764650584826,0.951252251103835,0.964738462684695,0.991290020354851,0.991474426588609,0.99316426731812,0.960881977772226,0.99340834688882
"173",0.989515807922819,0.976490319515989,0.952663823020974,0.987216325859554,0.981476115841908,0.986628482939759,0.986200449904431,0.973543473974515,0.969694660659337,0.984583264034474,0.987018894885881,0.962540781746834,0.976327546268511,0.987701185914178,0.987884924529551,1.0000975347569,0.973753072382593,1.00418135262304
"174",0.973079872566864,0.960270738546411,0.968419523141074,1.00354347506796,0.995821669376613,0.985811803152702,0.985384124420878,0.989644493724779,0.986531264549039,1.00167837560465,0.982079919500391,0.976628910691674,0.990794345662819,0.985613508838193,0.985796859090263,1.00867113681679,0.989857558591416,1.01760245938996
"175",0.961876147988016,0.949214494162874,0.980078245851149,1.01562505213631,1.00641086998415,0.987065970304102,0.986637747471857,1.0015587421039,1.0020540393997,1.01743948572456,0.979168612002629,0.987028360198259,1.00147579417543,0.985883128167098,0.986066528575513,1.0149485650521,1.00177437204088,1.02749337405544
"176",0.952401679942398,0.939864743249312,0.990675022796451,1.02660616735145,1.01601659830141,0.989619076064916,0.989189745608447,1.01238776992144,1.01871826292441,1.03435957021735,0.977088341150991,0.996462152447148,1.01116717938159,0.987537268122244,0.98772097624456,1.02060867605433,1.01260573128691,1.03645438539658
"177",0.95277882790868,0.940236926629458,0.990238294548614,1.02615359925155,1.01562106935329,0.989486822298175,0.989057549217893,1.01194146984653,1.01797979834091,1.03360976731598,0.977163266900848,0.996073699633148,1.01076808661198,0.987441796144204,0.987625486506201,1.02037622380217,1.01215933512611,1.03608561188161
"178",0.951837502623968,0.939307992477343,0.991330815738566,1.0272857454809,1.01661046893922,0.989822069971135,0.989392651448995,1.01305793595866,1.01983581270774,1.03549427875812,0.976977589845636,0.997045399130479,1.01176640686563,0.987685104382984,0.987868840006766,1.02095759785369,1.01327604160709,1.03700805049006
"179",0.966895310518808,0.954167586962558,0.974749776216981,1.01010332234288,1.00157393356334,0.986293134563603,0.985865247013821,0.996113487741067,0.994613006257334,1.00988420363801,0.980419218048522,0.982278070553465,0.996596435045088,0.985562673540406,0.985746014335763,1.01208627285914,0.996327945345557,1.02297704104629
"180",0.983989536256341,0.971036792910224,0.95780499180688,0.992543961523677,0.986161648483361,0.986050414313131,0.985622632063659,0.978797322393204,0.974701152944292,0.989666625545336,0.985282954529494,0.967142187995099,0.981052201390233,0.986719377866001,0.986902933839038,1.00290708429876,0.979008051925154,1.00856773105615
"181",0.991983953616577,0.978925975781217,0.950413761169783,0.984884655715258,0.979424077831293,0.986975016848108,0.986546833474569,0.971244097239164,0.967644047174558,0.982501165617283,0.987815839865387,0.960525601491288,0.974258522777095,0.98822028746761,0.988404122649639,0.998864143295791,0.971453200604425,1.00225946176841
"182",1.01469437060307,1.00133744426097,0.930859599277548,0.964621276974477,0.961554544730642,0.992330590983001,0.991900084179019,0.951261364359837,0.953150422217148,0.967785006864223,0.995667056077354,0.942977413311822,0.956244982581471,0.994942812643486,0.995127898393485,0.988043059620161,0.951466165555639,0.985500248855326
"183",1.02057002046358,1.00713575002194,0.926093226442506,0.959682030868787,0.957188724826815,0.994258994691635,0.993827651280454,0.946390526341269,0.950455001539184,0.965048200943015,0.997824429630455,0.938690209551358,0.951845069334674,0.997161744251546,0.997347242781673,0.985376082910873,0.946594278873173,0.981399231525099
"184",1.01445172723899,1.00109799493209,0.931058769945325,0.964827671434002,0.961736890271666,0.992255236281433,0.991824762168887,0.951464900275798,0.953269807398983,0.96790622507525,0.995578934288645,0.943156476246492,0.956428761556998,0.994854915228672,0.995039984627421,0.988154244110687,0.951669745291733,0.985671478054411
"185",1.00091243656132,0.98773692866716,0.942492186958911,0.976675771113467,0.972192868763617,0.988642395482587,0.988213488743414,0.963148904905583,0.961074864990533,0.975831120809171,0.990798816473117,0.953424347084214,0.966968187433097,0.990472215045819,0.990656469146101,0.99450298241705,0.963356265421684,0.995482594506958
"186",0.982463038212943,0.9695303889193,0.959251574659096,0.994043011003575,0.98747923728999,0.985941759768408,0.985514024656978,0.980275610180886,0.976192547063701,0.991180918394026,0.984816023074487,0.968436128354831,0.982380875819279,0.986494968459342,0.986678482686279,1.00369548940533,0.980486657979843,1.00980070474315
"187",0.967505881609625,0.954770120802629,0.974113684948129,1.00944416045368,1.0009962140429,0.986223432241525,0.985795574930984,0.995463455181125,0.993764424732699,1.00902259307005,0.980577546489807,0.981710703159219,0.99601368061068,0.985546773438587,0.985730111276102,1.01174383633858,0.995677772837278,1.02243743065787
"188",0.957368430311622,0.944766113814762,0.985026009171058,1.02075226764284,1.01089813747293,0.98808843110558,0.987659764695019,1.00661494616505,1.00951498040793,1.02501498134052,0.978129448524246,0.991435286082972,1.00600284354134,0.986484711656901,0.9866682239758,1.01759655554999,1.00683166467419,1.03168078359552
"189",0.950901335789554,0.938384148872281,0.992425687784179,1.02842032782992,1.01760180606187,0.990172769125891,0.989743198458515,1.01417680445045,1.02172497213549,1.03741244416742,0.97679739396004,0.998019003417315,1.01276670187815,0.987943930439128,0.98812771421142,1.02153979157677,1.01439515098494,1.03793218417742
"190",0.953915201960893,0.941358342025201,0.988930331240608,1.02479819695739,1.01443631198499,0.989104727020823,0.988675619706484,1.01060483974477,1.01579554278738,1.03139197490191,0.977393252918528,0.994910139765174,1.00957267311585,0.987170073419325,0.987353713233688,1.01967963516955,1.01082241725545,1.03498089063463
"191",0.971621199374718,0.95883126659451,0.969890586353702,1.00506789279516,0.997158995080549,0.98588169184558,0.98545398279366,0.991147798411964,0.988338300746271,1.00351315687084,0.98167718901162,0.977942260069982,0.992143194083762,0.985560470235403,0.985743810620886,1.00946622286901,0.991361186931604,1.01885233021361
"192",0.992435093168672,0.979371176759154,0.95000542661093,0.98446151112514,0.979051588969828,0.987043970221729,0.986615756933869,0.97082681316123,0.96728086473135,0.982132406903968,0.987962875020303,0.960159804051453,0.973882960434531,0.988320267373195,0.988504121154138,0.998640060613172,0.971035826687587,1.00191054022247
"193",1.01786459761299,1.00446593999704,0.928274579149315,0.961942499832321,0.959187261939174,0.99334672197491,0.9929157743387,0.948619688025415,0.951650374110629,0.966261927155893,0.996825579822296,0.940652753342735,0.953859159162202,0.996118834886558,0.996304139407884,0.986598124442746,0.948823920483232,0.983276873139603
"194",1.02329634576931,1.00982618735259,0.923917199708964,0.957427081048138,0.955194222739614,0.995218733219459,0.99478697344102,0.944166807360405,0.949325540244931,0.963901398003066,0.998840027522312,0.936731637069296,0.949835137667019,0.99824776894573,0.998433469505252,0.984154491777894,0.94437008113818,0.979524833134138
"195",1.04086836980245,1.02716690209942,0.910380798192875,0.943399722973707,0.942767791246595,1.00228672019419,1.0018518940823,0.930333726856417,0.943644736855691,0.958133372076727,1.00557754767531,0.924529264092313,0.937314671455356,1.00600418744085,1.00619133089992,0.976496638836769,0.930534022450135,0.967834125430711
"196",1.03827190413627,1.02460461500134,0.912331140895028,0.945420803348608,0.94456027646097,1.00115309347957,1.00071875917356,0.932326815461034,0.944325616269287,0.958824705650737,1.00456307153066,0.926289407313578,0.939120495253466,1.00478222136599,1.00496913750697,0.977606382703728,0.932527540155465,0.969521839938514
"197",1.01713039633598,1.00374140337636,0.928870436146979,0.96255996817924,0.959733034357418,0.993106235908681,0.992675392603517,0.949228604494667,0.951988048769798,0.966604786440981,0.996556105722742,0.941188698044743,0.954409194733217,0.995841975741741,0.996027228759924,0.986931498493859,0.949432968048758,0.983789535710324
"198",0.99698663032519,0.983862799769793,0.945934735116273,0.980243178273663,0.975336706284055,0.987832665748446,0.987404110297607,0.966666903817114,0.96380774185177,0.978605958012473,0.989468815284543,0.956511671891005,0.970137590306155,0.989413094621854,0.989597151697648,0.996401912924619,0.966875021738498,0.998429729074482
"199",0.981161925724106,0.968246403620855,0.96049403527595,0.995330534866196,0.988610629955642,0.985867492079423,0.985439789187845,0.981545301960902,0.977503194016068,0.992511688900157,0.984422581384711,0.969547217327746,0.983521816864061,0.98632059294343,0.986504074731895,1.00437191265468,0.981756623117324,1.01085926887431
"200",0.969965742478288,0.957197601300033,0.971576215928397,1.00681465906809,0.9986909487877,0.985992934167915,0.985565176855287,0.992870372138736,0.990461256360175,1.00566870815161,0.981228194017397,0.979446752473372,0.993688392960001,0.985530251687064,0.985713586451095,1.01037618783192,0.993084131518765,1.02028383892514
"201",0.963069468665246,0.950392106566904,0.978794818859921,1.01429507607532,1.00524625219094,0.986848846465051,0.986420717828521,1.00024718608441,1.00020661594649,1.01556369710015,0.979457426574222,0.985884600621125,1.00030091834657,0.985775160505382,0.985958540828949,1.01426016016736,1.00046253365079,1.02640619965716
"202",0.966692178712573,0.953967129081252,0.97496196188946,1.01032320385293,1.00176663322088,0.986317451467154,0.985889553367871,0.9963303239132,0.99489792591517,1.01017349792629,0.980366830228674,0.982467317383846,0.996790815633329,0.985569030672843,0.985752372650795,1.01220046610177,0.996544828201292,1.02315702056998
"203",0.973079872566864,0.960270738546411,0.968419523141074,1.00354347506796,0.995821669376613,0.985811803152702,0.985384124420878,0.989644493724779,0.986531264549039,1.00167837560465,0.982079919500391,0.976628910691674,0.990794345662819,0.985613508838193,0.985796859090263,1.00867113681679,0.989857558591416,1.01760245938996
"204",0.985085499571665,0.972118329515693,0.95677363848423,0.991475201680755,0.985222051083502,0.986142411056548,0.985714588895756,0.977743364772095,0.973660309336222,0.988609800919442,0.985621651061704,0.966219456939708,0.980104721138864,0.986893352562408,0.987076940899353,1.00234441941799,0.977953867392926,1.00768834298554
"205",1.01179419988213,0.998475449928728,0.933252752811273,0.967101228644405,0.963745073354489,0.991453080037761,0.991022953927911,0.953706968935845,0.95462148791182,0.969278659167396,0.994619086887652,0.945128512646435,0.9584527810629,0.993912528642038,0.99409742273189,0.989377648082812,0.953912296656491,0.987556939167081
"206",1.02755063516383,1.01402447542126,0.920564410146632,0.953952687969361,0.952119461524991,0.996793993099299,0.996361549919479,0.940740534294144,0.947705818156911,0.96225680684984,1.00044196111748,0.93371228324436,0.946736770686424,1.00000946821613,1.00019549649844,0.982267259038851,0.94094307041469,0.976634145068821
"207",1.02956973934908,1.01601700113455,0.918990777348769,0.952321980524177,0.950675622037351,0.9975734576619,0.997140676323809,0.939132411991427,0.946995027843592,0.96153510312688,1.00120919803734,0.932294469268882,0.945281922589844,1.00087293630889,1.00105912521917,0.981379357761383,0.93933460189233,0.975276286338794
"208",1.02604347158299,1.01253715138376,0.921746362931504,0.955177509419934,0.953203632410025,0.996225360951687,0.995793164463858,0.941948392084534,0.948260332265005,0.962819834916973,0.999872127963215,0.934776914849058,0.947829239918182,0.999376257573231,0.999562168061567,0.982933262576302,0.942151188250037,0.977653561522848
"209",1.01083308923005,0.997526990853871,0.934051994254568,0.967929458059712,0.964476420674765,0.991173620633976,0.990743615763132,0.954523727452802,0.955130708861675,0.96979569864927,0.994274397632832,0.945846698149874,0.959189918419635,0.993581059131952,0.993765891559683,0.98982270390795,0.954729231016941,0.988243458370917
"210",0.991758658636559,0.978703646471002,0.950618016313608,0.985096319061501,0.979610391899084,0.986941223262116,0.986513054549386,0.971452829068264,0.967826742636694,0.982686666168881,0.987742567587007,0.960708568706944,0.974446375285646,0.988170939832407,0.988354765834467,0.998976203864154,0.971661977372308,1.00243398116569
"211",0.976449329923824,0.963595842061433,0.965070295809865,1.00007277342013,0.992775613729799,0.98574673109183,0.985319080590481,0.986221860963502,0.982572693938964,0.997659025462487,0.983034472616598,0.97363747993183,0.987722183240411,0.985826164005542,0.986009553817112,1.00685757843363,0.986434188956647,1.01475479964298
"212",0.963868985797917,0.951181099258167,0.97794083266799,1.01341011635462,1.00447117444825,0.986715291686439,0.98628722099052,0.999374482971382,0.998996946541197,1.01433545454114,0.979653975977695,0.985123405949959,0.999519028990519,0.985714188853454,0.985897557834676,1.01380174495663,0.999589642649715,1.02568257455314
"213",0.954486155128458,0.941921779452435,0.988277587786824,1.02412177891925,1.01384495256351,0.988921875394943,0.988492847407867,1.0099377900319,1.01472071389196,1.03030064318166,0.977511158754851,0.994329361883557,1.00897600538092,0.987042411809582,0.9872260278755,1.01933176687851,1.01015522393054,1.03442942062251
"214",0.957950360995296,0.945340384255606,0.984378079384547,1.02008083786058,1.01031073464232,0.98793770863272,0.9875091076107,1.00595281562119,1.00850673983469,1.02399126033348,0.978258795232624,0.990858398064122,1.00541020986729,0.986389055764213,0.986572550288579,1.01725031685132,1.00616939157736,1.0311327655697
"215",0.970791921051884,0.958012904474423,0.970732807285484,1.0059406605373,0.997924489786131,0.985933106373344,0.985505375016051,0.992008478404178,0.989391990489668,1.00458302487045,0.981451180760976,0.97869403217719,0.992915301142021,0.985541279739323,0.985724616554864,1.00992102967626,0.992222052223357,1.01956766897477
"216",0.987512997937104,0.974513873513589,0.95451019095492,0.989129660368422,0.983159355671057,0.986386545139073,0.985958617064602,0.975430308983059,0.971440625975456,0.986356036742809,0.9863817930831,0.964193794587515,0.978024786510999,0.987315700491612,0.987499367396473,1.0011079087978,0.975640313616051,1.0057574395781
"217",1.01179419988213,0.998475449928728,0.933252752811273,0.967101228644405,0.963745073354489,0.991453080037761,0.991022953927911,0.953706968935845,0.95462148791182,0.969278659167396,0.994619086887652,0.945128512646435,0.9584527810629,0.993912528642038,0.99409742273189,0.989377648082812,0.953912296656491,0.987556939167081
"218",1.02529219833616,1.01179576752009,0.922337902244365,0.955790503482407,0.953746139655909,0.995946208195724,0.995514132813867,0.94255289623775,0.948544563573513,0.963108430287067,0.999589023247298,0.935309645857412,0.94837590985354,0.999064313061234,0.999250165519618,0.983266294172996,0.942755822549581,0.978163604770416
"219",1.03109121157127,1.01751844546165,0.917812254111908,0.951100713009111,0.949594009301263,0.998173909579769,0.997740867745187,0.937928058914877,0.94648303759917,0.961015251830943,1.00179017090348,0.931232355960801,0.944192095103034,1.00153480059874,1.00172111263332,0.980713491668446,0.938129989525368,0.974258891606886
"220",1.03083720841024,1.01726778587048,0.918008574405833,0.951304153713562,0.949774203614471,0.998072894906726,0.997639896895749,0.93812868198499,0.946567125349646,0.961100630657071,1.00169301391693,0.931409301525476,0.944373656065848,1.00142364573965,1.00160993709648,0.980824466466547,0.938330655788494,0.974428398796474
"221",1.01275812049742,0.999426681977854,0.932454277959094,0.96627379362398,0.963014315911829,0.991739082128407,0.991308831941111,0.952890993811475,0.954121760579071,0.96877125906676,0.994966101471334,0.944410907582791,0.957716250328812,0.994250000711547,0.994434957580153,0.988932691807518,0.953096145857288,0.986870901915287
"222",0.993339567934417,0.980263745473999,0.949189456506451,0.98361594631089,0.978307164865596,0.987187324541476,0.98675904906163,0.96999295933895,0.966563278924772,0.981403803350365,0.988258901223486,0.959428753721964,0.973132402936128,0.9885253459224,0.988709237853392,0.998192046708536,0.970201793341292,1.00121316287622
"223",0.97836612508414,0.965487405494333,0.963194222010399,0.998128655633146,0.991068561475656,0.985767077757359,0.985339418428934,0.984304669022307,0.980447789582728,0.995501495518575,0.983591885189937,0.97196104846775,0.986000585091478,0.986000585091478,0.986184007349997,1.00583964566348,0.984516584254862,1.0131584406304
"224",0.968118213633745,0.955374392395963,0.973478288333298,1.00878571841317,1.00041906022688,0.986158584238946,0.985730755061676,0.99481413250002,0.992925042935815,1.00817032348161,0.980737616206615,0.981143891997766,0.995431503657634,0.9855356086463,0.985718944406868,1.01140161240817,0.99502831036067,1.02189830933596
"225",0.957174857737607,0.944575089332751,0.985242160462952,1.02097625860277,1.01109408184674,0.988139845056026,0.987711156340342,1.00683583487156,1.0098534605226,1.025358658448,0.978086751245067,0.991627723102718,1.00620053435976,0.986517762006786,0.986701280473927,1.01771202687362,1.0070526009368,1.03186358126788
"226",0.951649855998954,0.939122815938121,0.991549601139324,1.02751246608713,1.01680858054961,0.989890969231717,0.989461520818733,1.01328151650613,1.02021097477902,1.03587520103362,0.976941110765395,0.997239966807686,1.01196630706564,0.98773562273903,0.987919367760566,1.02107397052747,1.01349967029019,1.03719274087883
"227",0.964470702087004,0.951774894856665,0.97730119064977,1.01274727493267,1.00389055864135,0.986620960649499,0.986192930877597,0.998720821839857,0.998101059127639,1.01342581175395,0.979803477348609,0.984553190823044,0.998933318594664,0.985674188553095,0.9858575500932,1.01345820226597,0.998935840788644,1.02514045629465
"228",0.98355245814528,0.970605468275584,0.9582179793738,0.992971927883466,0.986537844593205,0.986016964394412,0.985589196656654,0.979219361459758,0.975123165947213,0.990095118097412,0.98514868027366,0.967511631668004,0.981431558896037,0.986652971201258,0.986836514820895,1.00313226157208,0.979430181854335,1.00891978986811
"229",0.991983953616577,0.978925975781217,0.950413761169783,0.984884655715258,0.979424077831293,0.986975016848108,0.986546833474569,0.971244097239164,0.967644047174558,0.982501165617283,0.987815839865387,0.960525601491288,0.974258522777095,0.98822028746761,0.988404122649639,0.998864143295791,0.971453200604425,1.00225946176841
"230",1.00068006573823,0.987507616656709,0.942694256240866,0.976885169318037,0.97237746029895,0.988591275185229,0.988162390623783,0.963355402965007,0.961230216635908,0.97598885770954,0.99071933176837,0.953605619870083,0.967154274040945,0.990406664685116,0.990590906591292,0.994614603030506,0.963562807938973,0.995655671994797
"231",1.01131329298022,0.998000873443401,0.933652277255913,0.967515243583145,0.964110672871465,0.991312530553191,0.990882465418493,0.9541152498072,0.954874905917579,0.969535968130102,0.99444645079933,0.945487532442053,0.958821273501516,0.993746041359069,0.99393090447787,0.989600163264042,0.954320665428411,0.987900138140535
"232",1.0098747938432,0.996581309985509,0.934852009565796,0.968758489410642,0.965208364431005,0.990900735197306,0.990470848713458,0.955341276798652,0.955649516196556,0.97032247170465,0.99393204645831,0.946565470533718,0.959927669013061,0.993255627664242,0.99344039955309,0.990267863897647,0.955546956376545,0.988930465698937
"233",0.995613527083467,0.982507771368525,0.947153557353762,0.981506206408135,0.976449288146229,0.987577260849746,0.98714881620225,0.967912439132478,0.96481980627474,0.979633561580285,0.989010290165227,0.957604259358777,0.971259271436859,0.989067640987734,0.98925163379999,0.997072864310828,0.968120825210577,0.999472393462866
"234",0.97623730433753,0.963386607473317,0.96527909385351,1.00028914443424,0.992965564880041,0.985746982290223,0.985319331679896,0.98643523525972,0.982813252384433,0.997903277420387,0.982973441202418,0.973824024139898,0.987913756745886,0.985809197143545,0.985992583798829,1.00697077714547,0.986647609191146,1.01493241161684
"235",0.965477511369669,0.95276845100832,0.976236719390109,1.01164419598651,1.0029241709237,0.986474783732881,0.986046817377503,0.997633020431811,0.996629289601542,1.01193144481278,0.980056601548717,0.983604115674124,0.997958466629643,0.985618345909597,0.98580169706149,1.01288613423418,0.997847805183102,1.02423805712732
"236",0.961084582927895,0.948433348867077,0.980935514469881,1.0165134133353,1.00718863237332,0.987222001346265,0.98679371082244,1.00243479958508,1.0033079297997,1.01871262824339,0.978980104337259,0.987792194415245,1.00226042252916,0.985966217729794,0.986149633595072,1.01540803337964,1.00265061813229,1.02821932992592
"237",0.958534108267684,0.945916447372502,0.983730931208905,1.01941021803771,1.00972397332194,0.987792244049258,0.987363706134729,1.00529148381886,1.00750921643873,1.02297842105429,0.978390017357103,0.990282140748833,1.00481823039019,0.986298617094792,0.986482094795167,1.01690433861383,1.00550791739404,1.03058530642487
"238",0.955633574644357,0.943054094914935,0.986974546670936,1.02277147734194,1.01266424576593,0.988572419869689,0.98814354348832,1.00860619000255,1.01260507558872,1.02815252156088,0.977752749885974,0.993169784209378,1.00778472111847,0.9868033130096,0.9869868845968,1.01863686600606,1.00882333721523,1.03332823755125
"239",0.963468830913917,0.950786211811797,0.97836766365054,1.01385242822181,1.00485858083807,0.986780954577464,0.986352855394746,0.99981066886142,0.999599605142089,1.01494736630722,0.979555302288089,0.98550387302822,0.999909838490442,0.985743579901165,0.985926954349901,1.01403090101243,1.00002592244811,1.02604427217946
"240",0.987512997937104,0.974513873513589,0.95451019095492,0.989129660368422,0.983159355671057,0.986386545139073,0.985958617064602,0.975430308983059,0.971440625975456,0.986356036742809,0.9863817930831,0.964193794587515,0.978024786510999,0.987315700491612,0.987499367396473,1.0011079087978,0.975640313616051,1.0057574395781
"241",1.00654300767576,0.993293381775408,0.937658264130134,0.971666525019308,0.96777496065244,0.989997866079783,0.989568371291305,0.958209036391704,0.957542205556613,0.972244221244512,0.9927524160178,0.949085889976675,0.962514722295662,0.992164689236836,0.992349258182203,0.991826811603984,0.958415333382031,0.991338925752847
"242",1.01860036133884,1.00519201849926,0.927679128669231,0.96132545274711,0.958641799033581,0.993590782661244,0.993159729143197,0.948011186983439,0.951317729628474,0.9659241752807,0.997096318235615,0.940117113245249,0.953309442338032,0.996398950821626,0.996584307451945,0.986264790598384,0.94821528843442,0.98276446065994
"243",1.02931675539181,1.01576734733086,0.919187338892145,0.95252567122804,0.950855995693965,0.997474700206736,0.997041961712992,0.939333281598484,0.947082108891722,0.961623521209481,1.00111282989258,0.932471591391395,0.94546366884178,1.00076381051888,1.00094997912886,0.981490339918761,0.939535514745478,0.975445934735125
"244",1.02205452233713,1.00860071065948,0.924905651296137,0.958451383137289,0.956100322332721,0.994776641471618,0.994345073487634,0.945176922963389,0.949830868250257,0.964414484768495,0.998376331697239,0.937621412779313,0.950748235504321,0.997748818551797,0.997934426293314,0.98470971033197,0.945380414213344,0.980376437852942
"245",1.00630635124187,0.993059840567791,0.937859085557601,0.971874630110513,0.967958579265475,0.989936508379295,0.989507040209877,0.95841425924726,0.957682044818638,0.972386207585812,0.992669273441869,0.949266205576693,0.962699810095225,0.992089653771934,0.992274208758715,0.991938221358386,0.958620600420907,0.99151119751401
"246",0.989292534919398,0.976269985566087,0.952868732345587,0.9874286671133,0.981662949346579,0.986599742309144,0.98617172174248,0.973752874322165,0.969885593209013,0.984777128145103,0.986947437808746,0.962724259873428,0.976515930767704,0.98765659870276,0.987840329023729,1.0002097422459,0.973962517812954,1.00435631011598
"247",0.976449329923824,0.963595842061433,0.965070295809865,1.00007277342013,0.992775613729799,0.98574673109183,0.985319080590481,0.986221860963502,0.982572693938964,0.997659025462487,0.983034472616598,0.97363747993183,0.987722183240411,0.985826164005542,0.986009553817112,1.00685757843363,0.986434188956647,1.01475479964298
"248",0.967505881609625,0.954770120802629,0.974113684948129,1.00944416045368,1.0009962140429,0.986223432241525,0.985795574930984,0.995463455181125,0.993764424732699,1.00902259307005,0.980577546489807,0.981710703159219,0.99601368061068,0.985546773438587,0.985730111276102,1.01174383633858,0.995677772837278,1.02243743065787
"249",0.951649855998954,0.939122815938121,0.991549601139324,1.02751246608713,1.01680858054961,0.989890969231717,0.989461520818733,1.01328151650613,1.02021097477902,1.03587520103362,0.976941110765395,0.997239966807686,1.01196630706564,0.98773562273903,0.987919367760566,1.02107397052747,1.01349967029019,1.03719274087883
"250",0.947940480961495,0.935462269247982,0.995945423091783,1.03206772166855,1.02078740430872,0.991400487037344,0.990970383744129,1.01777368223255,1.02799980906532,1.04378362437115,0.976258119680568,1.00114763129186,1.01598121943743,0.988878466228298,0.989062423849032,1.02340850252581,1.0179928031545,1.04090107657186
"251",0.968118213633745,0.955374392395963,0.973478288333298,1.00878571841317,1.00041906022688,0.986158584238946,0.985730755061676,0.99481413250002,0.992925042935815,1.00817032348161,0.980737616206615,0.981143891997766,0.995431503657634,0.9855356086463,0.985718944406868,1.01140161240817,0.99502831036067,1.02189830933596
"252",0.989515807922819,0.976490319515989,0.952663823020974,0.987216325859554,0.981476115841908,0.986628482939759,0.986200449904431,0.973543473974515,0.969694660659337,0.984583264034474,0.987018894885881,0.962540781746834,0.976327546268511,0.987701185914178,0.987884924529551,1.0000975347569,0.973753072382593,1.00418135262304
"253",1.01835493328948,1.0049498211413,0.927877567171075,0.961531088485516,0.958823585772,0.993509032673691,0.993078014621572,0.948213974686496,0.951428054407179,0.966036193975994,0.997005931934693,0.940295626256764,0.953492646024588,0.996305217831212,0.996490557024708,0.986375897526556,0.948418119796523,0.982935237183042
"254",1.03415245900463,1.02053939617349,0.915459494616618,0.948662620443355,0.947433961476255,0.999415210686836,0.998981630333561,0.935523733698446,0.945512282605804,0.96002959195395,1.00296621286328,0.929111257764085,0.942015724424882,1.00289479011436,1.00308135514306,0.979381855078236,0.935725146671306,0.972226595980689
"255",1.04138966873259,1.02768133891263,0.909991170210644,0.942995963435688,0.942409614640997,1.00251778501743,1.00208285866175,0.929935559349461,0.943514060010804,0.958000688831483,1.00578194190062,0.924177551005627,0.936953838748505,1.00625244160257,1.0064396312435,0.976274676681039,0.930135769219965,0.967496828653405
"256",1.03287397889933,1.01927774533726,0.916439123459183,0.949677779792638,0.94833347291374,0.998891485496774,0.998458132353323,0.936524833187636,0.94590822200158,0.960431610567096,1.00247392434317,0.929994548050779,0.942922019817443,1.00232228541221,1.00250874393986,0.979936692848434,0.936726461691558,0.973072987803283
"257",1.01203491680816,0.998712998178213,0.933053062512986,0.966894295707706,0.963562328947637,0.991523968397744,0.991093811534109,0.953502902000567,0.954495669646823,0.969150909100234,0.994705623030072,0.944949057214557,0.958268591765501,0.993996335296459,0.994181244976571,0.989266399860692,0.953708185786755,0.987385384911009
"258",0.990186732386732,0.977152412267708,0.952049455578679,0.986579675706107,0.980915901955689,0.986717477405792,0.986289405761633,0.972915641364926,0.969126408668714,0.984006287154616,0.987234262367416,0.961990629285537,0.975762686278603,0.987837563040873,0.988021327026008,0.999760994653455,0.973125104604191,1.00365672218437
"259",0.974758472244483,0.961927241982146,0.966742641076085,1.00180577357127,0.994296807047313,0.98576292840343,0.985335270875136,0.987930859227966,0.98452254213939,0.999638811454339,0.9825513225222,0.975131391354902,0.989256390064937,0.985704084657763,0.985887451759337,1.00776371590109,0.98814355515878,1.01617705425235
"260",0.963468830913917,0.950786211811797,0.97836766365054,1.01385242822181,1.00485858083807,0.986780954577464,0.986352855394746,0.99981066886142,0.999599605142089,1.01494736630722,0.979555302288089,0.98550387302822,0.999909838490442,0.985743579901165,0.985926954349901,1.01403090101243,1.00002592244811,1.02604427217946
"261",0.958339324226115,0.945724227370087,0.983946560779276,1.01963366835362,1.0099194894602,0.987840149706768,0.987411591009133,1.00551183936922,1.00784053994051,1.02331483166689,0.978346068814369,0.990474156747351,1.00501548450824,0.98632818564062,0.986511668841529,1.01701963594649,1.0057283203857,1.03076773099372
"262",0.95756220513675,0.944957337885554,0.98480994537144,1.02052836734847,1.01070226493929,0.988037604393171,0.987608960032969,1.00639414686838,1.00917770288862,1.02467252529294,0.978172355167918,0.9912429196928,1.00580522597972,0.986452244646639,0.986635750925813,1.01748111351628,1.00661081784068,1.03149804853653
"263",0.970791921051884,0.958012904474423,0.970732807285484,1.0059406605373,0.997924489786131,0.985933106373344,0.985505375016051,0.992008478404178,0.989391990489668,1.00458302487045,0.981451180760976,0.97869403217719,0.992915301142021,0.985541279739323,0.985724616554864,1.00992102967626,0.992222052223357,1.01956766897477
"264",0.994929427171173,0.981832676603401,0.947763728447402,0.982138508014067,0.977006178327722,0.987455570572045,0.987027178717936,0.968535983421519,0.965335347561256,0.980157018440693,0.988783183774861,0.958151142561689,0.971820726291418,0.98890053927292,0.989084500999826,0.997408494368584,0.96874450374518,0.999994227584846
"265",1.00559744765621,0.99236026863238,0.938461853855565,0.972499260426141,0.968509671199706,0.989754960132052,0.989325570724446,0.959030238492636,0.958105335955817,0.972815997896503,0.992420746515921,0.94980738466557,0.963255315996967,0.99186687936949,0.992051392914323,0.992272498383124,0.959236712283134,0.992028207531399
"266",1.01179419988213,0.998475449928728,0.933252752811273,0.967101228644405,0.963745073354489,0.991453080037761,0.991022953927911,0.953706968935845,0.95462148791182,0.969278659167396,0.994619086887652,0.945128512646435,0.9584527810629,0.993912528642038,0.99409742273189,0.989377648082812,0.953912296656491,0.987556939167081
"267",1.01615389546843,1.00277775667509,0.929665549490834,0.963383919771601,0.960461216887803,0.992791169600757,0.992360462982086,0.950041144436118,0.952446168260905,0.967069939856969,0.996198782521251,0.941903769237525,0.955143075868313,0.99547792038674,0.995663105680971,0.987376062981744,0.950245682925467,0.984473479087576
"268",1.01445172723899,1.00109799493209,0.931058769945325,0.964827671434002,0.961736890271666,0.992255236281433,0.991824762168887,0.951464900275798,0.953269807398983,0.96790622507525,0.995578934288645,0.943156476246492,0.956428761556998,0.994854915228672,0.995039984627421,0.988154244110687,0.951669745291733,0.985671478054411
"269",1.0004478745916,0.98727848195755,0.942896379074393,0.977094623016462,0.972562093769659,0.988540588223911,0.988111725652194,0.963561955749701,0.96138623534258,0.976147271913204,0.990640002140383,0.953786933910635,0.967340403675349,0.990341517264047,0.990525747051075,0.994726233396063,0.963769405193314,0.995828784364943
"270",0.980729726193638,0.967819893347627,0.960908714574468,0.995760254315597,0.988988182984753,0.98584663407284,0.985418940230176,0.981969069836945,0.977946798012499,0.992962103951889,0.984292836191585,0.969917995469139,0.983902562265517,0.986266187766148,0.986449659433808,1.00459752356235,0.982180482228196,1.01121248353314
"271",0.968937389873333,0.956182785411548,0.972632164664904,1.00790890638467,0.999650394123665,0.986079631151921,0.985651836227189,0.993949464234433,0.991820031999586,1.00704834630825,0.980953737456734,0.980389001502372,0.994656158269659,0.985528040661185,0.985711375013907,1.01094563962205,0.994163455936891,1.0211802345962
"272",0.959315257464873,0.946687313914547,0.982869272838794,1.01851730787389,1.00894261413669,0.987606423549522,0.987177966250253,1.00441094037557,1.00619567543608,1.02164471206289,0.978567882286579,0.98951477024555,1.00402993329016,0.986186091731554,0.986369548499227,1.01644343405122,1.00462718437472,1.02985622230982
"273",0.953725293562854,0.941170933485796,0.98914809506788,1.02502385893832,1.01463358213592,0.989166888195767,0.988737753913794,1.0108273763288,1.01615636743499,1.03175833961825,0.977354381355887,0.995103880198019,1.00977171562215,0.987213837705751,0.987397485661432,1.01979565397585,1.01104500175035,1.03516484531143
"274",0.954867812470539,0.942298412849224,0.987842879908657,1.02367130446652,1.01345108684849,0.98880299021341,0.988374013802774,1.00949355460734,1.01401048938626,1.02957951395368,0.977590835182796,0.993942544217463,1.00857860805904,0.986960317153735,0.98714391794787,1.01910001024792,1.00971089286461,1.03406210049974
"275",0.962273126172216,0.949606246725923,0.979650108351294,1.01518138636528,1.00602239536121,0.986991346862843,0.986563156404787,1.00112122106145,1.001433805043,1.01680972834611,0.979264078949016,0.986646842828088,1.00108389476948,0.985844925726479,0.986028319028227,1.01471899130112,1.00133675680263,1.02713074930317
"276",0.981161925724106,0.968246403620855,0.96049403527595,0.995330534866196,0.988610629955642,0.985867492079423,0.985439789187845,0.981545301960902,0.977503194016068,0.992511688900157,0.984422581384711,0.969547217327746,0.983521816864061,0.98632059294343,0.986504074731895,1.00437191265468,0.981756623117324,1.01085926887431
"277",0.991308618754051,0.978259530687154,0.951026703030822,0.985519828582536,0.979983159933163,0.986875005389304,0.986446865404142,0.971870473022856,0.968194351921088,0.983059919692699,0.987596514794088,0.961074640742983,0.97482222360773,0.988073532757989,0.98825734063975,0.999200363877491,0.972079711243284,1.00278313779203
"278",0.998366254654825,0.985224263418651,0.944717915512041,0.978982225406664,0.974225701007229,0.988103997895708,0.987675324731744,0.965423415026967,0.962820705822224,0.977603767121756,0.989933049837384,0.955420635307455,0.969017525662813,0.989773428051826,0.989957552159194,0.995731358545927,0.965631265232243,0.997388383120297
"279",1.00559744765621,0.99236026863238,0.938461853855565,0.972499260426141,0.968509671199706,0.989754960132052,0.989325570724446,0.959030238492636,0.958105335955817,0.972815997896503,0.992420746515921,0.94980738466557,0.963255315996967,0.99186687936949,0.992051392914323,0.992272498383124,0.959236712283134,0.992028207531399
"280",1.00021586321164,0.987049524658703,0.943098555586819,0.977304132340684,0.972746769289799,0.988490335154249,0.988061494384025,0.96376856338978,0.961542922821099,0.976306365156977,0.990560827805874,0.953968289317886,0.967526576451409,0.990276773416912,0.990460991159868,0.994837873592298,0.96397605731485,0.996001931724299
"281",0.984427361763137,0.971468855102259,0.957392259845072,0.992116260039633,0.985785657001764,0.986085780557174,0.985657982964621,0.978375544533891,0.974282392162389,0.989241435148582,0.985417917987539,0.966772945569848,0.98067305323558,0.986787606680783,0.986971175346189,1.00268197099857,0.978586183259452,1.0082158462257
"282",0.970171996105462,0.957401139908196,0.971365251786401,1.00659604339263,0.998499243078706,0.985977185577992,0.985549435097639,0.992654784269523,0.990192469310032,1.00539579416961,0.981283656439587,0.979258482960584,0.993495027122147,0.985532240056274,0.985715575190195,1.01026236499577,0.992868497234701,1.02010471799945
"283",0.958339324226115,0.945724227370087,0.983946560779276,1.01963366835362,1.0099194894602,0.987840149706768,0.987411591009133,1.00551183936922,1.00784053994051,1.02331483166689,0.978346068814369,0.990474156747351,1.00501548450824,0.98632818564062,0.986511668841529,1.01701963594649,1.0057283203857,1.03076773099372
"284",0.947940480961495,0.935462269247982,0.995945423091783,1.03206772166855,1.02078740430872,0.991400487037344,0.990970383744129,1.01777368223255,1.02799980906532,1.04378362437115,0.976258119680568,1.00114763129186,1.01598121943743,0.988878466228298,0.989062423849032,1.02340850252581,1.0179928031545,1.04090107657186
"285",0.94413583843405,0.931707709121178,1.0006037508607,1.0368950039832,1.02500045639053,0.993262179236594,0.992831268277903,1.0225341071479,1.0367931978514,1.05271202604661,0.975638693326195,1.00528536860349,1.0202328310646,0.990358694324019,0.990542927306436,1.02587504619121,1.02275425296243,1.04482577543024
"286",0.942356989469867,0.929952276030066,1.002838053572,1.03921034341377,1.02701995352608,0.994251541303422,0.993820201125774,1.02481737934834,1.04121582348278,1.05720255626856,0.975379903619893,1.00726877635453,1.02227093771515,0.991168439603584,0.991352823220098,1.02705544193147,1.02503801673848,1.04670634787726
"287",0.949599403265177,0.937099354332833,0.993962514446594,1.03001289420485,1.01899298171308,0.990689973654358,0.990260178606045,1.01574731393309,1.02442657705242,1.04015552927983,0.976554412491399,0.999385297232015,1.01417048174516,0.988332683154529,0.988516539245137,1.02235626958472,1.0159659985894,1.03922886355165
"288",0.957174857737607,0.944575089332751,0.985242160462952,1.02097625860277,1.01109408184674,0.988139845056026,0.987711156340342,1.00683583487156,1.0098534605226,1.025358658448,0.978086751245067,0.991627723102718,1.00620053435976,0.986517762006786,0.986701280473927,1.01771202687362,1.0070526009368,1.03186358126788
"289",0.969142671257516,0.956385364574838,0.972420823902374,1.0076899004289,0.99945838228129,0.986061228413503,0.985633441472507,0.993733491490246,0.991546288099171,1.00677039936896,0.981008247068187,0.980200430974326,0.994462479849183,0.985527448780812,0.985710783023428,1.0108317039046,0.993947436694993,1.02100084949381
"290",0.982898244173501,0.969959866047485,0.958837942678809,0.993614376857961,0.98710252482421,0.985970394691049,0.985542647156814,0.979852912577278,0.97576232333264,0.990744089047038,0.98494856553318,0.968066176862535,0.982000990100996,0.986556791717688,0.98674031744539,1.0034701490193,0.980063869371829,1.00944820652412
"291",0.991083874046319,0.978037744405716,0.951231134885592,0.985731675048916,0.980169614150107,0.986842582346874,0.986414456427932,0.972079385435897,0.96837926971797,0.983247676700568,0.987523734747195,0.961257745809551,0.97501021967436,0.988025474749712,0.988209273691409,0.999312463491951,0.972288668633986,1.00295777525517
"292",0.987512997937104,0.974513873513589,0.95451019095492,0.989129660368422,0.983159355671057,0.986386545139073,0.985958617064602,0.975430308983059,0.971440625975456,0.986356036742809,0.9863817930831,0.964193794587515,0.978024786510999,0.987315700491612,0.987499367396473,1.0011079087978,0.975640313616051,1.0057574395781
"293",0.97836612508414,0.965487405494333,0.963194222010399,0.998128655633146,0.991068561475656,0.985767077757359,0.985339418428934,0.984304669022307,0.980447789582728,0.995501495518575,0.983591885189937,0.97196104846775,0.986000585091478,0.986000585091478,0.986184007349997,1.00583964566348,0.984516584254862,1.0131584406304
"294",0.967098638352351,0.954368238290766,0.974537668295683,1.00988352140398,1.00138129725845,0.986269359640144,0.985841482404733,0.995896731024198,0.994329118295248,1.00959595688605,0.980471800229256,0.982088886014575,0.996402119123811,0.985556845646895,0.985740185358108,1.01197210355508,0.996111141962191,1.02279711632184
"295",0.955441828514771,0.942864872834957,0.987191495224901,1.02299629448013,1.01286084522747,0.988629165085593,0.988200264086217,1.00882789344483,1.01295456010677,1.02850737203234,0.977711951825509,0.993362865271725,1.0079830798812,0.986841669087656,0.987025247810104,1.01875260623877,1.00904508838901,1.03351160657039
"296",0.949229293267893,0.936734116277402,0.994402476244383,1.03046881313348,1.01939117708947,0.990843414049034,0.990413552433052,1.01619691842807,1.02521082995843,1.04095182353343,0.976486995583297,0.999776371388885,1.01457229197706,0.98844947027479,0.988633348090899,1.02258985577338,1.01641569988169,1.03959997107618
"297",0.949599403265177,0.937099354332833,0.993962514446594,1.03001289420485,1.01899298171308,0.990689973654358,0.990260178606045,1.01574731393309,1.02442657705242,1.04015552927983,0.976554412491399,0.999385297232015,1.01417048174516,0.988332683154529,0.988516539245137,1.02235626958472,1.0159659985894,1.03922886355165
"298",0.948307668005655,0.935824622826573,0.995504089288003,1.03161038097216,1.02038807606182,0.99123813002918,0.990808097171964,1.01732267566115,1.0271959013736,1.04296737355405,0.976322384196256,1.00075544344007,1.01557825485898,0.988752666295967,0.988936600514577,1.02317442812976,1.01754169948394,1.04052897605379
"299",0.958534108267684,0.945916447372502,0.983730931208905,1.01941021803771,1.00972397332194,0.987792244049258,0.987363706134729,1.00529148381886,1.00750921643873,1.02297842105429,0.978390017357103,0.990282140748833,1.00481823039019,0.986298617094792,0.986482094795167,1.01690433861383,1.00550791739404,1.03058530642487
"300",0.969965742478288,0.957197601300033,0.971576215928397,1.00681465906809,0.9986909487877,0.985992934167915,0.985565176855287,0.992870372138736,0.990461256360175,1.00566870815161,0.981228194017397,0.979446752473372,0.993688392960001,0.985530251687064,0.985713586451095,1.01037618783192,0.993084131518765,1.02028383892514
"301",0.977299337429495,0.96443466049582,0.964235797214416,0.999208008098484,0.992016368936405,0.985750762759104,0.985323110508681,0.985369072559022,0.981619419238915,0.996691114269641,0.983280409357642,0.97289185359932,0.986956461341935,0.985898872668784,0.986082276006094,1.00640497533339,0.985581216951643,1.0140448315235
"302",0.982245716554891,0.96931592797425,0.959458488049444,0.994257429009228,0.987667671630098,0.985928167865178,0.985500438650379,0.980487058517627,0.97640890154115,0.991400594758388,0.984750012814557,0.968621180916096,0.982570898570881,0.986464748178924,0.986648256784086,1.00380818449914,0.980698151840216,1.00997702037202
"303",0.984646554529862,0.971685162525648,0.957185989333058,0.991902508229097,0.985597737657024,0.986104180587732,0.985676375012619,0.978164753165528,0.974074225690478,0.989030072507648,0.985485657542895,0.966588399491598,0.980483557321922,0.986822402409606,0.987005977547941,1.00256943811247,0.978375346508899,1.00803996873748
"304",0.980513909028047,0.967606917090657,0.961116153517625,0.995975216935521,0.989177039282267,0.985836939132963,0.985409249496294,0.982181055245101,0.978169871091877,0.993188602074982,0.984228227632234,0.970103463000927,0.984093016551936,0.986239686406162,0.986423153143866,1.00471035502578,0.982392513275612,1.01138915894005
"305",0.970171996105462,0.957401139908196,0.971365251786401,1.00659604339263,0.998499243078706,0.985977185577992,0.985549435097639,0.992654784269523,0.990192469310032,1.00539579416961,0.981283656439587,0.979258482960584,0.993495027122147,0.985532240056274,0.985715575190195,1.01026236499577,0.992868497234701,1.02010471799945
"306",0.958729093746767,0.946108866160808,0.983515387842095,1.01918685705191,1.00952852790501,0.987744919597645,0.987316402214075,1.00507121636139,1.00717907207524,1.02264320768435,0.97843417330012,0.990090194280704,1.00462104839619,0.98626962462477,0.986453096931777,1.01678906987332,1.00528760251423,1.03040294344166
"307",0.949229293267893,0.936734116277402,0.994402476244383,1.03046881313348,1.01939117708947,0.990843414049034,0.990413552433052,1.01619691842807,1.02521082995843,1.04095182353343,0.976486995583297,0.999776371388885,1.01457229197706,0.98844947027479,0.988633348090899,1.02258985577338,1.01641569988169,1.03959997107618
"308",0.944314896056874,0.931884409719514,1.00038089977819,1.03666407023557,1.02479898621189,0.993166938498907,0.992736068858892,1.02230637181063,1.03635948674892,1.05227165578342,0.975665870089721,1.00508749922831,1.02002950884221,0.990281498527853,0.990465717149804,1.02575721918042,1.02252646859503,1.04463813972827
"309",0.943421736953633,0.931003007713484,1.00149620291681,1.03781982470018,1.02580720441462,0.99364983548495,0.993218756347777,1.02344611918622,1.03854347656496,1.05448917837989,0.97553233805818,1.0060776987025,1.02104700339584,0.990674315904681,0.990858607601082,1.02634673798148,1.02366646135179,1.04557708051783
"310",0.940949336332359,0.928563152530464,1.00463320094287,1.04107059962275,1.02864193402175,0.99509200160353,0.994660296805582,1.02665187118639,1.04486851243746,1.06091132827628,0.9751900413543,1.00886177701532,1.02390792390862,0.991866442745748,0.992050956209358,1.02800260391402,1.02687290353225,1.0482164199608
"311",0.94575499663901,0.933305553541903,0.998601821816836,1.03482046626323,1.02319031188756,0.992428910809939,0.991998361351468,1.02048830157733,1.03294449492263,1.04880423048411,0.975891690189038,1.00350757898509,1.0184060757561,0.989688304978951,0.98987241325117,1.02481596349112,1.02070800694149,1.04313976625221
"312",0.965477511369669,0.95276845100832,0.976236719390109,1.01164419598651,1.0029241709237,0.986474783732881,0.986046817377503,0.997633020431811,0.996629289601542,1.01193144481278,0.980056601548717,0.983604115674124,0.997958466629643,0.985618345909597,0.98580169706149,1.01288613423418,0.997847805183102,1.02423805712732
"313",0.985085499571665,0.972118329515693,0.95677363848423,0.991475201680755,0.985222051083502,0.986142411056548,0.985714588895756,0.977743364772095,0.973660309336222,0.988609800919442,0.985621651061704,0.966219456939708,0.980104721138864,0.986893352562408,0.987076940899353,1.00234441941799,0.977953867392926,1.00768834298554
"314",0.998135865263096,0.984996906756998,0.944920580917434,0.979192241355687,0.974410760149826,0.988057675116684,0.987629022049119,0.965630522275142,0.962983490285311,0.977769050962642,0.989855282964647,0.955602368099981,0.969204091938973,0.989712345231392,0.989896457975736,0.995843090779234,0.965838417069438,0.997561850233795
"315",1.01251687719804,0.999188614283932,0.932653825199478,0.966480578314159,0.963196950327826,0.991666969926382,0.991236751023815,0.953094914553432,0.954245807409448,0.968897210500856,0.994879130519719,0.944590254782432,0.957900326500833,0.994165071879212,0.994350012948803,0.98904392179461,0.953300110502229,0.987042366380687
"316",1.00796667026978,0.994698303991095,0.936454391261711,0.970418988457882,0.966674067793952,0.990374813110886,0.989945154789949,0.956978778092579,0.956716267784169,0.971405602098843,0.993254409820912,0.948004802008889,0.961405036679838,0.992623022875916,0.992807677083496,0.991158515004247,0.957184810215247,0.990305969696079
"317",0.991308618754051,0.978259530687154,0.951026703030822,0.985519828582536,0.979983159933163,0.986875005389304,0.986446865404142,0.971870473022856,0.968194351921088,0.983059919692699,0.987596514794088,0.961074640742983,0.97482222360773,0.988073532757989,0.98825734063975,0.999200363877491,0.972079711243284,1.00278313779203
"318",0.971413589605957,0.958626389696325,0.970101030869557,1.00528596999797,0.997350278907973,0.985893759618184,0.985466045330854,0.991362855266327,0.988600273174543,1.00377915159988,0.981620404676908,0.978130114748053,0.992336129087124,0.985554910780041,0.985738250131318,1.00957989198917,0.991576290086492,1.01903108749219
"319",0.957950360995296,0.945340384255606,0.984378079384547,1.02008083786058,1.01031073464232,0.98793770863272,0.9875091076107,1.00595281562119,1.00850673983469,1.02399126033348,0.978258795232624,0.990858398064122,1.00541020986729,0.986389055764213,0.986572550288579,1.01725031685132,1.00616939157736,1.0311327655697
"320",0.949044550802595,0.936551805668999,0.99462260310038,1.03069692384866,1.01959039525866,0.990921084626745,0.990491189314621,1.01642186983162,1.02560504141441,1.04135208767614,0.976453623332683,0.999972026909489,1.01477331986302,0.98850882338998,0.988692712247343,1.0227067006301,1.01664069971601,1.0397856304103
"321",0.939555486605013,0.927187650739876,1.00643535009214,1.04293811156012,1.03026971848352,0.995976729625011,0.995544641001918,1.02849351826168,1.04862638563215,1.06472689951326,0.975015663683772,1.0104604830823,1.02555082087944,0.992609997476222,0.992794649260732,1.02895237255908,1.02871494710374,1.04973160089724
"322",0.943599942651488,0.931178867601163,1.00127293221217,1.03758845611098,1.02560538685712,0.993551914869257,0.993120878213382,1.0232179550299,1.038103580462,1.0540425281523,0.975558573326835,1.00587948784088,1.02084332733539,0.990594381568557,0.990778658395052,1.02622875719971,1.02343824807302,1.04538913948969
"323",0.953535590063663,0.940983727148054,0.989365950612625,1.02524961596326,1.01483092778694,0.989229656477089,0.988800494964098,1.01105000664049,1.01651847344684,1.03212600537277,0.97731572555693,0.995297694856125,1.00997083509151,0.987258209373485,0.987441865583473,1.01991170433917,1.01126767999309,1.0353488659587
"324",0.966895310518808,0.954167586962558,0.974749776216981,1.01010332234288,1.00157393356334,0.986293134563603,0.985865247013821,0.996113487741067,0.994613006257334,1.00988420363801,0.980419218048522,0.982278070553465,0.996596435045088,0.985562673540406,0.985746014335763,1.01208627285914,0.996327945345557,1.02297704104629
"325",0.980945731794754,0.968033055559653,0.960701341880375,0.995545360347547,0.988799379922867,0.985856818627268,0.985429120366198,0.981757152129842,0.977724573123758,0.992736467042475,0.984357620861632,0.969732580290901,0.983712162417042,0.986293156889727,0.986476633574359,1.00448470946968,0.981968518896407,1.0110358535549
"326",0.998827575105706,0.985679511279143,0.944312749089096,0.978562363858703,0.973855711870217,0.988197959775901,0.987769245848073,0.96500936852137,0.962497188499952,0.977275282544026,0.99008905515006,0.955057296768745,0.968644525562991,0.98989682114944,0.990080968211198,0.995507925633425,0.965217129584773,0.997041556671439
"327",1.00418444399906,0.990965865044685,0.939668769375295,0.973749949993876,0.969612927247682,0.989403272502218,0.988974035668683,0.960263606129234,0.958969040414468,0.973692963594635,0.991927765000458,0.950890797719723,0.96436742890172,0.991431878031796,0.991616310654844,0.992941274146258,0.960470345456814,0.993063113026625
"328",0.997675628606856,0.984542728424619,0.945326076768917,0.979612444280348,0.974781008167204,0.987966348739169,0.987537735292096,0.966044905429404,0.963311119694167,0.97810171076356,0.989700221890746,0.955965961304939,0.969577357533224,0.989591410315937,0.989775500563179,0.996066587200428,0.966252889438051,0.997908892785809
"329",0.985085499571665,0.972118329515693,0.95677363848423,0.991475201680755,0.985222051083502,0.986142411056548,0.985714588895756,0.977743364772095,0.973660309336222,0.988609800919442,0.985621651061704,0.966219456939708,0.980104721138864,0.986893352562408,0.987076940899353,1.00234441941799,0.977953867392926,1.00768834298554
"330",0.970585085511066,0.957808791612634,0.970943547646504,1.00615904431538,0.998116013737233,0.985947272511694,0.985519535008649,0.992223837587782,0.989657839339366,1.00485295553914,0.981395150097113,0.978882122968988,0.993108481374272,0.985537755062102,0.98572109122196,1.01003478602057,0.992437457772576,1.01974663317159
"331",0.961479966559521,0.948823527867439,0.980506714013686,1.01606906056294,1.00679961518127,0.98714285260471,0.986714596418304,1.0019966010562,1.00267873809485,1.0180737759865,0.979073952962025,0.9874101435954,1.00186796961602,0.985923555812747,0.986106963741777,1.01517824544658,1.00221232526174,1.02785623382709
"332",0.955441828514771,0.942864872834957,0.987191495224901,1.02299629448013,1.01286084522747,0.988629165085593,0.988200264086217,1.00882789344483,1.01295456010677,1.02850737203234,0.977711951825509,0.993362865271725,1.0079830798812,0.986841669087656,0.987025247810104,1.01875260623877,1.00904508838901,1.03351160657039
"333",0.953346091605744,0.940796723152526,0.98958389810347,1.02547546826912,1.01502834913572,0.989293032943816,0.988863843935955,1.01127273091348,1.01688186516755,1.03249497657682,0.977277285866202,0.995491583933702,1.01017003172415,0.987303189733333,0.987486854310861,1.02002778638128,1.01149045221735,1.03553295275754
"334",0.948491575343501,0.936006109300722,0.995283570434487,1.03138186404196,1.0201885342187,0.991157911870212,0.990727913814365,1.01709732366862,1.02679607440991,1.04256140768362,0.976354855768473,1.00055946972423,1.01537689716315,0.988690738123138,0.988874660821466,1.02305744378682,1.0173162989744,1.04034303301015
"335",0.950528317510189,0.938016040817931,0.992864301449296,1.02887484972997,1.0179988891221,0.990317406514988,0.989887773098987,1.01462503126556,1.02249004491782,1.03818926380746,0.976726860234569,0.998408984074197,1.01316737859107,0.988051844065404,0.988235647912493,1.02177290206464,1.01484347430076,1.03830231749085
"336",0.962273126172216,0.949606246725923,0.979650108351294,1.01518138636528,1.00602239536121,0.986991346862843,0.986563156404787,1.00112122106145,1.001433805043,1.01680972834611,0.979264078949016,0.986646842828088,1.00108389476948,0.985844925726479,0.986028319028227,1.01471899130112,1.00133675680263,1.02713074930317
"337",0.979008474121007,0.966121298971556,0.962570094569148,0.997481891491871,0.990500535875581,0.985782844420177,0.985355178251637,0.983666862502655,0.979755336470094,0.994798410544008,0.983780920570293,0.971403213324421,0.985427732857938,0.986067344841841,0.986250779519444,1.00550066950943,0.983878640419071,1.01262716986123
"338",0.985525189935922,0.972552232017143,0.956361540190107,0.991048156847115,0.984846566433499,0.986182544212987,0.985754704641064,0.97732223446864,0.9732496002079,0.988192785800624,0.985758328804345,0.965850712978846,0.979726091574572,0.986966109074144,0.98714971094573,1.00211946289537,0.977532646422496,1.00733688869695
"339",0.987069963765395,0.974076671220887,0.954921167627255,0.989555542899775,0.983533944865508,0.986337916254251,0.985910009276646,0.975850293082003,0.971837120195813,0.986758618699262,0.986242060689293,0.964561657854175,0.978402499624901,0.987234892105784,0.987418543978142,1.00133259436292,0.976060388135197,1.0061081345784
"340",0.980298280405479,0.967394126894822,0.961323658869642,0.996190248372912,0.989365948956711,0.985827734526565,0.985400048883167,0.982393108517609,0.978393794781313,0.993415963868321,0.984163795441758,0.970288983025055,0.984283525419085,0.9862136536459,0.98639711554082,1.00482320395326,0.982604612201991,1.01156587990696
"341",0.973289025169607,0.960477137969488,0.968209661757485,1.00332600214725,0.995630858278795,0.985803893036926,0.985376217736779,0.989430032783265,0.986276906762573,1.00142011243193,0.982138197659329,0.976441520856286,0.990601893515244,0.9856230918774,0.985806443912169,1.00855763728487,0.989643051477673,1.01742410899066
"342",0.959903229293491,0.947267545977741,0.982223926044659,1.01784855476747,1.00835733023621,0.9874731227406,0.987044723271762,1.00375144943585,1.00522275361622,1.02065685209014,0.978703446226529,0.988939965476188,1.00343946059472,0.986107700717765,0.986291142902631,1.0160980514158,1.00396755145033,1.0293100493604
"343",0.951649855998954,0.939122815938121,0.991549601139324,1.02751246608713,1.01680858054961,0.989890969231717,0.989461520818733,1.01328151650613,1.02021097477902,1.03587520103362,0.976941110765395,0.997239966807686,1.01196630706564,0.98773562273903,0.987919367760566,1.02107397052747,1.01349967029019,1.03719274087883
"344",0.948307668005655,0.935824622826573,0.995504089288003,1.03161038097216,1.02038807606182,0.99123813002918,0.990808097171964,1.01732267566115,1.0271959013736,1.04296737355405,0.976322384196256,1.00075544344007,1.01557825485898,0.988752666295967,0.988936600514577,1.02317442812976,1.01754169948394,1.04052897605379
"345",0.947026181647021,0.934560005309826,0.997050496461918,1.03321287533757,1.02178716152732,0.991817639090157,0.991387354822176,1.01890297563255,1.03003462699969,1.04584968471448,0.976101434320423,1.0021295131947,1.01699009460508,0.989204371952996,0.989388390200838,1.02399431121454,1.01912233968499,1.04183258784029
"346",0.948860016893015,0.936369700870991,0.994842827587057,1.03092513573553,1.01978969402909,0.990999390343187,0.990569461059377,1.01664692100564,1.02600064936921,1.0417537697594,0.976420475703108,1.0001677616672,1.01497442987997,0.988568818112545,0.988752718130517,1.02282358016568,1.01686579934227,1.03997136038201
"347",0.951837502623968,0.939307992477343,0.991330815738566,1.0272857454809,1.01661046893922,0.989822069971135,0.989392651448995,1.01305793595866,1.01983581270774,1.03549427875812,0.976977589845636,0.997045399130479,1.01176640686563,0.987685104382984,0.987868840006766,1.02095759785369,1.01327604160709,1.03700805049006
"348",0.963269050646299,0.95058906135114,0.978581200627338,1.01407371004712,1.00505238330729,0.986814621435453,0.986386507646906,1.00002888595457,0.999902564796099,1.01525497757613,0.97950626453031,0.985694204175032,1.0001053445361,0.985759095958836,0.985942473293971,1.01414551764754,1.00024418652217,1.02622520710687
"349",0.989515807922819,0.976490319515989,0.952663823020974,0.987216325859554,0.981476115841908,0.986628482939759,0.986200449904431,0.973543473974515,0.969694660659337,0.984583264034474,0.987018894885881,0.962540781746834,0.976327546268511,0.987701185914178,0.987884924529551,1.0000975347569,0.973753072382593,1.00418135262304
"350",1.01155365857861,0.998238074989946,0.933452491021153,0.96730821123042,0.963927854628391,0.991382600594007,0.99095250506054,0.953911084832799,0.95474789952149,0.969407011689391,0.994532696077835,0.945308004355504,0.95863700827391,0.993829097145574,0.994013975714954,0.989488902526626,0.954116456498445,0.987728523544883
"351",1.02155899842231,1.00811170957224,0.925301334997701,0.958861418031679,0.956462991028681,0.994602529309321,0.994171036861124,0.945581278913628,0.950036750781668,0.964623528401516,0.998191813174006,0.937977548318328,0.951113710585144,0.997551708466487,0.9977372795403,0.984931820532929,0.945784857219134,0.980717263046781
"352",1.01469437060307,1.00133744426097,0.930859599277548,0.964621276974477,0.961554544730642,0.992330590983001,0.991900084179019,0.951261364359837,0.953150422217148,0.967785006864223,0.995667056077354,0.942977413311822,0.956244982581471,0.994942812643486,0.995127898393485,0.988043059620161,0.951466165555639,0.985500248855326
"353",0.995613527083467,0.982507771368525,0.947153557353762,0.981506206408135,0.976449288146229,0.987577260849746,0.98714881620225,0.967912439132478,0.96481980627474,0.979633561580285,0.989010290165227,0.957604259358777,0.971259271436859,0.989067640987734,0.98925163379999,0.997072864310828,0.968120825210577,0.999472393462866
"354",0.976025469490912,0.963177561114074,0.965487961591161,1.00050558767011,0.993155572307342,0.985747738657043,0.985320087718578,0.986648680777436,0.983054711976632,0.998148444361141,0.98291259143397,0.97401062368899,0.988105387763213,0.985792716182646,0.985976099772034,1.00708399522574,0.986861100662476,1.01511007184314
"355",0.96267090007539,0.9499987845335,0.979222299891989,1.01473806156889,1.00563418989892,0.986918974746008,0.986490815685442,1.00068403627118,1.00081800661138,1.01618447500154,0.9793603513022,0.986265590096234,1.0006922699676,0.985808939486728,0.985992326094081,1.01448952330217,1.00089947788894,1.02676835826878
"356",0.953346091605744,0.940796723152526,0.98958389810347,1.02547546826912,1.01502834913572,0.989293032943816,0.988863843935955,1.01127273091348,1.01688186516755,1.03249497657682,0.977277285866202,0.995491583933702,1.01017003172415,0.987303189733333,0.987486854310861,1.02002778638128,1.01149045221735,1.03553295275754
"357",0.947026181647021,0.934560005309826,0.997050496461918,1.03321287533757,1.02178716152732,0.991817639090157,0.991387354822176,1.01890297563255,1.03003462699969,1.04584968471448,0.976101434320423,1.0021295131947,1.01699009460508,0.989204371952996,0.989388390200838,1.02399431121454,1.01912233968499,1.04183258784029
"358",0.940774348493819,0.928390468143819,1.00485808374567,1.04130363877986,1.02884508717504,0.995200157520283,0.994768405800616,1.02688168277341,1.04533242976657,1.06138236854976,0.97516739306491,1.00906130080273,1.02411296024865,0.991956878192383,0.992141408479384,1.0281211809622,1.02710276459641,1.04840553591617
"359",0.958339324226115,0.945724227370087,0.983946560779276,1.01963366835362,1.0099194894602,0.987840149706768,0.987411591009133,1.00551183936922,1.00784053994051,1.02331483166689,0.978346068814369,0.990474156747351,1.00501548450824,0.98632818564062,0.986511668841529,1.01701963594649,1.0057283203857,1.03076773099372
"360",0.973707907255615,0.960890506102397,0.967790155110772,1.00289128026484,0.995249411111442,0.985789620283925,0.985361951175784,0.989001331757439,0.985771005736603,1.00090644384775,0.982255310117191,0.976066913295931,0.990217168020708,0.985643753120296,0.985827108998604,1.00833070036171,0.989214258154939,1.0170675586929
