"","walleye_pollock_adult.species","walleye_pollock_adult.f_val","walleye_pollock_adult.sim_bio","walleye_pollock_adult.target_b40","walleye_pollock_adult.target_b35","walleye_pollock_adult.is_ssb","pacific_cod_adult.species","pacific_cod_adult.f_val","pacific_cod_adult.sim_bio","pacific_cod_adult.target_b40","pacific_cod_adult.target_b35","pacific_cod_adult.is_ssb","arrowtooth_flounder_adult.species","arrowtooth_flounder_adult.f_val","arrowtooth_flounder_adult.sim_bio","arrowtooth_flounder_adult.target_b40","arrowtooth_flounder_adult.target_b35","arrowtooth_flounder_adult.is_ssb","flathead_sole_adult.species","flathead_sole_adult.f_val","flathead_sole_adult.sim_bio","flathead_sole_adult.target_b40","flathead_sole_adult.target_b35","flathead_sole_adult.is_ssb","octopus.species","octopus.f_val","octopus.sim_bio","octopus.target_b40","octopus.target_b35","octopus.is_ssb","deep_water_flatfish.species","deep_water_flatfish.f_val","deep_water_flatfish.sim_bio","deep_water_flatfish.target_b40","deep_water_flatfish.target_b35","deep_water_flatfish.is_ssb","sablefish_adult.species","sablefish_adult.f_val","sablefish_adult.sim_bio","sablefish_adult.target_b40","sablefish_adult.target_b35","sablefish_adult.is_ssb","shallow_water_flatfish.species","shallow_water_flatfish.f_val","shallow_water_flatfish.sim_bio","shallow_water_flatfish.target_b40","shallow_water_flatfish.target_b35","shallow_water_flatfish.is_ssb","rex_sole_adult.species","rex_sole_adult.f_val","rex_sole_adult.sim_bio","rex_sole_adult.target_b40","rex_sole_adult.target_b35","rex_sole_adult.is_ssb","pacific_ocean_perch_adult.species","pacific_ocean_perch_adult.f_val","pacific_ocean_perch_adult.sim_bio","pacific_ocean_perch_adult.target_b40","pacific_ocean_perch_adult.target_b35","pacific_ocean_perch_adult.is_ssb","slope_rockfish.species","slope_rockfish.f_val","slope_rockfish.sim_bio","slope_rockfish.target_b40","slope_rockfish.target_b35","slope_rockfish.is_ssb","demersal_shelf_rockfish.species","demersal_shelf_rockfish.f_val","demersal_shelf_rockfish.sim_bio","demersal_shelf_rockfish.target_b40","demersal_shelf_rockfish.target_b35","demersal_shelf_rockfish.is_ssb","pelagic_shelf_rockfish.species","pelagic_shelf_rockfish.f_val","pelagic_shelf_rockfish.sim_bio","pelagic_shelf_rockfish.target_b40","pelagic_shelf_rockfish.target_b35","pelagic_shelf_rockfish.is_ssb","atka_mackerel.species","atka_mackerel.f_val","atka_mackerel.sim_bio","atka_mackerel.target_b40","atka_mackerel.target_b35","atka_mackerel.is_ssb","big_skate.species","big_skate.f_val","big_skate.sim_bio","big_skate.target_b40","big_skate.target_b35","big_skate.is_ssb","longnose_skate.species","longnose_skate.f_val","longnose_skate.sim_bio","longnose_skate.target_b40","longnose_skate.target_b35","longnose_skate.is_ssb","other_skates.species","other_skates.f_val","other_skates.sim_bio","other_skates.target_b40","other_skates.target_b35","other_skates.is_ssb","pacific_halibut_adult.species","pacific_halibut_adult.f_val","pacific_halibut_adult.sim_bio","pacific_halibut_adult.target_b40","pacific_halibut_adult.target_b35","pacific_halibut_adult.is_ssb","salmon_shark.species","salmon_shark.f_val","salmon_shark.sim_bio","salmon_shark.target_b40","salmon_shark.target_b35","salmon_shark.is_ssb","pacific_sleeper_shark.species","pacific_sleeper_shark.f_val","pacific_sleeper_shark.sim_bio","pacific_sleeper_shark.target_b40","pacific_sleeper_shark.target_b35","pacific_sleeper_shark.is_ssb"
"1","walleye_pollock_adult",0,7.91453925226,3.165815700904,2.770088738291,TRUE,"pacific_cod_adult",0,0.545779739049505,0.218311895619802,0.191022908667327,TRUE,"arrowtooth_flounder_adult",0,2.68982215030745,1.07592886012298,0.941437752607607,TRUE,"flathead_sole_adult",0,0.317283743353253,0.126913497341301,0.111049310173639,TRUE,"octopus",0,3.13102944049827,1.25241177619931,1.09586030417439,FALSE,"deep_water_flatfish",0,0.235458656535729,0.0941834626142915,0.0824105297875051,FALSE,"sablefish_adult",0,1.07526480565079,0.430105922260317,0.376342681977777,FALSE,"shallow_water_flatfish",0,4.16904747231726,1.66761898892691,1.45916661531104,FALSE,"rex_sole_adult",0,0.122381157106844,0.0489524628427375,0.0428334049873953,TRUE,"pacific_ocean_perch_adult",0,0.380267726947191,0.152107090778877,0.133093704431517,TRUE,"slope_rockfish",0,2.37465935207947,0.949863740831787,0.831130773227813,FALSE,"demersal_shelf_rockfish",0,0.0453580723395185,0.0181432289358074,0.0158753253188315,FALSE,"pelagic_shelf_rockfish",0,0.353648001330701,0.14145920053228,0.123776800465745,FALSE,"atka_mackerel",0,0.161944499555035,0.0647777998220139,0.0566805748442622,FALSE,"big_skate",0,0.0946513121059513,0.0378605248423805,0.033127959237083,FALSE,"longnose_skate",0,0.0816158075946329,0.0326463230378531,0.0285655326581215,FALSE,"other_skates",0,0.0633675890782024,0.025347035631281,0.0221786561773708,FALSE,"pacific_halibut_adult",0,2.8948581675731,1.15794326702924,1.01320035865059,TRUE,"salmon_shark",0,0.0392979753022624,0.015719190120905,0.0137542913557918,FALSE,"pacific_sleeper_shark",0,0.0377249629076512,0.0150899851630605,0.0132037370176779,FALSE
"2","walleye_pollock_adult",0.035,7.1036673681764,3.165815700904,2.770088738291,TRUE,"pacific_cod_adult",0.0575,0.474156375153173,0.218311895619802,0.191022908667327,TRUE,"arrowtooth_flounder_adult",0.017,2.44721481240096,1.07592886012298,0.941437752607607,TRUE,"flathead_sole_adult",0.03625,0.259560693705211,0.126913497341301,0.111049310173639,TRUE,"octopus",4.22225556636496e-05,3.13082930701195,1.25241177619931,1.09586030417439,FALSE,"deep_water_flatfish",0.014625,0.219473660801109,0.0941834626142915,0.0824105297875051,FALSE,"sablefish_adult",0.01075,1.04845982507631,0.430105922260317,0.376342681977777,FALSE,"shallow_water_flatfish",0.025125,3.54118495206951,1.66761898892691,1.45916661531104,FALSE,"rex_sole_adult",0.02475,0.111515584786028,0.0489524628427375,0.0428334049873953,TRUE,"pacific_ocean_perch_adult",0.008,0.327693422038304,0.152107090778877,0.133093704431517,TRUE,"slope_rockfish",0.007625,2.06969512977525,0.949863740831787,0.831130773227813,FALSE,"demersal_shelf_rockfish",0.00475,0.0409546216435456,0.0181432289358074,0.0158753253188315,FALSE,"pelagic_shelf_rockfish",0.0115,0.275223441936318,0.14145920053228,0.123776800465745,FALSE,"atka_mackerel",0.00432840131001931,0.158841634389376,0.0647777998220139,0.0566805748442622,FALSE,"big_skate",0.0385072966583904,0.0677206302581301,0.0378605248423805,0.033127959237083,FALSE,"longnose_skate",0.0103986650813772,0.0741583154804755,0.0326463230378531,0.0285655326581215,FALSE,"other_skates",0.0158968016861856,0.0569715132251512,0.025347035631281,0.0221786561773708,FALSE,"pacific_halibut_adult",0.00262478407148231,2.73454823658953,1.15794326702924,1.01320035865059,TRUE,"salmon_shark",0.000292929324667857,0.0390938569199558,0.015719190120905,0.0137542913557918,FALSE,"pacific_sleeper_shark",0.00222935340622885,0.0361947291225087,0.0150899851630605,0.0132037370176779,FALSE
"3","walleye_pollock_adult",0.07,6.38903503531652,3.165815700904,2.770088738291,TRUE,"pacific_cod_adult",0.115,0.40719500966964,0.218311895619802,0.191022908667327,TRUE,"arrowtooth_flounder_adult",0.034,2.22244522714687,1.07592886012298,0.941437752607607,TRUE,"flathead_sole_adult",0.0725,0.202610222032636,0.126913497341301,0.111049310173639,TRUE,"octopus",8.44451113272991e-05,3.13062919316832,1.25241177619931,1.09586030417439,FALSE,"deep_water_flatfish",0.02925,0.205324871452535,0.0941834626142915,0.0824105297875051,FALSE,"sablefish_adult",0.0215,1.01452918000803,0.430105922260317,0.376342681977777,FALSE,"shallow_water_flatfish",0.05025,3.04487459387424,1.66761898892691,1.45916661531104,FALSE,"rex_sole_adult",0.0495,0.100771679435109,0.0489524628427375,0.0428334049873953,TRUE,"pacific_ocean_perch_adult",0.016,0.275426004754233,0.152107090778877,0.133093704431517,TRUE,"slope_rockfish",0.01525,1.81034560390045,0.949863740831787,0.831130773227813,FALSE,"demersal_shelf_rockfish",0.0095,0.0371069693321875,0.0181432289358074,0.0158753253188315,FALSE,"pelagic_shelf_rockfish",0.023,0.21515860939331,0.14145920053228,0.123776800465745,FALSE,"atka_mackerel",0.00865680262003862,0.155807928274334,0.0647777998220139,0.0566805748442622,FALSE,"big_skate",0.0770145933167808,0.0494215228867932,0.0378605248423805,0.033127959237083,FALSE,"longnose_skate",0.0207973301627543,0.0676228465147383,0.0326463230378531,0.0285655326581215,FALSE,"other_skates",0.0317936033723712,0.0517036438040598,0.025347035631281,0.0221786561773708,FALSE,"pacific_halibut_adult",0.00524956814296462,2.57688229529846,1.15794326702924,1.01320035865059,TRUE,"salmon_shark",0.000585858649335715,0.0388914506608562,0.015719190120905,0.0137542913557918,FALSE,"pacific_sleeper_shark",0.00445870681245771,0.0347310215787587,0.0150899851630605,0.0132037370176779,FALSE
"4","walleye_pollock_adult",0.105,5.75861902663976,3.165815700904,2.770088738291,TRUE,"pacific_cod_adult",0.1725,0.348098697994377,0.218311895619802,0.191022908667327,TRUE,"arrowtooth_flounder_adult",0.051,2.01490583766089,1.07592886012298,0.941437752607607,TRUE,"flathead_sole_adult",0.10875,0.150471063703643,0.126913497341301,0.111049310173639,TRUE,"octopus",0.000126667666990949,3.13042909896455,1.25241177619931,1.09586030417439,FALSE,"deep_water_flatfish",0.043875,0.192715005104621,0.0941834626142915,0.0824105297875051,FALSE,"sablefish_adult",0.03225,0.977706400077175,0.430105922260317,0.376342681977777,FALSE,"shallow_water_flatfish",0.075375,2.64358501478552,1.66761898892691,1.45916661531104,FALSE,"rex_sole_adult",0.07425,0.0904439370616417,0.0489524628427375,0.0428334049873953,TRUE,"pacific_ocean_perch_adult",0.024,0.225218709881711,0.152107090778877,0.133093704431517,TRUE,"slope_rockfish",0.022875,1.58767311629036,0.949863740831787,0.831130773227813,FALSE,"demersal_shelf_rockfish",0.01425,0.0337242766049743,0.0181432289358074,0.0158753253188315,FALSE,"pelagic_shelf_rockfish",0.0345,0.167839192842018,0.14145920053228,0.123776800465745,FALSE,"atka_mackerel",0.0129852039300579,0.152841098507242,0.0647777998220139,0.0566805748442622,FALSE,"big_skate",0.115521889975171,0.0362058904992774,0.0378605248423805,0.033127959237083,FALSE,"longnose_skate",0.0311959952441315,0.0618493666893481,0.0326463230378531,0.0285655326581215,FALSE,"other_skates",0.0476904050585568,0.0472857777581853,0.025347035631281,0.0221786561773708,FALSE,"pacific_halibut_adult",0.00787435221444693,2.42225754862076,1.15794326702924,1.01320035865059,TRUE,"salmon_shark",0.000878787974003572,0.0386907288995151,0.015719190120905,0.0137542913557918,FALSE,"pacific_sleeper_shark",0.00668806021868656,0.0333307387536557,0.0150899851630605,0.0132037370176779,FALSE
"5","walleye_pollock_adult",0.14,5.19732372409107,3.165815700904,2.770088738291,TRUE,"pacific_cod_adult",0.23,0.297083061441667,0.218311895619802,0.191022908667327,TRUE,"arrowtooth_flounder_adult",0.068,1.82316044048508,1.07592886012298,0.941437752607607,TRUE,"flathead_sole_adult",0.145,0.104957457668389,0.126913497341301,0.111049310173639,TRUE,"octopus",0.000168890222654598,3.1302290243978,1.25241177619931,1.09586030417439,FALSE,"deep_water_flatfish",0.0585,0.181407628030147,0.0941834626142915,0.0824105297875051,FALSE,"sablefish_adult",0.043,0.940718406500629,0.430105922260317,0.376342681977777,FALSE,"shallow_water_flatfish",0.1005,2.31306545514217,1.66761898892691,1.45916661531104,FALSE,"rex_sole_adult",0.099,0.0806825989708616,0.0489524628427375,0.0428334049873953,TRUE,"pacific_ocean_perch_adult",0.032,0.178720932294539,0.152107090778877,0.133093704431517,TRUE,"slope_rockfish",0.0305,1.3948558969438,0.949863740831787,0.831130773227813,FALSE,"demersal_shelf_rockfish",0.019,0.030733227311769,0.0181432289358074,0.0158753253188315,FALSE,"pelagic_shelf_rockfish",0.046,0.129614739912365,0.14145920053228,0.123776800465745,FALSE,"atka_mackerel",0.0173136052400772,0.149938961765623,0.0647777998220139,0.0566805748442622,FALSE,"big_skate",0.154029186633562,0.0262357867607807,0.0378605248423805,0.033127959237083,FALSE,"longnose_skate",0.0415946603255086,0.0567126878812937,0.0326463230378531,0.0285655326581215,FALSE,"other_skates",0.0635872067447424,0.0435252210991696,0.025347035631281,0.0221786561773708,FALSE,"pacific_halibut_adult",0.0104991362859292,2.27094284285892,1.15794326702924,1.01320035865059,TRUE,"salmon_shark",0.00117171729867143,0.0384916802467763,0.015719190120905,0.0137542913557918,FALSE,"pacific_sleeper_shark",0.00891741362491542,0.031990949447805,0.0150899851630605,0.0132037370176779,FALSE
"6","walleye_pollock_adult",0.154,4.98975205033535,3.165815700904,2.770088738291,TRUE,"pacific_cod_adult",0.253,0.278776027300852,0.218311895619802,0.191022908667327,TRUE,"arrowtooth_flounder_adult",0.0748,1.7505446973602,1.07592886012298,0.941437752607607,TRUE,"flathead_sole_adult",0.1595,0.088819239727093,0.126913497341301,0.111049310173639,TRUE,"octopus",0.000185779244920058,3.13014900006884,1.25241177619931,1.09586030417439,FALSE,"deep_water_flatfish",0.06435,0.177205442975399,0.0941834626142915,0.0824105297875051,FALSE,"sablefish_adult",0.0473,0.926251390975699,0.430105922260317,0.376342681977777,FALSE,"shallow_water_flatfish",0.11055,2.19674662107225,1.66761898892691,1.45916661531104,FALSE,"rex_sole_adult",0.1089,0.0769536878357463,0.0489524628427375,0.0428334049873953,TRUE,"pacific_ocean_perch_adult",0.0352,0.161492703970981,0.152107090778877,0.133093704431517,TRUE,"slope_rockfish",0.03355,1.32486554506263,0.949863740831787,0.831130773227813,FALSE,"demersal_shelf_rockfish",0.0209,0.0296327294264222,0.0181432289358074,0.0158753253188315,FALSE,"pelagic_shelf_rockfish",0.0506,0.11629312003629,0.14145920053228,0.123776800465745,FALSE,"atka_mackerel",0.019044965764085,0.148795750071835,0.0647777998220139,0.0566805748442622,FALSE,"big_skate",0.169432105296918,0.0229062966325578,0.0378605248423805,0.033127959237083,FALSE,"longnose_skate",0.0457541263580595,0.0548133687170312,0.0326463230378531,0.0285655326581215,FALSE,"other_skates",0.0699459274192166,0.0421727741238394,0.025347035631281,0.0221786561773708,FALSE,"pacific_halibut_adult",0.0115490499145222,2.21141869881273,1.15794326702924,1.01320035865059,TRUE,"salmon_shark",0.00128888902853857,0.0384125226638917,0.015719190120905,0.0137542913557918,FALSE,"pacific_sleeper_shark",0.00980915498740696,0.0314713458983102,0.0150899851630605,0.0132037370176779,FALSE
"7","walleye_pollock_adult",0.168,4.79108725272597,3.165815700904,2.770088738291,TRUE,"pacific_cod_adult",0.276,0.261563163454915,0.218311895619802,0.191022908667327,TRUE,"arrowtooth_flounder_adult",0.0816,1.68024261419858,1.07592886012298,0.941437752607607,TRUE,"flathead_sole_adult",0.174,0.0739451916823922,0.126913497341301,0.111049310173639,TRUE,"octopus",0.000202668267185518,3.13006897888117,1.25241177619931,1.09586030417439,FALSE,"deep_water_flatfish",0.0702,0.17317031672545,0.0941834626142915,0.0824105297875051,FALSE,"sablefish_adult",0.0516,0.912080676720372,0.430105922260317,0.376342681977777,FALSE,"shallow_water_flatfish",0.1206,2.08819612596805,1.66761898892691,1.45916661531104,FALSE,"rex_sole_adult",0.1188,0.0733283347698906,0.0489524628427375,0.0428334049873953,TRUE,"pacific_ocean_perch_adult",0.0384,0.145168438771578,0.152107090778877,0.133093704431517,TRUE,"slope_rockfish",0.0366,1.25851439868394,0.949863740831787,0.831130773227813,FALSE,"demersal_shelf_rockfish",0.0228,0.0285819438729416,0.0181432289358074,0.0158753253188315,FALSE,"pelagic_shelf_rockfish",0.0552,0.103917874585217,0.14145920053228,0.123776800465745,FALSE,"atka_mackerel",0.0207763262880927,0.147662424317086,0.0647777998220139,0.0566805748442622,FALSE,"big_skate",0.184835023960274,0.019879161417176,0.0378605248423805,0.033127959237083,FALSE,"longnose_skate",0.0499135923906103,0.0529944275270354,0.0326463230378531,0.0285655326581215,FALSE,"other_skates",0.0763046480936909,0.0408960064969151,0.025347035631281,0.0221786561773708,FALSE,"pacific_halibut_adult",0.0125989635431151,2.15251913525487,1.15794326702924,1.01320035865059,TRUE,"salmon_shark",0.00140606075840572,0.0383336271465692,0.015719190120905,0.0137542913557918,FALSE,"pacific_sleeper_shark",0.0107008963498985,0.0309608055635031,0.0150899851630605,0.0132037370176779,FALSE
"8","walleye_pollock_adult",0.182,4.60130621160672,3.165815700904,2.770088738291,TRUE,"pacific_cod_adult",0.299,0.245476537178882,0.218311895619802,0.191022908667327,TRUE,"arrowtooth_flounder_adult",0.0884,1.6122486128038,1.07592886012298,0.941437752607607,TRUE,"flathead_sole_adult",0.1885,0.0603762685802706,0.126913497341301,0.111049310173639,TRUE,"octopus",0.000219557289450978,3.12998896083461,1.25241177619931,1.09586030417439,FALSE,"deep_water_flatfish",0.07605,0.16929257348209,0.0941834626142915,0.0824105297875051,FALSE,"sablefish_adult",0.0559,0.898268062935011,0.430105922260317,0.376342681977777,FALSE,"shallow_water_flatfish",0.13065,1.98668746902494,1.66761898892691,1.45916661531104,FALSE,"rex_sole_adult",0.1287,0.0698052044226483,0.0489524628427375,0.0428334049873953,TRUE,"pacific_ocean_perch_adult",0.0416,0.129813026305297,0.152107090778877,0.133093704431517,TRUE,"slope_rockfish",0.03965,1.1955468617036,0.949863740831787,0.831130773227813,FALSE,"demersal_shelf_rockfish",0.0247,0.0275778256800838,0.0181432289358074,0.0158753253188315,FALSE,"pelagic_shelf_rockfish",0.0598,0.0923992291098716,0.14145920053228,0.123776800465745,FALSE,"atka_mackerel",0.0225076868121004,0.146538857068388,0.0647777998220139,0.0566805748442622,FALSE,"big_skate",0.20023794262363,0.0171166450123783,0.0378605248423805,0.033127959237083,FALSE,"longnose_skate",0.0540730584231612,0.0512508996807991,0.0326463230378531,0.0285655326581215,FALSE,"other_skates",0.0826633687681651,0.0396886796723536,0.025347035631281,0.0221786561773708,FALSE,"pacific_halibut_adult",0.013648877171708,2.09424923924553,1.15794326702924,1.01320035865059,TRUE,"salmon_shark",0.00152323248827286,0.0382549930065625,0.015719190120905,0.0137542913557918,FALSE,"pacific_sleeper_shark",0.01159263771239,0.0304591615744589,0.0150899851630605,0.0132037370176779,FALSE
"9","walleye_pollock_adult",0.196,4.42038435144719,3.165815700904,2.770088738291,TRUE,"pacific_cod_adult",0.322,0.230304948657064,0.218311895619802,0.191022908667327,TRUE,"arrowtooth_flounder_adult",0.0952,1.54627788207731,1.07592886012298,0.941437752607607,TRUE,"flathead_sole_adult",0.203,0.0481844416090136,0.126913497341301,0.111049310173639,TRUE,"octopus",0.000236446311716438,3.12990894592897,1.25241177619931,1.09586030417439,FALSE,"deep_water_flatfish",0.0819,0.165563269779469,0.0941834626142915,0.0824105297875051,FALSE,"sablefish_adult",0.0602,0.884867375103392,0.430105922260317,0.376342681977777,FALSE,"shallow_water_flatfish",0.1407,1.89158051230201,1.66761898892691,1.45916661531104,FALSE,"rex_sole_adult",0.1386,0.0663813732965519,0.0489524628427375,0.0428334049873953,TRUE,"pacific_ocean_perch_adult",0.0448,0.11547489848462,0.152107090778877,0.133093704431517,TRUE,"slope_rockfish",0.0427,1.13573048246304,0.949863740831787,0.831130773227813,FALSE,"demersal_shelf_rockfish",0.0266,0.0266175582989936,0.0181432289358074,0.0158753253188315,FALSE,"pelagic_shelf_rockfish",0.0644,0.0816667541551618,0.14145920053228,0.123776800465745,FALSE,"atka_mackerel",0.0242390473361081,0.14542492307403,0.0647777998220139,0.0566805748442622,FALSE,"big_skate",0.215640861286986,0.0145872049526808,0.0378605248423805,0.033127959237083,FALSE,"longnose_skate",0.0582325244557121,0.049578220280287,0.0326463230378531,0.0285655326581215,FALSE,"other_skates",0.0890220894426393,0.0385452294663423,0.025347035631281,0.0221786561773708,FALSE,"pacific_halibut_adult",0.0146987908003009,2.03662357812484,1.15794326702924,1.01320035865059,TRUE,"salmon_shark",0.00164040421814,0.0381766180457829,0.015719190120905,0.0137542913557918,FALSE,"pacific_sleeper_shark",0.0124843790748816,0.0299662506887541,0.0150899851630605,0.0132037370176779,FALSE
"10","walleye_pollock_adult",0.201793103448276,4.34771626723858,3.165815700904,2.770088738291,TRUE,"pacific_cod_adult",0.33151724137931,0.224330520276871,0.218311895619802,0.191022908667327,TRUE,"arrowtooth_flounder_adult",0.0980137931034483,1.51958343935009,1.07592886012298,0.941437752607607,TRUE,"flathead_sole_adult",0.209,0.0435532345222499,0.126913497341301,0.111049310173639,TRUE,"octopus",0.000243434872653869,3.12987583723155,1.25241177619931,1.09586030417439,FALSE,"deep_water_flatfish",0.0843206896551724,0.164061559562607,0.0941834626142915,0.0824105297875051,FALSE,"sablefish_adult",0.0619793103448276,0.879454982580909,0.430105922260317,0.376342681977777,FALSE,"shallow_water_flatfish",0.144858620689655,1.8539630197114,1.66761898892691,1.45916661531104,FALSE,"rex_sole_adult",0.142696551724138,0.0649968685560763,0.0489524628427375,0.0428334049873953,TRUE,"pacific_ocean_perch_adult",0.0461241379310345,0.109847879842375,0.152107090778877,0.133093704431517,TRUE,"slope_rockfish",0.0439620689655172,1.1118501239273,0.949863740831787,0.831130773227813,FALSE,"demersal_shelf_rockfish",0.0273862068965517,0.0262324124956958,0.0181432289358074,0.0158753253188315,FALSE,"pelagic_shelf_rockfish",0.0663034482758621,0.0774428578517858,0.14145920053228,0.123776800465745,FALSE,"atka_mackerel",0.0249554723805251,0.144966773633891,0.0647777998220139,0.0566805748442622,FALSE,"big_skate",0.222014482802858,0.0136023150980063,0.0378605248423805,0.033127959237083,FALSE,"longnose_skate",0.059953682814009,0.048905799771174,0.0326463230378531,0.0285655326581215,FALSE,"other_skates",0.0916532842044907,0.0380895719094771,0.025347035631281,0.0221786561773708,FALSE,"pacific_halibut_adult",0.015133237819029,2.01297170982144,1.15794326702924,1.01320035865059,TRUE,"salmon_shark",0.00168888907187813,0.0381442627413584,0.015719190120905,0.0137542913557918,FALSE,"pacific_sleeper_shark",0.0128533755007401,0.0297648043644779,0.0150899851630605,0.0132037370176779,FALSE
"11","walleye_pollock_adult",0.207586206896552,4.2762998840894,3.165815700904,2.770088738291,TRUE,"pacific_cod_adult",0.341034482758621,0.218452741109309,0.218311895619802,0.191022908667327,TRUE,"arrowtooth_flounder_adult",0.100827586206897,1.49315036751222,1.07592886012298,0.941437752607607,TRUE,"flathead_sole_adult",0.215,0.0391774600461799,0.126913497341301,0.111049310173639,TRUE,"octopus",0.000250423433591301,3.12984272907189,1.25241177619931,1.09586030417439,FALSE,"deep_water_flatfish",0.0867413793103448,0.162583285622279,0.0941834626142915,0.0824105297875051,FALSE,"sablefish_adult",0.0637586206896552,0.874121915285481,0.430105922260317,0.376342681977777,FALSE,"shallow_water_flatfish",0.14901724137931,1.81730729927665,1.66761898892691,1.45916661531104,FALSE,"rex_sole_adult",0.146793103448276,0.0636214210428206,0.0489524628427375,0.0428334049873953,TRUE,"pacific_ocean_perch_adult",0.047448275862069,0.104401515268986,0.152107090778877,0.133093704431517,TRUE,"slope_rockfish",0.0452241379310345,1.08845880533302,0.949863740831787,0.831130773227813,FALSE,"demersal_shelf_rockfish",0.0281724137931034,0.0258541512434163,0.0181432289358074,0.0158753253188315,FALSE,"pelagic_shelf_rockfish",0.0682068965517241,0.0733417101289777,0.14145920053228,0.123776800465745,FALSE,"atka_mackerel",0.0256718974249421,0.144510243922042,0.0647777998220139,0.0566805748442622,FALSE,"big_skate",0.228388104318729,0.0126510673353871,0.0378605248423805,0.033127959237083,FALSE,"longnose_skate",0.0616748411723059,0.0482445054138518,0.0326463230378531,0.0285655326581215,FALSE,"other_skates",0.0942844789663422,0.0376436667015015,0.025347035631281,0.0221786561773708,FALSE,"pacific_halibut_adult",0.0155676848377571,1.98943505382654,1.15794326702924,1.01320035865059,TRUE,"salmon_shark",0.00173737392561626,0.0381119519366243,0.015719190120905,0.0137542913557918,FALSE,"pacific_sleeper_shark",0.0132223719265987,0.0295648148318513,0.0150899851630605,0.0132037370176779,FALSE
"12","walleye_pollock_adult",0.213379310344828,4.20610662102572,3.165815700904,2.770088738291,TRUE,"pacific_cod_adult",0.350551724137931,0.212796967987426,0.218311895619802,0.191022908667327,TRUE,"arrowtooth_flounder_adult",0.103641379310345,1.46725344960613,1.07592886012298,0.941437752607607,TRUE,"flathead_sole_adult",0.221,0.0350552460660757,0.126913497341301,0.111049310173639,TRUE,"octopus",0.000257411994528733,3.12980962144998,1.25241177619931,1.09586030417439,FALSE,"deep_water_flatfish",0.0891620689655172,0.161127909434551,0.0941834626142915,0.0824105297875051,FALSE,"sablefish_adult",0.0655379310344827,0.868874256355033,0.430105922260317,0.376342681977777,FALSE,"shallow_water_flatfish",0.153175862068966,1.78157834200257,1.66761898892691,1.45916661531104,FALSE,"rex_sole_adult",0.150889655172414,0.0622723075788695,0.0489524628427375,0.0428334049873953,TRUE,"pacific_ocean_perch_adult",0.0487724137931035,0.0991392167207568,0.152107090778877,0.133093704431517,TRUE,"slope_rockfish",0.0464862068965517,1.06554300439098,0.949863740831787,0.831130773227813,FALSE,"demersal_shelf_rockfish",0.0289586206896552,0.0254826052270174,0.0181432289358074,0.0158753253188315,FALSE,"pelagic_shelf_rockfish",0.0701103448275862,0.0693610583392623,0.14145920053228,0.123776800465745,FALSE,"atka_mackerel",0.0263883224693591,0.14405532538144,0.0647777998220139,0.0566805748442622,FALSE,"big_skate",0.234761725834601,0.0117319948677844,0.0378605248423805,0.033127959237083,FALSE,"longnose_skate",0.0633959995306028,0.0475940652461901,0.0326463230378531,0.0285655326581215,FALSE,"other_skates",0.0969156737281936,0.0372072016133358,0.025347035631281,0.0221786561773708,FALSE,"pacific_halibut_adult",0.0160021318564853,1.96601491220321,1.15794326702924,1.01320035865059,TRUE,"salmon_shark",0.00178585877935439,0.0380796848690357,0.015719190120905,0.0137542913557918,FALSE,"pacific_sleeper_shark",0.0135913683524573,0.029366271047551,0.0150899851630605,0.0132037370176779,FALSE
"13","walleye_pollock_adult",0.219172413793103,4.13711172484787,3.165815700904,2.770088738291,TRUE,"pacific_cod_adult",0.360068965517241,0.20720593210999,0.218311895619802,0.191022908667327,TRUE,"arrowtooth_flounder_adult",0.106455172413793,1.44144253608457,1.07592886012298,0.941437752607607,TRUE,"flathead_sole_adult",0.227,0.0311925793024513,0.126913497341301,0.111049310173639,TRUE,"octopus",0.000264400555466164,3.1297765143658,1.25241177619931,1.09586030417439,FALSE,"deep_water_flatfish",0.0915827586206897,0.159694908830302,0.0941834626142915,0.0824105297875051,FALSE,"sablefish_adult",0.0673172413793103,0.863710989523364,0.430105922260317,0.376342681977777,FALSE,"shallow_water_flatfish",0.157334482758621,1.74674279140264,1.66761898892691,1.45916661531104,FALSE,"rex_sole_adult",0.154986206896552,0.0609420431403476,0.0489524628427375,0.0428334049873953,TRUE,"pacific_ocean_perch_adult",0.0500965517241379,0.0940612095337443,0.152107090778877,0.133093704431517,TRUE,"slope_rockfish",0.047748275862069,1.04308969658992,0.949863740831787,0.831130773227813,FALSE,"demersal_shelf_rockfish",0.0297448275862069,0.0251176099594722,0.0181432289358074,0.0158753253188315,FALSE,"pelagic_shelf_rockfish",0.0720137931034483,0.0654991543425944,0.14145920053228,0.123776800465745,FALSE,"atka_mackerel",0.0271047475137761,0.143602009515264,0.0647777998220139,0.0566805748442622,FALSE,"big_skate",0.241135347350472,0.0108436831420031,0.0378605248423805,0.033127959237083,FALSE,"longnose_skate",0.0651171578888997,0.046954216092729,0.0326463230378531,0.0285655326581215,FALSE,"other_skates",0.099546868490045,0.0367798777242521,0.025347035631281,0.0221786561773708,FALSE,"pacific_halibut_adult",0.0164365788752134,1.94271263804099,1.15794326702924,1.01320035865059,TRUE,"salmon_shark",0.00183434363309251,0.0380474616863464,0.015719190120905,0.0137542913557918,FALSE,"pacific_sleeper_shark",0.0139603647783159,0.0291691620669303,0.0150899851630605,0.0132037370176779,FALSE
"14","walleye_pollock_adult",0.224965517241379,4.06929328692816,3.165815700904,2.770088738291,TRUE,"pacific_cod_adult",0.369586206896552,0.20183536366569,0.218311895619802,0.191022908667327,TRUE,"arrowtooth_flounder_adult",0.109268965517241,1.41616987017555,1.07592886012298,0.941437752607607,TRUE,"flathead_sole_adult",0.233,0.0275950601772586,0.126913497341301,0.111049310173639,TRUE,"octopus",0.000271389116403596,3.12974340781935,1.25241177619931,1.09586030417439,FALSE,"deep_water_flatfish",0.0940034482758621,0.158283777378053,0.0941834626142915,0.0824105297875051,FALSE,"sablefish_adult",0.0690965517241379,0.858638192467301,0.430105922260317,0.376342681977777,FALSE,"shallow_water_flatfish",0.161493103448276,1.71276886248221,1.66761898892691,1.45916661531104,FALSE,"rex_sole_adult",0.15908275862069,0.059621468368952,0.0489524628427375,0.0428334049873953,TRUE,"pacific_ocean_perch_adult",0.0514206896551724,0.0891655556952236,0.152107090778877,0.133093704431517,TRUE,"slope_rockfish",0.0490103448275862,1.02108633385165,0.949863740831787,0.831130773227813,FALSE,"demersal_shelf_rockfish",0.0305310344827586,0.0247590064781716,0.0181432289358074,0.0158753253188315,FALSE,"pelagic_shelf_rockfish",0.0739172413793103,0.0617547390694056,0.14145920053228,0.123776800465745,FALSE,"atka_mackerel",0.0278211725581931,0.143150287886347,0.0647777998220139,0.0566805748442622,FALSE,"big_skate",0.247508968866344,0.00998493101108072,0.0378605248423805,0.033127959237083,FALSE,"longnose_skate",0.0668383162471966,0.0463247031945145,0.0326463230378531,0.0285655326581215,FALSE,"other_skates",0.102178063251896,0.0363614087216333,0.025347035631281,0.0221786561773708,FALSE,"pacific_halibut_adult",0.0168710258939415,1.91952960746451,1.15794326702924,1.01320035865059,TRUE,"salmon_shark",0.00188282848683064,0.0380152824945733,0.015719190120905,0.0137542913557918,FALSE,"pacific_sleeper_shark",0.0143293612041744,0.0289734770424928,0.0150899851630605,0.0132037370176779,FALSE
"15","walleye_pollock_adult",0.230758620689655,4.00262676898368,3.165815700904,2.770088738291,TRUE,"pacific_cod_adult",0.379103448275862,0.196531590265708,0.218311895619802,0.191022908667327,TRUE,"arrowtooth_flounder_adult",0.11208275862069,1.39108016671824,1.07592886012298,0.941437752607607,TRUE,"flathead_sole_adult",0.239,0.0242592203546242,0.126913497341301,0.111049310173639,TRUE,"octopus",0.000278377677341027,3.1297103018106,1.25241177619931,1.09586030417439,FALSE,"deep_water_flatfish",0.0964241379310345,0.156894023796449,0.0941834626142915,0.0824105297875051,FALSE,"sablefish_adult",0.0708758620689655,0.853651757625916,0.430105922260317,0.376342681977777,FALSE,"shallow_water_flatfish",0.165651724137931,1.67962625090282,1.66761898892691,1.45916661531104,FALSE,"rex_sole_adult",0.163179310344828,0.0583131258504683,0.0489524628427375,0.0428334049873953,TRUE,"pacific_ocean_perch_adult",0.0527448275862069,0.0844518648517945,0.152107090778877,0.133093704431517,TRUE,"slope_rockfish",0.0502724137931034,0.999520824440068,0.949863740831787,0.831130773227813,FALSE,"demersal_shelf_rockfish",0.0313172413793103,0.0244066396284817,0.0181432289358074,0.0158753253188315,FALSE,"pelagic_shelf_rockfish",0.0758206896551724,0.0581270220845642,0.14145920053228,0.123776800465745,FALSE,"atka_mackerel",0.0285375976026101,0.142700152116637,0.0647777998220139,0.0566805748442622,FALSE,"big_skate",0.253882590382215,0.00915451338696973,0.0378605248423805,0.033127959237083,FALSE,"longnose_skate",0.0685594746054935,0.0457052799003921,0.0326463230378531,0.0285655326581215,FALSE,"other_skates",0.104809258013748,0.0359515202351763,0.025347035631281,0.0221786561773708,FALSE,"pacific_halibut_adult",0.0173054729126696,1.89646765748297,1.15794326702924,1.01320035865059,TRUE,"salmon_shark",0.00193131334056877,0.0379831472086078,0.015719190120905,0.0137542913557918,FALSE,"pacific_sleeper_shark",0.014698357630033,0.0287792052232572,0.0150899851630605,0.0132037370176779,FALSE
"16","walleye_pollock_adult",0.236551724137931,3.93708710252131,3.165815700904,2.770088738291,TRUE,"pacific_cod_adult",0.388620689655172,0.191411893297522,0.218311895619802,0.191022908667327,TRUE,"arrowtooth_flounder_adult",0.114896551724138,1.36626574524535,1.07592886012298,0.941437752607607,TRUE,"flathead_sole_adult",0.245,0.0211925682972822,0.126913497341301,0.111049310173639,TRUE,"octopus",0.000285366238278459,3.12967719633954,1.25241177619931,1.09586030417439,FALSE,"deep_water_flatfish",0.0988448275862069,0.155525171391729,0.0941834626142915,0.0824105297875051,FALSE,"sablefish_adult",0.0726551724137931,0.848759180352913,0.430105922260317,0.376342681977777,FALSE,"shallow_water_flatfish",0.169810344827586,1.64728604245843,1.66761898892691,1.45916661531104,FALSE,"rex_sole_adult",0.167275862068966,0.0570370012603705,0.0489524628427375,0.0428334049873953,TRUE,"pacific_ocean_perch_adult",0.0540689655172414,0.0799207517379391,0.152107090778877,0.133093704431517,TRUE,"slope_rockfish",0.0515344827586207,0.978381513686232,0.949863740831787,0.831130773227813,FALSE,"demersal_shelf_rockfish",0.0321034482758621,0.0240603596613543,0.0181432289358074,0.0158753253188315,FALSE,"pelagic_shelf_rockfish",0.0777241379310345,0.0546156548804737,0.14145920053228,0.123776800465745,FALSE,"atka_mackerel",0.0292540226470271,0.142251593886699,0.0647777998220139,0.0566805748442622,FALSE,"big_skate",0.260256211898087,0.00835166943087089,0.0378605248423805,0.033127959237083,FALSE,"longnose_skate",0.0702806329637904,0.0450957073261141,0.0326463230378531,0.0285655326581215,FALSE,"other_skates",0.107440452775599,0.0355499492089612,0.025347035631281,0.0221786561773708,FALSE,"pacific_halibut_adult",0.0177399199313977,1.87353097236703,1.15794326702924,1.01320035865059,TRUE,"salmon_shark",0.0019797981943069,0.0379510561707062,0.015719190120905,0.0137542913557918,FALSE,"pacific_sleeper_shark",0.0150673540558916,0.0285863359528986,0.0150899851630605,0.0132037370176779,FALSE
"17","walleye_pollock_adult",0.242344827586207,3.87264994690335,3.165815700904,2.770088738291,TRUE,"pacific_cod_adult",0.398137931034483,0.186393231518309,0.218311895619802,0.191022908667327,TRUE,"arrowtooth_flounder_adult",0.117710344827586,1.34192741511842,1.07592886012298,0.941437752607607,TRUE,"flathead_sole_adult",0.251,0.0183902661259385,0.126913497341301,0.111049310173639,TRUE,"octopus",0.000292354799215891,3.12964409140617,1.25241177619931,1.09586030417439,FALSE,"deep_water_flatfish",0.101265517241379,0.154176757519941,0.0941834626142915,0.0824105297875051,FALSE,"sablefish_adult",0.0744344827586207,0.843955774065474,0.430105922260317,0.376342681977777,FALSE,"shallow_water_flatfish",0.173968965517241,1.61572062869777,1.66761898892691,1.45916661531104,FALSE,"rex_sole_adult",0.171372413793103,0.0557712207024306,0.0489524628427375,0.0428334049873953,TRUE,"pacific_ocean_perch_adult",0.0553931034482759,0.0755714153730832,0.152107090778877,0.133093704431517,TRUE,"slope_rockfish",0.0527965517241379,0.957657165874702,0.949863740831787,0.831130773227813,FALSE,"demersal_shelf_rockfish",0.0328896551724138,0.0237200214974656,0.0181432289358074,0.0158753253188315,FALSE,"pelagic_shelf_rockfish",0.0796275862068966,0.051220696665684,0.14145920053228,0.123776800465745,FALSE,"atka_mackerel",0.0299704476914441,0.141804604935177,0.0647777998220139,0.0566805748442622,FALSE,"big_skate",0.266629833413958,0.00757547211946682,0.0378605248423805,0.033127959237083,FALSE,"longnose_skate",0.0720017913220873,0.0444957540694501,0.0326463230378531,0.0285655326581215,FALSE,"other_skates",0.110071647537451,0.0351564433268665,0.025347035631281,0.0221786561773708,FALSE,"pacific_halibut_adult",0.0181743669501258,1.85072161936105,1.15794326702924,1.01320035865059,TRUE,"salmon_shark",0.00202828304804503,0.0379190083769475,0.015719190120905,0.0137542913557918,FALSE,"pacific_sleeper_shark",0.0154363504817501,0.0283948586705306,0.0150899851630605,0.0132037370176779,FALSE
"18","walleye_pollock_adult",0.248137931034483,3.80929146510401,3.165815700904,2.770088738291,TRUE,"pacific_cod_adult",0.407655172413793,0.181488615443196,0.218311895619802,0.191022908667327,TRUE,"arrowtooth_flounder_adult",0.120524137931034,1.31770727534059,1.07592886012298,0.941437752607607,TRUE,"flathead_sole_adult",0.257,0.015847612569913,0.126913497341301,0.111049310173639,TRUE,"octopus",0.000299343360153322,3.12961098701048,1.25241177619931,1.09586030417439,FALSE,"deep_water_flatfish",0.103686206896552,0.152848333074097,0.0941834626142915,0.0824105297875051,FALSE,"sablefish_adult",0.0762137931034483,0.839244125455703,0.430105922260317,0.376342681977777,FALSE,"shallow_water_flatfish",0.178127586206897,1.5849036266176,1.66761898892691,1.45916661531104,FALSE,"rex_sole_adult",0.175468965517241,0.0545156533008984,0.0489524628427375,0.0428334049873953,TRUE,"pacific_ocean_perch_adult",0.0567172413793103,0.0714004294813882,0.152107090778877,0.133093704431517,TRUE,"slope_rockfish",0.0540586206896552,0.93733694694027,0.949863740831787,0.831130773227813,FALSE,"demersal_shelf_rockfish",0.0336758620689655,0.0233854842765877,0.0181432289358074,0.0158753253188315,FALSE,"pelagic_shelf_rockfish",0.0815310344827586,0.0479425715654699,0.14145920053228,0.123776800465745,FALSE,"atka_mackerel",0.030686872735861,0.141359177058359,0.0647777998220139,0.0566805748442622,FALSE,"big_skate",0.27300345492983,0.00682581895981131,0.0378605248423805,0.033127959237083,FALSE,"longnose_skate",0.0737229496803842,0.0439051959094343,0.0326463230378531,0.0285655326581215,FALSE,"other_skates",0.112702842299302,0.0347707604619641,0.025347035631281,0.0221786561773708,FALSE,"pacific_halibut_adult",0.0186088139688539,1.82804093565012,1.15794326702924,1.01320035865059,TRUE,"salmon_shark",0.00207676790178315,0.0378870038248729,0.015719190120905,0.0137542913557918,FALSE,"pacific_sleeper_shark",0.0158053469076087,0.0282047629084626,0.0150899851630605,0.0132037370176779,FALSE
"19","walleye_pollock_adult",0.253931034482759,3.74698855020171,3.165815700904,2.770088738291,TRUE,"pacific_cod_adult",0.417172413793103,0.176749777392387,0.218311895619802,0.191022908667327,TRUE,"arrowtooth_flounder_adult",0.123337931034483,1.2939743428114,1.07592886012298,0.941437752607607,TRUE,"flathead_sole_adult",0.263,0.0135615086473907,0.126913497341301,0.111049310173639,TRUE,"octopus",0.000306331921090754,3.12957788315243,1.25241177619931,1.09586030417439,FALSE,"deep_water_flatfish",0.106106896551724,0.151539461991459,0.0941834626142915,0.0824105297875051,FALSE,"sablefish_adult",0.0779931034482759,0.834622713600809,0.430105922260317,0.376342681977777,FALSE,"shallow_water_flatfish",0.182286206896552,1.55480981083495,1.66761898892691,1.45916661531104,FALSE,"rex_sole_adult",0.179565517241379,0.0532746683847786,0.0489524628427375,0.0428334049873953,TRUE,"pacific_ocean_perch_adult",0.0580413793103448,0.0674054439393996,0.152107090778877,0.133093704431517,TRUE,"slope_rockfish",0.0553206896551724,0.917410407998639,0.949863740831787,0.831130773227813,FALSE,"demersal_shelf_rockfish",0.0344620689655172,0.0230566109352142,0.0181432289358074,0.0158753253188315,FALSE,"pelagic_shelf_rockfish",0.0834344827586207,0.0447820163907271,0.14145920053228,0.123776800465745,FALSE,"atka_mackerel",0.031403297780278,0.140915302109599,0.0647777998220139,0.0566805748442622,FALSE,"big_skate",0.279377076445701,0.00610239288405497,0.0378605248423805,0.033127959237083,FALSE,"longnose_skate",0.0754441080386811,0.0433238155366766,0.0326463230378531,0.0285655326581215,FALSE,"other_skates",0.115334037061153,0.034392668158743,0.025347035631281,0.0221786561773708,FALSE,"pacific_halibut_adult",0.019043260987582,1.80548742582444,1.15794326702924,1.01320035865059,TRUE,"salmon_shark",0.00212525275552128,0.0378550431164821,0.015719190120905,0.0137542913557918,FALSE,"pacific_sleeper_shark",0.0161743433334673,0.0280160382912646,0.0150899851630605,0.0132037370176779,FALSE
"20","walleye_pollock_adult",0.259724137931034,3.68571293693643,3.165815700904,2.770088738291,TRUE,"pacific_cod_adult",0.426689655172414,0.172033522628229,0.218311895619802,0.191022908667327,TRUE,"arrowtooth_flounder_adult",0.126151724137931,1.27044548459905,1.07592886012298,0.941437752607607,TRUE,"flathead_sole_adult",0.269,0.0115235954515892,0.126913497341301,0.111049310173639,TRUE,"octopus",0.000313320482028186,3.12954477983203,1.25241177619931,1.09586030417439,FALSE,"deep_water_flatfish",0.108527586206897,0.150249720784772,0.0941834626142915,0.0824105297875051,FALSE,"sablefish_adult",0.0797724137931034,0.830091954860889,0.430105922260317,0.376342681977777,FALSE,"shallow_water_flatfish",0.186444827586207,1.52541505036201,1.66761898892691,1.45916661531104,FALSE,"rex_sole_adult",0.183662068965517,0.0520627836069383,0.0489524628427375,0.0428334049873953,TRUE,"pacific_ocean_perch_adult",0.0593655172413793,0.0635838250912602,0.152107090778877,0.133093704431517,TRUE,"slope_rockfish",0.0565827586206896,0.897867469654749,0.949863740831787,0.831130773227813,FALSE,"demersal_shelf_rockfish",0.035248275862069,0.0227332687069146,0.0181432289358074,0.0158753253188315,FALSE,"pelagic_shelf_rockfish",0.0853379310344828,0.0417408959543301,0.14145920053228,0.123776800465745,FALSE,"atka_mackerel",0.032119722824695,0.140472971998854,0.0647777998220139,0.0566805748442622,FALSE,"big_skate",0.285750697961573,0.00540616411087612,0.0378605248423805,0.033127959237083,FALSE,"longnose_skate",0.077165266396978,0.0427514022841622,0.0326463230378531,0.0285655326581215,FALSE,"other_skates",0.117965231823005,0.0340219431598559,0.025347035631281,0.0221786561773708,FALSE,"pacific_halibut_adult",0.0194777080063101,1.78306152106017,1.15794326702924,1.01320035865059,TRUE,"salmon_shark",0.00217373760925941,0.0378231255232765,0.015719190120905,0.0137542913557918,FALSE,"pacific_sleeper_shark",0.0165433397593258,0.0278286745358827,0.0150899851630605,0.0132037370176779,FALSE
"21","walleye_pollock_adult",0.26551724137931,3.62543814018576,3.165815700904,2.770088738291,TRUE,"pacific_cod_adult",0.436206896551724,0.167557695920489,0.218311895619802,0.191022908667327,TRUE,"arrowtooth_flounder_adult",0.128965517241379,1.2470581774157,1.07592886012298,0.941437752607607,TRUE,"flathead_sole_adult",0.275,0.00972208169063293,0.126913497341301,0.111049310173639,TRUE,"octopus",0.000320309042965617,3.12951167704927,1.25241177619931,1.09586030417439,FALSE,"deep_water_flatfish",0.110948275862069,0.148978698091049,0.0941834626142915,0.0824105297875051,FALSE,"sablefish_adult",0.081551724137931,0.825646193982371,0.430105922260317,0.376342681977777,FALSE,"shallow_water_flatfish",0.190603448275862,1.49669625375209,1.66761898892691,1.45916661531104,FALSE,"rex_sole_adult",0.187758620689655,0.0508615575075703,0.0489524628427375,0.0428334049873953,TRUE,"pacific_ocean_perch_adult",0.0606896551724138,0.0599330244182545,0.152107090778877,0.133093704431517,TRUE,"slope_rockfish",0.0578448275862069,0.878698407269226,0.949863740831787,0.831130773227813,FALSE,"demersal_shelf_rockfish",0.0360344827586207,0.0224153287807116,0.0181432289358074,0.0158753253188315,FALSE,"pelagic_shelf_rockfish",0.0872413793103448,0.0388223068478619,0.14145920053228,0.123776800465745,FALSE,"atka_mackerel",0.032836147869112,0.140032178692188,0.0647777998220139,0.0566805748442622,FALSE,"big_skate",0.292124319477444,0.00473806037572082,0.0378605248423805,0.033127959237083,FALSE,"longnose_skate",0.078886424755275,0.0421877518825143,0.0326463230378531,0.0285655326581215,FALSE,"other_skates",0.120596426584856,0.0336583709460257,0.025347035631281,0.0221786561773708,FALSE,"pacific_halibut_adult",0.0199121550250382,1.76076452675822,1.15794326702924,1.01320035865059,TRUE,"salmon_shark",0.00222222246299754,0.0377912510435936,0.015719190120905,0.0137542913557918,FALSE,"pacific_sleeper_shark",0.0169123361851844,0.0276426614485681,0.0150899851630605,0.0132037370176779,FALSE
"22","walleye_pollock_adult",0.271310344827586,3.56614561277156,3.165815700904,2.770088738291,TRUE,"pacific_cod_adult",0.445724137931035,0.163112711054264,0.218311895619802,0.191022908667327,TRUE,"arrowtooth_flounder_adult",0.131779310344828,1.22420915204412,1.07592886012298,0.941437752607607,TRUE,"flathead_sole_adult",0.281,0.00814376276509608,0.126913497341301,0.111049310173639,TRUE,"octopus",0.000327297603903049,3.12947857480412,1.25241177619931,1.09586030417439,FALSE,"deep_water_flatfish",0.113368965517241,0.147725994241671,0.0941834626142915,0.0824105297875051,FALSE,"sablefish_adult",0.0833310344827586,0.821290968806458,0.430105922260317,0.376342681977777,FALSE,"shallow_water_flatfish",0.194762068965517,1.46863131666351,1.66761898892691,1.45916661531104,FALSE,"rex_sole_adult",0.191855172413793,0.0496708216669455,0.0489524628427375,0.0428334049873953,TRUE,"pacific_ocean_perch_adult",0.0620137931034483,0.056450591408569,0.152107090778877,0.133093704431517,TRUE,"slope_rockfish",0.0591068965517241,0.859893836731846,0.949863740831787,0.831130773227813,FALSE,"demersal_shelf_rockfish",0.0368206896551724,0.0221026661208061,0.0181432289358074,0.0158753253188315,FALSE,"pelagic_shelf_rockfish",0.0891448275862069,0.0360245162844408,0.14145920053228,0.123776800465745,FALSE,"atka_mackerel",0.033552572913529,0.139592914211287,0.0647777998220139,0.0566805748442622,FALSE,"big_skate",0.298497940993316,0.00410072253983653,0.0378605248423805,0.033127959237083,FALSE,"longnose_skate",0.0806075831135719,0.0416326662137168,0.0326463230378531,0.0285655326581215,FALSE,"other_skates",0.123227621346708,0.0333017453052898,0.025347035631281,0.0221786561773708,FALSE,"pacific_halibut_adult",0.0203466020437663,1.73859786230238,1.15794326702924,1.01320035865059,TRUE,"salmon_shark",0.00227070731673567,0.037759419958997,0.015719190120905,0.0137542913557918,FALSE,"pacific_sleeper_shark",0.017281332611043,0.0274579889251112,0.0150899851630605,0.0132037370176779,FALSE
"23","walleye_pollock_adult",0.277103448275862,3.50781393493475,3.165815700904,2.770088738291,TRUE,"pacific_cod_adult",0.455241379310345,0.158774198280762,0.218311895619802,0.191022908667327,TRUE,"arrowtooth_flounder_adult",0.134593103448276,1.20149307261056,1.07592886012298,0.941437752607607,TRUE,"flathead_sole_adult",0.287,0.00677369672194235,0.126913497341301,0.111049310173639,TRUE,"octopus",0.000334286164840481,3.12944547309577,1.25241177619931,1.09586030417439,FALSE,"deep_water_flatfish",0.115789655172414,0.146491220849233,0.0941834626142915,0.0824105297875051,FALSE,"sablefish_adult",0.0851103448275862,0.817013889183425,0.430105922260317,0.376342681977777,FALSE,"shallow_water_flatfish",0.198920689655172,1.44119907106182,1.66761898892691,1.45916661531104,FALSE,"rex_sole_adult",0.195951724137931,0.0484906426010121,0.0489524628427375,0.0428334049873953,TRUE,"pacific_ocean_perch_adult",0.0633379310344828,0.0531316753543809,0.152107090778877,0.133093704431517,TRUE,"slope_rockfish",0.0603689655172414,0.8414447009377,0.949863740831787,0.831130773227813,FALSE,"demersal_shelf_rockfish",0.0376068965517241,0.0217951592536677,0.0181432289358074,0.0158753253188315,FALSE,"pelagic_shelf_rockfish",0.091048275862069,0.0333487686960153,0.14145920053228,0.123776800465745,FALSE,"atka_mackerel",0.034268997957946,0.13915517063298,0.0647777998220139,0.0566805748442622,FALSE,"big_skate",0.304871562509187,0.00349720541310865,0.0378605248423805,0.033127959237083,FALSE,"longnose_skate",0.0823287414718688,0.0410859530884186,0.0326463230378531,0.0285655326581215,FALSE,"other_skates",0.125858816108559,0.0329518679397097,0.025347035631281,0.0221786561773708,FALSE,"pacific_halibut_adult",0.0207810490624944,1.71656288475834,1.15794326702924,1.01320035865059,TRUE,"salmon_shark",0.00231919217047379,0.0377276322317147,0.015719190120905,0.0137542913557918,FALSE,"pacific_sleeper_shark",0.0176503290369015,0.0272746469505571,0.0150899851630605,0.0132037370176779,FALSE
"24","walleye_pollock_adult",0.282896551724138,3.45071362868188,3.165815700904,2.770088738291,TRUE,"pacific_cod_adult",0.464758620689655,0.154596913090796,0.218311895619802,0.191022908667327,TRUE,"arrowtooth_flounder_adult",0.137406896551724,1.17904817136331,1.07592886012298,0.941437752607607,TRUE,"flathead_sole_adult",0.293,0.00559597578041603,0.126913497341301,0.111049310173639,TRUE,"octopus",0.000341274725777912,3.12941237192498,1.25241177619931,1.09586030417439,FALSE,"deep_water_flatfish",0.118210344827586,0.145274000412703,0.0941834626142915,0.0824105297875051,FALSE,"sablefish_adult",0.0868896551724138,0.812820859425813,0.430105922260317,0.376342681977777,FALSE,"shallow_water_flatfish",0.203079310344828,1.41437923638125,1.66761898892691,1.45916661531104,FALSE,"rex_sole_adult",0.200048275862069,0.0473391759997813,0.0489524628427375,0.0428334049873953,TRUE,"pacific_ocean_perch_adult",0.0646620689655173,0.0499721260077948,0.152107090778877,0.133093704431517,TRUE,"slope_rockfish",0.0616310344827586,0.823342257181828,0.949863740831787,0.831130773227813,FALSE,"demersal_shelf_rockfish",0.0383931034482759,0.0214926899662906,0.0181432289358074,0.0158753253188315,FALSE,"pelagic_shelf_rockfish",0.092951724137931,0.0307962223262472,0.14145920053228,0.123776800465745,FALSE,"atka_mackerel",0.034985423002363,0.138718940088766,0.0647777998220139,0.0566805748442622,FALSE,"big_skate",0.311245184025059,0.00293218460800023,0.0378605248423805,0.033127959237083,FALSE,"longnose_skate",0.0840498998301657,0.0405474260175486,0.0326463230378531,0.0285655326581215,FALSE,"other_skates",0.12849001087041,0.0326085480832471,0.025347035631281,0.0221786561773708,FALSE,"pacific_halibut_adult",0.0212154960812225,1.69466091278486,1.15794326702924,1.01320035865059,TRUE,"salmon_shark",0.00236767702421192,0.0376958871077728,0.015719190120905,0.0137542913557918,FALSE,"pacific_sleeper_shark",0.0180193254627601,0.0270926255977746,0.0150899851630605,0.0132037370176779,FALSE
"25","walleye_pollock_adult",0.288689655172414,3.39485136013189,3.165815700904,2.770088738291,TRUE,"pacific_cod_adult",0.474275862068966,0.150443240744625,0.218311895619802,0.191022908667327,TRUE,"arrowtooth_flounder_adult",0.140220689655172,1.15701485618279,1.07592886012298,0.941437752607607,TRUE,"flathead_sole_adult",0.299,0.00459269793666867,0.126913497341301,0.111049310173639,TRUE,"octopus",0.000348263286715344,3.12937927129178,1.25241177619931,1.09586030417439,FALSE,"deep_water_flatfish",0.120631034482759,0.144073965938477,0.0941834626142915,0.0824105297875051,FALSE,"sablefish_adult",0.0886689655172414,0.80869802221233,0.430105922260317,0.376342681977777,FALSE,"shallow_water_flatfish",0.207237931034483,1.38815237352103,1.66761898892691,1.45916661531104,FALSE,"rex_sole_adult",0.204144827586207,0.0462015722850645,0.0489524628427375,0.0428334049873953,TRUE,"pacific_ocean_perch_adult",0.0659862068965517,0.0469678421088058,0.152107090778877,0.133093704431517,TRUE,"slope_rockfish",0.0628931034482759,0.805578064832674,0.949863740831787,0.831130773227813,FALSE,"demersal_shelf_rockfish",0.0391793103448276,0.0211951436381155,0.0181432289358074,0.0158753253188315,FALSE,"pelagic_shelf_rockfish",0.0948551724137931,0.0283678522557722,0.14145920053228,0.123776800465745,FALSE,"atka_mackerel",0.03570184804678,0.138284214764321,0.0647777998220139,0.0566805748442622,FALSE,"big_skate",0.31761880554093,0.00241118034081353,0.0378605248423805,0.033127959237083,FALSE,"longnose_skate",0.0857710581884626,0.0400169040166529,0.0326463230378531,0.0285655326581215,FALSE,"other_skates",0.131121205632262,0.0322716021436875,0.025347035631281,0.0221786561773708,FALSE,"pacific_halibut_adult",0.0216499430999506,1.67289327134664,1.15794326702924,1.01320035865059,TRUE,"salmon_shark",0.00241616187795005,0.0376641845439771,0.015719190120905,0.0137542913557918,FALSE,"pacific_sleeper_shark",0.0183883218886187,0.0269119150259417,0.0150899851630605,0.0132037370176779,FALSE
"26","walleye_pollock_adult",0.29448275862069,3.33989976276253,3.165815700904,2.770088738291,TRUE,"pacific_cod_adult",0.483793103448276,0.146435341279808,0.218311895619802,0.191022908667327,TRUE,"arrowtooth_flounder_adult",0.143034482758621,1.13506948569613,1.07592886012298,0.941437752607607,TRUE,"flathead_sole_adult",0.305,0.00374550090849834,0.126913497341301,0.111049310173639,TRUE,"octopus",0.000355251847652776,3.12934617119615,1.25241177619931,1.09586030417439,FALSE,"deep_water_flatfish",0.123051724137931,0.142890760577507,0.0941834626142915,0.0824105297875051,FALSE,"sablefish_adult",0.090448275862069,0.804652542662654,0.430105922260317,0.376342681977777,FALSE,"shallow_water_flatfish",0.211396551724138,1.36249984271982,1.66761898892691,1.45916661531104,FALSE,"rex_sole_adult",0.208241379310345,0.0450745952580318,0.0489524628427375,0.0428334049873953,TRUE,"pacific_ocean_perch_adult",0.0673103448275862,0.0441144895401809,0.152107090778877,0.133093704431517,TRUE,"slope_rockfish",0.0641551724137931,0.78814397382137,0.949863740831787,0.831130773227813,FALSE,"demersal_shelf_rockfish",0.0399655172413793,0.0209024092414636,0.0181432289358074,0.0158753253188315,FALSE,"pelagic_shelf_rockfish",0.0967586206896552,0.0260643540111958,0.14145920053228,0.123776800465745,FALSE,"atka_mackerel",0.036418273091197,0.137850986899076,0.0647777998220139,0.0566805748442622,FALSE,"big_skate",0.323992427056802,0.00193981085546431,0.0378605248423805,0.033127959237083,FALSE,"longnose_skate",0.0874922165467595,0.0394942113904821,0.0326463230378531,0.0285655326581215,FALSE,"other_skates",0.133752400394113,0.0319408533656261,0.025347035631281,0.0221786561773708,FALSE,"pacific_halibut_adult",0.0220843901186787,1.65126111735066,1.15794326702924,1.01320035865059,TRUE,"salmon_shark",0.00246464673168818,0.037632524166239,0.015719190120905,0.0137542913557918,FALSE,"pacific_sleeper_shark",0.0187573183144773,0.026732505479953,0.0150899851630605,0.0132037370176779,FALSE
"27","walleye_pollock_adult",0.300275862068966,3.28583666759881,3.165815700904,2.770088738291,TRUE,"pacific_cod_adult",0.493310344827586,0.142541211424694,0.218311895619802,0.191022908667327,TRUE,"arrowtooth_flounder_adult",0.145848275862069,1.11341544962051,1.07592886012298,0.941437752607607,TRUE,"flathead_sole_adult",0.311,0.00303618071347157,0.126913497341301,0.111049310173639,TRUE,"octopus",0.000362240408590207,3.12931307163807,1.25241177619931,1.09586030417439,FALSE,"deep_water_flatfish",0.125472413793103,0.141724037277109,0.0941834626142915,0.0824105297875051,FALSE,"sablefish_adult",0.0922275862068966,0.800667672607245,0.430105922260317,0.376342681977777,FALSE,"shallow_water_flatfish",0.215555172413793,1.33740376239879,1.66761898892691,1.45916661531104,FALSE,"rex_sole_adult",0.212337931034483,0.0439582210284371,0.0489524628427375,0.0428334049873953,TRUE,"pacific_ocean_perch_adult",0.0686344827586207,0.0414074648170539,0.152107090778877,0.133093704431517,TRUE,"slope_rockfish",0.0654172413793103,0.771032113491748,0.949863740831787,0.831130773227813,FALSE,"demersal_shelf_rockfish",0.040751724137931,0.0206143786657372,0.0181432289358074,0.0158753253188315,FALSE,"pelagic_shelf_rockfish",0.0986620689655172,0.0238860517111946,0.14145920053228,0.123776800465745,FALSE,"atka_mackerel",0.037134698135614,0.137419248785727,0.0647777998220139,0.0566805748442622,FALSE,"big_skate",0.330366048572673,0.00152421920540172,0.0378605248423805,0.033127959237083,FALSE,"longnose_skate",0.0892133749050564,0.0389791775471807,0.0326463230378531,0.0285655326581215,FALSE,"other_skates",0.136383595155965,0.0316161315161332,0.025347035631281,0.0221786561773708,FALSE,"pacific_halibut_adult",0.0225188371374068,1.62976568946575,1.15794326702924,1.01320035865059,TRUE,"salmon_shark",0.00251313158542631,0.0376009062419586,0.015719190120905,0.0137542913557918,FALSE,"pacific_sleeper_shark",0.0191263147403358,0.0265543872900064,0.0150899851630605,0.0132037370176779,FALSE
"28","walleye_pollock_adult",0.306068965517241,3.23264453944873,3.165815700904,2.770088738291,TRUE,"pacific_cod_adult",0.502827586206897,0.138672063163689,0.218311895619802,0.191022908667327,TRUE,"arrowtooth_flounder_adult",0.148662068965517,1.09212288004241,1.07592886012298,0.941437752607607,TRUE,"flathead_sole_adult",0.317,0.0024471746674665,0.126913497341301,0.111049310173639,TRUE,"octopus",0.000369228969527639,3.12927997261733,1.25241177619931,1.09586030417439,FALSE,"deep_water_flatfish",0.127893103448276,0.140573458447264,0.0941834626142915,0.0824105297875051,FALSE,"sablefish_adult",0.0940068965517241,0.796751110316527,0.430105922260317,0.376342681977777,FALSE,"shallow_water_flatfish",0.219713793103448,1.31284697170988,1.66761898892691,1.45916661531104,FALSE,"rex_sole_adult",0.216434482758621,0.042853553072929,0.0489524628427375,0.0428334049873953,TRUE,"pacific_ocean_perch_adult",0.0699586206896552,0.0388421579596789,0.152107090778877,0.133093704431517,TRUE,"slope_rockfish",0.0666793103448276,0.754234882190483,0.949863740831787,0.831130773227813,FALSE,"demersal_shelf_rockfish",0.0415379310344828,0.0203309467726463,0.0181432289358074,0.0158753253188315,FALSE,"pelagic_shelf_rockfish",0.100565517241379,0.0218328149432999,0.14145920053228,0.123776800465745,FALSE,"atka_mackerel",0.0378511231800309,0.136988992769744,0.0647777998220139,0.0566805748442622,FALSE,"big_skate",0.336739670088545,0.00116763549663965,0.0378605248423805,0.033127959237083,FALSE,"longnose_skate",0.0909345332633533,0.0384716368215029,0.0326463230378531,0.0285655326581215,FALSE,"other_skates",0.139014789917816,0.0312972725809025,0.025347035631281,0.0221786561773708,FALSE,"pacific_halibut_adult",0.0229532841561349,1.60840820813773,1.15794326702924,1.01320035865059,TRUE,"salmon_shark",0.00256161643916443,0.0375693307561416,0.015719190120905,0.0137542913557918,FALSE,"pacific_sleeper_shark",0.0194953111661944,0.0263775508698081,0.0150899851630605,0.0132037370176779,FALSE
"29","walleye_pollock_adult",0.311862068965517,3.18030456086423,3.165815700904,2.770088738291,TRUE,"pacific_cod_adult",0.512344827586207,0.134937006251118,0.218311895619802,0.191022908667327,TRUE,"arrowtooth_flounder_adult",0.151475862068966,1.07097290827849,1.07592886012298,0.941437752607607,TRUE,"flathead_sole_adult",0.323,0.00196188586411302,0.126913497341301,0.111049310173639,TRUE,"octopus",0.000376217530465071,3.12924687413392,1.25241177619931,1.09586030417439,FALSE,"deep_water_flatfish",0.130313793103448,0.13943869564014,0.0941834626142915,0.0824105297875051,FALSE,"sablefish_adult",0.0957862068965517,0.792882076440941,0.430105922260317,0.376342681977777,FALSE,"shallow_water_flatfish",0.223872413793103,1.2888129949726,1.66761898892691,1.45916661531104,FALSE,"rex_sole_adult",0.220531034482759,0.0417772706185764,0.0489524628427375,0.0428334049873953,TRUE,"pacific_ocean_perch_adult",0.0712827586206897,0.036414114563388,0.152107090778877,0.133093704431517,TRUE,"slope_rockfish",0.0679413793103448,0.737744937206394,0.949863740831787,0.831130773227813,FALSE,"demersal_shelf_rockfish",0.0423241379310345,0.0200520114432287,0.0181432289358074,0.0158753253188315,FALSE,"pelagic_shelf_rockfish",0.102468965517241,0.0199039884894628,0.14145920053228,0.123776800465745,FALSE,"atka_mackerel",0.0385675482244479,0.136560211249019,0.0647777998220139,0.0566805748442622,FALSE,"big_skate",0.343113291604417,0.000871807217458502,0.0378605248423805,0.033127959237083,FALSE,"longnose_skate",0.0926556916216502,0.0379714282887034,0.0326463230378531,0.0285655326581215,FALSE,"other_skates",0.141645984679668,0.0309841184796523,0.025347035631281,0.0221786561773708,FALSE,"pacific_halibut_adult",0.0233877311748631,1.58718999392302,1.15794326702924,1.01320035865059,TRUE,"salmon_shark",0.00261010129290256,0.0375377974611428,0.015719190120905,0.0137542913557918,FALSE,"pacific_sleeper_shark",0.019864307592053,0.026201986716432,0.0150899851630605,0.0132037370176779,FALSE
"30","walleye_pollock_adult",0.317655172413793,3.12880033123768,3.165815700904,2.770088738291,TRUE,"pacific_cod_adult",0.521862068965517,0.131317264224071,0.218311895619802,0.191022908667327,TRUE,"arrowtooth_flounder_adult",0.154289655172414,1.05010384175427,1.07592886012298,0.941437752607607,TRUE,"flathead_sole_adult",0.329,0.00156498678417243,0.126913497341301,0.111049310173639,TRUE,"octopus",0.000383206091402502,3.12921377618802,1.25241177619931,1.09586030417439,FALSE,"deep_water_flatfish",0.132734482758621,0.138319429242931,0.0941834626142915,0.0824105297875051,FALSE,"sablefish_adult",0.0975655172413793,0.789071294947838,0.430105922260317,0.376342681977777,FALSE,"shallow_water_flatfish",0.228031034482759,1.26528600800326,1.66761898892691,1.45916661531104,FALSE,"rex_sole_adult",0.224627586206897,0.0407123008579221,0.0489524628427375,0.0428334049873953,TRUE,"pacific_ocean_perch_adult",0.0726068965517241,0.0341176368340576,0.152107090778877,0.133093704431517,TRUE,"slope_rockfish",0.0692034482758621,0.721555185232907,0.949863740831787,0.831130773227813,FALSE,"demersal_shelf_rockfish",0.0431103448275862,0.0197774734247015,0.0181432289358074,0.0158753253188315,FALSE,"pelagic_shelf_rockfish",0.104372413793103,0.0180983385994543,0.14145920053228,0.123776800465745,FALSE,"atka_mackerel",0.0392839732688649,0.136132896673344,0.0647777998220139,0.0566805748442622,FALSE,"big_skate",0.349486913120288,0.000634607736769103,0.0378605248423805,0.033127959237083,FALSE,"longnose_skate",0.0943768499799471,0.0374783955977398,0.0326463230378531,0.0285655326581215,FALSE,"other_skates",0.144277179441519,0.0306765168058039,0.025347035631281,0.0221786561773708,FALSE,"pacific_halibut_adult",0.0238221781935912,1.5661144457746,1.15794326702924,1.01320035865059,TRUE,"salmon_shark",0.00265858614664069,0.0375063066178343,0.015719190120905,0.0137542913557918,FALSE,"pacific_sleeper_shark",0.0202333040179115,0.0260276854088648,0.0150899851630605,0.0132037370176779,FALSE
"31","walleye_pollock_adult",0.323448275862069,3.078118145443,3.165815700904,2.770088738291,TRUE,"pacific_cod_adult",0.531379310344828,0.127723914912468,0.218311895619802,0.191022908667327,TRUE,"arrowtooth_flounder_adult",0.157103448275862,1.02957804264856,1.07592886012298,0.941437752607607,TRUE,"flathead_sole_adult",0.335,0.00124260427964183,0.126913497341301,0.111049310173639,TRUE,"octopus",0.000390194652339934,3.12918067877962,1.25241177619931,1.09586030417439,FALSE,"deep_water_flatfish",0.135155172413793,0.13721534818253,0.0941834626142915,0.0824105297875051,FALSE,"sablefish_adult",0.0993448275862069,0.785300747951223,0.430105922260317,0.376342681977777,FALSE,"shallow_water_flatfish",0.232189655172414,1.24225080634925,1.66761898892691,1.45916661531104,FALSE,"rex_sole_adult",0.228724137931034,0.0396579493922281,0.0489524628427375,0.0428334049873953,TRUE,"pacific_ocean_perch_adult",0.0739310344827586,0.0319477055756503,0.152107090778877,0.133093704431517,TRUE,"slope_rockfish",0.0704655172413793,0.705658773245434,0.949863740831787,0.831130773227813,FALSE,"demersal_shelf_rockfish",0.0438965517241379,0.0195072362909145,0.0181432289358074,0.0158753253188315,FALSE,"pelagic_shelf_rockfish",0.106275862068966,0.0164140187507072,0.14145920053228,0.123776800465745,FALSE,"atka_mackerel",0.0400003983132819,0.135707041543972,0.0647777998220139,0.0566805748442622,FALSE,"big_skate",0.35586053463616,0.000450772525995042,0.0378605248423805,0.033127959237083,FALSE,"longnose_skate",0.096098008338244,0.0369923868190976,0.0326463230378531,0.0285655326581215,FALSE,"other_skates",0.14690837420337,0.0303743205658433,0.025347035631281,0.0221786561773708,FALSE,"pacific_halibut_adult",0.0242566252123193,1.54518364182691,1.15794326702924,1.01320035865059,TRUE,"salmon_shark",0.00270707100037882,0.0374748577472598,0.015719190120905,0.0137542913557918,FALSE,"pacific_sleeper_shark",0.0206023004437701,0.0258546376077622,0.0150899851630605,0.0132037370176779,FALSE
"32","walleye_pollock_adult",0.329241379310345,3.02824285275575,3.165815700904,2.770088738291,TRUE,"pacific_cod_adult",0.540896551724138,0.124206478619644,0.218311895619802,0.191022908667327,TRUE,"arrowtooth_flounder_adult",0.15991724137931,1.00913890211674,1.07592886012298,0.941437752607607,TRUE,"flathead_sole_adult",0.341,0.000982414316033496,0.126913497341301,0.111049310173639,TRUE,"octopus",0.000397183213277366,3.1291475819081,1.25241177619931,1.09586030417439,FALSE,"deep_water_flatfish",0.137575862068966,0.136126149642735,0.0941834626142915,0.0824105297875051,FALSE,"sablefish_adult",0.101124137931034,0.781568920431956,0.430105922260317,0.376342681977777,FALSE,"shallow_water_flatfish",0.236348275862069,1.21969277579543,1.66761898892691,1.45916661531104,FALSE,"rex_sole_adult",0.232820689655172,0.0386141627068454,0.0489524628427375,0.0428334049873953,TRUE,"pacific_ocean_perch_adult",0.0752551724137931,0.0298993193417081,0.152107090778877,0.133093704431517,TRUE,"slope_rockfish",0.0717275862068965,0.690049079914106,0.949863740831787,0.831130773227813,FALSE,"demersal_shelf_rockfish",0.0446827586206897,0.0192412060262478,0.0181432289358074,0.0158753253188315,FALSE,"pelagic_shelf_rockfish",0.108179310344828,0.0148485567855059,0.14145920053228,0.123776800465745,FALSE,"atka_mackerel",0.0407168233576989,0.135282638413227,0.0647777998220139,0.0566805748442622,FALSE,"big_skate",0.362234156152031,0.000313368471512722,0.0378605248423805,0.033127959237083,FALSE,"longnose_skate",0.0978191666965409,0.0365132542852098,0.0326463230378531,0.0285655326581215,FALSE,"other_skates",0.149539568965222,0.0300773879388942,0.025347035631281,0.0221786561773708,FALSE,"pacific_halibut_adult",0.0246910722310474,1.52439886879575,1.15794326702924,1.01320035865059,TRUE,"salmon_shark",0.00275555585411695,0.0374434508297726,0.015719190120905,0.0137542913557918,FALSE,"pacific_sleeper_shark",0.0209712968696287,0.025682834053533,0.0150899851630605,0.0132037370176779,FALSE
"33","walleye_pollock_adult",0.335034482758621,2.97915894066963,3.165815700904,2.770088738291,TRUE,"pacific_cod_adult",0.550413793103448,0.120849693803311,0.218311895619802,0.191022908667327,TRUE,"arrowtooth_flounder_adult",0.162731034482759,0.988912961018689,1.07592886012298,0.941437752607607,TRUE,"flathead_sole_adult",0.347,0.000773651752413322,0.126913497341301,0.111049310173639,TRUE,"octopus",0.000404171774214797,3.12911448557407,1.25241177619931,1.09586030417439,FALSE,"deep_water_flatfish",0.139996551724138,0.135051538791387,0.0941834626142915,0.0824105297875051,FALSE,"sablefish_adult",0.102903448275862,0.777869481856748,0.430105922260317,0.376342681977777,FALSE,"shallow_water_flatfish",0.240506896551724,1.19759786388397,1.66761898892691,1.45916661531104,FALSE,"rex_sole_adult",0.23691724137931,0.0375809532703826,0.0489524628427375,0.0428334049873953,TRUE,"pacific_ocean_perch_adult",0.0765793103448276,0.0279674669034354,0.152107090778877,0.133093704431517,TRUE,"slope_rockfish",0.0729896551724138,0.67471970725764,0.949863740831787,0.831130773227813,FALSE,"demersal_shelf_rockfish",0.0454689655172414,0.0189792914041865,0.0181432289358074,0.0158753253188315,FALSE,"pelagic_shelf_rockfish",0.11008275862069,0.0133988640678504,0.14145920053228,0.123776800465745,FALSE,"atka_mackerel",0.0414332484021159,0.134859679883977,0.0647777998220139,0.0566805748442622,FALSE,"big_skate",0.368607777667903,0.000213551316436592,0.0378605248423805,0.033127959237083,FALSE,"longnose_skate",0.0995403250548378,0.0360408544354007,0.0326463230378531,0.0285655326581215,FALSE,"other_skates",0.152170763727073,0.0297855820513943,0.025347035631281,0.0221786561773708,FALSE,"pacific_halibut_adult",0.0251255192497755,1.50375979150534,1.15794326702924,1.01320035865059,TRUE,"salmon_shark",0.00280404070785508,0.0374120854660916,0.015719190120905,0.0137542913557918,FALSE,"pacific_sleeper_shark",0.0213402932954872,0.0255122655667004,0.0150899851630605,0.0132037370176779,FALSE
"34","walleye_pollock_adult",0.340827586206897,2.9308507437682,3.165815700904,2.770088738291,TRUE,"pacific_cod_adult",0.559931034482759,0.117521189075752,0.218311895619802,0.191022908667327,TRUE,"arrowtooth_flounder_adult",0.165544827586207,0.969124934819965,1.07592886012298,0.941437752607607,TRUE,"flathead_sole_adult",0.353,0.000607054358758016,0.126913497341301,0.111049310173639,TRUE,"octopus",0.000411160335152229,3.12908138977791,1.25241177619931,1.09586030417439,FALSE,"deep_water_flatfish",0.14241724137931,0.133991228519965,0.0941834626142915,0.0824105297875051,FALSE,"sablefish_adult",0.10468275862069,0.774198082806975,0.430105922260317,0.376342681977777,FALSE,"shallow_water_flatfish",0.244665517241379,1.1759525536733,1.66761898892691,1.45916661531104,FALSE,"rex_sole_adult",0.241013793103448,0.0365686787484423,0.0489524628427375,0.0428334049873953,TRUE,"pacific_ocean_perch_adult",0.0779034482758621,0.0261471537758289,0.152107090778877,0.133093704431517,TRUE,"slope_rockfish",0.074251724137931,0.659664472852721,0.949863740831787,0.831130773227813,FALSE,"demersal_shelf_rockfish",0.0462551724137931,0.0187214039433587,0.0181432289358074,0.0158753253188315,FALSE,"pelagic_shelf_rockfish",0.111986206896552,0.0120612659772765,0.14145920053228,0.123776800465745,FALSE,"atka_mackerel",0.0421496734465329,0.134438158609268,0.0647777998220139,0.0566805748442622,FALSE,"big_skate",0.374981399183774,0.000143063340260861,0.0378605248423805,0.033127959237083,FALSE,"longnose_skate",0.101261483413135,0.0355750476839601,0.0326463230378531,0.0285655326581215,FALSE,"other_skates",0.154801958488925,0.0294987707665796,0.025347035631281,0.0221786561773708,FALSE,"pacific_halibut_adult",0.0255599662685036,1.48326578355555,1.15794326702924,1.01320035865059,TRUE,"salmon_shark",0.0028525255615932,0.037380761988955,0.015719190120905,0.0137542913557918,FALSE,"pacific_sleeper_shark",0.0217092897213458,0.0253429230461747,0.0150899851630605,0.0132037370176779,FALSE
"35","walleye_pollock_adult",0.346620689655172,2.88330294983298,3.165815700904,2.770088738291,TRUE,"pacific_cod_adult",0.569448275862069,0.114220026119398,0.218311895619802,0.191022908667327,TRUE,"arrowtooth_flounder_adult",0.168358620689655,0.949442302492048,1.07592886012298,0.941437752607607,TRUE,"flathead_sole_adult",0.359,0.000474761121847844,0.126913497341301,0.111049310173639,TRUE,"octopus",0.000418148896089661,3.12904829451926,1.25241177619931,1.09586030417439,FALSE,"deep_water_flatfish",0.144837931034483,0.132944939191254,0.0941834626142915,0.0824105297875051,FALSE,"sablefish_adult",0.106462068965517,0.770544224143354,0.430105922260317,0.376342681977777,FALSE,"shallow_water_flatfish",0.248824137931035,1.15474383872726,1.66761898892691,1.45916661531104,FALSE,"rex_sole_adult",0.245110344827586,0.0355739408343883,0.0489524628427375,0.0428334049873953,TRUE,"pacific_ocean_perch_adult",0.0792275862068966,0.0244334271815734,0.152107090778877,0.133093704431517,TRUE,"slope_rockfish",0.0755137931034483,0.644877402176919,0.949863740831787,0.831130773227813,FALSE,"demersal_shelf_rockfish",0.0470413793103448,0.0184674572118541,0.0181432289358074,0.0158753253188315,FALSE,"pelagic_shelf_rockfish",0.113889655172414,0.0108315517864895,0.14145920053228,0.123776800465745,FALSE,"atka_mackerel",0.0428660984909499,0.134018067291917,0.0647777998220139,0.0566805748442622,FALSE,"big_skate",0.381355020699646,9.45362422452029e-05,0.0378605248423805,0.033127959237083,FALSE,"longnose_skate",0.102982641771432,0.0351156982822507,0.0326463230378531,0.0285655326581215,FALSE,"other_skates",0.157433153250776,0.0292168264744947,0.025347035631281,0.0221786561773708,FALSE,"pacific_halibut_adult",0.0259944132872317,1.46291799763916,1.15794326702924,1.01320035865059,TRUE,"salmon_shark",0.00290101041533133,0.0373494802201022,0.015719190120905,0.0137542913557918,FALSE,"pacific_sleeper_shark",0.0220782861472044,0.0251747974686723,0.0150899851630605,0.0132037370176779,FALSE
"36","walleye_pollock_adult",0.352413793103448,2.83649957624103,3.165815700904,2.770088738291,TRUE,"pacific_cod_adult",0.578965517241379,0.111059593638031,0.218311895619802,0.191022908667327,TRUE,"arrowtooth_flounder_adult",0.171172413793103,0.929867242493922,1.07592886012298,0.941437752607607,TRUE,"flathead_sole_adult",0.365,0.000370180401233626,0.126913497341301,0.111049310173639,TRUE,"octopus",0.000425137457027092,3.12901519979804,1.25241177619931,1.09586030417439,FALSE,"deep_water_flatfish",0.147258620689655,0.131912398398896,0.0941834626142915,0.0824105297875051,FALSE,"sablefish_adult",0.108241379310345,0.766907988530927,0.430105922260317,0.376342681977777,FALSE,"shallow_water_flatfish",0.25298275862069,1.13395918119489,1.66761898892691,1.45916661531104,FALSE,"rex_sole_adult",0.249206896551724,0.0345899214678087,0.0489524628427375,0.0428334049873953,TRUE,"pacific_ocean_perch_adult",0.080551724137931,0.0228213954342245,0.152107090778877,0.133093704431517,TRUE,"slope_rockfish",0.0767758620689655,0.630352721622118,0.949863740831787,0.831130773227813,FALSE,"demersal_shelf_rockfish",0.0478275862068965,0.0182173673180192,0.0181432289358074,0.0158753253188315,FALSE,"pelagic_shelf_rockfish",0.115793103448276,0.00970504088378438,0.14145920053228,0.123776800465745,FALSE,"atka_mackerel",0.0435825235353669,0.13359939868408,0.0647777998220139,0.0566805748442622,FALSE,"big_skate",0.387728642215517,6.17120164154604e-05,0.0378605248423805,0.033127959237083,FALSE,"longnose_skate",0.104703800129729,0.0346626741836816,0.0326463230378531,0.0285655326581215,FALSE,"other_skates",0.160064348012627,0.0289396258979888,0.025347035631281,0.0221786561773708,FALSE,"pacific_halibut_adult",0.0264288603059598,1.44271757120619,1.15794326702924,1.01320035865059,TRUE,"salmon_shark",0.00294949526906946,0.0373182398246027,0.015719190120905,0.0137542913557918,FALSE,"pacific_sleeper_shark",0.0224472825730629,0.0250078798886829,0.0150899851630605,0.0132037370176779,FALSE
"37","walleye_pollock_adult",0.358206896551724,2.79041854601228,3.165815700904,2.770088738291,TRUE,"pacific_cod_adult",0.58848275862069,0.107983385269077,0.218311895619802,0.191022908667327,TRUE,"arrowtooth_flounder_adult",0.173986206896552,0.910739390581385,1.07592886012298,0.941437752607607,TRUE,"flathead_sole_adult",0.371,0.000287844929220208,0.126913497341301,0.111049310173639,TRUE,"octopus",0.000432126017964524,3.12898210561425,1.25241177619931,1.09586030417439,FALSE,"deep_water_flatfish",0.149679310344828,0.130893340734493,0.0941834626142915,0.0824105297875051,FALSE,"sablefish_adult",0.110020689655172,0.763280284352065,0.430105922260317,0.376342681977777,FALSE,"shallow_water_flatfish",0.257141379310345,1.11358652304914,1.66761898892691,1.45916661531104,FALSE,"rex_sole_adult",0.253303448275862,0.0336164100041391,0.0489524628427375,0.0428334049873953,TRUE,"pacific_ocean_perch_adult",0.0818758620689655,0.0213062472574696,0.152107090778877,0.133093704431517,TRUE,"slope_rockfish",0.0780379310344828,0.616084851535656,0.949863740831787,0.831130773227813,FALSE,"demersal_shelf_rockfish",0.0486137931034483,0.0179710523635479,0.0181432289358074,0.0158753253188315,FALSE,"pelagic_shelf_rockfish",0.117696551724138,0.00867666149898346,0.14145920053228,0.123776800465745,FALSE,"atka_mackerel",0.0442989485797839,0.133182145586778,0.0647777998220139,0.0566805748442622,FALSE,"big_skate",0.394102263731389,3.98896592639353e-05,0.0378605248423805,0.033127959237083,FALSE,"longnose_skate",0.106424958488025,0.0342158469240878,0.0326463230378531,0.0285655326581215,FALSE,"other_skates",0.162695542774479,0.0286670499107983,0.025347035631281,0.0221786561773708,FALSE,"pacific_halibut_adult",0.0268633073246879,1.42266559452257,1.15794326702924,1.01320035865059,TRUE,"salmon_shark",0.00299798012280759,0.0372870407980057,0.015719190120905,0.0137542913557918,FALSE,"pacific_sleeper_shark",0.0228162789989215,0.0248421614363125,0.0150899851630605,0.0132037370176779,FALSE
"38","walleye_pollock_adult",0.364,2.74504884634276,3.165815700904,2.770088738291,TRUE,"pacific_cod_adult",0.598,0.104934318291361,0.218311895619802,0.191022908667327,TRUE,"arrowtooth_flounder_adult",0.1768,0.891723297024734,1.07592886012298,0.941437752607607,TRUE,"flathead_sole_adult",0.377,0.000223263519511175,0.126913497341301,0.111049310173639,TRUE,"octopus",0.000439114578901955,3.12894901196787,1.25241177619931,1.09586030417439,FALSE,"deep_water_flatfish",0.1521,0.129887507564685,0.0941834626142915,0.0824105297875051,FALSE,"sablefish_adult",0.1118,0.759654349388658,0.430105922260317,0.376342681977777,FALSE,"shallow_water_flatfish",0.2613,1.09361425937726,1.66761898892691,1.45916661531104,FALSE,"rex_sole_adult",0.2574,0.0326533793079407,0.0489524628427375,0.0428334049873953,TRUE,"pacific_ocean_perch_adult",0.0832,0.0198832837172109,0.152107090778877,0.133093704431517,TRUE,"slope_rockfish",0.0793,0.602068399712155,0.949863740831787,0.831130773227813,FALSE,"demersal_shelf_rockfish",0.0494,0.0177284330120413,0.0181432289358074,0.0158753253188315,FALSE,"pelagic_shelf_rockfish",0.1196,0.00774103763504989,0.14145920053228,0.123776800465745,FALSE,"atka_mackerel",0.0450153736242008,0.132766300849556,0.0647777998220139,0.0566805748442622,FALSE,"big_skate",0.40047588524726,2.56000167427608e-05,0.0378605248423805,0.033127959237083,FALSE,"longnose_skate",0.108146116846322,0.0337750914996608,0.0326463230378531,0.0285655326581215,FALSE,"other_skates",0.16532673753633,0.0283989833667222,0.025347035631281,0.0221786561773708,FALSE,"pacific_halibut_adult",0.027297754343416,1.40276312448402,1.15794326702924,1.01320035865059,TRUE,"salmon_shark",0.00304646497654572,0.0372558830962904,0.015719190120905,0.0137542913557918,FALSE,"pacific_sleeper_shark",0.0231852754247801,0.0246776333165861,0.0150899851630605,0.0132037370176779,FALSE
"39","walleye_pollock_adult",0.378,2.63826037303208,3.165815700904,2.770088738291,TRUE,"pacific_cod_adult",0.621,0.0978578579366227,0.218311895619802,0.191022908667327,TRUE,"arrowtooth_flounder_adult",0.199885714285714,0.743350692969099,1.07592886012298,0.941437752607607,TRUE,"flathead_sole_adult",0.3915,0.000119744723132909,0.126913497341301,0.111049310173639,TRUE,"octopus",0.0361220349661232,2.96670825275691,1.25241177619931,1.09586030417439,FALSE,"deep_water_flatfish",0.17695,0.120270372796176,0.0941834626142915,0.0824105297875051,FALSE,"sablefish_adult",0.139528571428571,0.701411645358845,0.430105922260317,0.376342681977777,FALSE,"shallow_water_flatfish",0.27835,1.01568433100453,1.66761898892691,1.45916661531104,FALSE,"rex_sole_adult",0.274728571428571,0.0287360437400116,0.0489524628427375,0.0428334049873953,TRUE,"pacific_ocean_perch_adult",0.112971428571429,0.00388742295445358,0.152107090778877,0.133093704431517,TRUE,"slope_rockfish",0.10935,0.331583371492807,0.949863740831787,0.831130773227813,FALSE,"demersal_shelf_rockfish",0.0815857142857143,0.0102210097765801,0.0181432289358074,0.0158753253188315,FALSE,"pelagic_shelf_rockfish",0.146771428571429,0.00128658705870943,0.14145920053228,0.123776800465745,FALSE,"atka_mackerel",0.0775142755081865,0.115273757774114,0.0647777998220139,0.0566805748442622,FALSE,"big_skate",0.415878803910616,8.54486422690563e-06,0.0378605248423805,0.033127959237083,FALSE,"longnose_skate",0.136135679928728,0.0273654203581353,0.0326463230378531,0.0285655326581215,FALSE,"other_skates",0.189231970569449,0.0261524439712855,0.025347035631281,0.0221786561773708,FALSE,"pacific_halibut_adult",0.0610622004617434,0.349534687295879,1.15794326702924,1.01320035865059,TRUE,"salmon_shark",0.0385431460496496,0.0207967226035643,0.015719190120905,0.0137542913557918,FALSE,"pacific_sleeper_shark",0.0572434700372958,0.0136268167032818,0.0150899851630605,0.0132037370176779,FALSE
"40","walleye_pollock_adult",0.392,2.53538567810245,3.165815700904,2.770088738291,TRUE,"pacific_cod_adult",0.644,0.0911395219199902,0.218311895619802,0.191022908667327,TRUE,"arrowtooth_flounder_adult",0.222971428571429,0.607599348320255,1.07592886012298,0.941437752607607,TRUE,"flathead_sole_adult",0.406,6.35474745520919e-05,0.126913497341301,0.111049310173639,TRUE,"octopus",0.0718049553533445,2.81691324256601,1.25241177619931,1.09586030417439,FALSE,"deep_water_flatfish",0.2018,0.111787122833587,0.0941834626142915,0.0824105297875051,FALSE,"sablefish_adult",0.167257142857143,0.64139902491556,0.430105922260317,0.376342681977777,FALSE,"shallow_water_flatfish",0.2954,0.943600955676257,1.66761898892691,1.45916661531104,FALSE,"rex_sole_adult",0.292057142857143,0.0250317745680479,0.0489524628427375,0.0428334049873953,TRUE,"pacific_ocean_perch_adult",0.142742857142857,0.000709073269716181,0.152107090778877,0.133093704431517,TRUE,"slope_rockfish",0.1394,0.156240391274669,0.949863740831787,0.831130773227813,FALSE,"demersal_shelf_rockfish",0.113771428571429,0.00568514700746772,0.0181432289358074,0.0158753253188315,FALSE,"pelagic_shelf_rockfish",0.173942857142857,0.000184143571720081,0.14145920053228,0.123776800465745,FALSE,"atka_mackerel",0.110013177392172,0.100105070240806,0.0647777998220139,0.0566805748442622,FALSE,"big_skate",0.431281722573972,2.78210951342836e-06,0.0378605248423805,0.033127959237083,FALSE,"longnose_skate",0.164125243011133,0.0221198451157423,0.0326463230378531,0.0285655326581215,FALSE,"other_skates",0.213137203602569,0.0241992874270811,0.025347035631281,0.0221786561773708,FALSE,"pacific_halibut_adult",0.0948266465800709,0.0532565333654883,1.15794326702924,1.01320035865059,TRUE,"salmon_shark",0.0740398271227535,0.00847799599644394,0.015719190120905,0.0137542913557918,FALSE,"pacific_sleeper_shark",0.0913016646498115,0.00797009271036983,0.0150899851630605,0.0132037370176779,FALSE
"41","walleye_pollock_adult",0.406,2.4372831092953,3.165815700904,2.770088738291,TRUE,"pacific_cod_adult",0.667,0.0848090425879767,0.218311895619802,0.191022908667327,TRUE,"arrowtooth_flounder_adult",0.246057142857143,0.483155708370448,1.07592886012298,0.941437752607607,TRUE,"flathead_sole_adult",0.4205,3.34420122543107e-05,0.126913497341301,0.111049310173639,TRUE,"octopus",0.107487875740566,2.67820326950438,1.25241177619931,1.09586030417439,FALSE,"deep_water_flatfish",0.22665,0.104251063913566,0.0941834626142915,0.0824105297875051,FALSE,"sablefish_adult",0.194985714285714,0.587490516623868,0.430105922260317,0.376342681977777,FALSE,"shallow_water_flatfish",0.31245,0.876755177732583,1.66761898892691,1.45916661531104,FALSE,"rex_sole_adult",0.309385714285714,0.0215691298449259,0.0489524628427375,0.0428334049873953,TRUE,"pacific_ocean_perch_adult",0.172514285714286,0.000127460781378765,0.152107090778877,0.133093704431517,TRUE,"slope_rockfish",0.16945,0.0557449609662949,0.949863740831787,0.831130773227813,FALSE,"demersal_shelf_rockfish",0.145957142857143,0.00278410416735314,0.0181432289358074,0.0158753253188315,FALSE,"pelagic_shelf_rockfish",0.201114285714286,2.53099412794523e-05,0.14145920053228,0.123776800465745,FALSE,"atka_mackerel",0.142512079276158,0.0868270573076056,0.0647777998220139,0.0566805748442622,FALSE,"big_skate",0.446684641237329,8.94217811717319e-07,0.0378605248423805,0.033127959237083,FALSE,"longnose_skate",0.192114806093539,0.0177515350339573,0.0326463230378531,0.0285655326581215,FALSE,"other_skates",0.237042436635688,0.0224854892584553,0.025347035631281,0.0221786561773708,FALSE,"pacific_halibut_adult",0.128591092698398,0.00639648144725381,1.15794326702924,1.01320035865059,TRUE,"salmon_shark",0.109536508195857,0.00174880645654592,0.015719190120905,0.0137542913557918,FALSE,"pacific_sleeper_shark",0.125359859262327,0.00504907925207434,0.0150899851630605,0.0132037370176779,FALSE
"42","walleye_pollock_adult",0.42,2.34310681166304,3.165815700904,2.770088738291,TRUE,"pacific_cod_adult",0.69,0.0787470914816456,0.218311895619802,0.191022908667327,TRUE,"arrowtooth_flounder_adult",0.269142857142857,0.369230877309811,1.07592886012298,0.941437752607607,TRUE,"flathead_sole_adult",0.435,1.74820059737329e-05,0.126913497341301,0.111049310173639,TRUE,"octopus",0.143170796127787,2.54940596933656,1.25241177619931,1.09586030417439,FALSE,"deep_water_flatfish",0.2515,0.0975142699712393,0.0941834626142915,0.0824105297875051,FALSE,"sablefish_adult",0.222714285714286,0.539163375313291,0.430105922260317,0.376342681977777,FALSE,"shallow_water_flatfish",0.3295,0.814618266548834,1.66761898892691,1.45916661531104,FALSE,"rex_sole_adult",0.326714285714286,0.0183088694942592,0.0489524628427375,0.0428334049873953,TRUE,"pacific_ocean_perch_adult",0.202285714285714,2.29580018438424e-05,0.152107090778877,0.133093704431517,TRUE,"slope_rockfish",0.1995,0.0136382203726048,0.949863740831787,0.831130773227813,FALSE,"demersal_shelf_rockfish",0.178142857142857,0.00103640422779689,0.0181432289358074,0.0158753253188315,FALSE,"pelagic_shelf_rockfish",0.228285714285714,3.45093806524541e-06,0.14145920053228,0.123776800465745,FALSE,"atka_mackerel",0.175010981160143,0.075107941705757,0.0647777998220139,0.0566805748442622,FALSE,"big_skate",0.462087559900685,2.8523482526415e-07,0.0378605248423805,0.033127959237083,FALSE,"longnose_skate",0.220104369175945,0.0140617531366642,0.0326463230378531,0.0285655326581215,FALSE,"other_skates",0.260947669668807,0.0209695580355983,0.025347035631281,0.0221786561773708,FALSE,"pacific_halibut_adult",0.162355538816726,0.000707148465635819,1.15794326702924,1.01320035865059,TRUE,"salmon_shark",0.145033189268961,0.000209107196120512,0.015719190120905,0.0137542913557918,FALSE,"pacific_sleeper_shark",0.159418053874843,0.00345217947522367,0.0150899851630605,0.0132037370176779,FALSE
"43","walleye_pollock_adult",0.434,2.25233625203587,3.165815700904,2.770088738291,TRUE,"pacific_cod_adult",0.713,0.0730435138329058,0.218311895619802,0.191022908667327,TRUE,"arrowtooth_flounder_adult",0.292228571428571,0.26644980384238,1.07592886012298,0.941437752607607,TRUE,"flathead_sole_adult",0.4495,9.09061873060506e-06,0.126913497341301,0.111049310173639,TRUE,"octopus",0.178853716515008,2.42950648176256,1.25241177619931,1.09586030417439,FALSE,"deep_water_flatfish",0.27635,0.0914580179057365,0.0941834626142915,0.0824105297875051,FALSE,"sablefish_adult",0.250442857142857,0.49350470991404,0.430105922260317,0.376342681977777,FALSE,"shallow_water_flatfish",0.34655,0.756728869751791,1.66761898892691,1.45916661531104,FALSE,"rex_sole_adult",0.344042857142857,0.0152955820483539,0.0489524628427375,0.0428334049873953,TRUE,"pacific_ocean_perch_adult",0.232057142857143,4.16520763654616e-06,0.152107090778877,0.133093704431517,TRUE,"slope_rockfish",0.22955,0.0023828761470284,0.949863740831787,0.831130773227813,FALSE,"demersal_shelf_rockfish",0.210328571428571,0.000250949069628808,0.0181432289358074,0.0158753253188315,FALSE,"pelagic_shelf_rockfish",0.255457142857143,4.69330459373605e-07,0.14145920053228,0.123776800465745,FALSE,"atka_mackerel",0.207509883044129,0.0646893219373886,0.0647777998220139,0.0566805748442622,FALSE,"big_skate",0.477490478564041,9.05796890180284e-08,0.0378605248423805,0.033127959237083,FALSE,"longnose_skate",0.24809393225835,0.0109094155469003,0.0326463230378531,0.0285655326581215,FALSE,"other_skates",0.284852902701927,0.0196190900833858,0.025347035631281,0.0221786561773708,FALSE,"pacific_halibut_adult",0.196119984935053,7.59877624901097e-05,1.15794326702924,1.01320035865059,TRUE,"salmon_shark",0.180529870342065,1.92901143268443e-05,0.015719190120905,0.0137542913557918,FALSE,"pacific_sleeper_shark",0.193476248487359,0.00249824016919898,0.0150899851630605,0.0132037370176779,FALSE
"44","walleye_pollock_adult",0.448,2.16482738658332,3.165815700904,2.770088738291,TRUE,"pacific_cod_adult",0.736,0.0675934377327751,0.218311895619802,0.191022908667327,TRUE,"arrowtooth_flounder_adult",0.315314285714286,0.177199952502935,1.07592886012298,0.941437752607607,TRUE,"flathead_sole_adult",0.464,4.70735556684833e-06,0.126913497341301,0.111049310173639,TRUE,"octopus",0.21453663690223,2.31762217465586,1.25241177619931,1.09586030417439,FALSE,"deep_water_flatfish",0.3012,0.0859859214771381,0.0941834626142915,0.0824105297875051,FALSE,"sablefish_adult",0.278171428571429,0.451119814258942,0.430105922260317,0.376342681977777,FALSE,"shallow_water_flatfish",0.3636,0.702682713930829,1.66761898892691,1.45916661531104,FALSE,"rex_sole_adult",0.361371428571429,0.0125126217691285,0.0489524628427375,0.0428334049873953,TRUE,"pacific_ocean_perch_adult",0.261828571428571,7.62599062843863e-07,0.152107090778877,0.133093704431517,TRUE,"slope_rockfish",0.2596,0.000337913050551269,0.949863740831787,0.831130773227813,FALSE,"demersal_shelf_rockfish",0.242514285714286,4.00276936526315e-05,0.0181432289358074,0.0158753253188315,FALSE,"pelagic_shelf_rockfish",0.282628571428571,6.3984956811293e-08,0.14145920053228,0.123776800465745,FALSE,"atka_mackerel",0.240008784928115,0.0553669531974805,0.0647777998220139,0.0566805748442622,FALSE,"big_skate",0.492893397227397,2.87135794771487e-08,0.0378605248423805,0.033127959237083,FALSE,"longnose_skate",0.276083495340756,0.00819373278884969,0.0326463230378531,0.0285655326581215,FALSE,"other_skates",0.308758135735046,0.0184084045050554,0.025347035631281,0.0221786561773708,FALSE,"pacific_halibut_adult",0.229884431053381,8.08503710642276e-06,1.15794326702924,1.01320035865059,TRUE,"salmon_shark",0.216026551415169,1.58530258358456e-06,0.015719190120905,0.0137542913557918,FALSE,"pacific_sleeper_shark",0.227534443099874,0.0018783370726938,0.0150899851630605,0.0132037370176779,FALSE
"45","walleye_pollock_adult",0.462,2.08045441491646,3.165815700904,2.770088738291,TRUE,"pacific_cod_adult",0.759,0.0624027476571395,0.218311895619802,0.191022908667327,TRUE,"arrowtooth_flounder_adult",0.3384,0.105679369037259,1.07592886012298,0.941437752607607,TRUE,"flathead_sole_adult",0.4785,2.42955941827644e-06,0.126913497341301,0.111049310173639,TRUE,"octopus",0.250219557289451,2.21298203478841,1.25241177619931,1.09586030417439,FALSE,"deep_water_flatfish",0.32605,0.0810189154500162,0.0941834626142915,0.0824105297875051,FALSE,"sablefish_adult",0.3059,0.412340794433323,0.430105922260317,0.376342681977777,FALSE,"shallow_water_flatfish",0.38065,0.652124192025744,1.66761898892691,1.45916661531104,FALSE,"rex_sole_adult",0.3787,0.00999257309654612,0.0489524628427375,0.0428334049873953,TRUE,"pacific_ocean_perch_adult",0.2916,1.41006373975842e-07,0.152107090778877,0.133093704431517,TRUE,"slope_rockfish",0.28965,4.27994017097893e-05,0.949863740831787,0.831130773227813,FALSE,"demersal_shelf_rockfish",0.2747,4.92590866635141e-06,0.0181432289358074,0.0158753253188315,FALSE,"pelagic_shelf_rockfish",0.3098,8.73089691198512e-09,0.14145920053228,0.123776800465745,FALSE,"atka_mackerel",0.2725076868121,0.0469772678439485,0.0647777998220139,0.0566805748442622,FALSE,"big_skate",0.508296315890753,9.09552261255486e-09,0.0378605248423805,0.033127959237083,FALSE,"longnose_skate",0.304073058423161,0.00584614505443621,0.0326463230378531,0.0285655326581215,FALSE,"other_skates",0.332663368768165,0.0173168819511198,0.025347035631281,0.0221786561773708,FALSE,"pacific_halibut_adult",0.263648877171708,8.5802419524061e-07,1.15794326702924,1.01320035865059,TRUE,"salmon_shark",0.251523232488273,1.22847547389947e-07,0.015719190120905,0.0137542913557918,FALSE,"pacific_sleeper_shark",0.26159263771239,0.00145094768512099,0.0150899851630605,0.0132037370176779,FALSE
"46","walleye_pollock_adult",0.476,1.99906792376312,3.165815700904,2.770088738291,TRUE,"pacific_cod_adult",0.782,0.057518569775589,0.218311895619802,0.191022908667327,TRUE,"arrowtooth_flounder_adult",0.361485714285714,0.0553039190238734,1.07592886012298,0.941437752607607,TRUE,"flathead_sole_adult",0.493,1.25071529361858e-06,0.126913497341301,0.111049310173639,TRUE,"octopus",0.285902477676672,2.11490994859076,1.25241177619931,1.09586030417439,FALSE,"deep_water_flatfish",0.3509,0.0764915332967602,0.0941834626142915,0.0824105297875051,FALSE,"sablefish_adult",0.333628571428571,0.376583286217065,0.430105922260317,0.376342681977777,FALSE,"shallow_water_flatfish",0.3977,0.604739344653288,1.66761898892691,1.45916661531104,FALSE,"rex_sole_adult",0.396028571428571,0.00776225250982902,0.0489524628427375,0.0428334049873953,TRUE,"pacific_ocean_perch_adult",0.321371428571429,2.63392415502256e-08,0.152107090778877,0.133093704431517,TRUE,"slope_rockfish",0.3197,5.08853837531061e-06,0.949863740831787,0.831130773227813,FALSE,"demersal_shelf_rockfish",0.306885714285714,5.30032499237787e-07,0.0181432289358074,0.0158753253188315,FALSE,"pelagic_shelf_rockfish",0.336971428571429,1.19500901732998e-09,0.14145920053228,0.123776800465745,FALSE,"atka_mackerel",0.305006588696086,0.039387732641619,0.0647777998220139,0.0566805748442622,FALSE,"big_skate",0.523699234554109,2.87956326946327e-09,0.0378605248423805,0.033127959237083,FALSE,"longnose_skate",0.332062621505567,0.0038331035808372,0.0326463230378531,0.0285655326581215,FALSE,"other_skates",0.356568601801284,0.0163277738342693,0.025347035631281,0.0221786561773708,FALSE,"pacific_halibut_adult",0.297413323290035,9.11310581599985e-08,1.15794326702924,1.01320035865059,TRUE,"salmon_shark",0.287019913561377,9.1993096731586e-09,0.015719190120905,0.0137542913557918,FALSE,"pacific_sleeper_shark",0.295650832324906,0.00115066178444596,0.0150899851630605,0.0132037370176779,FALSE
"47","walleye_pollock_adult",0.49,1.92053508793322,3.165815700904,2.770088738291,TRUE,"pacific_cod_adult",0.805,0.052774379230308,0.218311895619802,0.191022908667327,TRUE,"arrowtooth_flounder_adult",0.384571428571429,0.0252844792323879,1.07592886012298,0.941437752607607,TRUE,"flathead_sole_adult",0.5075,6.42578924150768e-07,0.126913497341301,0.111049310173639,TRUE,"octopus",0.321585398063894,2.02281068364837,1.25241177619931,1.09586030417439,FALSE,"deep_water_flatfish",0.37575,0.0723491053005842,0.0941834626142915,0.0824105297875051,FALSE,"sablefish_adult",0.361357142857143,0.343496299684869,0.430105922260317,0.376342681977777,FALSE,"shallow_water_flatfish",0.41475,0.560250009099457,1.66761898892691,1.45916661531104,FALSE,"rex_sole_adult",0.413357142857143,0.00583580080068764,0.0489524628427375,0.0428334049873953,TRUE,"pacific_ocean_perch_adult",0.351142857142857,4.97107085114172e-09,0.152107090778877,0.133093704431517,TRUE,"slope_rockfish",0.34975,5.82282129955265e-07,0.949863740831787,0.831130773227813,FALSE,"demersal_shelf_rockfish",0.339071428571429,5.30812514488888e-08,0.0181432289358074,0.0158753253188315,FALSE,"pelagic_shelf_rockfish",0.364142857142857,1.63875053793728e-10,0.14145920053228,0.123776800465745,FALSE,"atka_mackerel",0.337505490580072,0.0324898418408168,0.0647777998220139,0.0566805748442622,FALSE,"big_skate",0.539102153217466,9.1211175017971e-10,0.0378605248423805,0.033127959237083,FALSE,"longnose_skate",0.360052184587972,0.00217614709573302,0.0326463230378531,0.0285655326581215,FALSE,"other_skates",0.380473834834404,0.0154273332394323,0.025347035631281,0.0221786561773708,FALSE,"pacific_halibut_adult",0.331177769408363,9.70401887967978e-09,1.15794326702924,1.01320035865059,TRUE,"salmon_shark",0.322516594634481,6.74323193103428e-10,0.015719190120905,0.0137542913557918,FALSE,"pacific_sleeper_shark",0.329709026937421,0.000949819062127605,0.0150899851630605,0.0132037370176779,FALSE
"48","walleye_pollock_adult",0.504,1.84474680159865,3.165815700904,2.770088738291,TRUE,"pacific_cod_adult",0.828,0.0483712728023126,0.218311895619802,0.191022908667327,TRUE,"arrowtooth_flounder_adult",0.407657142857143,0.0102810461704657,1.07592886012298,0.941437752607607,TRUE,"flathead_sole_adult",0.522,3.29643737266203e-07,0.126913497341301,0.111049310173639,TRUE,"octopus",0.357268318451115,1.93615828368224,1.25241177619931,1.09586030417439,FALSE,"deep_water_flatfish",0.4006,0.0685456220503283,0.0941834626142915,0.0824105297875051,FALSE,"sablefish_adult",0.389085714285714,0.312992874954538,0.430105922260317,0.376342681977777,FALSE,"shallow_water_flatfish",0.4318,0.518408915945412,1.66761898892691,1.45916661531104,FALSE,"rex_sole_adult",0.430685714285714,0.00423329272430939,0.0489524628427375,0.0428334049873953,TRUE,"pacific_ocean_perch_adult",0.380914285714286,9.47982382603529e-10,0.152107090778877,0.133093704431517,TRUE,"slope_rockfish",0.3798,6.50051151213605e-08,0.949863740831787,0.831130773227813,FALSE,"demersal_shelf_rockfish",0.371257142857143,5.09715606708496e-09,0.0181432289358074,0.0158753253188315,FALSE,"pelagic_shelf_rockfish",0.391314285714286,2.25052796470625e-11,0.14145920053228,0.123776800465745,FALSE,"atka_mackerel",0.370004392464057,0.0261940285304884,0.0647777998220139,0.0566805748442622,FALSE,"big_skate",0.554505071880822,2.8925512030427e-10,0.0378605248423805,0.033127959237083,FALSE,"longnose_skate",0.388041747670378,0.000974120585449615,0.0326463230378531,0.0285655326581215,FALSE,"other_skates",0.404379067867523,0.0146041703370605,0.025347035631281,0.0221786561773708,FALSE,"pacific_halibut_adult",0.36494221552669,1.03703303907844e-09,1.15794326702924,1.01320035865059,TRUE,"salmon_shark",0.358013275707585,4.87355704904573e-11,0.015719190120905,0.0137542913557918,FALSE,"pacific_sleeper_shark",0.363767221549937,0.000837719852668108,0.0150899851630605,0.0132037370176779,FALSE
"49","walleye_pollock_adult",0.518,1.7716045804018,3.165815700904,2.770088738291,TRUE,"pacific_cod_adult",0.851,0.0441379084684424,0.218311895619802,0.191022908667327,TRUE,"arrowtooth_flounder_adult",0.430742857142857,0.00381936869686021,1.07592886012298,0.941437752607607,TRUE,"flathead_sole_adult",0.5365,1.68923857263811e-07,0.126913497341301,0.111049310173639,TRUE,"octopus",0.392951238838336,1.85448640557,1.25241177619931,1.09586030417439,FALSE,"deep_water_flatfish",0.42545,0.0650420859879346,0.0941834626142915,0.0824105297875051,FALSE,"sablefish_adult",0.416814285714286,0.284858285042498,0.430105922260317,0.376342681977777,FALSE,"shallow_water_flatfish",0.44885,0.478995544075619,1.66761898892691,1.45916661531104,FALSE,"rex_sole_adult",0.448014285714286,0.00296037081714077,0.0489524628427375,0.0428334049873953,TRUE,"pacific_ocean_perch_adult",0.410685714285714,1.82664635765912e-10,0.152107090778877,0.133093704431517,TRUE,"slope_rockfish",0.40985,7.13682810681644e-09,0.949863740831787,0.831130773227813,FALSE,"demersal_shelf_rockfish",0.403442857142857,4.76596302368521e-10,0.0181432289358074,0.0158753253188315,FALSE,"pelagic_shelf_rockfish",0.418485714285714,3.10182194648691e-12,0.14145920053228,0.123776800465745,FALSE,"atka_mackerel",0.402503294348043,0.0204263723909258,0.0647777998220139,0.0566805748442622,FALSE,"big_skate",0.569907990544178,9.17706813865881e-11,0.0378605248423805,0.033127959237083,FALSE,"longnose_skate",0.416031310752783,0.000313985824833217,0.0326463230378531,0.0285655326581215,FALSE,"other_skates",0.428284300900642,0.0138487673074593,0.025347035631281,0.0221786561773708,FALSE,"pacific_halibut_adult",0.398706661645018,1.11289019600802e-10,1.15794326702924,1.01320035865059,TRUE,"salmon_shark",0.393509956780688,3.48816160228475e-12,0.015719190120905,0.0137542913557918,FALSE,"pacific_sleeper_shark",0.397825416162453,0.000789168832707963,0.0150899851630605,0.0132037370176779,FALSE
"50","walleye_pollock_adult",0.532,1.7015473733459,3.165815700904,2.770088738291,TRUE,"pacific_cod_adult",0.874,0.0400371342347427,0.218311895619802,0.191022908667327,TRUE,"arrowtooth_flounder_adult",0.453828571428571,0.00133065128866385,1.07592886012298,0.941437752607607,TRUE,"flathead_sole_adult",0.551,8.64997396409418e-08,0.126913497341301,0.111049310173639,TRUE,"octopus",0.428634159225557,1.77738019673822,1.25241177619931,1.09586030417439,FALSE,"deep_water_flatfish",0.4503,0.0618052257043503,0.0941834626142915,0.0824105297875051,FALSE,"sablefish_adult",0.444542857142857,0.258851656947889,0.430105922260317,0.376342681977777,FALSE,"shallow_water_flatfish",0.4659,0.441812751351898,1.66761898892691,1.45916661531104,FALSE,"rex_sole_adult",0.465342857142857,0.00199400451980439,0.0489524628427375,0.0428334049873953,TRUE,"pacific_ocean_perch_adult",0.440457142857143,3.55631412425731e-11,0.152107090778877,0.133093704431517,TRUE,"slope_rockfish",0.4399,7.74452110144093e-10,0.949863740831787,0.831130773227813,FALSE,"demersal_shelf_rockfish",0.435628571428571,4.37720871871973e-11,0.0181432289358074,0.0158753253188315,FALSE,"pelagic_shelf_rockfish",0.445657142857143,4.28276088857142e-13,0.14145920053228,0.123776800465745,FALSE,"atka_mackerel",0.435002196232029,0.0151289489276407,0.0647777998220139,0.0566805748442622,FALSE,"big_skate",0.585310909207534,2.91612222798863e-11,0.0378605248423805,0.033127959237083,FALSE,"longnose_skate",0.444020873835189,7.28091586368652e-05,0.0326463230378531,0.0285655326581215,FALSE,"other_skates",0.452189533933761,0.0131531084882867,0.025347035631281,0.0221786561773708,FALSE,"pacific_halibut_adult",0.432471107763345,1.19975879773439e-11,1.15794326702924,1.01320035865059,TRUE,"salmon_shark",0.429006637853792,2.48061718516177e-13,0.015719190120905,0.0137542913557918,FALSE,"pacific_sleeper_shark",0.431883610774969,0.00066224739957425,0.0150899851630605,0.0132037370176779,FALSE
"51","walleye_pollock_adult",0.546,1.63462404532804,3.165815700904,2.770088738291,TRUE,"pacific_cod_adult",0.897,0.0362484011872043,0.218311895619802,0.191022908667327,TRUE,"arrowtooth_flounder_adult",0.476914285714286,0.000443404871895669,1.07592886012298,0.941437752607607,TRUE,"flathead_sole_adult",0.5655,4.4273356989518e-08,0.126913497341301,0.111049310173639,TRUE,"octopus",0.464317079612779,1.70446944631576,1.25241177619931,1.09586030417439,FALSE,"deep_water_flatfish",0.47515,0.0588064831458295,0.0941834626142915,0.0824105297875051,FALSE,"sablefish_adult",0.472271428571429,0.234770770727209,0.430105922260317,0.376342681977777,FALSE,"shallow_water_flatfish",0.48295,0.40668375747111,1.66761898892691,1.45916661531104,FALSE,"rex_sole_adult",0.482671428571429,0.00129549674153193,0.0489524628427375,0.0428334049873953,TRUE,"pacific_ocean_perch_adult",0.470228571428571,6.99546577731295e-12,0.152107090778877,0.133093704431517,TRUE,"slope_rockfish",0.46995,8.3342956436066e-11,0.949863740831787,0.831130773227813,FALSE,"demersal_shelf_rockfish",0.467814285714286,3.96980327179728e-12,0.0181432289358074,0.0158753253188315,FALSE,"pelagic_shelf_rockfish",0.472828571428571,5.92269315752662e-14,0.14145920053228,0.123776800465745,FALSE,"atka_mackerel",0.467501098116014,0.0102750829143365,0.0647777998220139,0.0566805748442622,FALSE,"big_skate",0.60071382787089,9.278010561426e-12,0.0378605248423805,0.033127959237083,FALSE,"longnose_skate",0.472010436917594,1.32949288318481e-05,0.0326463230378531,0.0285655326581215,FALSE,"other_skates",0.476094766966881,0.0125103949840913,0.025347035631281,0.0221786561773708,FALSE,"pacific_halibut_adult",0.466235553881673,1.29962916397214e-12,1.15794326702924,1.01320035865059,TRUE,"salmon_shark",0.464503318926896,1.7561340282532e-14,0.015719190120905,0.0137542913557918,FALSE,"pacific_sleeper_shark",0.465941805387484,0.000284946046882692,0.0150899851630605,0.0132037370176779,FALSE
"52","walleye_pollock_adult",0.56,1.57001669163144,3.165815700904,2.770088738291,TRUE,"pacific_cod_adult",0.92,0.0326063238610967,0.218311895619802,0.191022908667327,TRUE,"arrowtooth_flounder_adult",0.5,0.000143236983169246,1.07592886012298,0.941437752607607,TRUE,"flathead_sole_adult",0.58,2.26559168062814e-08,0.126913497341301,0.111049310173639,TRUE,"octopus",0.5,1.63542278829775,1.25241177619931,1.09586030417439,FALSE,"deep_water_flatfish",0.5,0.0560212084503976,0.0941834626142915,0.0824105297875051,FALSE,"sablefish_adult",0.5,0.212531358765322,0.430105922260317,0.376342681977777,FALSE,"shallow_water_flatfish",0.5,0.373449631566628,1.66761898892691,1.45916661531104,FALSE,"rex_sole_adult",0.5,0.00081442645817868,0.0489524628427375,0.0428334049873953,TRUE,"pacific_ocean_perch_adult",0.5,1.39020241892079e-12,0.152107090778877,0.133093704431517,TRUE,"slope_rockfish",0.5,8.91524932980233e-12,0.949863740831787,0.831130773227813,FALSE,"demersal_shelf_rockfish",0.5,3.56726707619263e-13,0.0181432289358074,0.0158753253188315,FALSE,"pelagic_shelf_rockfish",0.5,8.20370422173682e-15,0.14145920053228,0.123776800465745,FALSE,"atka_mackerel",0.5,0.00594786792922964,0.0647777998220139,0.0566805748442622,FALSE,"big_skate",0.616116746534246,2.95430371015599e-12,0.0378605248423805,0.033127959237083,FALSE,"longnose_skate",0.5,2.1001314852e-06,0.0326463230378531,0.0285655326581215,FALSE,"other_skates",0.5,0.0119148220315381,0.025347035631281,0.0221786561773708,FALSE,"pacific_halibut_adult",0.5,1.41478762422038e-13,1.15794326702924,1.01320035865059,TRUE,"salmon_shark",0.5,1.23945018830789e-15,0.015719190120905,0.0137542913557918,FALSE,"pacific_sleeper_shark",0.5,4.80540180147652e-05,0.0150899851630605,0.0132037370176779,FALSE
