"","dnll_transient_killer_whales","dnll_resident_killer_whales","dnll_offshore_killer_whales","dnll_other_toothed_whales","dnll_humpback_whale","dnll_other_baleen_whales","dnll_dolphins_porpoises","dnll_northern_elephant_seal","dnll_northern_fur_seal_adult","dnll_northern_fur_seal_juvenile","dnll_steller_sea_lion","dnll_harbor_seal","dnll_sea_otter","dnll_piscivorous_surface_birds","dnll_planktivorous_surface_birds","dnll_piscivorous_diving_birds","dnll_planktivorous_diving_birds","dnll_salmon_returning","dnll_salmon_outgoing","dnll_pacific_hake","dnll_pacific_herring_adult","dnll_pacific_herring_juvenile","dnll_pacific_sandlance","dnll_pacific_capelin","dnll_shelf_forage_fish","dnll_slope_forage_fish","dnll_pacific_dogfish","dnll_salmon_shark","dnll_pacific_sleeper_shark","dnll_big_skate","dnll_longnose_skate","dnll_other_skates","dnll_pacific_halibut_adult","dnll_pacific_halibut_juvenile","dnll_arrowtooth_flounder_adult","dnll_arrowtooth_flounder_juvenile","dnll_rex_sole_adult","dnll_rex_sole_juvenile","dnll_flathead_sole_adult","dnll_flathead_sole_juvenile","dnll_shallow_water_flatfish","dnll_deep_water_flatfish","dnll_pacific_ocean_perch_adult","dnll_pacific_ocean_perch_juvenile","dnll_slope_rockfish","dnll_demersal_shelf_rockfish","dnll_pelagic_shelf_rockfish","dnll_thornyheads","dnll_sablefish_adult","dnll_sablefish_juvenile","dnll_pacific_cod_adult","dnll_pacific_cod_juvenile","dnll_walleye_pollock_adult","dnll_walleye_pollock_juvenile","dnll_large_sculpins","dnll_lingcod","dnll_atka_mackerel","dnll_shelf_demersal_fish","dnll_slope_demersal_fish","dnll_miscellaneous_deep_sea_fish","dnll_squid","dnll_octopus","dnll_tanner_crab","dnll_king_crab","dnll_pandalid_shrimp","dnll_nonpandalid_shrimp","dnll_motile_epifauna","dnll_benthic_zooplankton","dnll_sessile_epifauna","dnll_infauna","dnll_gelatinous_carnivores","dnll_other_gelatinous_zooplankton","dnll_mysids","dnll_pelagic_amphipods","dnll_euphausiids","dnll_large_copepods","dnll_small_copepods","dnll_large_microzooplankton","dnll_small_microzooplankton","dnll_large_phytoplankton","dnll_small_phytoplankton","dnll_macroalgae","dnll_benthic_microbes","dnll_discards","dnll_offal","dnll_detritus"
"transient_killer_whales",0.0409366225179113,-0.000761333949860443,-0.00015439913543247,0.000450652486286174,-0.0171870307193274,-0.000190570736663176,-0.0016025946405307,0.0065958448604988,-0.000772957249992601,-0.000195940499629899,-0.237889603853851,-0.00999485106768105,-0.000487361184617896,8.49578585757627e-05,7.52399387238256e-09,0.000381545421063834,9.36751121116686e-10,6.02744591826292,0.000489146812874708,-0.000629006320586711,0.00859132816897556,-0.00764686793775127,-0.0157644357878439,-0.00057794976421377,-0.0388997225310774,-0.00428226277216481,-0.00256202051951249,-0.00941891175315845,-0.0486830055552687,-0.0012566933549536,-0.000372213874804572,-0.00806025050844994,0.0838438550416001,0.00202938743254322,0.187458593156208,0.257819884547104,-0.00270280975038872,-0.000637868687981324,-0.000182495330008692,-0.00195657203748567,-0.00580224469717194,0.0106519483378378,0.0056384812822472,-0.000123445229490926,-0.0247419857319287,0.00100858998766995,0.000849561876329119,-0.000687528453951813,0.0490164650665434,-1.15533501414689e-05,-0.0905756180176027,0.0315908926540018,0.092883973371201,-0.00571676678817568,0.00120178791434,-0.0237261611271435,-0.00134539087812158,-0.00903361997416852,-0.024874544583767,-0.000679444436094911,-0.0479285447369975,-0.0110957141725123,-0.0101199823455076,3.93145469104184e-05,-0.0431055160783913,-0.0330930079194616,-0.0188332263391757,-0.0163244405220411,-0.000183443560139551,-0.0168671768548307,0.0119758313488418,-0.01217711672777,-0.00636650703913944,0.00423491474791859,0.0687125853620785,0.0862781671172215,-0.00546081055708214,0.402085020241501,0.00119616167312842,0.0248281502982408,0.00124795075456063,-0.000173306534186679,0.0027246055439889,6.05440839720472e-05,-0.00526115372681346,0.00293424662115882
"resident_killer_whales",-0.0010206334754983,-0.973231334531135,8.2666275631027e-05,-0.00192444834819128,-0.000111420239889526,-0.000433355900717913,0.000625722283004393,0.0253288212483938,-0.000212528641256426,-0.00013093503181949,-0.0910780529644697,-0.0150877259138227,0.00013533201402538,-0.000176383367545441,-8.9824212068379e-08,-6.14739912450091e-05,-1.92706295365497e-09,-71.2318446753,-0.000246805157289032,-0.000238719722062797,-0.00424987371900443,0.0407975892113583,-0.00853684673455746,-0.528446439087695,-0.0170726543303772,-0.0387277544436699,0.00417603885012596,0.543923666264426,0.0319151854019353,0.0267906598217209,-0.00432109919172063,0.0242401864986448,0.150344121771241,0.0158438162694665,0.285172102004431,0.667526028183858,0.00226321117468586,0.00107473582749407,0.0026833161740214,0.00809327296117601,0.00731870627843989,-0.0244512620360666,0.0566482460436291,-1.370702192105e-05,-0.0529810449031061,0.0292800016715518,-0.0101388241144917,7.65400139357553e-06,0.0898853593904647,0.000677345025863474,0.46701583682615,0.00915892620931658,0.297567028847723,-0.0448717033774955,0.00262150959950702,-0.00595561897304719,-0.028605847939545,-0.0200056304619025,0.0402839798461088,0.0286598074607838,1.90504705630322,0.0603076939491558,0.0912731290454261,-1.86592077682235e-05,0.130093142371585,0.163249331767531,0.111195031728343,0.0423615421902426,0.00194411452363852,0.0920102652921884,-0.0451010560881144,0.0127393923823504,0.00113057716960441,-0.0281596893660492,-0.701759487376975,-3.19365532034396,-0.0753747520981847,-10.7294590810765,-0.0116389255057214,-0.121050084596611,-0.0225354406631979,0.000173557421362602,0.000614039910246333,-0.000536453494348166,0.0753219487046479,-0.00374961725095346
"offshore_killer_whales",NA,NA,NA,NA,NA,NA,NA,NA,NA,NA,NA,NA,NA,NA,NA,NA,NA,NA,NA,NA,NA,NA,NA,NA,NA,NA,NA,NA,NA,NA,NA,NA,NA,NA,NA,NA,NA,NA,NA,NA,NA,NA,NA,NA,NA,NA,NA,NA,NA,NA,NA,NA,NA,NA,NA,NA,NA,NA,NA,NA,NA,NA,NA,NA,NA,NA,NA,NA,NA,NA,NA,NA,NA,NA,NA,NA,NA,NA,NA,NA,NA,NA,NA,NA,NA,NA
"other_toothed_whales",NA,NA,NA,NA,NA,NA,NA,NA,NA,NA,NA,NA,NA,NA,NA,NA,NA,NA,NA,NA,NA,NA,NA,NA,NA,NA,NA,NA,NA,NA,NA,NA,NA,NA,NA,NA,NA,NA,NA,NA,NA,NA,NA,NA,NA,NA,NA,NA,NA,NA,NA,NA,NA,NA,NA,NA,NA,NA,NA,NA,NA,NA,NA,NA,NA,NA,NA,NA,NA,NA,NA,NA,NA,NA,NA,NA,NA,NA,NA,NA,NA,NA,NA,NA,NA,NA
"humpback_whale",0.00215366108521664,1.22083433264919e-05,-1.65929572304435e-07,-9.72695674512636e-05,0.0173514543850626,-8.26083434120051e-05,-3.22929713192366e-06,2.01010152913739e-05,-1.67867833500424e-05,-1.0829089806208e-05,0.000237043785928037,0.000194462584047983,1.4175216339396e-05,-6.14984894049542e-05,4.80575934602712e-09,-0.000535529601300766,-9.49123446503108e-10,-0.179000443013971,-1.71282094658665e-05,4.95366082198245e-05,0.00886867758934251,0.00770875339849653,-0.00055458203423342,0.0631450654525469,0.00693551277568005,-0.00645359239214294,0.000300217369760603,0.000875548999403009,-0.000102752783799787,0.000286929085623555,4.82405924753238e-05,-0.00121613713115387,0.0121804788017901,0.00016183615349874,0.00222458346600973,-0.0008688850961871,-0.000422377197264012,-9.54514998348088e-05,-9.65220613871054e-05,0.000308651230778167,-0.00121140125954255,-0.000475966418719054,0.00973170749370134,0.000142384125119577,-0.000587515532128435,0.000571077166757306,-0.00158072112571261,-3.91884217965099e-05,0.00836100890233205,4.92727927312586e-05,0.0118862984538897,-0.00353186523959792,0.150644283334854,-0.0133074858873474,1.77289710023842e-06,0.000683193329356513,-0.00614280138795209,-0.0035277468932513,-0.00760312050439893,-0.00374491618119777,-0.0222210835214618,-0.000427076407992999,-0.00239333059705515,-3.07616709527281e-06,0.00299820398287842,-0.00313827608881034,-0.000900990012013381,-0.000414043791158392,-7.0299178547728e-05,-0.00169745301881363,-0.00978555081246313,0.000751632230343802,0.00180308133120199,-0.00796836973136728,0.0118571402295711,0.0618872527363425,-0.0042264237215015,-0.0170358952296255,-0.00163903829374235,-0.0169340641346309,-0.00166060057966178,4.7538387466517e-06,-0.000218011580312094,-1.90193451103937e-05,0.000588031441978387,0.00085449784024938
"other_baleen_whales",6.07311097500229e-06,-1.54904361480135e-05,-9.09182205077741e-08,1.2432677815255e-05,-7.67977368809625e-06,0.00336207474091221,8.56101548762922e-07,9.05947139262508e-05,-2.57372005485479e-07,-2.84797755156774e-07,0.000201491936759446,4.32413096582707e-05,2.38939819041661e-07,-8.98416301353677e-07,-1.62217794752451e-10,-8.97864934401582e-06,-9.14122111339566e-11,0.184785055742256,-1.0312085963804e-05,6.01901330643528e-06,0.000955342559847416,0.00139275599607469,-3.02913294270013e-05,-0.00649100212900855,-8.63159171791139e-05,-0.000400665178955428,-9.825618338688e-05,-0.000154779763468227,-7.05363857633756e-06,4.49653451628507e-06,-1.24019977665313e-06,-0.000198600529995652,0.00160289618335341,3.49683094196251e-05,0.00274652033396539,0.00301260956613358,0.000222223446615821,-1.41930082957487e-05,-5.24063971871769e-05,0.000226884418045081,-0.000256338872619999,-0.000834533877436705,0.00143328518015551,-3.56036705442264e-05,-0.000824757676657129,8.23647054151166e-05,-0.000557609097049827,-1.30459545948369e-05,0.000906498022668067,7.11061433200655e-06,-0.00108423309633032,-0.000375344820937151,0.0152241744863924,-0.00251722823300859,4.96730550025859e-08,-0.000148598624818419,-0.00104980477288574,-0.000701110536902583,-4.87188939954919e-05,0.000237823494470213,-0.00260162137025954,0.000329451278763493,-0.000155209972739101,8.90899229943898e-08,-0.00222514875644997,-0.00153332783024585,-0.000376200010289374,-0.000567333248173263,-2.49955751474573e-06,-0.000209240145886191,-0.0017560907321803,0.000828677321304205,0.000316296165284946,-0.00149627865042135,0.00213300485894408,0.0222309200469786,-0.000872401017535829,0.00367195018427324,-0.000235822050132839,-0.00326317961550782,-0.000375987885708362,2.58071880754329e-06,-0.00072636477405652,-4.14303473306177e-07,1.00689158424316e-05,-0.000224230657036806
"dolphins_porpoises",NA,NA,NA,NA,NA,NA,NA,NA,NA,NA,NA,NA,NA,NA,NA,NA,NA,NA,NA,NA,NA,NA,NA,NA,NA,NA,NA,NA,NA,NA,NA,NA,NA,NA,NA,NA,NA,NA,NA,NA,NA,NA,NA,NA,NA,NA,NA,NA,NA,NA,NA,NA,NA,NA,NA,NA,NA,NA,NA,NA,NA,NA,NA,NA,NA,NA,NA,NA,NA,NA,NA,NA,NA,NA,NA,NA,NA,NA,NA,NA,NA,NA,NA,NA,NA,NA
"northern_elephant_seal",NA,NA,NA,NA,NA,NA,NA,NA,NA,NA,NA,NA,NA,NA,NA,NA,NA,NA,NA,NA,NA,NA,NA,NA,NA,NA,NA,NA,NA,NA,NA,NA,NA,NA,NA,NA,NA,NA,NA,NA,NA,NA,NA,NA,NA,NA,NA,NA,NA,NA,NA,NA,NA,NA,NA,NA,NA,NA,NA,NA,NA,NA,NA,NA,NA,NA,NA,NA,NA,NA,NA,NA,NA,NA,NA,NA,NA,NA,NA,NA,NA,NA,NA,NA,NA,NA
"northern_fur_seal_adult",NA,NA,NA,NA,NA,NA,NA,NA,NA,NA,NA,NA,NA,NA,NA,NA,NA,NA,NA,NA,NA,NA,NA,NA,NA,NA,NA,NA,NA,NA,NA,NA,NA,NA,NA,NA,NA,NA,NA,NA,NA,NA,NA,NA,NA,NA,NA,NA,NA,NA,NA,NA,NA,NA,NA,NA,NA,NA,NA,NA,NA,NA,NA,NA,NA,NA,NA,NA,NA,NA,NA,NA,NA,NA,NA,NA,NA,NA,NA,NA,NA,NA,NA,NA,NA,NA
"northern_fur_seal_juvenile",NA,NA,NA,NA,NA,NA,NA,NA,NA,NA,NA,NA,NA,NA,NA,NA,NA,NA,NA,NA,NA,NA,NA,NA,NA,NA,NA,NA,NA,NA,NA,NA,NA,NA,NA,NA,NA,NA,NA,NA,NA,NA,NA,NA,NA,NA,NA,NA,NA,NA,NA,NA,NA,NA,NA,NA,NA,NA,NA,NA,NA,NA,NA,NA,NA,NA,NA,NA,NA,NA,NA,NA,NA,NA,NA,NA,NA,NA,NA,NA,NA,NA,NA,NA,NA,NA
"steller_sea_lion",0.019075899252547,-0.00037385489894648,7.90959934171553e-06,-0.000394208436864218,-0.0004082258366509,-3.37086312671708e-05,1.30315724407026e-05,-0.0140891203655311,-4.72092787560108e-05,-2.05663175689708e-06,-0.174615237490133,-0.000675012689905774,6.04632367684488e-05,-8.6217105974562e-06,-2.4564648093417e-09,-5.14190459774966e-05,-9.8383079460973e-11,35.9998055236029,0.00030988879702587,0.000184538770002796,0.00453473980255215,0.00184943036888585,0.00321618268419233,-0.0217545911558492,-0.0116285482644178,-0.00312252412131775,0.00360064732367027,-0.0116514996861383,-0.00173867820326468,0.0088473973375276,0.00136327125763236,0.0170688433323294,0.0672311410388966,-0.00293802714798774,-0.313804973255473,-0.0361717215758901,-0.00399302035845306,-0.000707542725387977,-0.000616714388399942,-0.00100327214374474,0.0094848979574591,0.0108639329165729,-0.00446485097906635,-5.0842308409127e-05,0.00108866086772341,-0.00191858764938013,-0.0021959879301825,5.23466478381529e-05,0.0611657395075231,-0.000312771099916453,0.272728392872581,0.0464159530638799,0.393139925053571,-0.224235728377624,-0.00038320773821221,0.0240395895979004,0.00973180163456799,0.0084545563432461,0.0310205903030334,0.000942519755176008,-0.137914579365535,0.00421249728279705,0.00353966013738116,5.43152281884396e-05,-0.012972668662063,-0.0237376864149339,0.00179085593590411,-0.0156202438589865,-1.48608062207067e-05,-0.00494003783237984,-0.00269554952706486,-0.0183640216940342,-0.009101932401268,0.00239091205747766,0.12535623120686,0.312625047405158,-0.0102835634677034,0.994228358881851,0.00170182231174687,0.0226430962365538,0.00159490819951458,-0.000189068677997284,0.0013778589236999,1.42777274589889e-05,0.000995483523993368,0.00417001265426808
"harbor_seal",0.0604409109373254,0.00399296305884711,0.0270703268580856,0.00319628454705523,-0.0015031759834816,-0.00119591743264458,2.78527252479677e-05,-0.120456766267134,-0.00136204324557099,-0.000891890726482103,-0.126522471535308,0.587318436408031,0.000299307477677146,-0.00176280620688374,5.53662111713038e-08,-0.00438048174412664,-9.03395580564847e-09,-21.8713750631716,-0.000229678736221928,-0.00498425004200698,-2.02110830143792,0.0179004386926245,0.258178524627612,0.0540623891884611,0.911230982218109,-0.0678147892434371,0.301349485389437,-0.0600855900461763,6.95814327066086,0.0524372626089509,0.000329991044417,0.455344647848262,-2.02414572247429,-0.0810818227624441,-3.16743232045964,-4.11785633045244,0.0226381460749323,0.00560601237321556,-0.00172386112317469,-0.0131598229798122,0.0516422726469248,-0.0881730283779749,0.0736979161560818,0.00436155793092219,-0.0556636270155746,-0.0464882560993125,0.00134267094961515,0.00531381966041344,-1.01078778314882,-0.00223412297058978,-0.275384539841767,-0.359436650152752,-1.87619633030289,-0.669365737033964,-0.0515215711015315,1.13430700190519,-0.0561492516444542,0.125497958051048,0.0922583315365806,-0.0275941412862402,0.103375063701185,-0.000497504721648667,-0.0691063512688803,0.000215713627101266,0.276466738928313,0.124229690257332,0.195072270066127,0.0973780851287582,-0.00328353287590488,-0.0807927937870367,-0.13752742573673,0.155653445171032,0.0955285507868133,-0.0161173565702128,-1.05511303445127,-0.694056055825568,0.0160492412501991,-1.73321234616136,-0.00801825370697351,-0.171051452988181,-0.00179939817739871,-0.00144932626753125,0.0286615568102508,-0.000489977581372258,-0.0333380832948809,-0.282974040957853
"sea_otter",NA,NA,NA,NA,NA,NA,NA,NA,NA,NA,NA,NA,NA,NA,NA,NA,NA,NA,NA,NA,NA,NA,NA,NA,NA,NA,NA,NA,NA,NA,NA,NA,NA,NA,NA,NA,NA,NA,NA,NA,NA,NA,NA,NA,NA,NA,NA,NA,NA,NA,NA,NA,NA,NA,NA,NA,NA,NA,NA,NA,NA,NA,NA,NA,NA,NA,NA,NA,NA,NA,NA,NA,NA,NA,NA,NA,NA,NA,NA,NA,NA,NA,NA,NA,NA,NA
"piscivorous_surface_birds",-1.38591489395878e-06,1.70600535636112e-05,-1.1162115134411e-06,-6.36080707350217e-05,4.73225991326487e-05,3.18279040367742e-05,-3.1894799246146e-05,-0.000230075280470921,8.3878526044856e-06,5.40582448138593e-06,-0.000602695167978951,5.85542356157376e-05,-1.88075622293837e-05,-0.0161625063082491,8.04625344130727e-09,0.000277895920419269,4.17823997622691e-10,-0.0926439687473541,-6.18009474706582e-08,-1.55271337929364e-05,0.000308161396502804,-0.00184460698155497,0.00123588954712606,-0.0416216005754162,-1.75595943936457e-05,-0.00181673969756968,-0.000550217708544132,0.000132908054723657,-0.000124010142847908,-2.05757966691422e-05,-1.89851999179425e-05,0.000452334543111554,-0.00134533080584376,8.86214055615397e-05,-0.00760719252863229,-0.0081994165565682,-0.000785116735829483,-6.9976738893196e-05,0.000168320642818465,-0.000590977589896013,0.00109079414024649,0.00436591977817802,-0.00419478225662839,-0.000175860239385983,0.00177639795683504,6.47527455477359e-06,-8.34580658377604e-05,-4.86207116789927e-06,-0.00308683476481697,-1.81331863045031e-05,0.00312111323025199,0.0015510819745872,-0.0597219677744052,0.00309478400483876,3.63095304196648e-05,-1.70114491835349e-05,0.00146617155708473,0.00170790759794848,-0.0013884704621745,-0.00142455525528362,0.0116294678481212,0.00874448534595729,-0.00128570721436105,7.98799351198198e-06,-0.000612303930179081,-0.000393614752982607,0.0054721567633198,-7.18982250713651e-05,1.32534444619026e-05,0.00222319000494142,0.00265256280966852,0.00127559204382521,0.000127825902159096,0.000392906858613706,-0.00550972789293791,-0.00607333621828232,0.000953209234239694,0.00252654580490486,4.78099882261773e-06,0.00435759009467418,-7.63525751743543e-05,-5.15134231502401e-05,0.000817777145650567,7.54988220545982e-05,-4.07335998007241e-05,-0.000915604855369345
"planktivorous_surface_birds",NA,NA,NA,NA,NA,NA,NA,NA,NA,NA,NA,NA,NA,NA,NA,NA,NA,NA,NA,NA,NA,NA,NA,NA,NA,NA,NA,NA,NA,NA,NA,NA,NA,NA,NA,NA,NA,NA,NA,NA,NA,NA,NA,NA,NA,NA,NA,NA,NA,NA,NA,NA,NA,NA,NA,NA,NA,NA,NA,NA,NA,NA,NA,NA,NA,NA,NA,NA,NA,NA,NA,NA,NA,NA,NA,NA,NA,NA,NA,NA,NA,NA,NA,NA,NA,NA
"piscivorous_diving_birds",9.07845617348357e-07,-4.76979796744104e-05,-1.00475140740741e-06,4.60331238834044e-05,0.000137261454462134,5.86886179974044e-05,-3.20755622027491e-05,-3.96320824549434e-05,2.42324435220098e-05,1.49074336945887e-05,-0.000701065273808865,-9.81997361968467e-05,-3.04090787857092e-05,0.00319248744951395,1.13249498667756e-09,-0.0249705114556171,1.03679198559803e-09,0.456470085602529,-1.47665010956644e-05,-5.70252455744935e-05,-0.0047640159366189,-0.00350682326797624,0.000307608316884256,-0.141571671906995,-0.00464996750065794,0.00401516892060272,-0.00102023205010227,-0.0014199927445695,-3.16561130055959e-05,-0.000358999712517516,-8.57008263928094e-05,0.00129408706136758,-0.011144447831974,-0.000100679334963161,-0.00345921472935018,-0.001914751157301,-0.000624905485313576,-8.08733743973278e-05,0.000268779218856707,-0.000943991058470317,0.00140307657561678,0.00271919316604396,-0.00799347639448911,-0.000360802652334513,0.000353876795806229,-8.46185046299297e-05,-0.000307218526021558,2.38025953080978e-05,-0.00838958734211914,-4.06981888190217e-05,-0.00931471152941654,0.00460271944411517,-0.145270781523024,0.00425869837321002,3.68742895169305e-05,-0.00105973837334616,0.00292878421686638,0.00147120144763591,0.0043008373169755,0.00198957780106213,0.0204126094264403,0.00447903067867372,0.00100105017488161,3.90808675732046e-06,-0.00144794443079377,0.00294325527563188,0.00333967085569853,0.000521594210631804,5.51300758147022e-05,0.00207094075904379,0.00488656327190284,0.00208385869247252,-7.95487249689586e-05,0.00076340637897232,-0.0145043654897421,0.0038938508006332,0.00191415072915291,0.0258092176715508,2.76438636426235e-05,0.00869670632737396,-0.000390747199865871,-2.82531280220155e-05,0.00104056359833393,1.27000389795739e-05,-0.000654948185331961,-0.000710444385010334
"planktivorous_diving_birds",-4.36567482609007e-07,-7.03550739622472e-06,-4.05687972104829e-08,1.91814768246701e-05,1.70093197935373e-05,1.31227374060572e-05,8.31579885129941e-06,-2.87455321767993e-06,1.75690654025118e-06,1.29969508844141e-06,-4.50332535342213e-05,-2.40905986403916e-05,-1.94367125239125e-06,0.00110139862204406,-6.58658905194898e-10,7.45187976409767e-05,-5.23504992422374e-06,0.113242110239343,1.82889278264042e-05,-8.35487400419055e-06,-0.00115156936386462,-0.001062349967758,-8.71110829852029e-05,-0.00788776605167207,-0.00153251844036273,0.00101006701173922,-4.97471596929699e-05,-0.000176038818107571,-4.57840652234864e-06,-5.28678803490834e-05,-9.38623216484302e-07,0.000182389723986098,-0.00146742801686006,-1.46356964636496e-05,-0.000196701517477749,0.000456818837847095,-0.000259301095108633,-4.8693738881056e-05,2.99300384316581e-05,-0.000123633045626015,0.000252497586576084,0.000408306472944986,-0.00208109196991124,-5.63245452678274e-06,-0.000211354987618151,-0.000196093859932134,0.000478890489887362,6.70601746577404e-07,-0.00121055475312737,-7.6013194370006e-06,-0.000479958092813426,0.000607111015963113,-0.0210090214776697,0.00283218435364407,4.49983931538611e-06,-0.000208954456138777,0.0013277168046173,0.000719854215613047,0.0018462489396045,0.00081538086243782,0.00590811681373893,0.000552263555633203,0.000204591222648709,1.15882306150894e-06,-0.000141123369437501,0.000834069172722884,0.000437289065712498,0.000107439975842283,8.50589210976693e-06,0.000259772215174259,0.00133919344895173,-0.000985101196335769,-4.75847088274861e-05,-0.00388875741607642,-0.0137724017234326,-0.00660880682498455,-0.00480015827314872,0.018297504425818,-0.000961344011943588,0.00617443650122773,-0.00126378032531171,-3.73042283818847e-06,0.000190243235013376,1.70608645788661e-06,-5.9742636185689e-05,-5.10158961679608e-05
"salmon_returning",-0.00195884798373669,0.0292128601523274,0.000352421308313922,0.00165165602178519,-7.43428581060357e-05,-0.000350073067458823,0.000402646707946985,0.00916928445332843,-0.00028700167231932,-8.38130713987084e-05,-0.0571981625214661,-0.00347566545493549,-9.23283040066281e-06,-0.00010298367616457,-6.43757118723443e-08,7.43749701683782e-05,-8.15091993899841e-10,205.599753601672,2.0205194061873e-05,-4.39108726197901e-05,0.040004872911453,0.0180703604256536,-0.0177944614943328,-0.263486252756572,-0.0203241814255364,-0.0317470559623558,-0.00740943276906592,0.329200306340269,0.0622211532149635,0.00115785926591627,-0.000978452677081521,-0.0117647372695373,-0.00406578639106669,-0.00255400147725737,0.266490077966317,0.248216619378056,-0.00166845862641196,-1.70862128143767e-05,0.00125526693892652,-0.00416231959086133,-0.00449491977841632,0.000535114813970949,0.0559492442319609,-0.000292930808782899,-0.0199540420388047,-0.00652937451940971,-0.0173540678121924,0.000314866633658539,-0.0437947677731216,0.00066385809038394,-0.105745142991907,0.0115849128079404,-0.0172511794565722,7.03218377751114e-05,0.000711045115998843,-0.00715261718294613,-0.0142027389681942,-0.00518114109100054,-0.032056759356152,0.0205423935217937,1.62704955387289,-0.000346869330492439,-0.00255142658772201,-9.4044709442187e-07,-0.0234021907096746,0.00846493042887175,0.00497461455598369,-0.00287208248406756,-0.000205105732334232,-0.00543748209954487,-0.0286126359316725,-0.0139498464139152,-0.0047638221790578,-0.0140205625120018,-0.45417689370985,-1.68149038623353,-0.0299676742232933,-2.17796104203102,-0.0129593208469245,-0.050568590721916,-0.0197276930766108,-3.70560210285475e-05,0.00803015503571203,1.46752475131962e-05,-0.0117842260645062,0.0012385981649814
"salmon_outgoing",1.69512801129201e-05,7.94466487086254e-06,1.02308845839616e-08,2.15884772654107e-05,5.2550051368172e-06,1.71408840881071e-05,2.2481395983931e-05,0.000135715230692668,-1.88596422034948e-06,-1.24953331415156e-06,0.00157389272537145,-2.46580805143282e-05,2.77550946492511e-06,1.40573189391091e-05,-1.50588697067633e-09,0.000136348527048469,2.92429191972587e-10,0.0512201714471221,-0.00189014205883353,1.28130105636615e-07,-0.000839531953671369,-0.00106685062849543,-0.000401484512494221,0.0193585530053824,7.54318928350983e-05,0.000392750675040077,0.000100941734105575,0.001569035133409,4.10975473403852e-05,-2.78269729037106e-06,-1.42428339877654e-06,3.74906871645209e-05,0.0214030865248258,0.0010665025748704,0.00263155617785671,0.00326187793548449,0.000100276163543356,8.35786452828557e-05,-5.22788983072786e-05,1.31262013631783e-05,-0.000127938825327689,-3.18736988447199e-05,-0.000902304296170442,0.000118492499398215,-0.000313926344507109,-8.86264187727193e-06,0.000877385281578213,1.49505776576575e-05,0.00120730542357883,1.04760256398606e-05,-0.000359925380465143,-0.00037953556751269,0.00840071578559254,0.00154996248271466,5.73632414457848e-06,-4.99569302903069e-05,0.000579041198154329,2.96594538529149e-05,0.00122889246122249,0.00119323419368378,0.00802145419695854,0.000198425154845694,-0.000628910803389005,3.7162894273024e-07,7.53017425356717e-05,0.000750245270813465,-0.00173595131626136,7.62165380230329e-05,-4.00934328936842e-06,2.65601819116057e-06,0.00139847351470834,-0.00102329583132388,-0.000763792175234812,-0.00340678895160984,0.00111947384559663,-0.00472975508126083,0.000875191952351528,0.00229575498892665,-0.000494583252107716,0.000589815079118594,-0.000254751702708944,3.06677638484132e-06,0.000160028717074212,-2.71613945912463e-06,-1.00341851236863e-05,0.000113638263066207
"pacific_hake",NA,NA,NA,NA,NA,NA,NA,NA,NA,NA,NA,NA,NA,NA,NA,NA,NA,NA,NA,NA,NA,NA,NA,NA,NA,NA,NA,NA,NA,NA,NA,NA,NA,NA,NA,NA,NA,NA,NA,NA,NA,NA,NA,NA,NA,NA,NA,NA,NA,NA,NA,NA,NA,NA,NA,NA,NA,NA,NA,NA,NA,NA,NA,NA,NA,NA,NA,NA,NA,NA,NA,NA,NA,NA,NA,NA,NA,NA,NA,NA,NA,NA,NA,NA,NA,NA
"pacific_herring_adult",-0.0302622594961122,0.0631891684417951,0.0118184473719793,0.0784699050402651,0.00449992036988078,-0.0415493277766927,-0.00246837664735722,-0.37960421930643,-0.0608222491014203,-0.0324380350518823,0.12633795994725,-6.83450093223792,0.0126809967093777,-0.0667950397944423,-1.24577809401671e-07,0.0103967804411695,-3.5086486604996e-08,47.5718269043409,0.000515860743462326,0.0151168313900598,-122.746962855914,7.15539040864246,0.76670843479269,-16.5635737325363,1.36688182694365,-0.831311338544538,25.651286463082,0.427033719352721,-3.25306460187517,1.02166949620687,-0.179832881753782,7.24799152679043,6.65216980347259,0.253346686399254,-8.69053782954097,-8.88118731198688,0.0150248827321775,0.0231787610025549,0.0983761757245247,-0.0824345017499581,1.58541101706464,-0.01206449552501,0.93040480145055,0.0182452148715129,-0.441611699271107,-0.0623858960038888,-0.270509399724688,0.045305770406685,-1.15602890921741,0.00102277550149665,18.7797728350515,1.64152569645807,27.8133524451137,-1.10385940597848,0.00149213260306169,-0.0897290956563666,-0.491213800805554,0.919822844488863,0.138724977677384,-0.131627616589867,-0.115097701780542,0.295780378654854,1.41222191845509,-0.000219540513398897,2.89651645058393,0.908229381193223,0.684417140143296,0.666966548786831,0.0165526604753268,1.04830791304585,-1.01602305104893,-0.314991864180911,-0.121378676291442,-0.0176403260709321,-24.6098358576749,-5.84524573742783,-0.340197926448127,-0.063889225591538,0.0561920331626879,-1.17996932545316,0.092619310951477,0.00132570376968033,0.17301970426206,-0.000523517164310761,2.35963225225601,1.72899581128218
"pacific_herring_juvenile",NA,NA,NA,NA,NA,NA,NA,NA,NA,NA,NA,NA,NA,NA,NA,NA,NA,NA,NA,NA,NA,NA,NA,NA,NA,NA,NA,NA,NA,NA,NA,NA,NA,NA,NA,NA,NA,NA,NA,NA,NA,NA,NA,NA,NA,NA,NA,NA,NA,NA,NA,NA,NA,NA,NA,NA,NA,NA,NA,NA,NA,NA,NA,NA,NA,NA,NA,NA,NA,NA,NA,NA,NA,NA,NA,NA,NA,NA,NA,NA,NA,NA,NA,NA,NA,NA
"pacific_sandlance",-4.6308755926816e-05,0.000393381072441912,-3.18000120103079e-05,-0.000949714796654177,-0.000981211830136886,-0.000734017122788089,-5.49663621143281e-05,-0.00349737941430561,-0.000664102620177687,-0.000292542294381803,0.0018563352918548,0.00199221978446928,0.00023563213964195,-0.00064526616606031,2.80857790357913e-08,-0.00508197825182322,-5.689670956599e-09,-2.31181241107206,4.54356245285226e-05,0.000505487487323819,0.0414297807582784,0.0249249278779757,0.103425149435161,-0.573705142845441,-0.0017327665425384,-0.0267852091324343,-0.0234660676555905,0.00112336676904334,-0.000821843526964017,0.0348666813077187,0.00207898399089856,0.0664483182648823,-0.0452879535578461,-0.0112126149178735,-0.0604945853108845,-0.0602615148424377,-0.00323191544276114,0.000544225298703793,0.000907625932782707,-0.00352953122851574,-0.0623963693327028,0.00587627307851335,0.0306372902814331,0.000259837400669483,0.00710223499960705,-0.0220030134674829,-0.00705863383564775,0.000545203289640028,0.0507585852699961,0.000411691781010859,0.0604569497004519,-0.0864170699236837,0.524002812197402,-0.0195226271765279,-0.000841977564618901,0.00679006323368725,-0.0269502842699012,-0.00430439638155633,-0.0158391901148391,-0.0263923095502108,-0.0385574829040891,-0.00608679382020227,0.00851353206100924,2.01408571598449e-06,0.0128269896557143,-0.0141881987745478,-0.00434289053718828,-0.0114168900822236,6.29994766967457e-05,-0.0161232791610288,-0.0228364891144821,0.000618277961173419,0.000759191893614286,-0.0106424376933276,-0.00592130443023819,-0.183466035730042,-0.00727626800796344,-0.170464744499277,-0.00105450885641289,-0.0430139830633678,0.00167577174401856,2.35947482636334e-05,0.00418397909589174,3.3640270750368e-05,0.000388483285334473,0.0010744114054333
"pacific_capelin",0.000280347673310644,0.00147294570444956,-2.83218584513634e-05,-0.00320070718487386,-0.00313274855164991,-0.00250567288242109,0.00147432825508531,0.0153740322907652,-0.00112440423748694,-0.000613418462990012,0.0465968148773186,0.00770752103022687,0.000553091737799605,-0.00245724914344692,2.52206859840953e-08,-0.01739555912269,-2.19710614146607e-08,-6.2294971344304,0.000168710384627957,0.0033071540739229,0.141202954202356,0.101090760735815,-0.0226793682695643,12.9488128195679,-0.0195805166685545,-0.105165298057784,-0.00403517268375708,0.0677815963853163,-0.00158903930184806,-0.0230371224895407,0.00222456333477794,-0.214772452156808,0.745268964152444,0.0328777074537925,0.529420264845442,0.253546439209799,-0.00154701257656598,0.00174781583473305,0.00272279648464746,-0.016093374540219,-0.0112147477979079,-0.0129335107945963,0.303330800992569,0.00181333202141332,-0.0284311387422349,0.0312301249321081,-0.0127402539092145,-0.00128309775504931,0.392757497656191,0.00130787746610395,0.62020673244416,-0.292758564835253,6.43647646959568,0.0814725196189556,-0.000518991430340066,0.0180008159775298,-0.0666530953348001,-0.0559037606573725,-0.0941125835475418,-0.0695445300477218,-0.230213575577466,0.000597745761410806,-0.000950351078301992,-1.96632830693488e-05,0.0352607433736694,-0.0417616941315373,-0.0349548044143262,-0.0520528496786596,0.000684858084866846,-0.00112402414964663,-0.0874846757512273,-0.0279322136082669,-0.0161336753698151,-0.0288409284480053,0.664177322198441,-0.130380066713315,-0.0385616424086948,-0.429047873624256,0.00165973919541784,-0.16084193709429,0.00781995206961028,0.000118614571647413,0.0146246310514471,-7.82912566705818e-05,0.023738465140525,0.0338274035939321
"shelf_forage_fish",-3.8362330812447e-05,0.000852151270422041,-6.16651141172042e-06,-0.00049774738836561,-0.00111045953046585,0.000117854571286102,-8.32109958253113e-05,-0.00235317996829565,3.12370379305094e-05,2.52473026876032e-05,-0.00372828163111194,-0.00239186962875237,0.000118556495152689,-0.000756397251663543,7.07612457517826e-08,-0.00572268498902417,-7.46412354146742e-09,-10.3880645457782,0.000178390281774909,-4.9054355372391e-05,0.0263655702359529,0.0236956738739025,0.0183091272451037,-0.498687880735204,0.181656867101054,-0.0188575755201867,0.0150173034105023,0.0183458192961012,-0.000390783320128207,-0.00017039815411124,0.000233427934176689,0.000257863278278592,0.0804267584136937,0.00204265163917228,-0.0711466187243843,-0.0532884715889139,0.00559523978677134,8.37244904943191e-05,-0.00299484863845123,0.0178186985693713,0.00193960927286696,-0.00692969229558571,0.0324857310581592,0.00491603173790622,0.00787942597456492,0.00201923640028667,0.0148443554356277,-0.000884459648503366,0.0311242499004862,1.51726019055332e-05,0.0633122881274488,0.0417449715429399,0.827646663078724,-0.0747477950407927,0.000189919644114411,0.0115545293656396,-0.0238114940459866,0.00768806543746337,-0.084894177874844,-0.0301511713499281,-0.312133806415261,-0.0016141027988823,-0.0554052406487955,-4.75904867585086e-05,0.0105936162843676,-0.0589037685453064,-0.00190639008827986,0.0065163468938465,-0.00154223966578115,-0.018918597620825,-0.0534901859440282,-0.0693852853528085,0.0132649189858682,-0.0315727237846346,-0.0408615071290228,-0.222417526407142,-0.0140046038215189,-0.468019526528295,-0.0152894416907685,-0.0871315368682133,-0.00744318229384078,6.58704110918507e-05,-0.0209987866281693,-0.000459739109459179,0.00488469757991083,-0.00795650545482829
"slope_forage_fish",0.00256010553755459,0.00700575263533665,-2.19221983570606e-05,0.00387969069890914,0.00189473105467641,-0.00640817902183244,-0.0115224352734913,0.197350718701273,0.000943440561286479,0.00051073158510917,0.196882274154405,0.0280910350015802,-0.000954787539626523,-0.0127063339092501,4.04854858970793e-07,0.0133716769847751,-8.38815594761400e-09,-33.1409373743187,0.000874094409482495,-0.00607235805057371,0.514058815691101,0.352425357981815,-0.0420361379386804,-6.21993634963314,-0.097098858823756,7.53816416162624,-0.0737197647790708,0.0783393298142983,0.0219180723750014,0.0301854841989098,-0.0164031273925502,-0.0585543841184517,0.307447633096217,0.029821538033957,5.47966007406387,5.99221717083378,-0.0440270160277123,-0.00108303207173321,0.0187376372559811,-0.0952461041916877,-0.0397197955122692,-0.0338809548119343,0.654010174839186,0.0111020583806294,-0.870893220295216,0.114406185640973,-0.0896421297468351,0.0158834420598168,0.0223192869254945,0.00268631669825936,-0.829860122232617,0.0712703721284242,0.285943438115282,-0.375961316892131,0.00401969829442805,-0.259317316387637,-0.224066250741203,-0.554983631755476,1.95782292132924,-0.0770691387942861,0.958531672251297,0.0107340429533451,0.0174037566212064,-6.5851752196977e-05,-0.116593699892292,0.211336709712555,-0.0383613636495284,0.00761404511456476,0.000166258703302447,-0.0269455171975324,-0.482761225824902,0.0479526637851677,0.13375159826478,-0.051008819105391,0.140904844859165,-2.39598809891584,-0.00750976683491444,-2.15659610011517,0.0226384285219865,-0.563954538376834,0.0598694709868823,0.000530918013737391,0.127730266060894,9.41336304549623e-06,-0.00959074427828455,0.122734323172949
"pacific_dogfish",-0.000696379953495807,-0.00293306447781561,-0.31778359356997,-0.56204612928201,-0.00133561425042217,-0.000869393336898838,-0.000187044507697465,0.318137377765993,-0.000822655536296679,-0.000542522228442976,-0.000191174343626699,-0.130155363290925,8.48015581311756e-05,-0.00197638209695583,2.88842727513838e-08,-0.00734965121014852,-1.27964483453979e-08,16.4220931507422,0.000148151993869305,-0.000352951610949503,-7.33336334407736,-9.11410407118444,0.0885442574585227,1.25826429470482,-16.185717696105,-0.0777928503945304,-54.1582582915314,2.5626388481615,0.188158769354374,0.0992376957174486,-0.0236453615855226,0.195407970768713,-0.310999425428662,-0.028886658644069,-0.968792086759549,-1.55726047074606,0.0913926878135669,0.00508009475365157,-0.252410680408673,-0.00971328492443035,-13.1930365763937,-0.166623406744236,0.288101534584911,0.0101299797695731,-0.097411208564921,0.443803992391111,0.242554397198973,-0.0118883327819503,-0.639459752836302,-0.00168111691021977,-0.700186688062388,-0.0594947946262891,-3.26109882997002,-0.267730630324763,0.0067408375103355,0.110751068240091,-0.0593505227887192,-5.74136444166206,-0.0607657991226915,-0.0988433360097076,-2.0760557322472,-0.0461025518866336,-0.0180933126773652,-7.63425526315586e-05,-5.14005873136148,-0.0917619617317769,-0.179611076598235,-0.0492566129576915,-0.0017045752883007,-1.37483759648765,-4.46554045771546,0.00668720500709696,0.0181371157186447,-0.0288218307836416,-0.238941750577169,0.00772987894467292,-0.0165019171817846,0.823716507221889,0.00240535295239397,-0.218247441019884,0.00838605865939712,-0.00122518656661441,-0.222202829636558,0.00108271921070013,-19.3960418422998,-13.9341840512529
"salmon_shark",NA,NA,NA,NA,NA,NA,NA,NA,NA,NA,NA,NA,NA,NA,NA,NA,NA,NA,NA,NA,NA,NA,NA,NA,NA,NA,NA,NA,NA,NA,NA,NA,NA,NA,NA,NA,NA,NA,NA,NA,NA,NA,NA,NA,NA,NA,NA,NA,NA,NA,NA,NA,NA,NA,NA,NA,NA,NA,NA,NA,NA,NA,NA,NA,NA,NA,NA,NA,NA,NA,NA,NA,NA,NA,NA,NA,NA,NA,NA,NA,NA,NA,NA,NA,NA,NA
"pacific_sleeper_shark",-4.32749961873924e-05,0.00133069856596535,-0.0156801440191146,-0.00144697451582942,-8.95380425447456e-06,-3.35935409481181e-05,3.34429152388793e-05,-1.17129846444186e-06,-2.43116540161736e-05,-1.6564858952961e-05,-0.0102198588878082,0.00300178494094894,0.000184246921207887,-0.000179828239524227,-6.53148788387625e-08,-0.000214785775625614,-4.18793888457003e-10,-8.59747337994905,7.15932560808596e-05,0.000280903096893326,0.00283345831500981,0.0031151529306328,0.0191728005469258,-0.0546191337746933,0.0373042878394898,-6.09555432902198e-05,0.00319776752968437,0.0266988668094399,-0.835861971382684,0.000905931173676322,-0.000231190574226048,0.00523657930972377,0.0194417857921252,0.00472637239353446,-0.0360686456610466,-0.0979552411676252,-0.00869574836509912,-8.76447213187248e-05,0.00161576031378274,0.0110942961264442,0.0139598312978109,0.045362625395839,-0.0140946324035411,0.000126536299561053,0.119281140022522,0.00295089204652754,0.000257192437146614,-0.000109122154896113,-0.0206886120342205,-9.77265696064933e-05,0.604782410352584,0.0296194829200829,-0.00565195676813346,-0.0154457831011712,-0.00106372094913354,-0.770148155885622,-0.002804514892361,0.0288780790288854,0.0288655774223088,0.0107888858929357,0.138715470011277,0.0285302260163718,0.108520101705849,-0.000303551184259732,0.144616770888348,0.129324493996521,0.0388431449032964,0.0610195410807535,0.00253622450009061,0.125185270434912,-0.00167324888644771,0.00671320332193659,0.00354750528727266,-0.00116590034593855,-0.0781994593136659,-0.185156675735158,0.00133267553070482,-0.626194708413408,-0.000692920940522868,-0.0209183696245532,-0.00095287011205869,0.00134736340110919,-0.0429725945845689,-0.000100140883944277,0.04698299273619,0.222507253677904
"big_skate",-0.00823553449029646,0.00250825401502652,0.000300856985901987,-0.543943999507817,-0.000315449248276423,-0.00242720661368878,-0.000390103690818933,0.228488108576911,-0.00122220478904467,-0.000771035560390487,-0.750782710377081,-0.0619140151850672,0.0013535537088103,-0.000308352817796731,-1.63925605534132e-07,-0.00204185358791165,-1.13228537657051e-08,5.66569368376321,-0.000732788353474234,-0.00602902861700727,-0.511883240221309,-0.6588731986878,-12.2116937636117,-1.89380765138463,0.311543491812273,-0.0693284298231873,0.254235117320874,-0.427797911862257,0.0171023281327365,-56.8452063933578,-0.0518656102542536,1.2883356386869,-6.31700873013887,-0.335956364309098,-13.3756569455394,-4.88449044033884,0.53054555159639,0.0789131517854855,6.43458963338617e-05,0.488365332962971,-11.8203878818963,-0.927727025041165,0.257610760919917,0.00323461974784323,-4.8036260536163,0.852249929021127,0.191175655192666,-0.0681763818339505,-1.58571547855281,-0.00467403921091147,-16.8357637964706,-1.6400656013568,-17.3123427435358,-1.40751203039484,1.37680968862932,0.675248917987261,-0.0873154356924459,-17.1033053891952,0.460417007977227,0.00202703872849952,0.513015211673974,1.20178242823403,-30.3871879505913,-0.000832838798856983,3.95900073425841,-7.44961099486777,3.80886657489508,0.500595160199481,-0.113206400098377,-4.26296441026383,0.318637046435228,0.143942292614568,0.14662664238277,0.00467468733171472,-0.854221469967698,-0.028589583657805,0.055772997817698,-0.480794207076414,0.0191216461711434,-0.379055024921016,0.0194211062592302,0.0053034012824611,-0.611047412574067,-0.132450887246108,1.45109028516063,-0.436821490291862
"longnose_skate",-0.0111585645757373,0.00268046149301426,0.000201638529858883,-0.69847463789057,-0.000671117291858536,-0.00124679325472243,7.60011157012741e-05,0.632579476785452,-0.000772440478272074,-0.000399784045157503,-1.0312594128489,-0.0566771259933034,-0.000838243582109044,-0.00067974043150798,-1.14452632260509e-07,-0.00420779603240362,-1.49706238516956e-08,-1.74920529569891,-0.000165359143863952,-0.0104731842648107,-0.679751546413854,-0.654097339025327,-1.44299227260649,0.550916232028612,-0.910796742028538,-0.117357442639559,0.443727683679811,-0.392535811937535,-0.0474406173149191,0.293511549778657,40.5538401497451,-1.21468631295789,-6.12174798374735,-0.234808490484056,-19.9608256029536,4.24017010368794,0.207793492344251,0.0185099993501012,-4.00722675614207,-4.50804862539172,-11.8151449389993,-0.372000921399831,0.382728910851824,0.0092182107480312,-0.430478184489459,1.24665739517627,0.134579861942257,0.890875631544247,-1.9139393352562,-0.00233562805203746,-40.3600461425357,-1.50568523497117,-20.0351094695852,0.00597589578347879,0.1656168260443,0.0416170282992425,-0.0969682538510028,-7.57231360780162,-1.64873754034625,-0.0578173666957582,-0.534706673931623,-0.711111769411559,-6.30716315078712,-0.000169940059549845,-9.15733547813568,-3.71674401959069,-3.25086360527024,-0.977470304843678,-0.0482375141925218,-2.68513365313584,0.13278233384716,0.21176163019129,0.0862968453079702,-0.00815643042028569,-0.366914105760145,-0.260424159906052,0.0959700749008334,-0.626050934783109,-0.00204016706817356,-0.37714871151195,0.00790206703385365,-0.0034632446353271,-0.322761385211095,-0.0100928178891309,-23.2396238883927,-0.371465291305356
"other_skates",-0.107337371049653,-0.265352954561422,-0.00125769879741711,-10.866372548925,-0.0389757186048882,-0.0391602685685939,-0.0188795707726968,-0.655855556178722,-0.0300293465552386,-0.0199203336333085,-18.372102028372,-2.3508778340738,-0.0456371208483688,-0.0303686670240495,7.05220372765325e-07,-0.191740783925525,-4.31072294304613e-07,-600.531459196639,-0.116775071477605,-0.321325635157336,-103.845579200071,-169.233330645397,-1375.28192803484,-70.3567646498004,-497.640435558536,-3.42707801204051,1.85385961130032,-40.9166673507943,-2.27155206729185,2.09224205361443,-18.8154194576164,-4798.24609751308,-1036.38777140031,-30.7805330408701,-765.115085188929,-199.899664875741,3.6615143427598,1.13599664731646,-20.4289295243798,7.41502609202144,-46.7947231592252,5.71175815676452,5.87873282276541,0.163769879445681,-10.7984389343001,-8.39888048292141,0.978915465845603,-79.9020933112379,-208.482253240141,-0.429384827381,-1073.67017886272,-49.3531368738331,-4424.89808969542,-19.3533219371002,0.401431881744429,-1.02308008951877,-3.84291710317939,-590.830177733907,-27.4925142861357,-2.58360016924689,-67.5516442358003,-53.6009084041962,-1118.66274660405,0.0180557185049111,-1599.40173223847,-49.7468108897401,-15.8368774410246,-931.343545447306,-2.63192693883229,-253.95183402014,-9.194640416943,14.2177503346857,-112.631580928496,-0.818324882183333,-29.7355371121894,-23.3348032010281,3.89144460285024,-46.2099594718684,-0.715015691150256,-13.6181436041234,-0.1190475110634,-0.252463554688802,-6.21094459628694,-1.14013837216498,-485.035294100185,-25.8155561219301
"pacific_halibut_adult",0.0112530681534508,-0.073904177288739,-0.00141959283735105,-0.0192116313829729,0.000853100784695471,0.00192595422686281,0.000683522163967609,-0.31444719611784,0.00128025832503909,0.000560674636858494,0.770700383909229,0.0974995581493658,-0.0381955573895425,-0.00288128782460717,-9.94763013295596e-07,0.000943542560492006,1.03234469861491e-08,-134.068692747863,-0.0568799357718603,0.021933928286785,-0.154308274154687,-0.0906598035454635,2.99760826989785,-1.64095984339076,0.402854249865982,0.0835424690180275,-0.0415866640125273,-19.3950391588251,-1.46211344294306,-0.285871156352016,-0.00145694501730986,-1.06583896264198,-108.320656164707,-12.0954502999879,15.2291772156336,13.1100474806442,-0.469822169771192,-0.0491612693072625,0.743418122139531,-0.107413304200804,1.4813934610188,3.04070735592802,-0.455667243157109,-0.0377171213600036,0.154366141524974,0.4945527041329,-0.051630163271625,0.00885636843997872,4.60993517436378,0.0142041619204747,11.3156451127099,1.67333879290391,41.1601912370046,3.11329350507333,-0.128232616601963,-0.162570898774845,0.089688177544474,2.30013061797717,0.697586179943016,0.260315365648808,3.02819875340651,0.194238668341598,8.31936411777662,-0.0062348982754088,0.154566026218163,0.664167958581231,28.6295162837859,0.047839407190736,0.0657373995054513,2.45619744223268,0.318699463546636,-0.485247838806174,-0.267463125385802,-0.030686819962682,0.0650905472857062,-2.98492342799699,-0.159880709038816,-9.39790830074645,-0.00840386395719861,0.2553090711354,-0.0264772681438217,-0.0425384488839882,0.679638823617836,0.0245447430422701,2.33855581787833,0.407239021817588
"pacific_halibut_juvenile",-0.000160876394225795,-0.000228545943215863,8.5863513312745e-05,0.00202226421465923,-0.000149126388308218,-0.000227893383716093,-7.92285418924621e-05,0.015738906523616,-0.000118035013073836,-6.56863904069382e-05,-0.0122372771218622,-0.000804608818128827,0.00120673305813312,9.67953162032131e-05,7.16284347390683e-08,-0.000642850387528426,-1.3171330692785e-09,26.442074539282,0.00239877040100112,-0.000517338405508383,0.00813131145981316,0.00454721861623142,-0.776950693537536,0.0128065065963341,-0.0399690079244408,-0.00582012955003108,-0.0038016998800714,2.40387736739753,0.0350615492022399,0.0107429742211949,0.000377083247776966,0.0321902233134566,4.89594434027378,7.90895230930627,-0.267700973295142,-0.172859177532658,0.0436572008286902,0.00503612956889299,-0.0378500684382885,0.0351786624726174,-0.106449622674383,-0.258326802247616,0.0328835659770164,0.00187453814406524,-0.0192502993177612,-0.0522128406963844,0.000519722768252961,-0.00189284379642629,-0.292705436341116,-0.000906914623428179,-1.36798107007773,-0.126770383743604,-1.47835117054011,-0.0713772838823203,0.0184417195961757,0.000990299290734242,-0.0116826523176954,-0.151499301535821,-0.0526871369662061,-0.00894183979490037,-0.297159104264495,0.0882490026863678,-1.16419388982044,-0.000210522129293622,-0.199216818037584,-0.846246378990756,-2.08220628860607,-0.430785734075364,-0.00771098548589322,-0.531226854359232,-0.0315677218305552,0.0169361642228623,-0.00616342547070303,0.000410250268387813,0.0907140678438623,0.313962771169003,0.00763107421105502,1.06964894787259,0.000864766443200438,-0.0352407183938865,0.00306771718055643,0.0047629855357485,-0.0790512411441853,-0.00420663739700444,-0.137276413177425,-0.0669021117593616
"arrowtooth_flounder_adult",0.00313528323642487,-0.0116594217004646,-0.000246752739663236,-0.0215959091828424,0.000897072015732192,0.000600967901029037,-0.000529151837305619,-0.616189818269334,0.00047427452977189,9.91415080235925e-05,0.106783562543448,0.00603447770195942,0.000540239236379136,0.000638139157146611,2.24215241928505e-08,0.00471625641338136,8.40530844925524e-09,2.77959342073142,3.42139131745967e-05,0.0051870678748287,-0.022410251074561,-0.022807778167504,0.34227919461059,-1.33811543847998,0.600289625328358,0.0798343595226072,-0.0235139281831138,0.222216447394153,-0.00688043457321896,-0.384041096451185,0.171206663263312,-0.749769815633734,2.00227280654704,0.140690324825876,-5.20185647496663,-10.1367662032428,0.0137732370146111,-0.000433918842858816,0.0329855992632275,-0.0651063831800798,0.23705360690559,0.0129028103449826,-0.278164201440774,-0.00715928649717767,0.131692201579625,0.0131971963961135,-0.0435100567357267,0.00210052053261478,0.119197011676953,-0.0015215702467728,12.4550879044714,0.229087726780563,0.6425093908653,-0.504301243375963,-0.039075466533987,0.0592076663048715,0.0286884068510602,0.61570476102591,0.580063526698197,0.0134143815905432,0.21191203744587,0.282949030235699,0.276400915497597,-8.96688592959549e-05,1.62827898306156,0.731743830113849,0.793338361545459,0.22884711178996,0.00913650799849108,0.601215380170714,-0.037973434515969,-0.0288710133211012,-0.0114994045765329,0.0037568413629856,-0.270658907163167,0.122984376040961,-0.0346084891311733,0.236733548371554,-0.00036520646442284,0.0547059566064831,-0.00271672436798553,0.000584256602891742,-0.0111763818260187,-0.0036603245443203,0.291472704374826,0.0660627721610823
"arrowtooth_flounder_juvenile",-0.00072425960550504,0.00313239556911071,-1.54848259228402e-05,0.0119711791277268,-0.000516666122820197,-0.000519258858616922,0.000192584044441446,0.714568080293361,-0.000210100569233873,-8.31867078829873e-05,-0.0246817372324415,0.00197040825042905,-0.000347219935179055,-0.00036006353550988,-2.27499299398914e-08,-0.00280500127098549,-7.4696231422422e-09,-2.42779546948157,4.11287382462433e-05,-0.00123552631700363,0.0692898171907927,0.0579406011590891,-0.293820491568596,2.26225716785993,-0.276493122473227,-0.0872867830142638,0.00724036984507848,-0.0223724396174418,-0.00901561579411236,-0.0113661400948217,-0.0268928213592972,0.093458670838146,-0.460466862707364,-0.0163672797465608,1.80960073734923,41.2616506107894,0.0128474432675887,0.00321680980675865,-0.042931635415016,0.0585567488996617,-0.305251009484778,-0.0549359381639078,0.26940393054889,0.00461053096219644,-0.140155542044056,0.0477897963359339,0.0125466419042937,-0.00422366686521514,-0.00665500396704033,0.00138110960659787,-13.0272486707304,-0.28841394308597,1.61522342185197,0.440657927633112,0.00422604873463683,-0.0234383844565969,-0.0782180488043025,-0.662591877056457,-0.415427442215019,-0.000504672122133343,-0.222497860552949,-0.247476624925014,-0.456777119621847,0.000191188136795972,-2.28502534796124,-1.1185387374382,-0.813090744884136,-0.365754872273101,-0.00939785941022819,-0.612723339932757,-0.0491746727118141,0.0119266847239885,0.0119812363805636,-0.0130348669901821,0.851921812346546,-0.354601358498257,0.0163642519624432,-0.474478760715925,0.00114278536779011,-0.205990140000296,0.00900916516042116,-0.000617697575336251,-0.0324458586916307,0.00219121186250959,-0.309623969469641,-0.151230754523709
"rex_sole_adult",0.000139589789242223,-0.000945033399162298,0.000338355390823608,-0.00518820662513519,5.50948926729689e-05,-7.58580220434624e-05,-0.000570511635871185,0.0544088573727777,-3.00064386067334e-05,-0.000213330755713059,0.0154292177525832,-0.00506985703123064,-0.00145450904520317,7.67643837349397e-05,-6.01783085585339e-08,0.00021334272358331,-4.08796552164858e-09,-4.90663215784244,-0.00010551848984619,0.000645900741986338,0.0125653450433418,0.0107828486814299,0.0521651508659886,-0.53307537592157,-0.310713074386371,-0.00287454645476259,-0.0231552125319467,0.0545404741362177,0.0977911675438605,-0.038425728427768,0.0128917861285771,-0.085856775126004,1.04377843141921,0.0433263730434561,-2.70107729699252,-3.29168294166004,-59.7630379492422,-1.17801276705484,0.0190802874648597,-0.0656882810988293,-0.102710119690045,-0.621392676945533,0.00330265761293447,-0.00465887009399069,0.013066911140811,-0.0927084779344369,-0.00792680593387729,0.00470398061793276,0.0549145883108935,0.00011503628732612,4.92513695337604,0.143038537023656,0.247340562443995,-0.0978308629435816,-0.011346583590651,0.00256619489114485,-0.000676378147019818,0.0569084877073749,0.103113072854029,-0.0536513814880237,-0.0899826073480057,-0.0604806807134111,1.19885206769213,0.000389935970488864,0.312619693362535,-7.26539133366508,-6.15604544702592,-12.011995183234,-0.231105569225079,-46.8406394080204,-0.0289583188123146,-0.234146562310897,-7.35560484822599,-2.0920547550287,2.26232638612362,0.173663166106053,-0.0361165924237952,-0.603042709847855,-0.0183096896408586,-0.238671280353913,-0.0109136192171206,-0.00923685847234879,-0.426730896719491,0.00672065632520003,0.103163188859881,0.727420182199282
"rex_sole_juvenile",0.000608853930884834,0.00107755091914896,0.000422652063321038,-0.00490518649075966,0.000329465688992059,-0.00011399291406633,-0.00156514598404556,0.0677067472015551,0.000119231100256911,1.97366819065792e-06,0.0374095097344025,0.00405495871450512,-0.00139981007282586,0.000956323404352588,2.95618747259141e-08,0.00250798399815721,-9.17043507797644e-09,-8.37077976093917,-8.90909278723484e-05,0.00191807251621867,0.101468860700038,0.073162260144727,0.00149432626551516,-1.53934584734554,-0.320650848727269,-0.0768678246176933,-0.0506742390914496,0.0759691227669919,0.0943738509635068,-0.0347295663133309,0.00813124316528047,-0.123711410832016,0.975174879063729,0.0449598898774184,-0.599422344468508,-0.787396446383013,-58.2413473508001,-29.0863782999476,-0.00175217599462485,0.0210044990068354,-0.159183370007327,-0.652420412308743,0.273390741568164,-0.00285722158753288,-0.0655975012554109,-0.0897200479065532,0.0159280690497781,0.000659411677702337,0.183716159084838,0.000756684729367407,2.28941928690858,0.0780638126244639,1.94372859157477,-0.140203362167199,-0.00249137925266041,-0.0230888870413537,-0.0495266405235952,-0.0209381393769945,0.0201303719433099,-0.0984361062508015,-0.181509977107112,0.0158131872926788,-0.616255577837364,0.000130552084215196,0.111020227863946,-8.2969444402371,-7.26873784710244,-13.4794894659284,-0.205958001678937,-45.1192019828879,-0.465852805251643,-0.179050289032944,-13.4228134186802,-2.14992331009842,6.3752739310936,0.399922551067789,-0.292814144386057,-1.23823033332656,-0.0376259372666254,-0.432610033408992,-0.0208681673814226,-0.00530977961284407,-0.390592700947309,0.00120247739187107,0.054688850664661,0.590522165214679
"flathead_sole_adult",0.000775726033502622,-0.001953913770528,-5.12265185150795e-05,0.0217932515718999,0.000205738297900382,-0.0004293834312179,-1.04998325696215e-05,0.107045891600855,0.000175068099700582,-6.22694032159643e-05,0.110416262056731,0.0286608200876159,0.000654662156946983,0.00071602760089462,1.76388574857356e-07,0.00164936233337443,1.11216991172114e-09,-0.862742578465785,-0.000537243384052033,0.00309124350555123,0.00268853466226204,0.00285285351457532,-0.148474776655569,0.102913630014328,-0.733222017434493,-0.00575519357520449,0.0543924811692236,-0.14431488256168,-0.0383338197659242,-0.24178345641846,-0.205656391860629,-0.0395732996078735,-2.26478441427117,-0.0984410611157429,0.229649918569464,0.769951105694354,0.0759911265863877,0.00101218910885592,2.83509098146477,-20.1669603617018,-0.17845806830227,-0.437433527135624,0.0660047626927209,0.00239523938029862,-0.135653357346804,-0.00976017947970576,-0.00453134486141238,-0.0199297375070913,0.671991742351466,0.00169907680046322,-22.540481182857,-0.0169129134871966,8.3050638382366,0.190837916571319,0.780254904612008,-0.0407264300211523,-0.00285969356139759,-0.329446430517173,-0.320098175678659,-0.00263740979269755,-0.120374704724661,-0.0730294975668571,-0.723926290888919,-0.000601539183968214,-8.48687568720406,-3.26715505625039,-6.18823968246763,-0.950062646716965,-0.00634341067458166,-3.66263246833405,0.00325219977714397,-0.101928392728261,-0.211595470795388,-0.00705884424419878,0.673614277897649,-0.0053230086248206,-0.0357407288337726,-0.198685632221959,0.00350582798852628,-0.0599304044981324,0.00344415850256041,0.00628152471127663,-0.211910693009017,0.00962201843415755,-1.63215494561306,-0.426932821751038
"flathead_sole_juvenile",0.000526557834642283,-0.000265703982974763,-9.9509735450809e-05,0.0104268819344586,0.000195615654301484,-0.000131695557880285,-0.000182212615832178,0.0464366525890245,9.74348462321473e-05,3.45400105299376e-05,0.0459869216588409,0.0106095120841285,4.81270299559355e-05,0.000400758719807826,5.71095100099228e-08,0.00129184608589572,-2.69708699818239e-10,-0.786594596792369,-4.96293036356121e-05,0.00157061869195818,0.0103148181717003,0.00805667018846457,-0.0897000859722406,-0.0600661150129458,-0.259112285855723,-0.0137544542926147,-0.00535445344949359,0.0111505231628621,-0.0193123556241304,-0.125246470722056,-0.0264814181171174,-0.0722060948123957,0.0413698378816578,0.00298325676885547,0.901510706522928,1.18455971481722,0.0537437138693289,0.0141984041334018,0.668885828726768,-5.66676517342819,-0.10062271979435,-0.122573196030041,0.0563937851211955,1.68630040366935e-05,-0.0458445549348365,0.000758064878555231,0.00210360936216869,-0.00355293244145916,0.240095796873338,0.000629658571737579,-6.60489503081297,-0.0169768747123964,2.418888677343,0.168799677138243,0.0953537763925976,-0.0162706390720446,-0.00768139805461043,-0.189655458557642,-0.142044443076175,-0.00312944256568226,-0.0842556521218425,-0.0796577249053918,-0.66456232926917,-0.000137634215405136,-2.18364555092623,-1.34676937158135,-1.98895349641039,-0.291826471713969,-0.00710098829843009,-1.16825876703987,-0.0215964878281465,-0.0318128016798624,-0.82640100207039,-0.0367857901987332,0.678366507148509,0.0596576885699811,-0.0380797277875198,-0.128320326558398,-0.0040659740971245,-0.0510877613420417,-0.00200342927651764,0.00178222387015303,-0.0541654065733947,0.00153015705946213,-0.489543940119889,-0.0911004095807719
"shallow_water_flatfish",0.000565993095001716,0.000691189268209769,-0.00074957285106958,-0.00580939877909881,0.000252137790006657,9.36460161504726e-05,-1.45863986587003e-05,0.0221998085694493,0.000137578006993877,6.37165649024496e-05,0.0294080239316417,-0.000610054120671499,0.000322600535144879,0.000386995480786467,1.0686745355315e-07,0.00229230395889779,4.79105288775372e-09,1.90402303953688,-9.57700925496852e-06,-3.01243743052737e-05,-0.0247871659747529,-0.0279758692109962,-0.100484283190259,0.000725769246456842,-0.0538344898487608,-0.00292540485711612,-0.796090948720804,0.0688362068458188,0.0213991557043611,-0.465697652694566,0.0936835536113465,0.0237224095818389,0.344112458093313,0.0239534601321703,0.87148601801248,1.08001847771493,-0.083249210664154,0.00175318576643679,-0.0166007654898532,0.0213008927505305,-1.25853231150168,0.166758176997514,0.0192984986363589,0.00152224477862983,-0.0427210402688072,-1.05233967938797,0.0502872653882269,0.0190160600454075,0.18852248583251,0.000364434377063461,0.358146165284606,0.0306666476086912,0.350338727718959,-0.00661192785894382,-0.0177344306967671,-0.171167929287638,-0.000647647772622939,-0.18578933442752,-0.00224013287403846,0.0385186267913395,0.0426060441838088,0.00354999551631874,-0.346446417563498,-4.489600581703e-05,-0.180371444925844,-0.0672793439992185,-0.087531527924587,-0.150384970070134,-0.00360832848262138,-0.500606634542265,0.11666546054792,-0.0118869766950578,-0.00382598713746685,-0.00259221345056826,-0.0222997852056084,0.0171782642163452,0.00167572979326458,0.094083419544817,0.000936790015098055,0.0205300091401872,-0.000131045831306409,0.00107765583822328,0.06602483175456,-0.00283582819354233,-0.0571390569001355,-0.218187281621605
"deep_water_flatfish",0.000306084773797011,-0.000105146494092878,-0.00293157824705759,0.00702786968088276,7.55950949269391e-05,0.000376436824126358,4.59608918390586e-05,-0.404125442755685,-1.26411721339537e-05,-7.26710834442201e-06,-0.00390436628219959,0.000737609547741158,-0.00216011067732325,-0.00130143782359937,-4.46114540864073e-07,-0.00127859507119865,2.36468622460961e-11,0.839332449033236,0.000233238916280243,0.000195754863625552,0.00257032144088498,0.00155546675205187,5.38784248647062e-05,0.0678926903450474,-0.00593889042420415,0.000854408669056284,0.0394486044166342,0.0234708835041602,-0.571390238260165,0.0561533634689795,-0.00657673236776191,0.0491304063443749,0.397784165715962,0.019314293260777,-0.19215602261113,0.0894393767467818,-0.619495781736418,-0.00494846895162482,0.0257892284788568,-0.127611010821511,0.304294529834237,-219.178822868715,-0.103990343239161,-0.00630946998751369,-0.00552729917706074,0.175788180676705,0.0106181306716735,-0.00982319448610269,-0.029187128385388,-0.00101595696060031,-1.97550828180101,-0.0774634743545448,0.570344144284604,0.114473020054334,0.0176984787484571,-0.0608304034376488,0.00947825566288429,-0.565050421302431,-0.0267373419274008,0.149294855032167,-0.783823186629661,-1.03414649673925,-1.92332406683818,0.0033303822316384,-0.676101136251077,-2.83890257196026,-77.8494518757136,-2.74221661888362,-1.19356660828248,-144.075375720432,0.022307191570917,-0.0149416120480055,-0.0487063542584565,-1.45319922876342,2.82426711531684,-0.0726395024106523,-0.00357327001438534,0.407253882765986,-0.0373948436905494,0.0191235634397344,-0.0062527086791988,-0.0124595356238615,0.654045228223254,-0.0120146852259495,-0.0465347127277482,-1.15497006585133
"pacific_ocean_perch_adult",-0.00675866313213191,-0.00192818705176023,0.000851792076218771,-0.795685608028407,0.000897825522145013,-0.000861912924392527,-0.00146473450956819,0.604863597410827,0.000338355050075734,-0.0010043602268297,-0.499442936804712,-0.0166583545978938,0.018031733846442,0.00232535161455871,2.59904595623084e-08,0.0083483718858588,-1.65093752002576e-08,12.1585938309067,-0.00162508939359896,0.00172956754579445,0.39150916361433,0.28951948909463,0.0176389270108075,-1.68233773741895,-0.466456207142528,-0.837897170776046,-0.06840358136958,-0.00284701652265085,0.171070424322465,-0.0312703275710078,-0.00321680857211959,-0.15369159282568,-4.29459936666746,-0.183728421472836,1.65624576389564,1.35118409279778,0.0778365029810288,0.0225683042610285,-0.00861726414581199,0.0734230666318467,-0.0966829323901379,-0.260053395989019,-116.368954262447,-1.94912843414374,-0.159795736174601,-0.0353207851555908,0.13476844777648,-0.0026273244056938,-0.213458890884567,0.0020359028914072,-0.991360471087717,0.225721209386052,2.58087975868432,-0.522679774370033,-0.0020262254491854,-0.0473860784594535,-0.226003251874261,-0.183474921098309,-0.130208353204921,-0.319850204902536,-2.40044343212276,0.0184797567309261,0.136787623363148,0.0225039388120649,-3.73646681863858,-0.0207405358976303,-10.5978971984118,-0.0506422579439914,-0.000521097249077229,-0.465489655546264,-4.46680314593493,-18.8673741280132,-5.13566585212504,-8.21319564929945,43.509489755619,24.3062526814664,-18.7258653704625,-0.63276212122372,-0.00280179551589299,-0.61073258982907,0.00393890305309696,0.002294566133628,0.0066368935048331,0.00143247313769734,-0.0513985870648526,-0.258954134502233
"pacific_ocean_perch_juvenile",-0.00047838353714269,-0.000179361233492159,4.62514488717147e-05,-0.0566501505872736,0.000217995155566086,-0.000206726393109591,-0.000252268894257668,0.0564594978271415,6.41751933727619e-06,-5.07087531289585e-05,-0.0380707687898081,8.80472160744716e-05,0.00158971352436765,0.000450287544516925,1.01773878213862e-08,0.00183637165985573,-1.60984114927487e-09,2.28771988609292,-0.000223310983940905,0.00035481553044292,0.0463197190148819,0.0379177749766484,-0.000438409812694829,-0.307935207864055,-0.0458268376915285,-0.0796844964552648,-0.0137602169684641,0.00200901907280127,0.0124970133829976,-0.00518808746134169,-0.000394651567134474,-0.0260389917665549,-0.304730913800789,-0.0110474612726748,0.275655587593349,0.268697863142812,0.00835353951276829,0.00185806506665642,-0.0021233534772449,0.0109947349146893,-0.0120582490762899,-0.0592644865138183,-12.3425299727547,-7.20682252089278,-0.0178988073801136,-0.00379908090543779,0.0474208123340603,-7.91347113846541e-05,0.0067185383173225,0.000212175989652508,-0.125112303002382,0.0298418709806896,0.46843578659098,-0.0751718277163107,-0.000393644416774919,-0.00715796946313674,-0.0387067384012809,-0.0163817955828094,-0.0170464222702762,-0.0329580650415622,-0.207512837023835,0.0355208787431067,0.0303201762214229,0.00215393295550115,-0.312564100951867,0.000330575561704904,-1.61878143987511,-0.00616114229793396,0.000274333009727457,-0.0320847982337611,-0.420676446414411,-4.36964006941259,-0.426222921403003,-0.745988584553643,4.7702316610812,3.14281594395973,-2.78118135287579,-0.121405005008285,-0.00480675453983537,-0.0975722492400735,-0.00311436500630435,0.000704599757128221,-0.00405185665649554,0.000271867668153902,-0.00407336274680858,-0.0214455646450844
"slope_rockfish",0.000559810129388438,5.08755780135317e-05,0.000240940837851866,0.00892326619174177,-2.03490191701405e-05,1.46729302823445e-05,-1.24570514099531e-05,-0.00713229293863371,0.000181034373497369,7.70893694799213e-05,0.0318454500861218,0.0017844032393608,-0.00122480013650517,3.50670334547942e-05,2.59800643220842e-08,5.47147158780348e-05,6.83639811427383e-10,-0.372304748720731,-5.78618111113371e-06,-9.84991678443237e-06,-0.00479913889213712,-0.00306025772673379,-0.00133304448245042,0.056999154521467,0.00303262029733098,-0.0126835352671097,0.00100344288392584,-0.00112211307483356,0.04978289036608,-0.0726807821494511,2.73404724406845e-05,0.00184503783237666,-0.0171821370291898,-0.000771030588065713,-0.0425374934661242,-0.0393975992669251,-0.00127332202578501,-0.000272922761100247,0.000832339223929779,-0.00311656235996871,-0.00169549679265657,-0.000818626416913659,-0.00693765335779162,-0.000113451963434485,-0.423134571326086,0.000781684294759444,-0.000147244275899183,0.000194251258971434,-0.00450903379093148,-3.71357591415489e-05,0.0293532055900361,-0.00379523198178688,-0.0638805246397496,0.00165542186351963,0.000310522823360415,-0.544801361467252,0.0018584708791618,-0.00655401577457049,-0.00260495583531295,-0.00151289487527961,-0.0627242374069734,0.00229613840121523,-0.00784964777236219,7.05549877650924e-05,-0.0307060447579577,-0.0426081134799681,0.00375594799407786,-0.00662961906378001,-0.000742417280925167,-0.0284370211602685,-0.0020959677979544,-0.00661463966601339,-0.00756690828335493,-0.00399018163975029,0.0706278219823666,0.0160056570319593,-0.0113910411983174,-0.0076494139860781,-0.000232343724528405,0.00521048853784301,-0.000292571967602129,3.8553221195059e-05,0.00236150706273719,2.63330859961997e-05,0.00163185593107684,-0.0029894657806171
"demersal_shelf_rockfish",0.000373999015991444,0.000307648475668998,-2.31666369252537e-05,0.0113499868211271,-1.56320949997735e-05,1.88992519909448e-05,2.23386897246769e-05,-0.00293582654122559,0.000338596312488448,0.000176244065752229,0.031265859976422,0.00270541122869261,-0.000986013830114985,9.0734301540607e-05,6.2104032139132e-08,0.000307640871188397,1.6275336633953e-09,-2.23109680472528,0.000173324700490696,-0.000306239449820112,-0.00330140106398957,-0.00351988554419336,-0.00648627741539443,0.0479586337434021,-0.0120460364192887,0.00198187370635239,-0.0155843780633376,-0.275458468951449,-0.00242568409726118,-0.00972334254730711,0.00196111996238812,-0.00939500221406675,0.107773111698155,0.00488381990848552,0.117728664992505,0.187926550365717,-0.00881305581340897,-0.000363141222017305,0.00175091286444129,-0.00994936008130054,-1.26166351529182,0.0133898687730358,-0.0100821833843519,-0.000267769724139555,0.0141380373834679,10.0388632950799,-0.0122141122599473,0.00165757155698643,0.988421043423397,-0.00177546649026539,0.207551929245565,0.0398699331799506,-0.324644254702005,0.0135165334212886,0.0001817377628619,-0.00334520959335904,0.00198254783708052,-1.0987312620199,-0.00155918650667886,0.000157308969800596,0.0103622004287658,-0.000764788434707953,-0.0189390639182605,-4.1464208422326e-07,-0.500660146625147,-0.0313266791441613,-0.0116102445227355,-0.00988903043010225,-0.000650008575544092,-0.0142534985182223,-0.062930462451753,0.00503989294027107,-0.00132720165181865,0.000391735606974919,0.0391947840259022,-0.0495084574424034,-6.8740548780255e-05,-0.130919287228565,-0.000630683508830998,0.0090274292029342,-0.000673794207735057,0.0001876215906087,0.0134220278554871,-0.000194530614024302,-0.0493039318919486,-0.00682320332524355
"pelagic_shelf_rockfish",-0.000754379661422888,-0.000300929971203345,0.000119423887134928,-0.0559134149081828,0.000633052002939394,-0.000349815466265113,-0.000805885434147058,0.0774492206837181,-0.00109249470057193,-0.00055557267679518,-0.0376971858501562,-0.00825909369604005,0.00725615959359516,0.00017899759813389,-4.70622083525996e-07,0.00193728593309572,-1.17065681592976e-08,11.9093004378017,-0.000227129138721693,0.000677952039026763,0.094084944440489,0.0786219540766666,-0.0428176541189345,-1.03881572107169,-0.0743909579791548,-0.0857671385922529,-0.0105337398312955,0.475600562101135,0.0263727192737093,-0.0431633970384055,0.000613805031619563,-0.0915337737666135,0.298514584970292,0.0119719384913282,1.22315324223643,1.49639383407835,-0.0197789734386333,0.00817119416360157,0.00447665308840328,-0.0137042000030334,0.0290739336699843,0.0158373187525598,0.495602130825908,0.0437452560820191,-0.0488480260378878,-0.20223921438955,-30.0356021474607,0.00211100034648126,-0.124565984455039,-4.58107289347254e-05,0.59240622492684,0.305099118772389,1.19660108118976,-0.236123248563146,0.00176700646431271,-0.0181060875574204,-0.103489887345589,0.993110398846909,0.0308062667963753,-0.031117102811784,-0.792623331696753,-0.129584073182166,0.0307243546144349,-2.50827427450417e-05,0.0450691352871004,0.183196485100986,-0.252674126918997,0.0857223542578751,0.00132597754548414,0.119388619793206,-12.9860650945307,-18.3832914547211,0.0207188707342283,-0.134278233069701,5.59307525922139,2.05273123084962,-1.79912227383724,-0.243458028004326,-0.0210028428663378,-0.284429270008808,-0.0192731877462222,0.000317037091313921,0.0453346909356114,-0.000141819788169073,0.00462308384334875,-0.0330114134127157
"thornyheads",-0.00725356608836591,-0.000998567889382684,0.000662410610402731,-0.444137255301939,0.000403068034302123,-0.00193374666241652,0.000236149385955287,0.299130440198041,0.000381405230882592,0.000195357261418394,-0.627307609355512,-0.00653886979966956,0.0226875406867748,-0.00327845326660281,-1.84135478775715e-06,-0.00886504735672133,-4.42953478341224e-08,7.82246367611242,0.000322244832204888,0.00358864705708584,0.0417298694019337,0.0161520117114833,-0.312707446626064,-0.720863547428507,-0.160326212956306,0.791776422051498,0.00909932855506668,0.151901635603053,0.158538419108481,-0.174371782544767,-1.70550541418879,-1.34727886399423,1.4109537088766,0.0284783063896157,1.39129179362612,0.93897742226909,0.563730017273201,0.0596738393605847,0.16411810477166,1.61251980828774,2.1174375509429,-1.16290269536989,0.223329773898513,0.00134923346718097,-0.917048315501688,-0.00681542819575043,-0.0146766014311197,62.795760466046,-1.3603700350302,-0.00100909230604884,-8.59237933297277,-0.369812485018656,14.794545151583,-0.303468818538931,1.49354805767871,-0.116921602565299,-0.0350950659480986,1.10389592734828,1.78928810252933,0.384484166835364,0.381965557755848,2.24427204951735,-0.727494715759349,-0.0342018924864078,12.3282821142748,17.5658794820492,3.25248130164209,2.70596591510275,0.378247152134691,5.70663891418371,-0.00213588750762028,0.113666152132964,1.20433334241784,0.486766642629846,0.380485386937607,0.302202459746013,-0.0589855614084627,-0.453085528307156,0.000356657157908558,-0.446514616466629,0.00775906193780429,0.00450631170429006,-0.975973535536923,-0.0462461457325389,2.78331428289312,-1.59711126829643
"sablefish_adult",0.0135060674421084,-0.000871067370837864,-0.00223965769140477,0.75594638640041,-0.00183907178137588,0.000584894510382128,0.00339676154698054,1.45685520973211,0.00201586641992435,0.00126440471638034,1.18289053251726,0.309195142187264,0.000174202306425286,-0.00254778610184303,6.4184763459707e-07,-0.013661935110008,3.17156718665501e-08,-153.321359186575,0.0564939822131691,-0.0560138148459828,-0.851045190977572,-1.11468265292183,-1.99613849013798,14.7304803945127,-5.094946969163,0.725649090973604,-0.506485868486266,-15.2569232225608,-0.138260278312657,-0.333935484009146,-0.0647275789764308,-4.47219437458347,28.9394821275801,1.47684611720018,54.4886176444243,61.6770620800253,-0.246148275658243,-0.0719030369323264,0.066489406193341,-0.624460013125429,-4.06258423630777,0.0842300985817133,-1.32088695820698,-0.0531557457102849,0.34149736482442,-28.3033697164992,-1.4608149773299,-0.00668595498621016,-117.05857406999,-0.325903199320635,-5.39833027307253,2.79150053370597,-32.2880537314888,11.3163184415444,0.184917482411095,0.0353551549285385,0.329340908127392,-6.5541528750224,-1.53024705033994,0.0510662136780411,-4.74678063930469,-2.16828154815039,-1.202229675306,0.00109836081526282,-9.83357430116865,-2.80203847079815,-3.46198676602,-2.15352449441872,-0.147446830970807,-0.866082764895054,-13.6915668725829,-2.20730034729013,-0.917693067223411,-0.114994648786592,19.2722754936111,-1.63857598035281,-0.417711840982463,-7.76714749784361,-0.0826161343655372,0.924093311278114,-0.103853429606204,0.00216400956435336,0.272941897477551,-0.00328646208720329,-16.6453298533996,0.739842438815685
"sablefish_juvenile",-0.00162411192349055,-0.00436001465598679,4.71064032581126e-06,0.0370911990918898,0.000240857391673899,-4.28229161002491e-05,-0.000183509862125675,-0.152046267360703,-0.000121633927534504,9.33491475052506e-06,-0.0758320664697578,-0.0147224009854199,0.000145949156916458,0.000313524444209179,-4.50086474756972e-08,0.00171933219527887,-1.85670501196e-09,-4.4749901780385,-0.00295619768624533,0.000696433113517969,0.0871226121544169,0.0785394878043633,0.120188530647539,-1.02666440202933,0.283639829562787,-0.0605949979550644,0.0407055497246631,-0.802662913228886,-0.0164311655098288,0.0360146241288248,0.00277306290195156,0.358635658085433,-0.773849611121108,-0.0614824742996802,-3.32153507264729,-3.15570699296941,0.0161853932762313,0.00573165441798551,-0.00909179230035306,0.0304668155319803,0.336514225027798,-0.0206652884766072,0.115790940015756,0.0046125105464796,-0.0289656470705779,-1.24778208594651,0.118706510198933,0.00139744099848826,4.20443275938868,-1.78053445314148,0.781632613356123,-0.123261019534795,2.04774116574495,-0.977335298254417,-0.0120851361122334,-0.00953175837412346,-0.056542231127878,0.39290134909632,0.0800064322589265,0.00181745085544094,0.346866540064582,0.127446764087324,0.102914058005098,-0.000183271939107499,0.66643657373757,0.134836454256373,0.0762857322367836,0.129733971551701,-0.0968302295387389,0.0355014037321837,0.677254672084189,0.110988013867598,0.0496707746192158,-0.00970600379417874,-0.736779252117458,-0.17774689286486,-0.0916338097046605,-0.0549942420315972,0.00201400056681678,-0.127350353185534,0.00337413419035215,0.000204340895777477,-0.00640942960473012,0.000422905787246464,0.934450599395603,-0.0178368788684224
"pacific_cod_adult",0.00378005602911458,-0.0169083384535895,-0.00220375817303875,0.232240222926265,-0.00257735789344338,0.00126823720941616,-0.000327522872538566,0.0351993317711958,0.000267447785375907,0.000347427053100091,0.246083207709745,0.0578447100111816,-0.00782743656912999,-0.00177354219772496,1.92677106269912e-07,-0.0133051199101715,-1.19914602692006e-08,-23.9474610303605,0.000998103561329344,0.0025408826533635,-0.0132630561420513,-0.010863033085144,-1.4582093430991,1.15379841154268,-1.56840754861148,-0.022676530129587,0.0406602343235249,0.343505955907773,-0.412455655806269,-3.35099957460147,0.00741297535347485,-0.390971530822185,4.05055519529958,0.21212800286122,3.11926784611097,7.29353874008115,-0.27686368356305,-0.0305797122633464,-0.384608471908564,-0.658208441949625,-1.76795022823839,0.904696850393378,-0.0409103145887855,0.00551747779209677,0.290120756619473,0.0213457732884308,0.078445911864776,0.0286501064858555,0.868508574607745,0.0067888230548192,-72.9737677642718,-0.543898852472722,-17.6044548374094,1.57805093020443,-0.0882968460458073,0.0590896935092928,-0.015393994883766,-4.07736612440374,-2.36664107064905,-0.0854583483816214,-1.80155722536225,-4.1209752578439,-8.82195360079459,0.00172677825000278,-12.6411193243914,-10.5533696152674,-14.870614475496,-2.92372448697006,-0.154460275308651,-7.94932983056594,0.236443280026805,-0.180289967488648,-0.0541774294651987,-0.0554409157721523,0.966924476248295,-0.469749985321897,-0.0425662298661678,-0.605249652135115,-0.0271085394062993,0.0245929449163498,-0.0169766046180371,-0.00249998840112653,0.387094768388835,0.0389182706216218,-5.13505140527531,0.366252520294125
"pacific_cod_juvenile",0.000205827911152312,-0.000548096835018441,-0.000182410573628999,0.0097766629579894,-0.000200266465142818,0.000164356937531807,-3.07781992816558e-05,0.00252267154426278,6.84148332723566e-05,3.46388290850541e-05,0.0122924747708808,0.00257382169164799,-0.000491535333011939,-0.000152592643395622,1.71307021901157e-08,-0.00102402778738053,-6.32915941878309e-10,-1.63847359835038,5.8599368593093e-05,0.000181344253718407,-0.00256954836680734,-0.00139743620908206,-0.250932759617243,0.252762870625986,-0.0298290385216688,-0.00424641037945861,0.00515745562380943,0.021091921557705,-0.0342471655375718,-0.149559245813549,0.000882543989980888,-0.0293046864546724,0.239767911512047,0.0134081395524248,0.135997202864992,0.412101931205612,-0.0251925336094274,-0.00394987733557173,-0.0252050558341139,-0.0457587615873081,-0.119272814797185,0.0782844401479963,-0.00973397466352566,0.000793481194712342,0.0281348946243014,-0.00432460736426776,0.00398847961766791,0.0022882355096101,0.0556332114060893,0.000236923201093475,-3.99735032511033,-2.66966074618811,-1.20568911555602,0.168719000352169,-0.00728198773416722,0.0055303265484099,0.00170342956432279,-0.356211127685469,-0.156007150896322,-0.00421948000600736,-0.0976386356713448,-0.281615248764588,-0.575674151311247,0.000263418954183692,-0.878022322120373,-1.09447266399383,-1.08820050065618,-1.39842338209039,-0.00982236328705,-0.596514276836118,0.00140000618341674,-0.012573418176089,-0.0550783491728382,-0.00889333381422119,0.081716793301581,-0.102047875563088,-0.00557473274955811,-0.0815932659590217,-0.00366577833980131,0.0108147918093096,-0.00216016911099359,-0.000722646755910716,0.0316141386189415,0.00302413270497226,-0.336434368655894,0.0011111607811074
"walleye_pollock_adult",-0.0951278615211777,-0.190501076069268,0.000969077613717673,0.165906794687999,0.00593732242805345,0.00098774502885135,-0.0127993857604451,-9.20233721907562,-0.0150700695185151,-0.00358108690124936,-4.95362779273455,-0.981248810142461,0.000751749347728037,0.0100182159626456,-1.64873199537396e-07,0.0438552052501109,1.26478880702052e-08,-40.8520577449226,-0.00788321387426549,-0.329982623945853,1.7963596575255,0.986130271115144,6.97181179974996,-21.1488775679745,5.47169713920766,-0.569740978938626,1.059355296587,-9.12726249710386,-0.675796940958207,0.593449313119436,0.479462597583733,23.6046250534609,-66.1840769999299,-4.87830277744342,-221.879004748354,-208.888075310724,0.0932911691070331,0.086503794971577,0.0535772049861407,0.496489333626869,2.5206706386416,1.94805318599083,0.655890587405338,0.0966298212151742,0.994130994385614,-2.91795223988856,-0.279609606928716,0.0950891763154686,-27.5413941613856,0.00285615707434772,57.7879012552007,-8.26142148213194,-73.2289883745857,-55.4000060794579,-0.231303378466237,0.153133496482496,0.114911810562262,7.774490746433,5.40785038292142,0.035237925835645,3.09838804001038,-0.248784988863918,3.27970183151501,-0.00252394591234406,11.9981402713247,3.82517886985261,6.41139036228515,2.78274945910471,0.0199389917534063,2.78206977677792,-2.43795734418836,3.19291192155242,1.64827889191065,0.191294947143433,-8.16940376354796,-1.16936544877854,0.58513624458692,-3.53205541657871,-0.0048158335575863,0.159885799719632,0.00115894043392473,-0.00662410200402519,0.0351639389459706,0.0148088917117093,-0.162137084233109,-0.122904193054183
"walleye_pollock_juvenile",-0.000694223785053794,-0.00134308738386224,1.61209157596431e-05,-5.85079670258892e-05,8.5597224380507e-05,4.66460279469061e-06,-0.000107136262442964,-0.0673285818980247,-0.000143542183760559,2.72571086412654e-06,-0.0497031075561338,-0.00384819141133264,3.64826550089958e-05,0.000153345911588332,-2.1014301410105e-10,0.000670153066021584,-2.91070278990446e-10,0.650258948538799,-2.85266380330995e-05,-0.00266505217789614,0.0221039063150563,0.0156578065323139,0.0423908825106523,-0.351808267059994,0.0452458201613979,-0.0121996521597971,-0.000874139757694792,-0.0207837719734378,0.00121217623007297,-0.00840343624430773,0.00612267602323868,0.0397579330404412,-0.204263285163641,-0.00974593588259864,-1.69080576776914,-1.77021366197831,0.00458716541826121,0.00135628163427981,0.00110263012886946,0.00307522962094353,0.0218009798758843,-0.000773931479049139,0.0127011449707695,0.00088015541514963,0.004203467502915,-0.00992612685702099,-0.00192227901760234,0.000309979632270085,-0.131846522804125,-8.13232645491269e-05,0.790326331487783,-0.109044984157332,-0.716137895836379,0.185498766505347,-0.00186885224655953,0.00184760443999821,-0.00541804548802816,0.0626413693350543,0.0466198077797877,-0.0014163923908761,0.0177640637119048,0.0145776700929368,0.0160831116292499,-1.43037223736542e-05,0.141582032808557,0.0812628054968378,0.0696487119165958,0.0448454257375879,0.000328730995899917,0.0425001348245218,-0.0196315237689255,0.0498244729405179,0.021268793057942,0.00475236774007115,-0.218910279626229,-0.0458585699075975,0.0546761711646084,-0.0183760358795197,2.26389147677253e-05,-0.0205704508217011,0.000845279839293056,6.78458967975359e-05,-0.00326370906396534,-0.000100481548567899,0.00696094115739143,-8.51126882466247e-05
"large_sculpins",-0.00207765614575806,-0.0028169250093768,4.81553009876734e-05,0.0348483677122786,0.00108882984019232,-0.000879000189236478,7.14240652470721e-05,0.0333899306126355,-0.000256526629513587,-0.000136454328860225,-0.103311500181924,-0.148830168525656,-0.00122591043642473,0.000581770610281751,-1.93809952975244e-07,0.00453411283173466,6.44810427274933e-10,8.34737470950096,-0.00108077221306502,-4.37502795875844e-05,0.0103342762131646,-0.00141683741941279,0.0788666287335857,0.682010848241887,-0.525141915044451,0.00422482126774071,-0.00817165818823895,-0.190487293522004,-0.0359361155465905,4.05389860499798,-0.0471010530314615,0.46658507366304,-5.89141298562936,-0.430078935789702,-0.470293940791358,1.60761801440318,0.291174458277403,0.0479125045434969,-1.94054489656817,-4.48129092701102,-0.614918480371074,-0.509886114157965,-0.0074757713484459,-0.00686417590463151,-0.322395190303467,-0.0520508798613974,-0.0241762062465938,0.14166988378286,-0.35748828001676,-0.000105065082742328,-18.6589202773513,-0.723612061683006,-0.693583170263828,-0.122730873568017,-5.73395047935787,-0.108346268014117,0.0163288125833887,0.0235926474075754,-0.264209844678128,0.0693598282894783,0.0847908375313438,-0.266541000639648,-14.4629138603748,-0.000391508153057885,-2.24373779000306,-3.82779403902745,-3.32205797907271,-1.49836953794567,-0.226883839893013,-6.77387647473877,0.0180513712761865,0.0291666226433023,-0.0365850175127207,0.014081312885871,0.30710110138412,0.205020292813472,-0.00589978952611858,0.0758617263733257,0.0133810159604693,-0.0892975162235317,0.00926469718154266,0.00250909871726179,-0.360085536559232,-0.0917570115138631,-0.737931327647985,-0.287746427691829
"lingcod",NA,NA,NA,NA,NA,NA,NA,NA,NA,NA,NA,NA,NA,NA,NA,NA,NA,NA,NA,NA,NA,NA,NA,NA,NA,NA,NA,NA,NA,NA,NA,NA,NA,NA,NA,NA,NA,NA,NA,NA,NA,NA,NA,NA,NA,NA,NA,NA,NA,NA,NA,NA,NA,NA,NA,NA,NA,NA,NA,NA,NA,NA,NA,NA,NA,NA,NA,NA,NA,NA,NA,NA,NA,NA,NA,NA,NA,NA,NA,NA,NA,NA,NA,NA,NA,NA
"atka_mackerel",NA,NA,NA,NA,NA,NA,NA,NA,NA,NA,NA,NA,NA,NA,NA,NA,NA,NA,NA,NA,NA,NA,NA,NA,NA,NA,NA,NA,NA,NA,NA,NA,NA,NA,NA,NA,NA,NA,NA,NA,NA,NA,NA,NA,NA,NA,NA,NA,NA,NA,NA,NA,NA,NA,NA,NA,NA,NA,NA,NA,NA,NA,NA,NA,NA,NA,NA,NA,NA,NA,NA,NA,NA,NA,NA,NA,NA,NA,NA,NA,NA,NA,NA,NA,NA,NA
"shelf_demersal_fish",-0.00102498100308424,0.00302461448249858,-0.000371717436749464,-0.0131559248919189,-0.000707465570272348,0.000456470031537037,0.000576666637897461,0.135606971607146,-0.000122998628583559,-6.12513516671243e-05,-0.0859296001759162,-0.00469584009745461,0.00103998623917789,-0.000448231202710758,1.76025579889938e-07,-0.00348248810341545,1.06962261270382e-09,-2.78238660054529,0.000302567411054611,-0.00265006631300935,-0.0542109457130664,-0.048057276161714,-0.0783359875972991,0.858511044997314,-0.0398661009784576,0.0300617726201011,-0.323023723936316,0.0660638324818592,-0.00390017136524534,-0.579857628134349,0.0252666538461312,-0.266604634449976,0.0564971327832211,0.0191044046684254,3.35014474719463,3.43595552807567,-0.0813807859204019,-0.00873222432284138,0.0306674884140392,-0.102755698255265,0.102237784739501,0.0997199733247385,-0.324175755060494,-0.0144030486272726,0.211890746799455,-1.19145695467041,-0.720388754947621,0.0113914511957915,0.218444386929733,0.000579640207803322,2.00432272143493,0.985934538058473,-3.25497635449622,0.0557537672742257,0.0148106672259445,0.0636521092351501,0.0333665755254913,1.85752352449344,-0.0659266335001547,-0.0664242311313927,-0.0781228251483412,0.145870947143734,-0.180119582884814,-0.000116851752736125,1.33944101234316,0.654503387343354,0.200004911058755,0.448033460857047,-0.000339443867616751,0.371323451129982,-1.52160061174025,0.156318970267293,0.0245384077700521,0.0240833455736293,0.0266589558898147,-0.182980361970394,0.0321953742046475,0.254196966492785,-0.0253885679248071,0.100020874697066,-0.0124693711355519,0.00140880824991996,0.141721598417547,-0.00269867032356785,0.0639759190432585,0.119311007304759
"slope_demersal_fish",-0.0049460490755564,-0.013842700601117,7.50722997509001e-05,0.0109308356076099,-0.000326374800351914,-0.00243383895985971,0.0236988837459648,-0.293013505931071,-0.000312870244670194,-0.000158799390078457,-0.350681887996416,0.000606289809070404,-0.000254206065051221,-0.00365144059355771,-7.36044398763624e-07,-0.00207997248128322,-1.49301513374667e-08,81.6395332562488,-0.00195595364039036,0.00109053234757539,0.185438279642767,0.154279303857948,0.0726124938756811,-2.80872478741856,0.0407898128710258,0.473281735039905,-0.0230722025138448,-0.101534643654873,0.0159559641587066,-0.119472212787969,0.0246744080689041,-0.222256789775884,0.307949175782483,0.00426533995005229,-7.9983044566485,-8.58782615769826,0.0960699933085607,0.029665415217778,-0.0161666038100066,0.0912480291411839,0.108122201016727,0.0120731728336523,0.26507929660545,0.00528490928581959,-0.842872497125768,-0.0838139769673489,0.0485007461842315,-0.048044328599417,0.226597875117818,0.00133753536476888,1.48396545445758,0.350331980529859,2.66193172637759,-0.646630606374629,-0.00617135174422856,-0.158257783110002,-0.116107162723438,0.669372486635666,-0.369319348418344,0.311937884490703,-1.85544503410915,0.0416919016212205,0.0135136067735857,8.78741420820006e-05,0.614611956103886,0.0385678426929417,0.0856923237373621,0.100864040930901,0.000315342469548341,0.0998843234273181,0.0844340816215663,-0.0870428048372105,-0.250275277982951,0.0142482490168732,0.538072935136256,2.82273471226313,-0.115358162468056,1.99639539171528,0.0176226265608648,-0.331788267110483,0.000585119914603638,-0.00103285591183067,-0.0486071390199641,0.000215652922747722,0.0278059567315267,0.00720848806577123
"miscellaneous_deep_sea_fish",NA,NA,NA,NA,NA,NA,NA,NA,NA,NA,NA,NA,NA,NA,NA,NA,NA,NA,NA,NA,NA,NA,NA,NA,NA,NA,NA,NA,NA,NA,NA,NA,NA,NA,NA,NA,NA,NA,NA,NA,NA,NA,NA,NA,NA,NA,NA,NA,NA,NA,NA,NA,NA,NA,NA,NA,NA,NA,NA,NA,NA,NA,NA,NA,NA,NA,NA,NA,NA,NA,NA,NA,NA,NA,NA,NA,NA,NA,NA,NA,NA,NA,NA,NA,NA,NA
"squid",NA,NA,NA,NA,NA,NA,NA,NA,NA,NA,NA,NA,NA,NA,NA,NA,NA,NA,NA,NA,NA,NA,NA,NA,NA,NA,NA,NA,NA,NA,NA,NA,NA,NA,NA,NA,NA,NA,NA,NA,NA,NA,NA,NA,NA,NA,NA,NA,NA,NA,NA,NA,NA,NA,NA,NA,NA,NA,NA,NA,NA,NA,NA,NA,NA,NA,NA,NA,NA,NA,NA,NA,NA,NA,NA,NA,NA,NA,NA,NA,NA,NA,NA,NA,NA,NA
"octopus",-0.000680717074999393,-0.000829862786190461,0.00216349135524752,0.0434341522203567,-0.000429400743939823,-0.000482122330140555,0.000128212295521735,0.0131834608197323,4.16028977383576e-05,1.94379774711706e-05,-0.000592898547893128,-0.00642799175267328,0.0122464313815271,-0.0160447541472308,-4.66549721522824e-06,-0.0205528683240459,-1.22333290164534e-08,-2.62997249800003,-0.00059868895971249,0.000180388975536516,-0.0319486673768665,-0.0234204212483178,-0.0496417615796645,0.289537645655685,-0.0624194072277646,0.00567374415930999,-0.103796365843323,-0.285649475436855,0.286428436595088,-0.286772808872399,0.0186827880482383,-0.0886252219697781,-3.26520436654175,-0.21116278601778,0.819642023886502,1.06859848644632,0.469603692441353,0.00969121584989807,-0.147679661109123,0.445943232927164,-0.477029923788677,-2.85468840129732,0.354839086884681,0.0328827836441974,0.020618473485797,-0.285217636860295,0.043870570074148,-0.0168186027269144,-0.0696327850427565,0.00070076010848652,-5.14642634851305,0.026195438213108,-0.996218813499695,-0.216357415366303,-0.0445711892470513,0.00370736766438995,-0.0184764885727304,-0.220630832804375,-0.0957092799138763,0.740426338005477,0.37084042767367,-5.16584501914508,1.42874982981749,-0.000840847330664474,0.033867247481453,0.386959439457655,-3.37287651801836,0.155913561662203,0.00929545121721276,-1.35740289467498,0.0488157861064451,-0.000786505312532881,0.0290300445435037,0.00191802155484311,-0.00961758645411237,0.0510878706137987,0.0126993615466517,-0.41297989220476,-0.000181219082662665,-0.118868992670343,7.90400525829682e-05,0.0255344437422877,-0.540167026101869,0.0143668898267606,-0.13980282848263,0.422636179011079
"tanner_crab",1.0471133080614e-05,-7.00465121283855e-05,-7.90464429201165e-06,0.000507779105824113,8.53171111003803e-06,-2.96048693755324e-05,4.1683428264605e-06,-9.42887906489887e-05,2.57698770411707e-06,1.21195030544641e-06,0.00153838411588936,0.000234659161215234,-2.65313768110786e-05,1.23939089746727e-05,1.7421939446649e-09,4.40860111368124e-05,6.99884594723699e-11,0.203538220726678,-7.05901534558961e-06,-6.58326958102862e-06,-0.00133454111882969,-0.00168448485533901,-0.00867997356249361,0.0164462837526997,-0.00334723135138404,0.000428635441437564,-0.000146613832242792,-0.00306373037156504,-0.00145524431302135,-0.0130081384096954,-5.60195231429361e-05,0.0174499416790539,-0.0322156408622121,-0.00313621104908179,0.00429711199394234,0.0309075658728375,0.00816887964305124,0.00212938418017927,-0.000799374927765939,0.0161252184596634,-0.0084446100888016,-0.0120770459617532,-0.00249932796945984,-0.000199650281984987,-0.0176827383414135,-0.00316583729281206,-0.000238299137436115,-0.0012219485451439,0.00530504771579388,-2.43341252570417e-05,0.440540749367386,-0.0251797803593661,-0.0609346264113171,-0.0125118890361833,0.00361143748730797,-0.00324060947982474,0.00297031933193637,-0.00989539276113049,-0.00376801387157144,-0.00121088217767351,0.00148893608366052,-0.0154328164176221,0.241568041832693,7.50661057153934e-05,-0.0233540160653405,-0.0180428256920919,-0.0588895995061236,-0.019614994673411,-0.0074359200137124,-0.114685712917812,0.00212227086249328,-7.02188426870975e-05,-0.00049137597061133,0.000941364868985772,0.00697679009974905,0.00953689628356358,-0.000279057827221152,-0.00760925758473974,0.00026283358975121,-0.00734241589950813,-8.20788677629025e-05,-0.000732027102131383,-0.0200259833113918,-0.00500137585223115,-0.0208802850498699,0.000629415716204562
"king_crab",3.31609287655965e-05,-2.45921610506628e-05,-8.70829807908535e-06,0.000774628424904833,2.52171308723348e-06,-9.37404666832009e-05,-3.58550504842015e-08,-0.000720244822080218,9.32570816125633e-06,5.21599242375714e-06,0.00317164560103222,0.000185649139012867,0.000262383449257442,0.000115758159148882,3.40128458731215e-08,0.000164084810027276,1.76534342699597e-10,-0.233223515425326,-3.65539156934602e-05,1.67198581078054e-05,-0.00140151892675355,-0.000836996411942792,0.000921220650946353,0.0103025245861783,-0.000153495662738479,0.00023697922335586,-0.00337039585336818,-0.0212868159427266,-0.000875572669269076,-0.00973015926221876,0.000705201700139213,-0.00366570169610547,-0.152045544664666,-0.0144817522957492,0.0232392512494233,0.0229435402659011,0.00894260880080644,0.000220000912662499,-0.00340106241085003,0.010277954429494,-0.00706778736253888,-0.0480634548461172,0.308911444448322,0.0024866439876412,-0.0793222980607382,-0.00530641870130388,-0.000151300076414174,-0.0122249345565368,0.00437268046932182,0.000658662536480392,0.0417813274552419,-0.000806017606590714,0.0130370528279951,-0.00406906324400147,-0.00145671737064212,-0.0344245212055956,-0.000161025618234945,-0.00134465671857953,0.000231299297068333,-0.00875081960808899,-0.00376727815041455,0.0366932658660541,0.0362847024975768,-0.124041377691665,0.00815709132506015,-0.00235627440496167,0.32314711548789,0.0236798546290249,0.0327535684987037,0.230603631164279,0.00389152326238751,0.0138894096222941,0.00376222777388691,0.00586722449619614,-0.0267421303986364,-0.0189238146558512,0.0136579210892105,-0.015582850850862,0.000143241762138757,-0.0019603304321052,0.000138850296073301,0.000111239882672365,-0.0116848932449862,0.00286678498496151,0.00508148660235364,0.0385730231922974
"pandalid_shrimp",0.00163282691217148,0.00241755478909056,6.73660252914488e-06,0.00420456025314309,0.000124721860970567,-0.00139641285331038,9.34710896842716e-05,0.106765457263208,0.000399369653948156,0.000138827059899427,0.123092382669,0.0239389032970081,-0.00071473116429388,4.35305193349222e-05,-1.15542491130327e-08,0.000531346468193306,-7.60721263759478e-10,0.588471415048303,0.000183376149394121,0.00541804642882937,0.0160448690194386,0.0111342162885677,-0.117837971255284,-0.129654157296727,-0.100509994796113,-0.0316017033217264,-0.00596276808474272,0.148482097855521,0.0127785405808964,-0.114721423088312,0.00194669685870963,-0.142524699793213,1.85977564094908,0.0867496367605298,3.11461432333974,3.13274340919695,0.0176554946967258,0.00010423361815981,-0.243093376777523,0.892485522841667,-0.0574846507930999,0.0208135844913215,0.15211822564261,-0.00165207653604682,-0.655958247696432,0.0519163741210775,-0.0489784152630364,-0.0386537148717139,0.605455870615643,0.00101672990558654,-1.9196118097414,0.213793643622722,11.3015832757094,0.679046897787018,-0.0226723266193432,-0.164782226096349,-0.0157224675160705,0.138828885568685,-0.105450149582381,0.0300711614509765,-0.0555984539707168,-0.0650249756119621,-0.140483445923252,0.000147561817129827,-6.79637228827353,0.13948265464326,-0.123814695881563,-1.34966015822282,1.85459951040912e-05,-0.504506644457152,-0.0940056372279798,-0.0772921373516908,-0.0438167163672176,0.000620979328743942,0.621946828267482,-0.0459749173655695,-0.0296827200578633,-0.201442422950791,0.00486732039161097,-0.134567687539487,0.00774365536737776,-0.000103570583505075,-0.342366729027802,-0.000153882475572686,0.000173572898575003,-1.62865492603771
"nonpandalid_shrimp",NA,NA,NA,NA,NA,NA,NA,NA,NA,NA,NA,NA,NA,NA,NA,NA,NA,NA,NA,NA,NA,NA,NA,NA,NA,NA,NA,NA,NA,NA,NA,NA,NA,NA,NA,NA,NA,NA,NA,NA,NA,NA,NA,NA,NA,NA,NA,NA,NA,NA,NA,NA,NA,NA,NA,NA,NA,NA,NA,NA,NA,NA,NA,NA,NA,NA,NA,NA,NA,NA,NA,NA,NA,NA,NA,NA,NA,NA,NA,NA,NA,NA,NA,NA,NA,NA
"motile_epifauna",-0.000151456421676244,0.000174074242394795,-0.000282288711943579,-0.0114440824909394,-3.53438547477936e-05,-0.000919797272928236,1.37044435177813e-06,0.0176589356628654,5.33543309728657e-05,1.49540529292835e-05,0.0325594613053966,0.00477357588709992,0.0123169818999855,0.00434302625185978,1.41843219125803e-06,0.00485718169831273,3.48411788309022e-09,-2.64167356177457,-0.000456866379408893,0.000757561802060991,-0.0118634278955057,-0.0080154941310866,-0.0111241518511918,0.102336308726379,-0.00633145961394632,0.00725263104945384,-0.0434065892491731,-0.146570539658967,-0.0664098531164541,-0.0729593624331244,0.00826884943370487,-0.0819507571797686,-2.25767976505719,-0.140258102110678,0.753031264465037,0.900020204542543,0.28018934064869,0.0208451093834299,-0.141616879503104,0.610976653556762,-0.236050689972785,-2.90824659912984,0.358685690110178,0.0322725141517992,0.0342481296878816,-0.122272541041212,0.00277356053319977,0.00925798392658805,0.213544298484138,0.00091648823533319,0.398686482527722,-0.212709007312114,1.15514724913918,-0.500616943217565,-0.0242032276124746,-0.0225720236904294,-0.0368011003156852,-0.0594830670957123,-0.00463127782174411,-0.275718556000555,-0.165828507637883,2.74391768456444,1.15060510531829,-0.00416397978366945,0.183001674972715,-0.0894815186401701,-1.99040030301077,0.0172472297578139,0.00964476980959716,0.421614192784475,0.0197153972791426,-0.00835570540721164,0.0123212154388739,0.00293573690359494,0.0492384858998918,0.00270704697541646,-0.00170130837183535,-0.338203325589291,0.00306041861176709,-0.127134699999317,0.00344772807373772,0.0444178485604425,-0.609099168928964,0.00832502519885736,0.0413629043622166,-0.193118045040151
"benthic_zooplankton",NA,NA,NA,NA,NA,NA,NA,NA,NA,NA,NA,NA,NA,NA,NA,NA,NA,NA,NA,NA,NA,NA,NA,NA,NA,NA,NA,NA,NA,NA,NA,NA,NA,NA,NA,NA,NA,NA,NA,NA,NA,NA,NA,NA,NA,NA,NA,NA,NA,NA,NA,NA,NA,NA,NA,NA,NA,NA,NA,NA,NA,NA,NA,NA,NA,NA,NA,NA,NA,NA,NA,NA,NA,NA,NA,NA,NA,NA,NA,NA,NA,NA,NA,NA,NA,NA
"sessile_epifauna",-1.38542255161411e-05,4.329717079532e-05,8.64053284388433e-06,0.000243109539529662,-0.000111108419083017,2.66416982315221e-05,1.35650571113644e-05,-0.000103603285425358,6.88769479229023e-06,2.4823837136978e-06,0.000118253539628022,0.000249287499732631,-2.67630230625926e-05,-5.08955939766409e-05,2.21393836596917e-09,-0.000571698638828444,-3.42343042802895e-10,1.41181845308953,-9.04366022602687e-06,3.65718295292083e-05,0.00275237396316808,0.000689810252167078,-0.000753360492987021,-0.0170910451289075,0.0467779817739169,2.42276297246491e-05,0.0111576021970974,-0.000569407881791051,-0.000998170367948248,0.0219366849305516,-0.000652134239957469,0.00511002132693061,0.0114888902380672,2.17148029371117e-05,0.00543419130235367,0.0095054696813488,0.00209962552606147,6.90684229560645e-05,-0.00284762322714105,0.00618128259915629,0.0116011148062922,-0.0139106611823028,0.00473196677860166,0.0008001774194204,0.00211271428250814,0.00192003716702782,0.00237928915172514,-7.08829030369174e-05,0.0232577632057991,-0.0255905912765124,0.0244740129296224,0.00193187294682939,-0.0207552686986263,0.00872988189936397,0.00141635705964926,0.00485832598522418,-0.000134341236194047,0.00134742880118832,0.00929516353996096,-0.000336724040409742,0.0263821143569105,-0.00189266044176062,0.0982922939702791,-0.00228546379958061,0.00900018811990755,0.00378371509081443,0.000128819693005156,0.0127992938463484,0.0554218482640261,0.0224636913058429,0.000392053846260509,0.00955239870468194,-0.00120848033128329,0.00196862851919111,0.00296112072088572,0.010336558752928,0.000345916027379545,0.0199183316879674,0.00142905431504037,-0.00108289023056329,0.000900647973242741,0.000164094283269911,-0.0170990849357802,0.000346896243387462,0.0026276614741052,0.0204134653650625
"infauna",NA,NA,NA,NA,NA,NA,NA,NA,NA,NA,NA,NA,NA,NA,NA,NA,NA,NA,NA,NA,NA,NA,NA,NA,NA,NA,NA,NA,NA,NA,NA,NA,NA,NA,NA,NA,NA,NA,NA,NA,NA,NA,NA,NA,NA,NA,NA,NA,NA,NA,NA,NA,NA,NA,NA,NA,NA,NA,NA,NA,NA,NA,NA,NA,NA,NA,NA,NA,NA,NA,NA,NA,NA,NA,NA,NA,NA,NA,NA,NA,NA,NA,NA,NA,NA,NA
"gelatinous_carnivores",0.000270272512011616,0.00210903760347492,0.000201649456414543,-0.00182128765732159,3.63094800377439e-05,4.36265173107131e-05,-0.0011163009825168,0.126344210573848,0.000453819342453698,0.000162488657110771,-0.00717696008473467,0.00553265309440576,-5.15304571990782e-06,0.000908902355774899,1.39663484333141e-07,0.00252843168283334,-5.51722223463003e-10,-1.16319030605365,0.000175046370088694,-0.000855588753779557,0.143525028065483,0.0916463809026027,-0.105832507884543,-1.00107439812189,-0.0715707386985969,-0.130297932313908,0.0527485500861076,-0.00338326143469203,0.00442098241484246,-0.402458121889424,0.0105250306395988,-0.192071002780324,0.0629841306030698,0.0191343414007861,3.1787560596149,2.9591869450889,-0.0200218078369971,0.0220625196025139,0.0100295061117208,-0.0272166903220636,0.021080274153519,0.0240366826335503,1.11524888339972,0.0194076609835747,-0.0396696170088831,-0.6156980816246,2.97767585797976,0.00753893824048646,-0.34586640334129,0.00241138927441398,0.263984739349439,0.451005348173851,-1.20083714563935,-0.179666168511005,0.0110997783269227,-0.0156410573287644,-0.0630056530094976,-0.322112484051331,-0.0705196366454857,-0.065524084393644,0.00919917728361952,0.0574833372144781,-0.0919107232583656,-7.70882067513412e-05,0.412742171962805,0.167037079131262,0.140973331976227,0.145020026707584,-0.000337595565270021,0.082904164968113,5.03707490140386,0.995883467927797,0.0276913357153035,-0.0289160878836583,-0.778404690566447,-0.164984792368955,0.109278422658406,-0.268024354131455,0.0615635289058218,-0.0742290662887513,0.0314993643046932,0.000418001254615774,0.064656620825815,-0.00124210244786127,0.0200221315836302,0.0822354050849867
"other_gelatinous_zooplankton",NA,NA,NA,NA,NA,NA,NA,NA,NA,NA,NA,NA,NA,NA,NA,NA,NA,NA,NA,NA,NA,NA,NA,NA,NA,NA,NA,NA,NA,NA,NA,NA,NA,NA,NA,NA,NA,NA,NA,NA,NA,NA,NA,NA,NA,NA,NA,NA,NA,NA,NA,NA,NA,NA,NA,NA,NA,NA,NA,NA,NA,NA,NA,NA,NA,NA,NA,NA,NA,NA,NA,NA,NA,NA,NA,NA,NA,NA,NA,NA,NA,NA,NA,NA,NA,NA
"mysids",NA,NA,NA,NA,NA,NA,NA,NA,NA,NA,NA,NA,NA,NA,NA,NA,NA,NA,NA,NA,NA,NA,NA,NA,NA,NA,NA,NA,NA,NA,NA,NA,NA,NA,NA,NA,NA,NA,NA,NA,NA,NA,NA,NA,NA,NA,NA,NA,NA,NA,NA,NA,NA,NA,NA,NA,NA,NA,NA,NA,NA,NA,NA,NA,NA,NA,NA,NA,NA,NA,NA,NA,NA,NA,NA,NA,NA,NA,NA,NA,NA,NA,NA,NA,NA,NA
"pelagic_amphipods",NA,NA,NA,NA,NA,NA,NA,NA,NA,NA,NA,NA,NA,NA,NA,NA,NA,NA,NA,NA,NA,NA,NA,NA,NA,NA,NA,NA,NA,NA,NA,NA,NA,NA,NA,NA,NA,NA,NA,NA,NA,NA,NA,NA,NA,NA,NA,NA,NA,NA,NA,NA,NA,NA,NA,NA,NA,NA,NA,NA,NA,NA,NA,NA,NA,NA,NA,NA,NA,NA,NA,NA,NA,NA,NA,NA,NA,NA,NA,NA,NA,NA,NA,NA,NA,NA
"euphausiids",0.00339194542220866,0.0011136003708998,-0.000199170668111037,-0.0076482184113047,0.00647171298760441,0.00323015439334995,-0.00344908597207905,0.228046215328959,0.00372994012332128,0.00167218304022754,0.146579862536782,0.0842256385585642,-0.00230385121130894,0.00967622241705612,-1.02376816357719e-07,0.0408752801490664,-4.35438778367825e-08,21.5492078192069,-0.000139398126520973,0.00657772378417576,2.01377100099671,1.34726163716141,-0.13558702651062,-22.3588531939095,-0.414084463182007,-1.5377421264584,-0.355661715581391,0.0854594294291928,0.0548940798480544,-0.00424267630069153,-0.0260833712000021,-0.527508136800861,1.17882162625665,0.0909821476034267,5.86797477291611,5.96010476267429,0.0807256239618255,0.0578407883685941,0.0281081932789675,-0.113522563735387,0.0275228074347069,-0.146086037826535,2.26890906507651,0.0628634155214058,-0.461246861063955,0.207818401227087,-0.166607981341258,0.00210509773251033,0.420662995034945,0.0140917655412522,-1.82934952484175,0.916757919032079,5.29512344086697,-1.9569022276105,0.00644565652464735,-0.188750573595826,-0.86346735511961,-0.479026850364789,-0.355150291970403,-0.267892079824378,-0.390401068303618,-0.0393109533019924,0.083179582302364,-0.000139386764658411,0.477152751276662,0.352431168269959,-0.10853473251791,0.165106680493864,0.00210787677497137,0.0613080812822773,-1.18524781048063,-0.0539277135289922,-0.0274155995407455,0.0510913585812887,0.711133900121695,-4.72690826261532,-0.236342498986687,-3.27223491910263,0.108911721705226,-1.94184823438263,0.197721420001471,0.000175795578343241,0.215687555456498,0.000932495596771332,-0.0350870059442059,0.292946129200118
"large_copepods",2.14444271477987e-05,0.00376862280575097,2.19033536268398e-05,2.53194817787517e-05,0.00123405198758064,0.00300767348699083,0.000299794271541032,0.01752683863333,-0.00020541585229239,-9.95236640619623e-05,0.00548353418878378,-0.00153173010164664,7.69443269064141e-05,-0.000361447366344692,-2.7340320229996e-08,-0.00104749370416357,2.32182628678856e-09,-7.02798383613458,0.000801745618787209,0.000580194899043818,-0.072761587888408,-0.100776663754914,-0.0152652608978769,1.35788796493182,-0.019718977125649,0.0232752835709107,0.00809161997824503,0.0526396497294854,0.00263274467602059,-0.00535761872026796,-0.000105789087569974,-0.0272769666624981,0.129689301021017,0.00606019504994038,0.466918581783602,0.45223152135577,0.0371160305630838,0.0131549344821451,-0.000696460741210103,0.00399021506223107,-0.0107104868432089,-0.00608486153146259,-0.0290529617788025,0.0246588993686601,-0.00735634902059701,-0.020243574493179,0.158242570278958,0.000365914214853547,0.0539941512666928,-0.000257233434467707,0.067047951282575,-0.010150851872595,1.03896405350531,0.1681772748002,0.000127801957773954,-0.0014049451280016,0.0837198077387029,0.0180841151409368,-0.00179258710932118,0.0102702490233924,0.00724934431775637,0.00642765934230738,0.00123338994865207,2.18003219742968e-06,0.015887126208213,0.0276444054138665,0.00177040576420495,0.0058727839001449,0.0002856609629589,0.0227509127515759,0.124265768660621,0.0189075297396357,-0.0341164916577554,0.15127464264333,-0.0169571117140777,-3.80268168124223,0.0663016489453412,-0.720041485872116,0.0705746847609134,0.156547235471635,0.109387776247445,4.32880493690391e-05,0.0125401993358309,-3.41666441272537e-05,0.00535555145950184,0.00992341012681663
"small_copepods",0.00180364043080772,9.43498230299156e-06,-0.000119373970619563,-0.00555234256489712,0.00344573910729196,0.000633350324960702,-0.00263393978093518,0.115198648117484,0.00215654187559267,0.000973648611534372,0.0694674046008004,0.0475724661453114,-0.00139241283773117,0.00593591903907509,2.70644704869483e-07,0.0291909448255865,4.87259512738092e-08,14.3471179923906,-0.000915512175424738,0.00324935151888894,1.14893969214836,0.782869024582624,-0.0852660497698707,-12.880682626389,-0.229883926456296,-0.784040477521785,-0.21346940515491,0.0352395232021081,0.0312591463150511,-0.00320803956674354,-0.0136970789205861,-0.289384941851267,0.551088344002892,0.0470117277402551,2.95043508049139,2.94137943702071,0.0481759222172968,0.031397161090581,0.0160199543545332,-0.063744661800456,0.0198806945086289,-0.0793247493777471,1.10024584322332,0.016315865602337,-0.216132395970135,0.116002574501408,-0.110792458912101,0.00078634388160026,0.184400874623407,0.00668598815855148,-1.03480548598986,0.472698659157231,1.87176167359189,-0.830668432770835,0.00318352625095031,-0.0989979686464721,-0.324943008592072,-0.241257549449983,-0.180200316883202,-0.178559055490041,-0.220578190127981,-0.0282263604642594,0.0533934039387987,-6.7042328282696e-05,0.244142517346063,0.170912031436956,-0.0610519764425135,0.0908816832447883,0.00139398351734599,0.0386303633592888,-0.717525173758759,-0.0384986194592329,-0.0145159046328445,0.0612310366616384,-3.04934952879921,1.05393754915508,-2.32543377823731,1.90031822450192,-0.182127820962478,-0.0794610030600325,-0.31663982738587,0.000100738411674683,0.112999906084497,0.000598799431600128,-0.0231216157992549,0.153591053799119
"large_microzooplankton",NA,NA,NA,NA,NA,NA,NA,NA,NA,NA,NA,NA,NA,NA,NA,NA,NA,NA,NA,NA,NA,NA,NA,NA,NA,NA,NA,NA,NA,NA,NA,NA,NA,NA,NA,NA,NA,NA,NA,NA,NA,NA,NA,NA,NA,NA,NA,NA,NA,NA,NA,NA,NA,NA,NA,NA,NA,NA,NA,NA,NA,NA,NA,NA,NA,NA,NA,NA,NA,NA,NA,NA,NA,NA,NA,NA,NA,NA,NA,NA,NA,NA,NA,NA,NA,NA
"small_microzooplankton",NA,NA,NA,NA,NA,NA,NA,NA,NA,NA,NA,NA,NA,NA,NA,NA,NA,NA,NA,NA,NA,NA,NA,NA,NA,NA,NA,NA,NA,NA,NA,NA,NA,NA,NA,NA,NA,NA,NA,NA,NA,NA,NA,NA,NA,NA,NA,NA,NA,NA,NA,NA,NA,NA,NA,NA,NA,NA,NA,NA,NA,NA,NA,NA,NA,NA,NA,NA,NA,NA,NA,NA,NA,NA,NA,NA,NA,NA,NA,NA,NA,NA,NA,NA,NA,NA
"large_phytoplankton",NA,NA,NA,NA,NA,NA,NA,NA,NA,NA,NA,NA,NA,NA,NA,NA,NA,NA,NA,NA,NA,NA,NA,NA,NA,NA,NA,NA,NA,NA,NA,NA,NA,NA,NA,NA,NA,NA,NA,NA,NA,NA,NA,NA,NA,NA,NA,NA,NA,NA,NA,NA,NA,NA,NA,NA,NA,NA,NA,NA,NA,NA,NA,NA,NA,NA,NA,NA,NA,NA,NA,NA,NA,NA,NA,NA,NA,NA,NA,NA,NA,NA,NA,NA,NA,NA
"small_phytoplankton",NA,NA,NA,NA,NA,NA,NA,NA,NA,NA,NA,NA,NA,NA,NA,NA,NA,NA,NA,NA,NA,NA,NA,NA,NA,NA,NA,NA,NA,NA,NA,NA,NA,NA,NA,NA,NA,NA,NA,NA,NA,NA,NA,NA,NA,NA,NA,NA,NA,NA,NA,NA,NA,NA,NA,NA,NA,NA,NA,NA,NA,NA,NA,NA,NA,NA,NA,NA,NA,NA,NA,NA,NA,NA,NA,NA,NA,NA,NA,NA,NA,NA,NA,NA,NA,NA
"macroalgae",NA,NA,NA,NA,NA,NA,NA,NA,NA,NA,NA,NA,NA,NA,NA,NA,NA,NA,NA,NA,NA,NA,NA,NA,NA,NA,NA,NA,NA,NA,NA,NA,NA,NA,NA,NA,NA,NA,NA,NA,NA,NA,NA,NA,NA,NA,NA,NA,NA,NA,NA,NA,NA,NA,NA,NA,NA,NA,NA,NA,NA,NA,NA,NA,NA,NA,NA,NA,NA,NA,NA,NA,NA,NA,NA,NA,NA,NA,NA,NA,NA,NA,NA,NA,NA,NA
"benthic_microbes",NA,NA,NA,NA,NA,NA,NA,NA,NA,NA,NA,NA,NA,NA,NA,NA,NA,NA,NA,NA,NA,NA,NA,NA,NA,NA,NA,NA,NA,NA,NA,NA,NA,NA,NA,NA,NA,NA,NA,NA,NA,NA,NA,NA,NA,NA,NA,NA,NA,NA,NA,NA,NA,NA,NA,NA,NA,NA,NA,NA,NA,NA,NA,NA,NA,NA,NA,NA,NA,NA,NA,NA,NA,NA,NA,NA,NA,NA,NA,NA,NA,NA,NA,NA,NA,NA
"discards",NA,NA,NA,NA,NA,NA,NA,NA,NA,NA,NA,NA,NA,NA,NA,NA,NA,NA,NA,NA,NA,NA,NA,NA,NA,NA,NA,NA,NA,NA,NA,NA,NA,NA,NA,NA,NA,NA,NA,NA,NA,NA,NA,NA,NA,NA,NA,NA,NA,NA,NA,NA,NA,NA,NA,NA,NA,NA,NA,NA,NA,NA,NA,NA,NA,NA,NA,NA,NA,NA,NA,NA,NA,NA,NA,NA,NA,NA,NA,NA,NA,NA,NA,NA,NA,NA
"offal",NA,NA,NA,NA,NA,NA,NA,NA,NA,NA,NA,NA,NA,NA,NA,NA,NA,NA,NA,NA,NA,NA,NA,NA,NA,NA,NA,NA,NA,NA,NA,NA,NA,NA,NA,NA,NA,NA,NA,NA,NA,NA,NA,NA,NA,NA,NA,NA,NA,NA,NA,NA,NA,NA,NA,NA,NA,NA,NA,NA,NA,NA,NA,NA,NA,NA,NA,NA,NA,NA,NA,NA,NA,NA,NA,NA,NA,NA,NA,NA,NA,NA,NA,NA,NA,NA
"detritus",NA,NA,NA,NA,NA,NA,NA,NA,NA,NA,NA,NA,NA,NA,NA,NA,NA,NA,NA,NA,NA,NA,NA,NA,NA,NA,NA,NA,NA,NA,NA,NA,NA,NA,NA,NA,NA,NA,NA,NA,NA,NA,NA,NA,NA,NA,NA,NA,NA,NA,NA,NA,NA,NA,NA,NA,NA,NA,NA,NA,NA,NA,NA,NA,NA,NA,NA,NA,NA,NA,NA,NA,NA,NA,NA,NA,NA,NA,NA,NA,NA,NA,NA,NA,NA,NA
