"year","Species","totB","SSB","Catch","Climate","Frate","Region","Model","Scenario"
1991,"POL",2884927.16511783,1690895.40603404,87828.010002781,"persistence","F0","WGOA","Rpath","base"
1991,"COD",399280.293878193,93224.2373585632,64466.829990571,"persistence","F0","WGOA","Rpath","base"
1991,"ATF",1554327.80462664,597326.97740596,16958.380011156,"persistence","F0","WGOA","Rpath","base"
1992,"POL",2892495.91324268,1696087.27813365,90585.189961806,"persistence","F0","WGOA","Rpath","base"
1992,"COD",371842.900083054,88999.2287874369,78966.500089317,"persistence","F0","WGOA","Rpath","base"
1992,"ATF",1551901.37581743,598021.211707819,20482.180062468,"persistence","F0","WGOA","Rpath","base"
1993,"POL",2886917.46017875,1690078.21042351,108230.180085742,"persistence","F0","WGOA","Rpath","base"
1993,"COD",375328.175429555,91984.46817467,45849.170066118,"persistence","F0","WGOA","Rpath","base"
1993,"ATF",1551566.34683954,599298.159270716,18294.449920618,"persistence","F0","WGOA","Rpath","base"
1994,"POL",2891612.89701311,1691340.87032149,100412.359942985,"persistence","F0","WGOA","Rpath","base"
1994,"COD",374238.505424238,92168.0244909248,45610.579965874,"persistence","F0","WGOA","Rpath","base"
1994,"ATF",1547453.431915,598480.508802417,21993.239976229,"persistence","F0","WGOA","Rpath","base"
1995,"POL",2920445.2429594,1709974.75171492,69168.129925675,"persistence","F0","WGOA","Rpath","base"
1995,"COD",354241.118245692,88060.9264831689,67907.179992219,"persistence","F0","WGOA","Rpath","base"
1995,"ATF",1548788.07321952,599203.455585779,17415.490044603,"persistence","F0","WGOA","Rpath","base"
1996,"POL",2949537.49989699,1727520.76771419,49825.8700384,"persistence","F0","WGOA","Rpath","base"
1996,"COD",348901.269856949,89289.8998161644,55391.660096973,"persistence","F0","WGOA","Rpath","base"
1996,"ATF",1545296.54167072,597141.15385086,21555.609900557,"persistence","F0","WGOA","Rpath","base"
1997,"POL",2946193.76182491,1722365.56372477,84179.649971753,"persistence","F0","WGOA","Rpath","base"
1997,"COD",339607.871812025,88455.8466619866,58920.579990637,"persistence","F0","WGOA","Rpath","base"
1997,"ATF",1547340.93937387,596389.731746862,14758.279890696,"persistence","F0","WGOA","Rpath","base"
1998,"POL",3007840.54757787,1762267.82292695,5428.379997642,"persistence","F0","WGOA","Rpath","base"
1998,"COD",338402.008126062,87897.0996300377,50218.950113863,"persistence","F0","WGOA","Rpath","base"
1998,"ATF",1552042.17068945,596282.511778416,12377.190009373,"persistence","F0","WGOA","Rpath","base"
1999,"POL",2993956.26360435,1751820.3586859,90556.900062537,"persistence","F0","WGOA","Rpath","base"
1999,"COD",323385.504513683,83134.3281978233,66264.67009813,"persistence","F0","WGOA","Rpath","base"
1999,"ATF",1556822.57219736,596729.653748177,14649.229924965,"persistence","F0","WGOA","Rpath","base"
2000,"POL",3049484.66889728,1789601.2235707,5552.830105466,"persistence","F0","WGOA","Rpath","base"
2000,"COD",321234.70478313,82993.6306736087,53384.869944958,"persistence","F0","WGOA","Rpath","base"
2000,"ATF",1555589.60333769,595731.530286997,22993.75009338,"persistence","F0","WGOA","Rpath","base"
2001,"POL",3082953.38628358,1808450.38491623,3452.299978517,"persistence","F0","WGOA","Rpath","base"
2001,"COD",327836.052151014,85350.6677932879,40517.409954733,"persistence","F0","WGOA","Rpath","base"
2001,"ATF",1559150.39699574,597017.281545479,17416.199986059,"persistence","F0","WGOA","Rpath","base"
2002,"POL",3117695.91098478,1828996.8919311,1698.029945361,"persistence","F0","WGOA","Rpath","base"
2002,"COD",329657.199807253,86672.396799144,41567.989960821,"persistence","F0","WGOA","Rpath","base"
2002,"ATF",1561074.36729579,598208.760306624,20173.560012907,"persistence","F0","WGOA","Rpath","base"
2003,"POL",3105660.59060301,1817041.08768011,48590.077011908,"persistence","F0","WGOA","Rpath","base"
2003,"COD",321002.232869284,86072.6548698382,52365.755088864,"persistence","F0","WGOA","Rpath","base"
2003,"ATF",1552272.45436907,595288.634146958,30169.771891001,"persistence","F0","WGOA","Rpath","base"
2004,"POL",3100496.17999595,1811816.72016729,62434.439922489,"persistence","F0","WGOA","Rpath","base"
2004,"COD",310907.346053104,86861.6844619175,56450.241969657,"persistence","F0","WGOA","Rpath","base"
2004,"ATF",1557805.52630999,597533.747722124,15634.908041003,"persistence","F0","WGOA","Rpath","base"
2005,"POL",3085140.75609541,1801622.59658072,78302.791927256,"persistence","F0","WGOA","Rpath","base"
2005,"COD",308747.712383036,89355.0329510825,47523.779925577,"persistence","F0","WGOA","Rpath","base"
2005,"ATF",1557456.93296847,596651.527725103,19923.573051558,"persistence","F0","WGOA","Rpath","base"
2006,"POL",3088115.70042571,1805154.79373703,68928.307992488,"persistence","F0","WGOA","Rpath","base"
2006,"COD",305285.425387622,89662.8420266119,47767.079961499,"persistence","F0","WGOA","Rpath","base"
2006,"ATF",1552052.55675712,593803.972010943,27622.698918064,"persistence","F0","WGOA","Rpath","base"
2007,"POL",3108388.6659623,1820162.18935033,51572.307003871,"persistence","F0","WGOA","Rpath","base"
2007,"COD",298656.827987615,86970.5841575916,51812.178003779,"persistence","F0","WGOA","Rpath","base"
2007,"ATF",1552833.11070127,593773.096946291,25346.986980543,"persistence","F0","WGOA","Rpath","base"
2008,"POL",3122657.32782491,1829614.82622622,50786.206014733,"persistence","F0","WGOA","Rpath","base"
2008,"COD",288014.19715692,83738.4257426123,58386.384025578,"persistence","F0","WGOA","Rpath","base"
2008,"ATF",1551453.5168298,592951.977723493,29205.939969489,"persistence","F0","WGOA","Rpath","base"
2009,"POL",3143273.39859891,1841984.8200306,41549.503075916,"persistence","F0","WGOA","Rpath","base"
2009,"COD",284535.848347064,83301.5655360441,51788.980009351,"persistence","F0","WGOA","Rpath","base"
2009,"ATF",1555113.02563569,594046.266118116,24831.742038702,"persistence","F0","WGOA","Rpath","base"
2010,"POL",3136117.03112817,1835292.14585186,73443.384226643,"persistence","F0","WGOA","Rpath","base"
2010,"COD",260387.074378808,76717.5680514182,76954.154598455,"persistence","F0","WGOA","Rpath","base"
2010,"ATF",1558263.17274182,594362.564843561,24339.446470918,"persistence","F0","WGOA","Rpath","base"
2011,"POL",3141056.08768375,1838289.75061505,77694.479623666,"persistence","F0","WGOA","Rpath","base"
2011,"COD",234318.516143285,69543.3060352226,83710.475394165,"persistence","F0","WGOA","Rpath","base"
2011,"ATF",1557071.61028742,592792.103233455,30911.821764055,"persistence","F0","WGOA","Rpath","base"
2012,"POL",3133568.47204365,1833854.71164897,98934.691224094,"persistence","F0","WGOA","Rpath","base"
2012,"COD",216652.39880077,64116.8215124414,76871.109994854,"persistence","F0","WGOA","Rpath","base"
2012,"ATF",1567597.98995377,595605.767059271,20761.909908427,"persistence","F0","WGOA","Rpath","base"
2013,"POL",3129803.3271359,1832301.64727678,90796.631609659,"persistence","F0","WGOA","Rpath","base"
2013,"COD",207097.746004189,61173.0549874287,66829.781618954,"persistence","F0","WGOA","Rpath","base"
2013,"ATF",1575636.64297929,596480.791969859,21809.3123161,"persistence","F0","WGOA","Rpath","base"
2014,"POL",3087331.43236134,1803398.13573914,138948.061996125,"persistence","F0","WGOA","Rpath","base"
2014,"COD",180191.44732662,54326.1747660013,83491.72820457,"persistence","F0","WGOA","Rpath","base"
2014,"ATF",1567912.16262094,590069.752717628,36524.501530691,"persistence","F0","WGOA","Rpath","base"
2015,"POL",3045526.28555765,1775739.07919012,162807.64603073,"persistence","F0","WGOA","Rpath","base"
2015,"COD",157932.722055918,48934.4411406065,77689.992014231,"persistence","F0","WGOA","Rpath","base"
2015,"ATF",1577268.81804826,588791.535950363,19296.587221708,"persistence","F0","WGOA","Rpath","base"
2016,"POL",3007798.29217938,1753763.79832681,173086.352394527,"persistence","F0","WGOA","Rpath","base"
2016,"COD",147656.615382295,47339.0097704077,62867.327429592,"persistence","F0","WGOA","Rpath","base"
2016,"ATF",1586289.94323646,586210.878732567,19976.294186812,"persistence","F0","WGOA","Rpath","base"
2017,"POL",2976739.35759481,1738811.22499638,184220.028529305,"persistence","F0","WGOA","Rpath","base"
2017,"COD",147736.144697943,50239.6743054142,48204.214674581,"persistence","F0","WGOA","Rpath","base"
2017,"ATF",1591593.27599985,581990.660087748,27053.508990172,"persistence","F0","WGOA","Rpath","base"
2018,"POL",2968841.33230651,1740812.46211736,150815.192171791,"persistence","F0","WGOA","Rpath","base"
2018,"COD",174522.229212124,61112.9039308985,14681.29819652,"persistence","F0","WGOA","Rpath","base"
2018,"ATF",1607270.2111573,582229.748408732,18870.25094355,"persistence","F0","WGOA","Rpath","base"
2019,"POL",2976191.20523764,1750709.51749398,110649.271555557,"persistence","F0","WGOA","Rpath","base"
2019,"COD",197788.813002527,66355.8766877763,15200.420583165,"persistence","F0","WGOA","Rpath","base"
2019,"ATF",1614692.32773615,580069.536802079,24567.051964421,"persistence","F0","WGOA","Rpath","base"
2020,"POL",2989800.23372154,1764764.17925614,99971.064888454,"persistence","F0","WGOA","Rpath","base"
2020,"COD",228117.246163443,75554.157695705,6085.249338733,"persistence","F0","WGOA","Rpath","base"
2020,"ATF",1626337.87888343,581528.262199006,21115.899302007,"persistence","F0","WGOA","Rpath","base"
2021,"POL",2995471.3546608,1772438.50533179,93869.858770329,"persistence","F0","WGOA","Rpath","base"
2021,"COD",246074.372704438,80181.0093527916,18686.812307248,"persistence","F0","WGOA","Rpath","base"
2021,"ATF",1646164.5108165,588168.300651634,9846.300133144,"persistence","F0","WGOA","Rpath","base"
2022,"POL",2974120.54637082,1761962.33876902,123494.034078862,"persistence","F0","WGOA","Rpath","base"
2022,"COD",260979.527182403,80696.1334094475,25387.705315903,"persistence","F0","WGOA","Rpath","base"
2022,"ATF",1660853.23878419,595237.30180729,11531.831681252,"persistence","F0","WGOA","Rpath","base"
2023,"POL",2954851.4251591,1752685.58953514,124964.845430032,"persistence","F0","WGOA","Rpath","base"
2023,"COD",281428.087578789,80437.5383892256,21018.296907485,"persistence","F0","WGOA","Rpath","base"
2023,"ATF",1673786.77105883,603767.515260688,9114.887408711,"persistence","F0","WGOA","Rpath","base"
2024,"POL",3027028.35631,1805008.94036254,0,"persistence","F0","WGOA","Rpath","base"
2024,"COD",318578.534465951,85647.4554465362,0,"persistence","F0","WGOA","Rpath","base"
2024,"ATF",1692346.58774087,615925.943545487,0,"persistence","F0","WGOA","Rpath","base"
2025,"POL",3068557.401258,1833252.36666854,0,"persistence","F0","WGOA","Rpath","base"
2025,"COD",349935.24311271,89592.9910891047,0,"persistence","F0","WGOA","Rpath","base"
2025,"ATF",1707692.8545646,627451.87178386,0,"persistence","F0","WGOA","Rpath","base"
2026,"POL",3097588.97780897,1852722.44320427,0,"persistence","F0","WGOA","Rpath","base"
2026,"COD",376995.838863023,94557.9193395354,0,"persistence","F0","WGOA","Rpath","base"
2026,"ATF",1720938.16202722,638088.365606934,0,"persistence","F0","WGOA","Rpath","base"
2027,"POL",3117209.92725462,1865125.83877122,0,"persistence","F0","WGOA","Rpath","base"
2027,"COD",400357.926571329,100868.647158978,0,"persistence","F0","WGOA","Rpath","base"
2027,"ATF",1731484.86836131,646680.372023669,0,"persistence","F0","WGOA","Rpath","base"
2028,"POL",3130108.19121412,1873207.3101505,0,"persistence","F0","WGOA","Rpath","base"
2028,"COD",420459.310992738,107598.081399179,0,"persistence","F0","WGOA","Rpath","base"
2028,"ATF",1739505.20209643,652927.280124416,0,"persistence","F0","WGOA","Rpath","base"
2029,"POL",3138679.44574954,1878931.31001819,0,"persistence","F0","WGOA","Rpath","base"
2029,"COD",437738.283646009,113727.903078503,0,"persistence","F0","WGOA","Rpath","base"
2029,"ATF",1745554.15246428,657061.494130494,0,"persistence","F0","WGOA","Rpath","base"
2030,"POL",3144504.9976152,1883372.03209908,0,"persistence","F0","WGOA","Rpath","base"
2030,"COD",452631.906638656,118853.193274221,0,"persistence","F0","WGOA","Rpath","base"
2030,"ATF",1750274.74343932,659326.084141001,0,"persistence","F0","WGOA","Rpath","base"
2031,"POL",3148589.31356843,1887019.23202229,0,"persistence","F0","WGOA","Rpath","base"
2031,"COD",465594.360462529,122853.427027821,0,"persistence","F0","WGOA","Rpath","base"
2031,"ATF",1754190.20946573,660076.721436302,0,"persistence","F0","WGOA","Rpath","base"
2032,"POL",3151642.48149923,1890141.27678452,0,"persistence","F0","WGOA","Rpath","base"
2032,"COD",477041.970436055,125616.572172772,0,"persistence","F0","WGOA","Rpath","base"
2032,"ATF",1757644.35328327,659898.732354093,0,"persistence","F0","WGOA","Rpath","base"
2033,"POL",3154214.16121652,1892947.85066427,0,"persistence","F0","WGOA","Rpath","base"
2033,"COD",487292.506575681,127291.798878813,0,"persistence","F0","WGOA","Rpath","base"
2033,"ATF",1760824.80955892,659389.609114523,0,"persistence","F0","WGOA","Rpath","base"
2034,"POL",3156729.72053073,1895618.32044104,0,"persistence","F0","WGOA","Rpath","base"
2034,"COD",496572.422883472,128217.60787492,0,"persistence","F0","WGOA","Rpath","base"
2034,"ATF",1763810.93444743,659032.430013028,0,"persistence","F0","WGOA","Rpath","base"
2035,"POL",3159509.77694579,1898301.73206941,0,"persistence","F0","WGOA","Rpath","base"
2035,"COD",505038.655219184,128754.553290354,0,"persistence","F0","WGOA","Rpath","base"
2035,"ATF",1766619.31798499,659126.008858201,0,"persistence","F0","WGOA","Rpath","base"
2036,"POL",3162801.41315724,1901129.12528539,0,"persistence","F0","WGOA","Rpath","base"
2036,"COD",512800.660554282,129169.47956821,0,"persistence","F0","WGOA","Rpath","base"
2036,"ATF",1769240.95830905,659784.7378189,0,"persistence","F0","WGOA","Rpath","base"
2037,"POL",3166806.02046159,1904226.68863828,0,"persistence","F0","WGOA","Rpath","base"
2037,"COD",519940.83924319,129650.825480045,0,"persistence","F0","WGOA","Rpath","base"
2037,"ATF",1771668.71443916,660977.8710303,0,"persistence","F0","WGOA","Rpath","base"
2038,"POL",3171686.99182521,1907714.76218623,0,"persistence","F0","WGOA","Rpath","base"
2038,"COD",526532.759542664,130219.391899216,0,"persistence","F0","WGOA","Rpath","base"
2038,"ATF",1773913.75459236,662574.134566521,0,"persistence","F0","WGOA","Rpath","base"
2039,"POL",3177559.43601122,1911693.91993151,0,"persistence","F0","WGOA","Rpath","base"
2039,"COD",532650.410488438,130854.792068224,0,"persistence","F0","WGOA","Rpath","base"
2039,"ATF",1776010.87687445,664397.869559277,0,"persistence","F0","WGOA","Rpath","base"
2040,"POL",3184476.79277756,1916229.65946653,0,"persistence","F0","WGOA","Rpath","base"
2040,"COD",538370.878118221,131477.699788382,0,"persistence","F0","WGOA","Rpath","base"
2040,"ATF",1778014.72064304,666256.013875782,0,"persistence","F0","WGOA","Rpath","base"
2041,"POL",3192425.32881603,1921343.25645885,0,"persistence","F0","WGOA","Rpath","base"
2041,"COD",543767.26914618,131987.766071728,0,"persistence","F0","WGOA","Rpath","base"
2041,"ATF",1779990.21914966,668005.395759065,0,"persistence","F0","WGOA","Rpath","base"
2042,"POL",3201325.94839607,1927009.48031148,0,"persistence","F0","WGOA","Rpath","base"
2042,"COD",548902.667317841,132318.18208193,0,"persistence","F0","WGOA","Rpath","base"
2042,"ATF",1782001.15604175,669563.398948391,0,"persistence","F0","WGOA","Rpath","base"
2043,"POL",3211041.41921926,1933158.71263084,0,"persistence","F0","WGOA","Rpath","base"
2043,"COD",553822.407828616,132465.693826635,0,"persistence","F0","WGOA","Rpath","base"
2043,"ATF",1784100.07909443,670910.1065893,0,"persistence","F0","WGOA","Rpath","base"
2044,"POL",3221384.29702093,1939682.20193388,0,"persistence","F0","WGOA","Rpath","base"
2044,"COD",558554.457095182,132427.667297836,0,"persistence","F0","WGOA","Rpath","base"
2044,"ATF",1786321.45933638,672076.51170172,0,"persistence","F0","WGOA","Rpath","base"
2045,"POL",3232129.83445466,1946441.28662591,0,"persistence","F0","WGOA","Rpath","base"
2045,"COD",563105.03108761,132301.977257937,0,"persistence","F0","WGOA","Rpath","base"
2045,"ATF",1788678.91616366,673124.96433473,0,"persistence","F0","WGOA","Rpath","base"
2046,"POL",3243038.89815594,1953285.20659492,0,"persistence","F0","WGOA","Rpath","base"
2046,"COD",567469.443806087,132132.227558909,0,"persistence","F0","WGOA","Rpath","base"
2046,"ATF",1791165.98236696,674127.577500617,0,"persistence","F0","WGOA","Rpath","base"
2047,"POL",3253899.02698841,1960080.96989681,0,"persistence","F0","WGOA","Rpath","base"
2047,"COD",571632.642410459,131983.521423647,0,"persistence","F0","WGOA","Rpath","base"
2047,"ATF",1793759.75190101,675147.333192512,0,"persistence","F0","WGOA","Rpath","base"
2048,"POL",3264566.71748003,1966741.80233102,0,"persistence","F0","WGOA","Rpath","base"
2048,"COD",575581.988371376,131931.75766415,0,"persistence","F0","WGOA","Rpath","base"
2048,"ATF",1796427.53649411,676225.595367577,0,"persistence","F0","WGOA","Rpath","base"
2049,"POL",3274984.5987135,1973237.83699131,0,"persistence","F0","WGOA","Rpath","base"
2049,"COD",579314.403518599,131961.328752136,0,"persistence","F0","WGOA","Rpath","base"
2049,"ATF",1799134.20283709,677377.756730328,0,"persistence","F0","WGOA","Rpath","base"
2050,"POL",3285166.03765318,1979583.86729819,0,"persistence","F0","WGOA","Rpath","base"
2050,"COD",582829.510134582,132062.350800019,0,"persistence","F0","WGOA","Rpath","base"
2050,"ATF",1801848.61560346,678596.030505162,0,"persistence","F0","WGOA","Rpath","base"
2051,"POL",3295159.36302152,1985814.67416532,0,"persistence","F0","WGOA","Rpath","base"
2051,"COD",586137.833132283,132230.420279157,0,"persistence","F0","WGOA","Rpath","base"
2051,"ATF",1804547.90533286,679856.956332233,0,"persistence","F0","WGOA","Rpath","base"
2052,"POL",3305013.45653437,1991963.59172196,0,"persistence","F0","WGOA","Rpath","base"
2052,"COD",589258.053718065,132407.364711826,0,"persistence","F0","WGOA","Rpath","base"
2052,"ATF",1807218.36442313,681130.169731946,0,"persistence","F0","WGOA","Rpath","base"
2053,"POL",3314753.38543877,1998047.52990852,0,"persistence","F0","WGOA","Rpath","base"
2053,"COD",592209.804984882,132557.996957206,0,"persistence","F0","WGOA","Rpath","base"
2053,"ATF",1809854.03346874,682386.431874436,0,"persistence","F0","WGOA","Rpath","base"
2054,"POL",3324364.00060412,2004055.97582943,0,"persistence","F0","WGOA","Rpath","base"
2054,"COD",595010.578743507,132661.099902592,0,"persistence","F0","WGOA","Rpath","base"
2054,"ATF",1812454.25735516,683603.569301747,0,"persistence","F0","WGOA","Rpath","base"
2055,"POL",3333785.19510864,2009949.0964008,0,"persistence","F0","WGOA","Rpath","base"
2055,"COD",597672.11875891,132721.870160339,0,"persistence","F0","WGOA","Rpath","base"
2055,"ATF",1815020.43865882,684769.064822243,0,"persistence","F0","WGOA","Rpath","base"
2056,"POL",3342916.00849266,2015661.47832785,0,"persistence","F0","WGOA","Rpath","base"
2056,"COD",600200.670635657,132745.630131489,0,"persistence","F0","WGOA","Rpath","base"
2056,"ATF",1817553.13635294,685879.751630871,0,"persistence","F0","WGOA","Rpath","base"
2057,"POL",3351630.66382985,2021113.041975,0,"persistence","F0","WGOA","Rpath","base"
2057,"COD",602597.412961279,132738.782455531,0,"persistence","F0","WGOA","Rpath","base"
2057,"ATF",1820049.80447707,686939.184738316,0,"persistence","F0","WGOA","Rpath","base"
2058,"POL",3359812.74848384,2026231.55429753,0,"persistence","F0","WGOA","Rpath","base"
2058,"COD",604858.653160593,132721.099850879,0,"persistence","F0","WGOA","Rpath","base"
2058,"ATF",1822503.719781,687953.954001124,0,"persistence","F0","WGOA","Rpath","base"
2059,"POL",3367394.63896052,2030977.96768549,0,"persistence","F0","WGOA","Rpath","base"
2059,"COD",606980.883512672,132710.911627091,0,"persistence","F0","WGOA","Rpath","base"
2059,"ATF",1824904.58225502,688930.442896602,0,"persistence","F0","WGOA","Rpath","base"
2060,"POL",3374379.99272818,2035359.46496805,0,"persistence","F0","WGOA","Rpath","base"
2060,"COD",608963.555814581,132720.672824476,0,"persistence","F0","WGOA","Rpath","base"
2060,"ATF",1827240.43553824,689872.791411794,0,"persistence","F0","WGOA","Rpath","base"
2061,"POL",3380836.25624207,2039422.51710303,0,"persistence","F0","WGOA","Rpath","base"
2061,"COD",610810.451051153,132769.888825797,0,"persistence","F0","WGOA","Rpath","base"
2061,"ATF",1829500.22805258,690782.497481597,0,"persistence","F0","WGOA","Rpath","base"
2062,"POL",3386865.32619333,2043232.73249176,0,"persistence","F0","WGOA","Rpath","base"
2062,"COD",612530.164208745,132838.461714619,0,"persistence","F0","WGOA","Rpath","base"
2062,"ATF",1831675.92262621,691659.286332676,0,"persistence","F0","WGOA","Rpath","base"
2063,"POL",3392571.0176122,2046853.92138959,0,"persistence","F0","WGOA","Rpath","base"
2063,"COD",614132.646563546,132918.844849146,0,"persistence","F0","WGOA","Rpath","base"
2063,"ATF",1833763.21607078,692502.196837802,0,"persistence","F0","WGOA","Rpath","base"
2064,"POL",3398033.9869769,2050333.0447418,0,"persistence","F0","WGOA","Rpath","base"
2064,"COD",615628.889042356,133000.390289611,0,"persistence","F0","WGOA","Rpath","base"
2064,"ATF",1835761.23381301,693310.627641962,0,"persistence","F0","WGOA","Rpath","base"
2065,"POL",3403296.64251318,2053691.96187292,0,"persistence","F0","WGOA","Rpath","base"
2065,"COD",617029.591685184,133072.76471025,0,"persistence","F0","WGOA","Rpath","base"
2065,"ATF",1837671.62438891,694085.119457699,0,"persistence","F0","WGOA","Rpath","base"
2066,"POL",3408357.02809247,2056924.48638526,0,"persistence","F0","WGOA","Rpath","base"
2066,"COD",618343.498907464,133128.607463072,0,"persistence","F0","WGOA","Rpath","base"
2066,"ATF",1839497.15378742,694827.35814525,0,"persistence","F0","WGOA","Rpath","base"
2067,"POL",3413171.40995002,2059998.71720921,0,"persistence","F0","WGOA","Rpath","base"
2067,"COD",619576.437871859,133164.757012333,0,"persistence","F0","WGOA","Rpath","base"
2067,"ATF",1841240.36253514,695539.686516737,0,"persistence","F0","WGOA","Rpath","base"
2068,"POL",3417669.06269085,2062867.19771167,0,"persistence","F0","WGOA","Rpath","base"
2068,"COD",620731.311783735,133182.612208538,0,"persistence","F0","WGOA","Rpath","base"
2068,"ATF",1842902.46097922,696224.292080373,0,"persistence","F0","WGOA","Rpath","base"
2069,"POL",3421779.70780304,2065485.0898305,0,"persistence","F0","WGOA","Rpath","base"
2069,"COD",621809.022984453,133187.805766661,0,"persistence","F0","WGOA","Rpath","base"
2069,"ATF",1844482.5732115,696882.177462525,0,"persistence","F0","WGOA","Rpath","base"
2070,"POL",3425465.55354028,2067830.60728346,0,"persistence","F0","WGOA","Rpath","base"
2070,"COD",622810.165197158,133194.90488399,0,"persistence","F0","WGOA","Rpath","base"
2070,"ATF",1845978.00623045,697512.688658806,0,"persistence","F0","WGOA","Rpath","base"
2071,"POL",3428741.20400052,2069916.58161546,0,"persistence","F0","WGOA","Rpath","base"
2071,"COD",623736.870991808,133201.435754466,0,"persistence","F0","WGOA","Rpath","base"
2071,"ATF",1847385.46276312,698113.824293324,0,"persistence","F0","WGOA","Rpath","base"
2072,"POL",3431671.09309723,2071786.94978212,0,"persistence","F0","WGOA","Rpath","base"
2072,"COD",624592.361891153,133212.321644592,0,"persistence","F0","WGOA","Rpath","base"
2072,"ATF",1848702.50351508,698683.076580948,0,"persistence","F0","WGOA","Rpath","base"
2073,"POL",3434348.48942953,2073501.93022333,0,"persistence","F0","WGOA","Rpath","base"
2073,"COD",625381.570393649,133229.868543528,0,"persistence","F0","WGOA","Rpath","base"
2073,"ATF",1849928.72336043,699218.56505403,0,"persistence","F0","WGOA","Rpath","base"
2074,"POL",3436868.77451057,2075120.78769219,0,"persistence","F0","WGOA","Rpath","base"
2074,"COD",626110.685032782,133254.056796036,0,"persistence","F0","WGOA","Rpath","base"
2074,"ATF",1851066.14187518,699719.959418097,0,"persistence","F0","WGOA","Rpath","base"
2075,"POL",3439307.6262812,2076688.63535618,0,"persistence","F0","WGOA","Rpath","base"
2075,"COD",626786.186829228,133282.923526674,0,"persistence","F0","WGOA","Rpath","base"
2075,"ATF",1852118.79319141,700188.854339664,0,"persistence","F0","WGOA","Rpath","base"
2076,"POL",3441707.28647067,2078228.64555037,0,"persistence","F0","WGOA","Rpath","base"
2076,"COD",627413.97381833,133313.277271843,0,"persistence","F0","WGOA","Rpath","base"
2076,"ATF",1853091.88260198,700628.608046555,0,"persistence","F0","WGOA","Rpath","base"
2077,"POL",3444070.7883872,2079739.13695832,0,"persistence","F0","WGOA","Rpath","base"
2077,"COD",627998.728061156,133341.765545951,0,"persistence","F0","WGOA","Rpath","base"
2077,"ATF",1853990.82852933,701043.734903977,0,"persistence","F0","WGOA","Rpath","base"
2078,"POL",3446364.66586384,2081195.9029654,0,"persistence","F0","WGOA","Rpath","base"
2078,"COD",628543.61289057,133365.849344119,0,"persistence","F0","WGOA","Rpath","base"
2078,"ATF",1854820.32369709,701438.964040203,0,"persistence","F0","WGOA","Rpath","base"
2079,"POL",3448531.12895751,2082560.54109477,0,"persistence","F0","WGOA","Rpath","base"
2079,"COD",629050.349157763,133383.723312253,0,"persistence","F0","WGOA","Rpath","base"
2079,"ATF",1855583.57463003,701818.180924606,0,"persistence","F0","WGOA","Rpath","base"
2080,"POL",3450510.20636846,2083795.07461311,0,"persistence","F0","WGOA","Rpath","base"
2080,"COD",629519.686014807,133394.66469605,0,"persistence","F0","WGOA","Rpath","base"
2080,"ATF",1856281.87685619,702183.510626641,0,"persistence","F0","WGOA","Rpath","base"
2081,"POL",3452264.97180631,2084877.99353621,0,"persistence","F0","WGOA","Rpath","base"
2081,"COD",629952.199796893,133399.204482644,0,"persistence","F0","WGOA","Rpath","base"
2081,"ATF",1856914.85954257,702534.940391771,0,"persistence","F0","WGOA","Rpath","base"
2082,"POL",3453798.63157093,2085814.31845732,0,"persistence","F0","WGOA","Rpath","base"
2082,"COD",630349.082213474,133399.023242068,0,"persistence","F0","WGOA","Rpath","base"
2082,"ATF",1857481.41354903,702870.671146891,0,"persistence","F0","WGOA","Rpath","base"
2083,"POL",3455154.61384572,2086634.34761632,0,"persistence","F0","WGOA","Rpath","base"
2083,"COD",630712.52867368,133396.57917055,0,"persistence","F0","WGOA","Rpath","base"
2083,"ATF",1857980.92437762,703188.068345977,0,"persistence","F0","WGOA","Rpath","base"
2084,"POL",3456401.87081976,2087383.22686185,0,"persistence","F0","WGOA","Rpath","base"
2084,"COD",631045.630008654,133394.547066337,0,"persistence","F0","WGOA","Rpath","base"
2084,"ATF",1858414.2415808,703484.805289988,0,"persistence","F0","WGOA","Rpath","base"
2085,"POL",3457613.85940682,2088107.26980836,0,"persistence","F0","WGOA","Rpath","base"
2085,"COD",631351.920634995,133395.222635024,0,"persistence","F0","WGOA","Rpath","base"
2085,"ATF",1858784.03930461,703759.796145661,0,"persistence","F0","WGOA","Rpath","base"
2086,"POL",3458849.88481792,2088842.4748401,0,"persistence","F0","WGOA","Rpath","base"
2086,"COD",631634.858238355,133400.052971849,0,"persistence","F0","WGOA","Rpath","base"
2086,"ATF",1859094.55028467,704013.66162734,0,"persistence","F0","WGOA","Rpath","base"
2087,"POL",3460142.44535123,2089607.17714101,0,"persistence","F0","WGOA","Rpath","base"
2087,"COD",631897.391284196,133409.350954055,0,"persistence","F0","WGOA","Rpath","base"
2087,"ATF",1859350.89963175,704248.679209941,0,"persistence","F0","WGOA","Rpath","base"
2088,"POL",3461491.72077733,2090399.16907243,0,"persistence","F0","WGOA","Rpath","base"
2088,"COD",632141.679432529,133422.259261154,0,"persistence","F0","WGOA","Rpath","base"
2088,"ATF",1859558.29245513,704468.286840774,0,"persistence","F0","WGOA","Rpath","base"
2089,"POL",3462867.27139352,2091197.28710228,0,"persistence","F0","WGOA","Rpath","base"
2089,"COD",632368.974361335,133436.968580475,0,"persistence","F0","WGOA","Rpath","base"
2089,"ATF",1859721.24622986,704676.291548257,0,"persistence","F0","WGOA","Rpath","base"
2090,"POL",3464217.93536285,2091968.18009543,0,"persistence","F0","WGOA","Rpath","base"
2090,"COD",632579.718719512,133451.161267996,0,"persistence","F0","WGOA","Rpath","base"
2090,"ATF",1859842.9512751,704875.944915152,0,"persistence","F0","WGOA","Rpath","base"
2091,"POL",3465489.37852393,2092677.8339132,0,"persistence","F0","WGOA","Rpath","base"
2091,"COD",632773.896129224,133462.600865961,0,"persistence","F0","WGOA","Rpath","base"
2091,"ATF",1859924.92678181,705069.139174775,0,"persistence","F0","WGOA","Rpath","base"
2092,"POL",3466643.96574103,2093304.18575197,0,"persistence","F0","WGOA","Rpath","base"
2092,"COD",632951.543733464,133469.727246464,0,"persistence","F0","WGOA","Rpath","base"
2092,"ATF",1859967.21732198,705256.043465005,0,"persistence","F0","WGOA","Rpath","base"
2093,"POL",3467675.24420652,2093845.77807513,0,"persistence","F0","WGOA","Rpath","base"
2093,"COD",633113.235099309,133472.093481179,0,"persistence","F0","WGOA","Rpath","base"
2093,"ATF",1859969.08480397,705435.2997448,0,"persistence","F0","WGOA","Rpath","base"
2094,"POL",3468609.76411919,2094321.92781923,0,"persistence","F0","WGOA","Rpath","base"
2094,"COD",633260.282964972,133470.495492988,0,"persistence","F0","WGOA","Rpath","base"
2094,"ATF",1859929.99183704,705604.734271677,0,"persistence","F0","WGOA","Rpath","base"
2095,"POL",3469496.85326484,2094765.39314434,0,"persistence","F0","WGOA","Rpath","base"
2095,"COD",633394.592187257,133466.744099744,0,"persistence","F0","WGOA","Rpath","base"
2095,"ATF",1859850.43416021,705762.277041829,0,"persistence","F0","WGOA","Rpath","base"
2096,"POL",3470392.3956564,2095211.75634783,0,"persistence","F0","WGOA","Rpath","base"
2096,"COD",633518.295283061,133463.161187247,0,"persistence","F0","WGOA","Rpath","base"
2096,"ATF",1859732.30093534,705906.742371754,0,"persistence","F0","WGOA","Rpath","base"
2097,"POL",3471342.94323112,2095689.54285648,0,"persistence","F0","WGOA","Rpath","base"
2097,"COD",633633.349722814,133461.951403051,0,"persistence","F0","WGOA","Rpath","base"
2097,"ATF",1859578.75649414,706038.27475373,0,"persistence","F0","WGOA","Rpath","base"
2098,"POL",3472374.26621729,2096213.48872419,0,"persistence","F0","WGOA","Rpath","base"
2098,"COD",633741.233460155,133464.623515558,0,"persistence","F0","WGOA","Rpath","base"
2098,"ATF",1859393.75251808,706158.368844338,0,"persistence","F0","WGOA","Rpath","base"
2099,"POL",3473485.95515278,2096781.64511431,0,"persistence","F0","WGOA","Rpath","base"
2099,"COD",633842.787798141,133471.607789684,0,"persistence","F0","WGOA","Rpath","base"
2099,"ATF",1859181.36462861,706269.49945985,0,"persistence","F0","WGOA","Rpath","base"
1991,"POL",2884927.16511783,1690895.40603404,87828.010002781,"ssp126","F0","WGOA","Rpath","base"
1991,"COD",399280.293878193,93224.2373585632,64466.829990571,"ssp126","F0","WGOA","Rpath","base"
1991,"ATF",1554327.80462664,597326.97740596,16958.380011156,"ssp126","F0","WGOA","Rpath","base"
1992,"POL",2892495.91324268,1696087.27813365,90585.189961806,"ssp126","F0","WGOA","Rpath","base"
1992,"COD",371842.900083054,88999.2287874369,78966.500089317,"ssp126","F0","WGOA","Rpath","base"
1992,"ATF",1551901.37581743,598021.211707819,20482.180062468,"ssp126","F0","WGOA","Rpath","base"
1993,"POL",2886917.46017875,1690078.21042351,108230.180085742,"ssp126","F0","WGOA","Rpath","base"
1993,"COD",375328.175429555,91984.46817467,45849.170066118,"ssp126","F0","WGOA","Rpath","base"
1993,"ATF",1551566.34683954,599298.159270716,18294.449920618,"ssp126","F0","WGOA","Rpath","base"
1994,"POL",2891612.89701311,1691340.87032149,100412.359942985,"ssp126","F0","WGOA","Rpath","base"
1994,"COD",374238.505424238,92168.0244909248,45610.579965874,"ssp126","F0","WGOA","Rpath","base"
1994,"ATF",1547453.431915,598480.508802417,21993.239976229,"ssp126","F0","WGOA","Rpath","base"
1995,"POL",2920445.2429594,1709974.75171492,69168.129925675,"ssp126","F0","WGOA","Rpath","base"
1995,"COD",354241.118245692,88060.9264831689,67907.179992219,"ssp126","F0","WGOA","Rpath","base"
1995,"ATF",1548788.07321952,599203.455585779,17415.490044603,"ssp126","F0","WGOA","Rpath","base"
1996,"POL",2949537.49989699,1727520.76771419,49825.8700384,"ssp126","F0","WGOA","Rpath","base"
1996,"COD",348901.269856949,89289.8998161644,55391.660096973,"ssp126","F0","WGOA","Rpath","base"
1996,"ATF",1545296.54167072,597141.15385086,21555.609900557,"ssp126","F0","WGOA","Rpath","base"
1997,"POL",2946193.76182491,1722365.56372477,84179.649971753,"ssp126","F0","WGOA","Rpath","base"
1997,"COD",339607.871812025,88455.8466619866,58920.579990637,"ssp126","F0","WGOA","Rpath","base"
1997,"ATF",1547340.93937387,596389.731746862,14758.279890696,"ssp126","F0","WGOA","Rpath","base"
1998,"POL",3007840.54757787,1762267.82292695,5428.379997642,"ssp126","F0","WGOA","Rpath","base"
1998,"COD",338402.008126062,87897.0996300377,50218.950113863,"ssp126","F0","WGOA","Rpath","base"
1998,"ATF",1552042.17068945,596282.511778416,12377.190009373,"ssp126","F0","WGOA","Rpath","base"
1999,"POL",2993956.26360435,1751820.3586859,90556.900062537,"ssp126","F0","WGOA","Rpath","base"
1999,"COD",323385.504513683,83134.3281978233,66264.67009813,"ssp126","F0","WGOA","Rpath","base"
1999,"ATF",1556822.57219736,596729.653748177,14649.229924965,"ssp126","F0","WGOA","Rpath","base"
2000,"POL",3049484.66889728,1789601.2235707,5552.830105466,"ssp126","F0","WGOA","Rpath","base"
2000,"COD",321234.70478313,82993.6306736087,53384.869944958,"ssp126","F0","WGOA","Rpath","base"
2000,"ATF",1555589.60333769,595731.530286997,22993.75009338,"ssp126","F0","WGOA","Rpath","base"
2001,"POL",3082953.38628358,1808450.38491623,3452.299978517,"ssp126","F0","WGOA","Rpath","base"
2001,"COD",327836.052151014,85350.6677932879,40517.409954733,"ssp126","F0","WGOA","Rpath","base"
2001,"ATF",1559150.39699574,597017.281545479,17416.199986059,"ssp126","F0","WGOA","Rpath","base"
2002,"POL",3117695.91098478,1828996.8919311,1698.029945361,"ssp126","F0","WGOA","Rpath","base"
2002,"COD",329657.199807253,86672.396799144,41567.989960821,"ssp126","F0","WGOA","Rpath","base"
2002,"ATF",1561074.36729579,598208.760306624,20173.560012907,"ssp126","F0","WGOA","Rpath","base"
2003,"POL",3105660.59060301,1817041.08768011,48590.077011908,"ssp126","F0","WGOA","Rpath","base"
2003,"COD",321002.232869284,86072.6548698382,52365.755088864,"ssp126","F0","WGOA","Rpath","base"
2003,"ATF",1552272.45436907,595288.634146958,30169.771891001,"ssp126","F0","WGOA","Rpath","base"
2004,"POL",3100496.17999595,1811816.72016729,62434.439922489,"ssp126","F0","WGOA","Rpath","base"
2004,"COD",310907.346053104,86861.6844619175,56450.241969657,"ssp126","F0","WGOA","Rpath","base"
2004,"ATF",1557805.52630999,597533.747722124,15634.908041003,"ssp126","F0","WGOA","Rpath","base"
2005,"POL",3085140.75609541,1801622.59658072,78302.791927256,"ssp126","F0","WGOA","Rpath","base"
2005,"COD",308747.712383036,89355.0329510825,47523.779925577,"ssp126","F0","WGOA","Rpath","base"
2005,"ATF",1557456.93296847,596651.527725103,19923.573051558,"ssp126","F0","WGOA","Rpath","base"
2006,"POL",3088115.70042571,1805154.79373703,68928.307992488,"ssp126","F0","WGOA","Rpath","base"
2006,"COD",305285.425387622,89662.8420266119,47767.079961499,"ssp126","F0","WGOA","Rpath","base"
2006,"ATF",1552052.55675712,593803.972010943,27622.698918064,"ssp126","F0","WGOA","Rpath","base"
2007,"POL",3108388.6659623,1820162.18935033,51572.307003871,"ssp126","F0","WGOA","Rpath","base"
2007,"COD",298656.827987615,86970.5841575916,51812.178003779,"ssp126","F0","WGOA","Rpath","base"
2007,"ATF",1552833.11070127,593773.096946291,25346.986980543,"ssp126","F0","WGOA","Rpath","base"
2008,"POL",3122657.32782491,1829614.82622622,50786.206014733,"ssp126","F0","WGOA","Rpath","base"
2008,"COD",288014.19715692,83738.4257426123,58386.384025578,"ssp126","F0","WGOA","Rpath","base"
2008,"ATF",1551453.5168298,592951.977723493,29205.939969489,"ssp126","F0","WGOA","Rpath","base"
2009,"POL",3143273.39859891,1841984.8200306,41549.503075916,"ssp126","F0","WGOA","Rpath","base"
2009,"COD",284535.848347064,83301.5655360441,51788.980009351,"ssp126","F0","WGOA","Rpath","base"
2009,"ATF",1555113.02563569,594046.266118116,24831.742038702,"ssp126","F0","WGOA","Rpath","base"
2010,"POL",3136117.03112817,1835292.14585186,73443.384226643,"ssp126","F0","WGOA","Rpath","base"
2010,"COD",260387.074378808,76717.5680514182,76954.154598455,"ssp126","F0","WGOA","Rpath","base"
2010,"ATF",1558263.17274182,594362.564843561,24339.446470918,"ssp126","F0","WGOA","Rpath","base"
2011,"POL",3141056.08768375,1838289.75061505,77694.479623666,"ssp126","F0","WGOA","Rpath","base"
2011,"COD",234318.516143285,69543.3060352226,83710.475394165,"ssp126","F0","WGOA","Rpath","base"
2011,"ATF",1557071.61028742,592792.103233455,30911.821764055,"ssp126","F0","WGOA","Rpath","base"
2012,"POL",3133568.47204365,1833854.71164897,98934.691224094,"ssp126","F0","WGOA","Rpath","base"
2012,"COD",216652.39880077,64116.8215124414,76871.109994854,"ssp126","F0","WGOA","Rpath","base"
2012,"ATF",1567597.98995377,595605.767059271,20761.909908427,"ssp126","F0","WGOA","Rpath","base"
2013,"POL",3129803.3271359,1832301.64727678,90796.631609659,"ssp126","F0","WGOA","Rpath","base"
2013,"COD",207097.746004189,61173.0549874287,66829.781618954,"ssp126","F0","WGOA","Rpath","base"
2013,"ATF",1575636.64297929,596480.791969859,21809.3123161,"ssp126","F0","WGOA","Rpath","base"
2014,"POL",3087331.43236134,1803398.13573914,138948.061996125,"ssp126","F0","WGOA","Rpath","base"
2014,"COD",180191.44732662,54326.1747660013,83491.72820457,"ssp126","F0","WGOA","Rpath","base"
2014,"ATF",1567912.16262094,590069.752717628,36524.501530691,"ssp126","F0","WGOA","Rpath","base"
2015,"POL",3045526.28555765,1775739.07919012,162807.64603073,"ssp126","F0","WGOA","Rpath","base"
2015,"COD",157932.722055918,48934.4411406065,77689.992014231,"ssp126","F0","WGOA","Rpath","base"
2015,"ATF",1577268.81804826,588791.535950363,19296.587221708,"ssp126","F0","WGOA","Rpath","base"
2016,"POL",3007798.29217938,1753763.79832681,173086.352394527,"ssp126","F0","WGOA","Rpath","base"
2016,"COD",147656.615382295,47339.0097704077,62867.327429592,"ssp126","F0","WGOA","Rpath","base"
2016,"ATF",1586289.94323646,586210.878732567,19976.294186812,"ssp126","F0","WGOA","Rpath","base"
2017,"POL",2976739.35759481,1738811.22499638,184220.028529305,"ssp126","F0","WGOA","Rpath","base"
2017,"COD",147736.144697943,50239.6743054142,48204.214674581,"ssp126","F0","WGOA","Rpath","base"
2017,"ATF",1591593.27599985,581990.660087748,27053.508990172,"ssp126","F0","WGOA","Rpath","base"
2018,"POL",2968841.33230651,1740812.46211736,150815.192171791,"ssp126","F0","WGOA","Rpath","base"
2018,"COD",174522.229212124,61112.9039308985,14681.29819652,"ssp126","F0","WGOA","Rpath","base"
2018,"ATF",1607270.2111573,582229.748408732,18870.25094355,"ssp126","F0","WGOA","Rpath","base"
2019,"POL",2976191.20523764,1750709.51749398,110649.271555557,"ssp126","F0","WGOA","Rpath","base"
2019,"COD",197788.813002527,66355.8766877763,15200.420583165,"ssp126","F0","WGOA","Rpath","base"
2019,"ATF",1614692.32773615,580069.536802079,24567.051964421,"ssp126","F0","WGOA","Rpath","base"
2020,"POL",2989800.23372154,1764764.17925614,99971.064888454,"ssp126","F0","WGOA","Rpath","base"
2020,"COD",228117.246163443,75554.157695705,6085.249338733,"ssp126","F0","WGOA","Rpath","base"
2020,"ATF",1626337.87888343,581528.262199006,21115.899302007,"ssp126","F0","WGOA","Rpath","base"
2021,"POL",2994312.93279808,1771969.82434406,93869.858770329,"ssp126","F0","WGOA","Rpath","base"
2021,"COD",246024.827660405,80193.9606986703,18686.812307248,"ssp126","F0","WGOA","Rpath","base"
2021,"ATF",1646036.46361479,588170.42800575,9846.300133144,"ssp126","F0","WGOA","Rpath","base"
2022,"POL",2978054.03342338,1764808.56213041,123494.034078862,"ssp126","F0","WGOA","Rpath","base"
2022,"COD",260905.161748063,80728.2753943073,25387.705315903,"ssp126","F0","WGOA","Rpath","base"
2022,"ATF",1660614.56866811,595115.916773362,11531.831681252,"ssp126","F0","WGOA","Rpath","base"
2023,"POL",2966097.48063843,1761609.09079107,124964.845430032,"ssp126","F0","WGOA","Rpath","base"
2023,"COD",281390.512813024,80560.6008369283,21018.296907485,"ssp126","F0","WGOA","Rpath","base"
2023,"ATF",1676112.1132946,605093.03516338,9114.887408711,"ssp126","F0","WGOA","Rpath","base"
2024,"POL",3036855.54450396,1813514.66141001,0,"ssp126","F0","WGOA","Rpath","base"
2024,"COD",318400.046128455,85891.9056995676,0,"ssp126","F0","WGOA","Rpath","base"
2024,"ATF",1696986.7688756,618786.340356113,0,"ssp126","F0","WGOA","Rpath","base"
2025,"POL",3073000.4981917,1837005.61386192,0,"ssp126","F0","WGOA","Rpath","base"
2025,"COD",349395.600422793,89957.1000251659,0,"ssp126","F0","WGOA","Rpath","base"
2025,"ATF",1712036.20769093,630356.952528715,0,"ssp126","F0","WGOA","Rpath","base"
2026,"POL",3092940.27909047,1848718.40251187,0,"ssp126","F0","WGOA","Rpath","base"
2026,"COD",375931.072322814,95004.4799644707,0,"ssp126","F0","WGOA","Rpath","base"
2026,"ATF",1722183.72159925,639224.835703294,0,"ssp126","F0","WGOA","Rpath","base"
2027,"POL",3113219.89449003,1861209.32077996,0,"ssp126","F0","WGOA","Rpath","base"
2027,"COD",398929.169019111,101380.744024844,0,"ssp126","F0","WGOA","Rpath","base"
2027,"ATF",1730288.2676597,646016.127336939,0,"ssp126","F0","WGOA","Rpath","base"
2028,"POL",3131534.70577108,1874190.90940806,0,"ssp126","F0","WGOA","Rpath","base"
2028,"COD",418904.132769399,108164.657856412,0,"ssp126","F0","WGOA","Rpath","base"
2028,"ATF",1738649.0291591,651948.758470283,0,"ssp126","F0","WGOA","Rpath","base"
2029,"POL",3133976.25861841,1875666.73609317,0,"ssp126","F0","WGOA","Rpath","base"
2029,"COD",435893.888634587,114176.030916487,0,"ssp126","F0","WGOA","Rpath","base"
2029,"ATF",1743585.73208675,655110.767009249,0,"ssp126","F0","WGOA","Rpath","base"
2030,"POL",3135688.0401119,1876001.18553865,0,"ssp126","F0","WGOA","Rpath","base"
2030,"COD",450418.992094714,119106.439572734,0,"ssp126","F0","WGOA","Rpath","base"
2030,"ATF",1745340.0133323,655300.518223472,0,"ssp126","F0","WGOA","Rpath","base"
2031,"POL",3139020.8853057,1878682.00055904,0,"ssp126","F0","WGOA","Rpath","base"
2031,"COD",463114.501881969,122967.388770471,0,"ssp126","F0","WGOA","Rpath","base"
2031,"ATF",1746899.82414116,654408.570060039,0,"ssp126","F0","WGOA","Rpath","base"
2032,"POL",3149769.10421448,1887828.82696552,0,"ssp126","F0","WGOA","Rpath","base"
2032,"COD",474570.424798029,125735.640762154,0,"ssp126","F0","WGOA","Rpath","base"
2032,"ATF",1751014.06444346,654533.426981293,0,"ssp126","F0","WGOA","Rpath","base"
2033,"POL",3149976.10409583,1889346.67846528,0,"ssp126","F0","WGOA","Rpath","base"
2033,"COD",484697.893426618,127487.834017124,0,"ssp126","F0","WGOA","Rpath","base"
2033,"ATF",1754688.57691449,654815.219133484,0,"ssp126","F0","WGOA","Rpath","base"
2034,"POL",3153797.81860793,1892613.71365876,0,"ssp126","F0","WGOA","Rpath","base"
2034,"COD",493800.95808369,128516.125397654,0,"ssp126","F0","WGOA","Rpath","base"
2034,"ATF",1757647.6326319,655087.544942105,0,"ssp126","F0","WGOA","Rpath","base"
2035,"POL",3157352.82073754,1895600.03726579,0,"ssp126","F0","WGOA","Rpath","base"
2035,"COD",502102.718134093,129217.579203715,0,"ssp126","F0","WGOA","Rpath","base"
2035,"ATF",1760666.50644984,655982.811187055,0,"ssp126","F0","WGOA","Rpath","base"
2036,"POL",3162953.90981832,1900203.84666069,0,"ssp126","F0","WGOA","Rpath","base"
2036,"COD",509733.991666856,129875.701915773,0,"ssp126","F0","WGOA","Rpath","base"
2036,"ATF",1764144.86394571,657841.768705653,0,"ssp126","F0","WGOA","Rpath","base"
2037,"POL",3165423.59919562,1902107.8475784,0,"ssp126","F0","WGOA","Rpath","base"
2037,"COD",516671.445687364,130518.86088227,0,"ssp126","F0","WGOA","Rpath","base"
2037,"ATF",1766632.55415326,659697.901432153,0,"ssp126","F0","WGOA","Rpath","base"
2038,"POL",3169388.3414022,1904506.63666553,0,"ssp126","F0","WGOA","Rpath","base"
2038,"COD",523064.2657243,131142.542270572,0,"ssp126","F0","WGOA","Rpath","base"
2038,"ATF",1768396.3561176,661360.452422137,0,"ssp126","F0","WGOA","Rpath","base"
2039,"POL",3173351.90415017,1906736.51102049,0,"ssp126","F0","WGOA","Rpath","base"
2039,"COD",528955.851329026,131755.006156443,0,"ssp126","F0","WGOA","Rpath","base"
2039,"ATF",1769067.05186163,662369.922383869,0,"ssp126","F0","WGOA","Rpath","base"
2040,"POL",3184049.27380209,1913740.90478458,0,"ssp126","F0","WGOA","Rpath","base"
2040,"COD",534635.133055941,132255.506793865,0,"ssp126","F0","WGOA","Rpath","base"
2040,"ATF",1770344.84229322,663395.696474828,0,"ssp126","F0","WGOA","Rpath","base"
2041,"POL",3189966.68147324,1917849.44199165,0,"ssp126","F0","WGOA","Rpath","base"
2041,"COD",539987.487485721,132639.027308276,0,"ssp126","F0","WGOA","Rpath","base"
2041,"ATF",1772307.22502347,664742.805210076,0,"ssp126","F0","WGOA","Rpath","base"
2042,"POL",3192159.17772412,1917369.54422327,0,"ssp126","F0","WGOA","Rpath","base"
2042,"COD",544861.169097022,132698.685816321,0,"ssp126","F0","WGOA","Rpath","base"
2042,"ATF",1771157.1114315,664022.843138896,0,"ssp126","F0","WGOA","Rpath","base"
2043,"POL",3203502.56001009,1924184.95931407,0,"ssp126","F0","WGOA","Rpath","base"
2043,"COD",549724.449897245,132650.659180212,0,"ssp126","F0","WGOA","Rpath","base"
2043,"ATF",1771184.55364394,663611.367834661,0,"ssp126","F0","WGOA","Rpath","base"
2044,"POL",3226007.71123009,1940808.91849216,0,"ssp126","F0","WGOA","Rpath","base"
2044,"COD",554831.059208712,132650.542645794,0,"ssp126","F0","WGOA","Rpath","base"
2044,"ATF",1776034.75757554,665878.305301453,0,"ssp126","F0","WGOA","Rpath","base"
2045,"POL",3231627.01706755,1944407.50195657,0,"ssp126","F0","WGOA","Rpath","base"
2045,"COD",559413.333472803,132576.993264785,0,"ssp126","F0","WGOA","Rpath","base"
2045,"ATF",1779640.25098782,667899.343258468,0,"ssp126","F0","WGOA","Rpath","base"
2046,"POL",3236813.73988276,1945728.62402457,0,"ssp126","F0","WGOA","Rpath","base"
2046,"COD",563526.774979323,132446.488779464,0,"ssp126","F0","WGOA","Rpath","base"
2046,"ATF",1780209.5141099,668208.440981856,0,"ssp126","F0","WGOA","Rpath","base"
2047,"POL",3248377.19423198,1952218.31012243,0,"ssp126","F0","WGOA","Rpath","base"
2047,"COD",567541.983041071,132411.479459323,0,"ssp126","F0","WGOA","Rpath","base"
2047,"ATF",1781040.89452031,668566.98048246,0,"ssp126","F0","WGOA","Rpath","base"
2048,"POL",3264768.25925236,1963549.41107783,0,"ssp126","F0","WGOA","Rpath","base"
2048,"COD",571587.692376423,132546.371126958,0,"ssp126","F0","WGOA","Rpath","base"
2048,"ATF",1784352.33640608,670308.664965927,0,"ssp126","F0","WGOA","Rpath","base"
2049,"POL",3273576.25675097,1969197.92075538,0,"ssp126","F0","WGOA","Rpath","base"
2049,"COD",575279.226772708,132771.536771002,0,"ssp126","F0","WGOA","Rpath","base"
2049,"ATF",1787339.45855982,672098.647981768,0,"ssp126","F0","WGOA","Rpath","base"
2050,"POL",3283021.5840064,1974422.67199465,0,"ssp126","F0","WGOA","Rpath","base"
2050,"COD",578717.301552559,132939.023634628,0,"ssp126","F0","WGOA","Rpath","base"
2050,"ATF",1789426.25706736,673224.425570611,0,"ssp126","F0","WGOA","Rpath","base"
2051,"POL",3298930.55514574,1985583.82251506,0,"ssp126","F0","WGOA","Rpath","base"
2051,"COD",582201.854886459,133156.404629341,0,"ssp126","F0","WGOA","Rpath","base"
2051,"ATF",1794097.1126124,675710.488238869,0,"ssp126","F0","WGOA","Rpath","base"
2052,"POL",3302799.42270034,1987262.50975497,0,"ssp126","F0","WGOA","Rpath","base"
2052,"COD",585257.923696918,133283.313644846,0,"ssp126","F0","WGOA","Rpath","base"
2052,"ATF",1796681.19537672,677092.091547085,0,"ssp126","F0","WGOA","Rpath","base"
2053,"POL",3316619.64411364,1996198.32238759,0,"ssp126","F0","WGOA","Rpath","base"
2053,"COD",588311.973293923,133399.984324263,0,"ssp126","F0","WGOA","Rpath","base"
2053,"ATF",1799960.32831207,678700.168499921,0,"ssp126","F0","WGOA","Rpath","base"
2054,"POL",3326472.89620332,2002686.73099794,0,"ssp126","F0","WGOA","Rpath","base"
2054,"COD",591214.060092501,133472.36245341,0,"ssp126","F0","WGOA","Rpath","base"
2054,"ATF",1803126.92328112,680221.387615079,0,"ssp126","F0","WGOA","Rpath","base"
2055,"POL",3331171.59433936,2004418.89281912,0,"ssp126","F0","WGOA","Rpath","base"
2055,"COD",593793.68457181,133380.716606517,0,"ssp126","F0","WGOA","Rpath","base"
2055,"ATF",1803994.41349336,680222.189979144,0,"ssp126","F0","WGOA","Rpath","base"
2056,"POL",3338778.41044371,2008387.12833812,0,"ssp126","F0","WGOA","Rpath","base"
2056,"COD",596273.728274474,133240.487399526,0,"ssp126","F0","WGOA","Rpath","base"
2056,"ATF",1804529.87309553,679794.493840925,0,"ssp126","F0","WGOA","Rpath","base"
2057,"POL",3353788.55475366,2018922.76089822,0,"ssp126","F0","WGOA","Rpath","base"
2057,"COD",598909.148789867,133186.866000398,0,"ssp126","F0","WGOA","Rpath","base"
2057,"ATF",1807661.75067601,680715.571337583,0,"ssp126","F0","WGOA","Rpath","base"
2058,"POL",3357632.01981738,2021082.48396759,0,"ssp126","F0","WGOA","Rpath","base"
2058,"COD",601178.001545602,133133.495819828,0,"ssp126","F0","WGOA","Rpath","base"
2058,"ATF",1809764.91500476,681303.466043246,0,"ssp126","F0","WGOA","Rpath","base"
2059,"POL",3361760.04102598,2022282.848355,0,"ssp126","F0","WGOA","Rpath","base"
2059,"COD",603160.020512042,133053.286035245,0,"ssp126","F0","WGOA","Rpath","base"
2059,"ATF",1809933.2487012,680756.123459661,0,"ssp126","F0","WGOA","Rpath","base"
2060,"POL",3374352.64608434,2030999.74559226,0,"ssp126","F0","WGOA","Rpath","base"
2060,"COD",605278.815821358,133142.165130806,0,"ssp126","F0","WGOA","Rpath","base"
2060,"ATF",1812716.34340228,681786.249569683,0,"ssp126","F0","WGOA","Rpath","base"
2061,"POL",3377377.54483654,2033067.00323802,0,"ssp126","F0","WGOA","Rpath","base"
2061,"COD",607135.527426483,133295.381365949,0,"ssp126","F0","WGOA","Rpath","base"
2061,"ATF",1815396.0215306,683109.496343522,0,"ssp126","F0","WGOA","Rpath","base"
2062,"POL",3384174.88045737,2037211.97367178,0,"ssp126","F0","WGOA","Rpath","base"
2062,"COD",608874.320796957,133487.812209847,0,"ssp126","F0","WGOA","Rpath","base"
2062,"ATF",1817837.74082723,684438.317705618,0,"ssp126","F0","WGOA","Rpath","base"
2063,"POL",3394589.12604093,2044908.17927985,0,"ssp126","F0","WGOA","Rpath","base"
2063,"COD",610656.39080151,133776.147850069,0,"ssp126","F0","WGOA","Rpath","base"
2063,"ATF",1821790.94429678,686781.237510588,0,"ssp126","F0","WGOA","Rpath","base"
2064,"POL",3400421.63833998,2048856.12744852,0,"ssp126","F0","WGOA","Rpath","base"
2064,"COD",612230.347888217,133999.894053416,0,"ssp126","F0","WGOA","Rpath","base"
2064,"ATF",1824868.73583578,688692.482064565,0,"ssp126","F0","WGOA","Rpath","base"
2065,"POL",3405381.13054855,2051696.66121902,0,"ssp126","F0","WGOA","Rpath","base"
2065,"COD",613633.66321816,134135.755651436,0,"ssp126","F0","WGOA","Rpath","base"
2065,"ATF",1826986.39869601,689961.92056092,0,"ssp126","F0","WGOA","Rpath","base"
2066,"POL",3407351.04764149,2052476.72543777,0,"ssp126","F0","WGOA","Rpath","base"
2066,"COD",614874.281846233,134180.985484353,0,"ssp126","F0","WGOA","Rpath","base"
2066,"ATF",1828267.23152753,690600.104859621,0,"ssp126","F0","WGOA","Rpath","base"
2067,"POL",3407882.92455383,2051413.47232071,0,"ssp126","F0","WGOA","Rpath","base"
2067,"COD",615903.685828473,134080.466903391,0,"ssp126","F0","WGOA","Rpath","base"
2067,"ATF",1827519.02901162,689748.300023378,0,"ssp126","F0","WGOA","Rpath","base"
2068,"POL",3415633.35316045,2056769.79818015,0,"ssp126","F0","WGOA","Rpath","base"
2068,"COD",617121.165857699,133981.273761088,0,"ssp126","F0","WGOA","Rpath","base"
2068,"ATF",1828600.19911129,689599.684993154,0,"ssp126","F0","WGOA","Rpath","base"
2069,"POL",3423121.35000161,2062720.20232681,0,"ssp126","F0","WGOA","Rpath","base"
2069,"COD",618427.191130331,133933.251215139,0,"ssp126","F0","WGOA","Rpath","base"
2069,"ATF",1831687.66246438,690637.641880739,0,"ssp126","F0","WGOA","Rpath","base"
2070,"POL",3426491.45504376,2065327.90687493,0,"ssp126","F0","WGOA","Rpath","base"
2070,"COD",619570.831433103,133888.619663733,0,"ssp126","F0","WGOA","Rpath","base"
2070,"ATF",1834584.94316421,691754.12920814,0,"ssp126","F0","WGOA","Rpath","base"
2071,"POL",3434348.77626064,2071259.97945863,0,"ssp126","F0","WGOA","Rpath","base"
2071,"COD",620690.791086235,133920.234263922,0,"ssp126","F0","WGOA","Rpath","base"
2071,"ATF",1838208.82197237,693460.645798573,0,"ssp126","F0","WGOA","Rpath","base"
2072,"POL",3429902.46882681,2067404.36537608,0,"ssp126","F0","WGOA","Rpath","base"
2072,"COD",621411.419597957,133934.740497837,0,"ssp126","F0","WGOA","Rpath","base"
2072,"ATF",1839194.44509012,693938.431617372,0,"ssp126","F0","WGOA","Rpath","base"
2073,"POL",3431664.7753638,2067716.58252067,0,"ssp126","F0","WGOA","Rpath","base"
2073,"COD",622062.729271886,133970.952865931,0,"ssp126","F0","WGOA","Rpath","base"
2073,"ATF",1839184.19612274,693770.414240289,0,"ssp126","F0","WGOA","Rpath","base"
2074,"POL",3429734.11464341,2065719.52116163,0,"ssp126","F0","WGOA","Rpath","base"
2074,"COD",622613.340705912,134027.164790234,0,"ssp126","F0","WGOA","Rpath","base"
2074,"ATF",1838308.96720491,693099.423664447,0,"ssp126","F0","WGOA","Rpath","base"
2075,"POL",3432464.8899229,2067218.89263995,0,"ssp126","F0","WGOA","Rpath","base"
2075,"COD",623228.007166276,134057.270030283,0,"ssp126","F0","WGOA","Rpath","base"
2075,"ATF",1837610.70940194,692346.833524664,0,"ssp126","F0","WGOA","Rpath","base"
2076,"POL",3445176.73918164,2077444.10803163,0,"ssp126","F0","WGOA","Rpath","base"
2076,"COD",624208.705564996,134163.206962726,0,"ssp126","F0","WGOA","Rpath","base"
2076,"ATF",1840809.76244488,693778.045510021,0,"ssp126","F0","WGOA","Rpath","base"
2077,"POL",3449248.82771242,2081661.90721518,0,"ssp126","F0","WGOA","Rpath","base"
2077,"COD",625095.949645621,134260.401739482,0,"ssp126","F0","WGOA","Rpath","base"
2077,"ATF",1845249.15219272,696288.272249881,0,"ssp126","F0","WGOA","Rpath","base"
2078,"POL",3443163.04824629,2076225.40841861,0,"ssp126","F0","WGOA","Rpath","base"
2078,"COD",625480.836888442,134207.15180403,0,"ssp126","F0","WGOA","Rpath","base"
2078,"ATF",1845724.350242,696764.979703393,0,"ssp126","F0","WGOA","Rpath","base"
2079,"POL",3446088.20219772,2077120.98928415,0,"ssp126","F0","WGOA","Rpath","base"
2079,"COD",625876.330381158,134149.637017357,0,"ssp126","F0","WGOA","Rpath","base"
2079,"ATF",1845221.47340767,696510.044786705,0,"ssp126","F0","WGOA","Rpath","base"
2080,"POL",3445912.14166929,2076721.32386177,0,"ssp126","F0","WGOA","Rpath","base"
2080,"COD",626269.672248841,134144.607999958,0,"ssp126","F0","WGOA","Rpath","base"
2080,"ATF",1844895.09153223,696353.237447826,0,"ssp126","F0","WGOA","Rpath","base"
2081,"POL",3447940.44968617,2078077.62391994,0,"ssp126","F0","WGOA","Rpath","base"
2081,"COD",626649.501525265,134160.191361103,0,"ssp126","F0","WGOA","Rpath","base"
2081,"ATF",1844744.39810254,696207.39971535,0,"ssp126","F0","WGOA","Rpath","base"
2082,"POL",3443815.41169671,2074382.91205097,0,"ssp126","F0","WGOA","Rpath","base"
2082,"COD",626833.553477838,134122.043780441,0,"ssp126","F0","WGOA","Rpath","base"
2082,"ATF",1843046.33340634,695088.913435354,0,"ssp126","F0","WGOA","Rpath","base"
2083,"POL",3444438.09927857,2074085.98402983,0,"ssp126","F0","WGOA","Rpath","base"
2083,"COD",627089.47667187,134042.774111466,0,"ssp126","F0","WGOA","Rpath","base"
2083,"ATF",1841483.55861963,693800.118157945,0,"ssp126","F0","WGOA","Rpath","base"
2084,"POL",3456202.5620781,2083690.06578234,0,"ssp126","F0","WGOA","Rpath","base"
2084,"COD",627755.8361234,134107.333996789,0,"ssp126","F0","WGOA","Rpath","base"
2084,"ATF",1844165.10962468,695014.282520243,0,"ssp126","F0","WGOA","Rpath","base"
2085,"POL",3465299.62483056,2091955.68282437,0,"ssp126","F0","WGOA","Rpath","base"
2085,"COD",628496.899618946,134286.025533226,0,"ssp126","F0","WGOA","Rpath","base"
2085,"ATF",1849433.09946422,698211.026926869,0,"ssp126","F0","WGOA","Rpath","base"
2086,"POL",3461497.37033342,2089361.67195887,0,"ssp126","F0","WGOA","Rpath","base"
2086,"COD",628791.71715276,134425.888424125,0,"ssp126","F0","WGOA","Rpath","base"
2086,"ATF",1852441.08387276,700625.471576545,0,"ssp126","F0","WGOA","Rpath","base"
2087,"POL",3457029.64217027,2084649.05873399,0,"ssp126","F0","WGOA","Rpath","base"
2087,"COD",628798.498666079,134480.163065812,0,"ssp126","F0","WGOA","Rpath","base"
2087,"ATF",1852083.67695124,701056.969907593,0,"ssp126","F0","WGOA","Rpath","base"
2088,"POL",3456158.27021323,2083076.51812229,0,"ssp126","F0","WGOA","Rpath","base"
2088,"COD",628791.727210718,134540.131697735,0,"ssp126","F0","WGOA","Rpath","base"
2088,"ATF",1850631.01506381,700618.102346802,0,"ssp126","F0","WGOA","Rpath","base"
2089,"POL",3457624.31374595,2083705.76084026,0,"ssp126","F0","WGOA","Rpath","base"
2089,"COD",628897.324898105,134571.926182307,0,"ssp126","F0","WGOA","Rpath","base"
2089,"ATF",1849184.10096572,699802.326167424,0,"ssp126","F0","WGOA","Rpath","base"
2090,"POL",3458311.41510768,2084465.05350056,0,"ssp126","F0","WGOA","Rpath","base"
2090,"COD",629088.334395752,134574.477975512,0,"ssp126","F0","WGOA","Rpath","base"
2090,"ATF",1848754.54633754,699369.397088155,0,"ssp126","F0","WGOA","Rpath","base"
2091,"POL",3463955.60003445,2088719.59628447,0,"ssp126","F0","WGOA","Rpath","base"
2091,"COD",629456.738497502,134497.205253414,0,"ssp126","F0","WGOA","Rpath","base"
2091,"ATF",1849503.42200381,699345.407858608,0,"ssp126","F0","WGOA","Rpath","base"
2092,"POL",3464692.57191376,2089667.81050835,0,"ssp126","F0","WGOA","Rpath","base"
2092,"COD",629771.017270127,134367.943958251,0,"ssp126","F0","WGOA","Rpath","base"
2092,"ATF",1850670.23498527,699687.742253548,0,"ssp126","F0","WGOA","Rpath","base"
2093,"POL",3457399.04090341,2083169.46736425,0,"ssp126","F0","WGOA","Rpath","base"
2093,"COD",629714.029377979,134113.916494318,0,"ssp126","F0","WGOA","Rpath","base"
2093,"ATF",1848463.67191053,698233.191498854,0,"ssp126","F0","WGOA","Rpath","base"
2094,"POL",3458477.15632964,2082835.30536815,0,"ssp126","F0","WGOA","Rpath","base"
2094,"COD",629748.599055909,133922.964332628,0,"ssp126","F0","WGOA","Rpath","base"
2094,"ATF",1846097.99315686,696690.548684533,0,"ssp126","F0","WGOA","Rpath","base"
2095,"POL",3466148.4737125,2089161.59725733,0,"ssp126","F0","WGOA","Rpath","base"
2095,"COD",630122.925972285,133931.06750994,0,"ssp126","F0","WGOA","Rpath","base"
2095,"ATF",1847262.67662492,697373.11771787,0,"ssp126","F0","WGOA","Rpath","base"
2096,"POL",3466298.7260336,2089972.14109802,0,"ssp126","F0","WGOA","Rpath","base"
2096,"COD",630360.421100616,134032.596913558,0,"ssp126","F0","WGOA","Rpath","base"
2096,"ATF",1848789.62592206,698717.484656509,0,"ssp126","F0","WGOA","Rpath","base"
2097,"POL",3457939.0497492,2082432.85616037,0,"ssp126","F0","WGOA","Rpath","base"
2097,"COD",630133.276200824,134056.26441868,0,"ssp126","F0","WGOA","Rpath","base"
2097,"ATF",1846134.14102435,697787.520707283,0,"ssp126","F0","WGOA","Rpath","base"
2098,"POL",3458660.31533159,2081560.75137799,0,"ssp126","F0","WGOA","Rpath","base"
2098,"COD",630006.854241323,134105.594628859,0,"ssp126","F0","WGOA","Rpath","base"
2098,"ATF",1843134.83288761,696410.00629832,0,"ssp126","F0","WGOA","Rpath","base"
2099,"POL",3464853.02349959,2086578.41712604,0,"ssp126","F0","WGOA","Rpath","base"
2099,"COD",630198.289182982,134279.303273825,0,"ssp126","F0","WGOA","Rpath","base"
2099,"ATF",1843310.54836776,696857.197497251,0,"ssp126","F0","WGOA","Rpath","base"
1991,"POL",2884927.16511783,1690895.40603404,87828.010002781,"ssp245","F0","WGOA","Rpath","base"
1991,"COD",399280.293878193,93224.2373585632,64466.829990571,"ssp245","F0","WGOA","Rpath","base"
1991,"ATF",1554327.80462664,597326.97740596,16958.380011156,"ssp245","F0","WGOA","Rpath","base"
1992,"POL",2892495.91324268,1696087.27813365,90585.189961806,"ssp245","F0","WGOA","Rpath","base"
1992,"COD",371842.900083054,88999.2287874369,78966.500089317,"ssp245","F0","WGOA","Rpath","base"
1992,"ATF",1551901.37581743,598021.211707819,20482.180062468,"ssp245","F0","WGOA","Rpath","base"
1993,"POL",2886917.46017875,1690078.21042351,108230.180085742,"ssp245","F0","WGOA","Rpath","base"
1993,"COD",375328.175429555,91984.46817467,45849.170066118,"ssp245","F0","WGOA","Rpath","base"
1993,"ATF",1551566.34683954,599298.159270716,18294.449920618,"ssp245","F0","WGOA","Rpath","base"
1994,"POL",2891612.89701311,1691340.87032149,100412.359942985,"ssp245","F0","WGOA","Rpath","base"
1994,"COD",374238.505424238,92168.0244909248,45610.579965874,"ssp245","F0","WGOA","Rpath","base"
1994,"ATF",1547453.431915,598480.508802417,21993.239976229,"ssp245","F0","WGOA","Rpath","base"
1995,"POL",2920445.2429594,1709974.75171492,69168.129925675,"ssp245","F0","WGOA","Rpath","base"
1995,"COD",354241.118245692,88060.9264831689,67907.179992219,"ssp245","F0","WGOA","Rpath","base"
1995,"ATF",1548788.07321952,599203.455585779,17415.490044603,"ssp245","F0","WGOA","Rpath","base"
1996,"POL",2949537.49989699,1727520.76771419,49825.8700384,"ssp245","F0","WGOA","Rpath","base"
1996,"COD",348901.269856949,89289.8998161644,55391.660096973,"ssp245","F0","WGOA","Rpath","base"
1996,"ATF",1545296.54167072,597141.15385086,21555.609900557,"ssp245","F0","WGOA","Rpath","base"
1997,"POL",2946193.76182491,1722365.56372477,84179.649971753,"ssp245","F0","WGOA","Rpath","base"
1997,"COD",339607.871812025,88455.8466619866,58920.579990637,"ssp245","F0","WGOA","Rpath","base"
1997,"ATF",1547340.93937387,596389.731746862,14758.279890696,"ssp245","F0","WGOA","Rpath","base"
1998,"POL",3007840.54757787,1762267.82292695,5428.379997642,"ssp245","F0","WGOA","Rpath","base"
1998,"COD",338402.008126062,87897.0996300377,50218.950113863,"ssp245","F0","WGOA","Rpath","base"
1998,"ATF",1552042.17068945,596282.511778416,12377.190009373,"ssp245","F0","WGOA","Rpath","base"
1999,"POL",2993956.26360435,1751820.3586859,90556.900062537,"ssp245","F0","WGOA","Rpath","base"
1999,"COD",323385.504513683,83134.3281978233,66264.67009813,"ssp245","F0","WGOA","Rpath","base"
1999,"ATF",1556822.57219736,596729.653748177,14649.229924965,"ssp245","F0","WGOA","Rpath","base"
2000,"POL",3049484.66889728,1789601.2235707,5552.830105466,"ssp245","F0","WGOA","Rpath","base"
2000,"COD",321234.70478313,82993.6306736087,53384.869944958,"ssp245","F0","WGOA","Rpath","base"
2000,"ATF",1555589.60333769,595731.530286997,22993.75009338,"ssp245","F0","WGOA","Rpath","base"
2001,"POL",3082953.38628358,1808450.38491623,3452.299978517,"ssp245","F0","WGOA","Rpath","base"
2001,"COD",327836.052151014,85350.6677932879,40517.409954733,"ssp245","F0","WGOA","Rpath","base"
2001,"ATF",1559150.39699574,597017.281545479,17416.199986059,"ssp245","F0","WGOA","Rpath","base"
2002,"POL",3117695.91098478,1828996.8919311,1698.029945361,"ssp245","F0","WGOA","Rpath","base"
2002,"COD",329657.199807253,86672.396799144,41567.989960821,"ssp245","F0","WGOA","Rpath","base"
2002,"ATF",1561074.36729579,598208.760306624,20173.560012907,"ssp245","F0","WGOA","Rpath","base"
2003,"POL",3105660.59060301,1817041.08768011,48590.077011908,"ssp245","F0","WGOA","Rpath","base"
2003,"COD",321002.232869284,86072.6548698382,52365.755088864,"ssp245","F0","WGOA","Rpath","base"
2003,"ATF",1552272.45436907,595288.634146958,30169.771891001,"ssp245","F0","WGOA","Rpath","base"
2004,"POL",3100496.17999595,1811816.72016729,62434.439922489,"ssp245","F0","WGOA","Rpath","base"
2004,"COD",310907.346053104,86861.6844619175,56450.241969657,"ssp245","F0","WGOA","Rpath","base"
2004,"ATF",1557805.52630999,597533.747722124,15634.908041003,"ssp245","F0","WGOA","Rpath","base"
2005,"POL",3085140.75609541,1801622.59658072,78302.791927256,"ssp245","F0","WGOA","Rpath","base"
2005,"COD",308747.712383036,89355.0329510825,47523.779925577,"ssp245","F0","WGOA","Rpath","base"
2005,"ATF",1557456.93296847,596651.527725103,19923.573051558,"ssp245","F0","WGOA","Rpath","base"
2006,"POL",3088115.70042571,1805154.79373703,68928.307992488,"ssp245","F0","WGOA","Rpath","base"
2006,"COD",305285.425387622,89662.8420266119,47767.079961499,"ssp245","F0","WGOA","Rpath","base"
2006,"ATF",1552052.55675712,593803.972010943,27622.698918064,"ssp245","F0","WGOA","Rpath","base"
2007,"POL",3108388.6659623,1820162.18935033,51572.307003871,"ssp245","F0","WGOA","Rpath","base"
2007,"COD",298656.827987615,86970.5841575916,51812.178003779,"ssp245","F0","WGOA","Rpath","base"
2007,"ATF",1552833.11070127,593773.096946291,25346.986980543,"ssp245","F0","WGOA","Rpath","base"
2008,"POL",3122657.32782491,1829614.82622622,50786.206014733,"ssp245","F0","WGOA","Rpath","base"
2008,"COD",288014.19715692,83738.4257426123,58386.384025578,"ssp245","F0","WGOA","Rpath","base"
2008,"ATF",1551453.5168298,592951.977723493,29205.939969489,"ssp245","F0","WGOA","Rpath","base"
2009,"POL",3143273.39859891,1841984.8200306,41549.503075916,"ssp245","F0","WGOA","Rpath","base"
2009,"COD",284535.848347064,83301.5655360441,51788.980009351,"ssp245","F0","WGOA","Rpath","base"
2009,"ATF",1555113.02563569,594046.266118116,24831.742038702,"ssp245","F0","WGOA","Rpath","base"
2010,"POL",3136117.03112817,1835292.14585186,73443.384226643,"ssp245","F0","WGOA","Rpath","base"
2010,"COD",260387.074378808,76717.5680514182,76954.154598455,"ssp245","F0","WGOA","Rpath","base"
2010,"ATF",1558263.17274182,594362.564843561,24339.446470918,"ssp245","F0","WGOA","Rpath","base"
2011,"POL",3141056.08768375,1838289.75061505,77694.479623666,"ssp245","F0","WGOA","Rpath","base"
2011,"COD",234318.516143285,69543.3060352226,83710.475394165,"ssp245","F0","WGOA","Rpath","base"
2011,"ATF",1557071.61028742,592792.103233455,30911.821764055,"ssp245","F0","WGOA","Rpath","base"
2012,"POL",3133568.47204365,1833854.71164897,98934.691224094,"ssp245","F0","WGOA","Rpath","base"
2012,"COD",216652.39880077,64116.8215124414,76871.109994854,"ssp245","F0","WGOA","Rpath","base"
2012,"ATF",1567597.98995377,595605.767059271,20761.909908427,"ssp245","F0","WGOA","Rpath","base"
2013,"POL",3129803.3271359,1832301.64727678,90796.631609659,"ssp245","F0","WGOA","Rpath","base"
2013,"COD",207097.746004189,61173.0549874287,66829.781618954,"ssp245","F0","WGOA","Rpath","base"
2013,"ATF",1575636.64297929,596480.791969859,21809.3123161,"ssp245","F0","WGOA","Rpath","base"
2014,"POL",3087331.43236134,1803398.13573914,138948.061996125,"ssp245","F0","WGOA","Rpath","base"
2014,"COD",180191.44732662,54326.1747660013,83491.72820457,"ssp245","F0","WGOA","Rpath","base"
2014,"ATF",1567912.16262094,590069.752717628,36524.501530691,"ssp245","F0","WGOA","Rpath","base"
2015,"POL",3045526.28555765,1775739.07919012,162807.64603073,"ssp245","F0","WGOA","Rpath","base"
2015,"COD",157932.722055918,48934.4411406065,77689.992014231,"ssp245","F0","WGOA","Rpath","base"
2015,"ATF",1577268.81804826,588791.535950363,19296.587221708,"ssp245","F0","WGOA","Rpath","base"
2016,"POL",3007798.29217938,1753763.79832681,173086.352394527,"ssp245","F0","WGOA","Rpath","base"
2016,"COD",147656.615382295,47339.0097704077,62867.327429592,"ssp245","F0","WGOA","Rpath","base"
2016,"ATF",1586289.94323646,586210.878732567,19976.294186812,"ssp245","F0","WGOA","Rpath","base"
2017,"POL",2976739.35759481,1738811.22499638,184220.028529305,"ssp245","F0","WGOA","Rpath","base"
2017,"COD",147736.144697943,50239.6743054142,48204.214674581,"ssp245","F0","WGOA","Rpath","base"
2017,"ATF",1591593.27599985,581990.660087748,27053.508990172,"ssp245","F0","WGOA","Rpath","base"
2018,"POL",2968841.33230651,1740812.46211736,150815.192171791,"ssp245","F0","WGOA","Rpath","base"
2018,"COD",174522.229212124,61112.9039308985,14681.29819652,"ssp245","F0","WGOA","Rpath","base"
2018,"ATF",1607270.2111573,582229.748408732,18870.25094355,"ssp245","F0","WGOA","Rpath","base"
2019,"POL",2976191.20523764,1750709.51749398,110649.271555557,"ssp245","F0","WGOA","Rpath","base"
2019,"COD",197788.813002527,66355.8766877763,15200.420583165,"ssp245","F0","WGOA","Rpath","base"
2019,"ATF",1614692.32773615,580069.536802079,24567.051964421,"ssp245","F0","WGOA","Rpath","base"
2020,"POL",2989800.23372154,1764764.17925614,99971.064888454,"ssp245","F0","WGOA","Rpath","base"
2020,"COD",228117.246163443,75554.157695705,6085.249338733,"ssp245","F0","WGOA","Rpath","base"
2020,"ATF",1626337.87888343,581528.262199006,21115.899302007,"ssp245","F0","WGOA","Rpath","base"
2021,"POL",3004858.14853466,1780484.73232524,93869.858770329,"ssp245","F0","WGOA","Rpath","base"
2021,"COD",246200.082354654,80254.8442333342,18686.812307248,"ssp245","F0","WGOA","Rpath","base"
2021,"ATF",1649201.60587832,589885.134779651,9846.300133144,"ssp245","F0","WGOA","Rpath","base"
2022,"POL",2977506.02257056,1765534.8643686,123494.034078862,"ssp245","F0","WGOA","Rpath","base"
2022,"COD",261003.622997863,80801.5464080568,25387.705315903,"ssp245","F0","WGOA","Rpath","base"
2022,"ATF",1664197.39412662,597393.006122113,11531.831681252,"ssp245","F0","WGOA","Rpath","base"
2023,"POL",2959328.09571424,1756260.70656612,124964.845430032,"ssp245","F0","WGOA","Rpath","base"
2023,"COD",281322.397359788,80576.1199142408,21018.296907485,"ssp245","F0","WGOA","Rpath","base"
2023,"ATF",1676911.94196935,605860.240941027,9114.887408711,"ssp245","F0","WGOA","Rpath","base"
2024,"POL",3025701.87262799,1803922.08513332,0,"ssp245","F0","WGOA","Rpath","base"
2024,"COD",318199.820111417,85829.7882529977,0,"ssp245","F0","WGOA","Rpath","base"
2024,"ATF",1693767.18212781,617040.827358745,0,"ssp245","F0","WGOA","Rpath","base"
2025,"POL",3068086.03064773,1832352.29220939,0,"ssp245","F0","WGOA","Rpath","base"
2025,"COD",349327.19638651,89805.0570794718,0,"ssp245","F0","WGOA","Rpath","base"
2025,"ATF",1707516.45968831,627350.970933591,0,"ssp245","F0","WGOA","Rpath","base"
2026,"POL",3097084.57003104,1852128.63349891,0,"ssp245","F0","WGOA","Rpath","base"
2026,"COD",376169.498579383,94792.3064390489,0,"ssp245","F0","WGOA","Rpath","base"
2026,"ATF",1720055.21941175,637224.977887212,0,"ssp245","F0","WGOA","Rpath","base"
2027,"POL",3115299.73678175,1863452.6573236,0,"ssp245","F0","WGOA","Rpath","base"
2027,"COD",399264.171191981,101106.042664845,0,"ssp245","F0","WGOA","Rpath","base"
2027,"ATF",1729640.8972083,644889.964189565,0,"ssp245","F0","WGOA","Rpath","base"
2028,"POL",3127538.15527623,1871095.21071203,0,"ssp245","F0","WGOA","Rpath","base"
2028,"COD",419103.226367629,107868.549421017,0,"ssp245","F0","WGOA","Rpath","base"
2028,"ATF",1737125.17004586,650528.737131923,0,"ssp245","F0","WGOA","Rpath","base"
2029,"POL",3137298.75111909,1877633.47892622,0,"ssp245","F0","WGOA","Rpath","base"
2029,"COD",436159.205772687,114045.624302295,0,"ssp245","F0","WGOA","Rpath","base"
2029,"ATF",1743062.36912274,654484.270724404,0,"ssp245","F0","WGOA","Rpath","base"
2030,"POL",3142221.13413767,1881634.5955598,0,"ssp245","F0","WGOA","Rpath","base"
2030,"COD",450819.43623679,119269.80783568,0,"ssp245","F0","WGOA","Rpath","base"
2030,"ATF",1747941.89595484,657032.398629129,0,"ssp245","F0","WGOA","Rpath","base"
2031,"POL",3148426.64104366,1886833.41619194,0,"ssp245","F0","WGOA","Rpath","base"
2031,"COD",463590.880376491,123375.380383247,0,"ssp245","F0","WGOA","Rpath","base"
2031,"ATF",1752300.40236822,658392.415681883,0,"ssp245","F0","WGOA","Rpath","base"
2032,"POL",3149808.27930357,1888839.35135587,0,"ssp245","F0","WGOA","Rpath","base"
2032,"COD",474781.725217338,126223.879215563,0,"ssp245","F0","WGOA","Rpath","base"
2032,"ATF",1755763.55641421,658732.957210783,0,"ssp245","F0","WGOA","Rpath","base"
2033,"POL",3151543.42628824,1890403.42984698,0,"ssp245","F0","WGOA","Rpath","base"
2033,"COD",484763.444117007,127915.715999157,0,"ssp245","F0","WGOA","Rpath","base"
2033,"ATF",1757927.64780905,658021.005396954,0,"ssp245","F0","WGOA","Rpath","base"
2034,"POL",3156189.98773714,1894682.31860683,0,"ssp245","F0","WGOA","Rpath","base"
2034,"COD",493870.389227144,128867.679745813,0,"ssp245","F0","WGOA","Rpath","base"
2034,"ATF",1760780.02865815,657851.746052797,0,"ssp245","F0","WGOA","Rpath","base"
2035,"POL",3152072.91282888,1891644.30453018,0,"ssp245","F0","WGOA","Rpath","base"
2035,"COD",501979.344608595,129314.09307979,0,"ssp245","F0","WGOA","Rpath","base"
2035,"ATF",1761094.0843502,656648.872138922,0,"ssp245","F0","WGOA","Rpath","base"
2036,"POL",3155619.64014985,1894100.41892218,0,"ssp245","F0","WGOA","Rpath","base"
2036,"COD",509531.236948516,129643.237348902,0,"ssp245","F0","WGOA","Rpath","base"
2036,"ATF",1761837.03607874,656064.038785302,0,"ssp245","F0","WGOA","Rpath","base"
2037,"POL",3163058.26786521,1900016.63879587,0,"ssp245","F0","WGOA","Rpath","base"
2037,"COD",516665.667734113,130064.807317301,0,"ssp245","F0","WGOA","Rpath","base"
2037,"ATF",1764265.27697716,656998.366123667,0,"ssp245","F0","WGOA","Rpath","base"
2038,"POL",3167550.99743385,1903488.82928475,0,"ssp245","F0","WGOA","Rpath","base"
2038,"COD",523221.584407798,130575.259793897,0,"ssp245","F0","WGOA","Rpath","base"
2038,"ATF",1766537.22664551,658488.255181157,0,"ssp245","F0","WGOA","Rpath","base"
2039,"POL",3171783.82111154,1905747.96505664,0,"ssp245","F0","WGOA","Rpath","base"
2039,"COD",529237.054311478,131162.134902348,0,"ssp245","F0","WGOA","Rpath","base"
2039,"ATF",1767592.04897992,659667.897420143,0,"ssp245","F0","WGOA","Rpath","base"
2040,"POL",3177696.17506369,1909213.98586583,0,"ssp245","F0","WGOA","Rpath","base"
2040,"COD",534869.752668755,131736.86376367,0,"ssp245","F0","WGOA","Rpath","base"
2040,"ATF",1768500.0325673,660950.65924144,0,"ssp245","F0","WGOA","Rpath","base"
2041,"POL",3185560.9979939,1913873.6505948,0,"ssp245","F0","WGOA","Rpath","base"
2041,"COD",540206.581220633,132253.664250059,0,"ssp245","F0","WGOA","Rpath","base"
2041,"ATF",1769302.52672566,662134.079447405,0,"ssp245","F0","WGOA","Rpath","base"
2042,"POL",3199628.06967481,1923491.48007261,0,"ssp245","F0","WGOA","Rpath","base"
2042,"COD",545459.485220435,132658.526058286,0,"ssp245","F0","WGOA","Rpath","base"
2042,"ATF",1771854.42286939,664191.165963386,0,"ssp245","F0","WGOA","Rpath","base"
2043,"POL",3211813.66426112,1931862.10066838,0,"ssp245","F0","WGOA","Rpath","base"
2043,"COD",550493.027136665,132914.295092396,0,"ssp245","F0","WGOA","Rpath","base"
2043,"ATF",1775178.08174353,666602.397224057,0,"ssp245","F0","WGOA","Rpath","base"
2044,"POL",3219174.02188404,1935842.73020777,0,"ssp245","F0","WGOA","Rpath","base"
2044,"COD",555153.100249305,132937.34273789,0,"ssp245","F0","WGOA","Rpath","base"
2044,"ATF",1777199.80147738,668065.439424933,0,"ssp245","F0","WGOA","Rpath","base"
2045,"POL",3231401.37774199,1943157.13568459,0,"ssp245","F0","WGOA","Rpath","base"
2045,"COD",559661.055299096,132846.097574621,0,"ssp245","F0","WGOA","Rpath","base"
2045,"ATF",1779230.14410525,669201.891240677,0,"ssp245","F0","WGOA","Rpath","base"
2046,"POL",3242984.20925247,1950495.10205422,0,"ssp245","F0","WGOA","Rpath","base"
2046,"COD",564026.870499627,132761.201925744,0,"ssp245","F0","WGOA","Rpath","base"
2046,"ATF",1781800.89684989,670447.927249455,0,"ssp245","F0","WGOA","Rpath","base"
2047,"POL",3249217.60934094,1953477.63717265,0,"ssp245","F0","WGOA","Rpath","base"
2047,"COD",568011.386677889,132635.681694676,0,"ssp245","F0","WGOA","Rpath","base"
2047,"ATF",1782847.20639035,670722.600452867,0,"ssp245","F0","WGOA","Rpath","base"
2048,"POL",3264226.6792397,1962932.75923047,0,"ssp245","F0","WGOA","Rpath","base"
2048,"COD",571958.965500398,132571.575852718,0,"ssp245","F0","WGOA","Rpath","base"
2048,"ATF",1784722.00086827,671147.105495882,0,"ssp245","F0","WGOA","Rpath","base"
2049,"POL",3271474.86990736,1967339.99923943,0,"ssp245","F0","WGOA","Rpath","base"
2049,"COD",575650.986228073,132587.51533303,0,"ssp245","F0","WGOA","Rpath","base"
2049,"ATF",1787004.4278523,671850.930901245,0,"ssp245","F0","WGOA","Rpath","base"
2050,"POL",3282535.15466677,1974063.91682503,0,"ssp245","F0","WGOA","Rpath","base"
2050,"COD",579195.768868786,132641.400999388,0,"ssp245","F0","WGOA","Rpath","base"
2050,"ATF",1789531.42845993,672671.082058024,0,"ssp245","F0","WGOA","Rpath","base"
2051,"POL",3299783.95266679,1986505.46622518,0,"ssp245","F0","WGOA","Rpath","base"
2051,"COD",582782.45790931,132851.719473396,0,"ssp245","F0","WGOA","Rpath","base"
2051,"ATF",1794668.01875717,675181.086560511,0,"ssp245","F0","WGOA","Rpath","base"
2052,"POL",3305558.03296402,1989760.36897911,0,"ssp245","F0","WGOA","Rpath","base"
2052,"COD",585920.082520497,133033.032862291,0,"ssp245","F0","WGOA","Rpath","base"
2052,"ATF",1797824.43667203,676867.184602049,0,"ssp245","F0","WGOA","Rpath","base"
2053,"POL",3309487.56115216,1990555.88077976,0,"ssp245","F0","WGOA","Rpath","base"
2053,"COD",588690.950673767,133122.043643847,0,"ssp245","F0","WGOA","Rpath","base"
2053,"ATF",1798434.67451392,677088.305772968,0,"ssp245","F0","WGOA","Rpath","base"
2054,"POL",3323624.49844836,1999580.6032236,0,"ssp245","F0","WGOA","Rpath","base"
2054,"COD",591543.637873067,133230.64091547,0,"ssp245","F0","WGOA","Rpath","base"
2054,"ATF",1800255.79236219,677821.58177175,0,"ssp245","F0","WGOA","Rpath","base"
2055,"POL",3331726.47923991,2004764.67516023,0,"ssp245","F0","WGOA","Rpath","base"
2055,"COD",594237.966252593,133282.289115539,0,"ssp245","F0","WGOA","Rpath","base"
2055,"ATF",1802377.64218518,678728.11746488,0,"ssp245","F0","WGOA","Rpath","base"
2056,"POL",3337032.73339389,2007183.15762464,0,"ssp245","F0","WGOA","Rpath","base"
2056,"COD",596688.987868591,133237.492882808,0,"ssp245","F0","WGOA","Rpath","base"
2056,"ATF",1803351.42292747,678899.341348912,0,"ssp245","F0","WGOA","Rpath","base"
2057,"POL",3344753.828235,2011471.2564257,0,"ssp245","F0","WGOA","Rpath","base"
2057,"COD",599064.709881342,133174.781443426,0,"ssp245","F0","WGOA","Rpath","base"
2057,"ATF",1804258.89745017,678894.901815404,0,"ssp245","F0","WGOA","Rpath","base"
2058,"POL",3358740.63479112,2021374.14453822,0,"ssp245","F0","WGOA","Rpath","base"
2058,"COD",601554.035392218,133173.680382917,0,"ssp245","F0","WGOA","Rpath","base"
2058,"ATF",1807497.7006855,680185.676683816,0,"ssp245","F0","WGOA","Rpath","base"
2059,"POL",3371294.61159698,2030473.92164462,0,"ssp245","F0","WGOA","Rpath","base"
2059,"COD",603985.376518033,133246.330158208,0,"ssp245","F0","WGOA","Rpath","base"
2059,"ATF",1812151.19513653,682516.374845432,0,"ssp245","F0","WGOA","Rpath","base"
2060,"POL",3370534.17930013,2028949.13304228,0,"ssp245","F0","WGOA","Rpath","base"
2060,"COD",605915.595542232,133298.145862482,0,"ssp245","F0","WGOA","Rpath","base"
2060,"ATF",1814234.52886716,683727.45449777,0,"ssp245","F0","WGOA","Rpath","base"
2061,"POL",3375668.46413208,2030977.65605003,0,"ssp245","F0","WGOA","Rpath","base"
2061,"COD",607645.140802091,133334.754024426,0,"ssp245","F0","WGOA","Rpath","base"
2061,"ATF",1814780.5622298,683906.713848272,0,"ssp245","F0","WGOA","Rpath","base"
2062,"POL",3381334.56717131,2034030.84218743,0,"ssp245","F0","WGOA","Rpath","base"
2062,"COD",609298.805909732,133425.717661861,0,"ssp245","F0","WGOA","Rpath","base"
2062,"ATF",1815251.01823537,683910.565350473,0,"ssp245","F0","WGOA","Rpath","base"
2063,"POL",3386611.03770873,2037329.05054237,0,"ssp245","F0","WGOA","Rpath","base"
2063,"COD",610904.935594843,133542.600176483,0,"ssp245","F0","WGOA","Rpath","base"
2063,"ATF",1816304.7705395,684146.254697536,0,"ssp245","F0","WGOA","Rpath","base"
2064,"POL",3390850.94834246,2039933.66567127,0,"ssp245","F0","WGOA","Rpath","base"
2064,"COD",612416.740511979,133652.019279308,0,"ssp245","F0","WGOA","Rpath","base"
2064,"ATF",1817558.42534074,684485.78399854,0,"ssp245","F0","WGOA","Rpath","base"
2065,"POL",3403778.35856911,2049179.36238169,0,"ssp245","F0","WGOA","Rpath","base"
2065,"COD",614061.486988233,133777.267820765,0,"ssp245","F0","WGOA","Rpath","base"
2065,"ATF",1820562.84721986,685729.004701679,0,"ssp245","F0","WGOA","Rpath","base"
2066,"POL",3412630.75398333,2056264.71243727,0,"ssp245","F0","WGOA","Rpath","base"
2066,"COD",615676.818878283,133926.280022474,0,"ssp245","F0","WGOA","Rpath","base"
2066,"ATF",1825298.39046018,688184.674842452,0,"ssp245","F0","WGOA","Rpath","base"
2067,"POL",3414689.22699846,2057307.82974169,0,"ssp245","F0","WGOA","Rpath","base"
2067,"COD",616987.614086236,134011.703885659,0,"ssp245","F0","WGOA","Rpath","base"
2067,"ATF",1828640.2767412,690092.320207153,0,"ssp245","F0","WGOA","Rpath","base"
2068,"POL",3420510.38430359,2061022.99004373,0,"ssp245","F0","WGOA","Rpath","base"
2068,"COD",618224.113130537,134110.11063807,0,"ssp245","F0","WGOA","Rpath","base"
2068,"ATF",1831632.18529668,691860.697584575,0,"ssp245","F0","WGOA","Rpath","base"
2069,"POL",3420027.43807328,2059892.638519,0,"ssp245","F0","WGOA","Rpath","base"
2069,"COD",619188.668742718,134151.609233406,0,"ssp245","F0","WGOA","Rpath","base"
2069,"ATF",1832428.98834483,692340.624155367,0,"ssp245","F0","WGOA","Rpath","base"
2070,"POL",3423265.02389285,2061284.01759449,0,"ssp245","F0","WGOA","Rpath","base"
2070,"COD",620090.902662287,134136.164830723,0,"ssp245","F0","WGOA","Rpath","base"
2070,"ATF",1832228.99646814,691917.865827352,0,"ssp245","F0","WGOA","Rpath","base"
2071,"POL",3429964.99135089,2066265.92567948,0,"ssp245","F0","WGOA","Rpath","base"
2071,"COD",621126.699930668,134134.623644739,0,"ssp245","F0","WGOA","Rpath","base"
2071,"ATF",1833712.99751847,692197.906569307,0,"ssp245","F0","WGOA","Rpath","base"
2072,"POL",3426573.66513569,2063457.17735807,0,"ssp245","F0","WGOA","Rpath","base"
2072,"COD",621893.936915598,134037.935714955,0,"ssp245","F0","WGOA","Rpath","base"
2072,"ATF",1833807.21699715,691663.920124303,0,"ssp245","F0","WGOA","Rpath","base"
2073,"POL",3432177.58922085,2067041.88499086,0,"ssp245","F0","WGOA","Rpath","base"
2073,"COD",622775.60599469,133917.570087824,0,"ssp245","F0","WGOA","Rpath","base"
2073,"ATF",1834666.6143651,691342.514511829,0,"ssp245","F0","WGOA","Rpath","base"
2074,"POL",3439217.67431875,2073046.32217381,0,"ssp245","F0","WGOA","Rpath","base"
2074,"COD",623811.645970449,133918.055482564,0,"ssp245","F0","WGOA","Rpath","base"
2074,"ATF",1838150.27182185,692774.504987495,0,"ssp245","F0","WGOA","Rpath","base"
2075,"POL",3437276.67303162,2071583.73145619,0,"ssp245","F0","WGOA","Rpath","base"
2075,"COD",624541.396690095,133906.743379372,0,"ssp245","F0","WGOA","Rpath","base"
2075,"ATF",1839843.26606624,693551.171030119,0,"ssp245","F0","WGOA","Rpath","base"
2076,"POL",3436287.23542516,2069973.93877175,0,"ssp245","F0","WGOA","Rpath","base"
2076,"COD",625088.068155013,133900.038184244,0,"ssp245","F0","WGOA","Rpath","base"
2076,"ATF",1839674.86411598,693397.175840857,0,"ssp245","F0","WGOA","Rpath","base"
2077,"POL",3443762.47660118,2075324.19937128,0,"ssp245","F0","WGOA","Rpath","base"
2077,"COD",625796.048063623,133993.159779815,0,"ssp245","F0","WGOA","Rpath","base"
2077,"ATF",1840830.94789462,694024.227340896,0,"ssp245","F0","WGOA","Rpath","base"
2078,"POL",3447415.23495371,2078156.91300429,0,"ssp245","F0","WGOA","Rpath","base"
2078,"COD",626444.58455966,134111.012709169,0,"ssp245","F0","WGOA","Rpath","base"
2078,"ATF",1842255.14561404,694921.577082516,0,"ssp245","F0","WGOA","Rpath","base"
2079,"POL",3447117.24807527,2077860.9356091,0,"ssp245","F0","WGOA","Rpath","base"
2079,"COD",626971.700555858,134198.077578605,0,"ssp245","F0","WGOA","Rpath","base"
2079,"ATF",1843568.46360019,695811.287762687,0,"ssp245","F0","WGOA","Rpath","base"
2080,"POL",3446690.6124414,2077180.7987826,0,"ssp245","F0","WGOA","Rpath","base"
2080,"COD",627401.586202305,134252.663419997,0,"ssp245","F0","WGOA","Rpath","base"
2080,"ATF",1844376.38106523,696398.559269898,0,"ssp245","F0","WGOA","Rpath","base"
2081,"POL",3450454.25220616,2079628.12498461,0,"ssp245","F0","WGOA","Rpath","base"
2081,"COD",627865.058043442,134284.11802331,0,"ssp245","F0","WGOA","Rpath","base"
2081,"ATF",1844999.14990982,696725.411128886,0,"ssp245","F0","WGOA","Rpath","base"
2082,"POL",3444009.93671109,2074179.05598171,0,"ssp245","F0","WGOA","Rpath","base"
2082,"COD",628042.411792577,134224.257335133,0,"ssp245","F0","WGOA","Rpath","base"
2082,"ATF",1843138.41284589,695615.1647287,0,"ssp245","F0","WGOA","Rpath","base"
2083,"POL",3440966.48661287,2070410.96836267,0,"ssp245","F0","WGOA","Rpath","base"
2083,"COD",628118.163162012,134075.078346735,0,"ssp245","F0","WGOA","Rpath","base"
2083,"ATF",1839364.78346216,693151.379491056,0,"ssp245","F0","WGOA","Rpath","base"
2084,"POL",3447927.00691381,2075664.05183889,0,"ssp245","F0","WGOA","Rpath","base"
2084,"COD",628547.445386068,133999.625994688,0,"ssp245","F0","WGOA","Rpath","base"
2084,"ATF",1838582.00971999,692219.323765465,0,"ssp245","F0","WGOA","Rpath","base"
2085,"POL",3449664.53668203,2077387.12917237,0,"ssp245","F0","WGOA","Rpath","base"
2085,"COD",628985.970760972,133936.269271489,0,"ssp245","F0","WGOA","Rpath","base"
2085,"ATF",1839157.03140652,692271.845007835,0,"ssp245","F0","WGOA","Rpath","base"
2086,"POL",3449508.71885065,2077136.03860662,0,"ssp245","F0","WGOA","Rpath","base"
2086,"COD",629343.466099293,133890.94370938,0,"ssp245","F0","WGOA","Rpath","base"
2086,"ATF",1839862.44899914,692686.074650156,0,"ssp245","F0","WGOA","Rpath","base"
2087,"POL",3451966.71361384,2078798.18690435,0,"ssp245","F0","WGOA","Rpath","base"
2087,"COD",629693.620495328,133946.557389777,0,"ssp245","F0","WGOA","Rpath","base"
2087,"ATF",1840871.84402543,693594.774321952,0,"ssp245","F0","WGOA","Rpath","base"
2088,"POL",3448623.68309639,2075272.92731988,0,"ssp245","F0","WGOA","Rpath","base"
2088,"COD",629738.046783302,134017.471043899,0,"ssp245","F0","WGOA","Rpath","base"
2088,"ATF",1838978.32488169,693085.865316642,0,"ssp245","F0","WGOA","Rpath","base"
2089,"POL",3443256.10299854,2069401.13554057,0,"ssp245","F0","WGOA","Rpath","base"
2089,"COD",629537.491921441,134058.043665829,0,"ssp245","F0","WGOA","Rpath","base"
2089,"ATF",1833923.32177541,690669.663443801,0,"ssp245","F0","WGOA","Rpath","base"
2090,"POL",3446429.65900432,2070821.28927932,0,"ssp245","F0","WGOA","Rpath","base"
2090,"COD",629600.562961165,134161.251488213,0,"ssp245","F0","WGOA","Rpath","base"
2090,"ATF",1830714.23382118,689056.264128492,0,"ssp245","F0","WGOA","Rpath","base"
2091,"POL",3457230.85493281,2079573.89329636,0,"ssp245","F0","WGOA","Rpath","base"
2091,"COD",630083.20572834,134375.315993013,0,"ssp245","F0","WGOA","Rpath","base"
2091,"ATF",1832431.34228264,690282.642194672,0,"ssp245","F0","WGOA","Rpath","base"
2092,"POL",3456413.93121312,2079578.59392345,0,"ssp245","F0","WGOA","Rpath","base"
2092,"COD",630402.121584247,134544.99296485,0,"ssp245","F0","WGOA","Rpath","base"
2092,"ATF",1834476.02692158,692026.216641238,0,"ssp245","F0","WGOA","Rpath","base"
2093,"POL",3457728.03155028,2079936.84063181,0,"ssp245","F0","WGOA","Rpath","base"
2093,"COD",630606.770110962,134650.206765751,0,"ssp245","F0","WGOA","Rpath","base"
2093,"ATF",1835468.24390022,693250.616539532,0,"ssp245","F0","WGOA","Rpath","base"
2094,"POL",3461735.79562149,2082556.56045923,0,"ssp245","F0","WGOA","Rpath","base"
2094,"COD",630880.982271962,134772.571892772,0,"ssp245","F0","WGOA","Rpath","base"
2094,"ATF",1836561.81393162,694559.615226254,0,"ssp245","F0","WGOA","Rpath","base"
2095,"POL",3460475.51518081,2081197.35398112,0,"ssp245","F0","WGOA","Rpath","base"
2095,"COD",631032.433698229,134853.49939096,0,"ssp245","F0","WGOA","Rpath","base"
2095,"ATF",1836393.68216789,695189.954308652,0,"ssp245","F0","WGOA","Rpath","base"
2096,"POL",3468660.86241929,2087328.08538422,0,"ssp245","F0","WGOA","Rpath","base"
2096,"COD",631427.169798861,134951.346432982,0,"ssp245","F0","WGOA","Rpath","base"
2096,"ATF",1838057.83225735,696670.226467176,0,"ssp245","F0","WGOA","Rpath","base"
2097,"POL",3472289.79427085,2090524.27637601,0,"ssp245","F0","WGOA","Rpath","base"
2097,"COD",631815.591477436,135020.071349243,0,"ssp245","F0","WGOA","Rpath","base"
2097,"ATF",1840379.24864264,698451.121085083,0,"ssp245","F0","WGOA","Rpath","base"
2098,"POL",3465406.99040104,2084484.9767968,0,"ssp245","F0","WGOA","Rpath","base"
2098,"COD",631858.258300676,134882.728427155,0,"ssp245","F0","WGOA","Rpath","base"
2098,"ATF",1839340.36083722,697998.076006727,0,"ssp245","F0","WGOA","Rpath","base"
2099,"POL",3477228.11212319,2093194.21992805,0,"ssp245","F0","WGOA","Rpath","base"
2099,"COD",632288.765747694,134806.291690402,0,"ssp245","F0","WGOA","Rpath","base"
2099,"ATF",1841059.45740694,698691.276723704,0,"ssp245","F0","WGOA","Rpath","base"
1991,"POL",2884927.16511783,1690895.40603404,87828.010002781,"ssp585","F0","WGOA","Rpath","base"
1991,"COD",399280.293878193,93224.2373585632,64466.829990571,"ssp585","F0","WGOA","Rpath","base"
1991,"ATF",1554327.80462664,597326.97740596,16958.380011156,"ssp585","F0","WGOA","Rpath","base"
1992,"POL",2892495.91324268,1696087.27813365,90585.189961806,"ssp585","F0","WGOA","Rpath","base"
1992,"COD",371842.900083054,88999.2287874369,78966.500089317,"ssp585","F0","WGOA","Rpath","base"
1992,"ATF",1551901.37581743,598021.211707819,20482.180062468,"ssp585","F0","WGOA","Rpath","base"
1993,"POL",2886917.46017875,1690078.21042351,108230.180085742,"ssp585","F0","WGOA","Rpath","base"
1993,"COD",375328.175429555,91984.46817467,45849.170066118,"ssp585","F0","WGOA","Rpath","base"
1993,"ATF",1551566.34683954,599298.159270716,18294.449920618,"ssp585","F0","WGOA","Rpath","base"
1994,"POL",2891612.89701311,1691340.87032149,100412.359942985,"ssp585","F0","WGOA","Rpath","base"
1994,"COD",374238.505424238,92168.0244909248,45610.579965874,"ssp585","F0","WGOA","Rpath","base"
1994,"ATF",1547453.431915,598480.508802417,21993.239976229,"ssp585","F0","WGOA","Rpath","base"
1995,"POL",2920445.2429594,1709974.75171492,69168.129925675,"ssp585","F0","WGOA","Rpath","base"
1995,"COD",354241.118245692,88060.9264831689,67907.179992219,"ssp585","F0","WGOA","Rpath","base"
1995,"ATF",1548788.07321952,599203.455585779,17415.490044603,"ssp585","F0","WGOA","Rpath","base"
1996,"POL",2949537.49989699,1727520.76771419,49825.8700384,"ssp585","F0","WGOA","Rpath","base"
1996,"COD",348901.269856949,89289.8998161644,55391.660096973,"ssp585","F0","WGOA","Rpath","base"
1996,"ATF",1545296.54167072,597141.15385086,21555.609900557,"ssp585","F0","WGOA","Rpath","base"
1997,"POL",2946193.76182491,1722365.56372477,84179.649971753,"ssp585","F0","WGOA","Rpath","base"
1997,"COD",339607.871812025,88455.8466619866,58920.579990637,"ssp585","F0","WGOA","Rpath","base"
1997,"ATF",1547340.93937387,596389.731746862,14758.279890696,"ssp585","F0","WGOA","Rpath","base"
1998,"POL",3007840.54757787,1762267.82292695,5428.379997642,"ssp585","F0","WGOA","Rpath","base"
1998,"COD",338402.008126062,87897.0996300377,50218.950113863,"ssp585","F0","WGOA","Rpath","base"
1998,"ATF",1552042.17068945,596282.511778416,12377.190009373,"ssp585","F0","WGOA","Rpath","base"
1999,"POL",2993956.26360435,1751820.3586859,90556.900062537,"ssp585","F0","WGOA","Rpath","base"
1999,"COD",323385.504513683,83134.3281978233,66264.67009813,"ssp585","F0","WGOA","Rpath","base"
1999,"ATF",1556822.57219736,596729.653748177,14649.229924965,"ssp585","F0","WGOA","Rpath","base"
2000,"POL",3049484.66889728,1789601.2235707,5552.830105466,"ssp585","F0","WGOA","Rpath","base"
2000,"COD",321234.70478313,82993.6306736087,53384.869944958,"ssp585","F0","WGOA","Rpath","base"
2000,"ATF",1555589.60333769,595731.530286997,22993.75009338,"ssp585","F0","WGOA","Rpath","base"
2001,"POL",3082953.38628358,1808450.38491623,3452.299978517,"ssp585","F0","WGOA","Rpath","base"
2001,"COD",327836.052151014,85350.6677932879,40517.409954733,"ssp585","F0","WGOA","Rpath","base"
2001,"ATF",1559150.39699574,597017.281545479,17416.199986059,"ssp585","F0","WGOA","Rpath","base"
2002,"POL",3117695.91098478,1828996.8919311,1698.029945361,"ssp585","F0","WGOA","Rpath","base"
2002,"COD",329657.199807253,86672.396799144,41567.989960821,"ssp585","F0","WGOA","Rpath","base"
2002,"ATF",1561074.36729579,598208.760306624,20173.560012907,"ssp585","F0","WGOA","Rpath","base"
2003,"POL",3105660.59060301,1817041.08768011,48590.077011908,"ssp585","F0","WGOA","Rpath","base"
2003,"COD",321002.232869284,86072.6548698382,52365.755088864,"ssp585","F0","WGOA","Rpath","base"
2003,"ATF",1552272.45436907,595288.634146958,30169.771891001,"ssp585","F0","WGOA","Rpath","base"
2004,"POL",3100496.17999595,1811816.72016729,62434.439922489,"ssp585","F0","WGOA","Rpath","base"
2004,"COD",310907.346053104,86861.6844619175,56450.241969657,"ssp585","F0","WGOA","Rpath","base"
2004,"ATF",1557805.52630999,597533.747722124,15634.908041003,"ssp585","F0","WGOA","Rpath","base"
2005,"POL",3085140.75609541,1801622.59658072,78302.791927256,"ssp585","F0","WGOA","Rpath","base"
2005,"COD",308747.712383036,89355.0329510825,47523.779925577,"ssp585","F0","WGOA","Rpath","base"
2005,"ATF",1557456.93296847,596651.527725103,19923.573051558,"ssp585","F0","WGOA","Rpath","base"
2006,"POL",3088115.70042571,1805154.79373703,68928.307992488,"ssp585","F0","WGOA","Rpath","base"
2006,"COD",305285.425387622,89662.8420266119,47767.079961499,"ssp585","F0","WGOA","Rpath","base"
2006,"ATF",1552052.55675712,593803.972010943,27622.698918064,"ssp585","F0","WGOA","Rpath","base"
2007,"POL",3108388.6659623,1820162.18935033,51572.307003871,"ssp585","F0","WGOA","Rpath","base"
2007,"COD",298656.827987615,86970.5841575916,51812.178003779,"ssp585","F0","WGOA","Rpath","base"
2007,"ATF",1552833.11070127,593773.096946291,25346.986980543,"ssp585","F0","WGOA","Rpath","base"
2008,"POL",3122657.32782491,1829614.82622622,50786.206014733,"ssp585","F0","WGOA","Rpath","base"
2008,"COD",288014.19715692,83738.4257426123,58386.384025578,"ssp585","F0","WGOA","Rpath","base"
2008,"ATF",1551453.5168298,592951.977723493,29205.939969489,"ssp585","F0","WGOA","Rpath","base"
2009,"POL",3143273.39859891,1841984.8200306,41549.503075916,"ssp585","F0","WGOA","Rpath","base"
2009,"COD",284535.848347064,83301.5655360441,51788.980009351,"ssp585","F0","WGOA","Rpath","base"
2009,"ATF",1555113.02563569,594046.266118116,24831.742038702,"ssp585","F0","WGOA","Rpath","base"
2010,"POL",3136117.03112817,1835292.14585186,73443.384226643,"ssp585","F0","WGOA","Rpath","base"
2010,"COD",260387.074378808,76717.5680514182,76954.154598455,"ssp585","F0","WGOA","Rpath","base"
2010,"ATF",1558263.17274182,594362.564843561,24339.446470918,"ssp585","F0","WGOA","Rpath","base"
2011,"POL",3141056.08768375,1838289.75061505,77694.479623666,"ssp585","F0","WGOA","Rpath","base"
2011,"COD",234318.516143285,69543.3060352226,83710.475394165,"ssp585","F0","WGOA","Rpath","base"
2011,"ATF",1557071.61028742,592792.103233455,30911.821764055,"ssp585","F0","WGOA","Rpath","base"
2012,"POL",3133568.47204365,1833854.71164897,98934.691224094,"ssp585","F0","WGOA","Rpath","base"
2012,"COD",216652.39880077,64116.8215124414,76871.109994854,"ssp585","F0","WGOA","Rpath","base"
2012,"ATF",1567597.98995377,595605.767059271,20761.909908427,"ssp585","F0","WGOA","Rpath","base"
2013,"POL",3129803.3271359,1832301.64727678,90796.631609659,"ssp585","F0","WGOA","Rpath","base"
2013,"COD",207097.746004189,61173.0549874287,66829.781618954,"ssp585","F0","WGOA","Rpath","base"
2013,"ATF",1575636.64297929,596480.791969859,21809.3123161,"ssp585","F0","WGOA","Rpath","base"
2014,"POL",3087331.43236134,1803398.13573914,138948.061996125,"ssp585","F0","WGOA","Rpath","base"
2014,"COD",180191.44732662,54326.1747660013,83491.72820457,"ssp585","F0","WGOA","Rpath","base"
2014,"ATF",1567912.16262094,590069.752717628,36524.501530691,"ssp585","F0","WGOA","Rpath","base"
2015,"POL",3045526.28555765,1775739.07919012,162807.64603073,"ssp585","F0","WGOA","Rpath","base"
2015,"COD",157932.722055918,48934.4411406065,77689.992014231,"ssp585","F0","WGOA","Rpath","base"
2015,"ATF",1577268.81804826,588791.535950363,19296.587221708,"ssp585","F0","WGOA","Rpath","base"
2016,"POL",3007798.29217938,1753763.79832681,173086.352394527,"ssp585","F0","WGOA","Rpath","base"
2016,"COD",147656.615382295,47339.0097704077,62867.327429592,"ssp585","F0","WGOA","Rpath","base"
2016,"ATF",1586289.94323646,586210.878732567,19976.294186812,"ssp585","F0","WGOA","Rpath","base"
2017,"POL",2976739.35759481,1738811.22499638,184220.028529305,"ssp585","F0","WGOA","Rpath","base"
2017,"COD",147736.144697943,50239.6743054142,48204.214674581,"ssp585","F0","WGOA","Rpath","base"
2017,"ATF",1591593.27599985,581990.660087748,27053.508990172,"ssp585","F0","WGOA","Rpath","base"
2018,"POL",2968841.33230651,1740812.46211736,150815.192171791,"ssp585","F0","WGOA","Rpath","base"
2018,"COD",174522.229212124,61112.9039308985,14681.29819652,"ssp585","F0","WGOA","Rpath","base"
2018,"ATF",1607270.2111573,582229.748408732,18870.25094355,"ssp585","F0","WGOA","Rpath","base"
2019,"POL",2976191.20523764,1750709.51749398,110649.271555557,"ssp585","F0","WGOA","Rpath","base"
2019,"COD",197788.813002527,66355.8766877763,15200.420583165,"ssp585","F0","WGOA","Rpath","base"
2019,"ATF",1614692.32773615,580069.536802079,24567.051964421,"ssp585","F0","WGOA","Rpath","base"
2020,"POL",2989800.23372154,1764764.17925614,99971.064888454,"ssp585","F0","WGOA","Rpath","base"
2020,"COD",228117.246163443,75554.157695705,6085.249338733,"ssp585","F0","WGOA","Rpath","base"
2020,"ATF",1626337.87888343,581528.262199006,21115.899302007,"ssp585","F0","WGOA","Rpath","base"
2021,"POL",3000010.58745029,1776589.84309415,93869.858770329,"ssp585","F0","WGOA","Rpath","base"
2021,"COD",246122.283294113,80228.3322042327,18686.812307248,"ssp585","F0","WGOA","Rpath","base"
2021,"ATF",1647780.48055368,589116.979259532,9846.300133144,"ssp585","F0","WGOA","Rpath","base"
2022,"POL",2974284.27989083,1762516.08602179,123494.034078862,"ssp585","F0","WGOA","Rpath","base"
2022,"COD",260916.649344768,80750.6782249289,25387.705315903,"ssp585","F0","WGOA","Rpath","base"
2022,"ATF",1661850.80602659,595968.236975183,11531.831681252,"ssp585","F0","WGOA","Rpath","base"
2023,"POL",2959678.24187847,1756259.05894117,124964.845430032,"ssp585","F0","WGOA","Rpath","base"
2023,"COD",281305.376503244,80533.2576605914,21018.296907485,"ssp585","F0","WGOA","Rpath","base"
2023,"ATF",1675129.16500155,604655.809052272,9114.887408711,"ssp585","F0","WGOA","Rpath","base"
2024,"POL",3037290.83025287,1813379.33325636,0,"ssp585","F0","WGOA","Rpath","base"
2024,"COD",318427.575498937,85858.805762871,0,"ssp585","F0","WGOA","Rpath","base"
2024,"ATF",1695908.45392528,618077.762599959,0,"ssp585","F0","WGOA","Rpath","base"
2025,"POL",3074153.15538112,1838220.20411569,0,"ssp585","F0","WGOA","Rpath","base"
2025,"COD",349557.294203822,89897.2726423083,0,"ssp585","F0","WGOA","Rpath","base"
2025,"ATF",1711825.09020331,630038.510235919,0,"ssp585","F0","WGOA","Rpath","base"
2026,"POL",3095417.61690182,1851207.73398021,0,"ssp585","F0","WGOA","Rpath","base"
2026,"COD",376182.636228142,94905.285984709,0,"ssp585","F0","WGOA","Rpath","base"
2026,"ATF",1723144.78315966,639591.009911821,0,"ssp585","F0","WGOA","Rpath","base"
2027,"POL",3117149.04916864,1864415.96937729,0,"ssp585","F0","WGOA","Rpath","base"
2027,"COD",399225.707369371,101275.620081631,0,"ssp585","F0","WGOA","Rpath","base"
2027,"ATF",1731868.43427218,646779.93529327,0,"ssp585","F0","WGOA","Rpath","base"
2028,"POL",3126765.72557148,1870624.62201442,0,"ssp585","F0","WGOA","Rpath","base"
2028,"COD",419014.26901906,108067.077362983,0,"ssp585","F0","WGOA","Rpath","base"
2028,"ATF",1738662.71485451,651965.440813434,0,"ssp585","F0","WGOA","Rpath","base"
2029,"POL",3132908.92376866,1874163.43781477,0,"ssp585","F0","WGOA","Rpath","base"
2029,"COD",435940.271336524,114130.737631678,0,"ssp585","F0","WGOA","Rpath","base"
2029,"ATF",1742524.29731629,654450.494329382,0,"ssp585","F0","WGOA","Rpath","base"
2030,"POL",3139930.29238359,1879461.21939121,0,"ssp585","F0","WGOA","Rpath","base"
2030,"COD",450596.172994846,119191.999224451,0,"ssp585","F0","WGOA","Rpath","base"
2030,"ATF",1746163.70546873,655718.380417708,0,"ssp585","F0","WGOA","Rpath","base"
2031,"POL",3140714.7758052,1880503.1325538,0,"ssp585","F0","WGOA","Rpath","base"
2031,"COD",463242.265839636,123114.920063274,0,"ssp585","F0","WGOA","Rpath","base"
2031,"ATF",1748380.81668115,655338.971753875,0,"ssp585","F0","WGOA","Rpath","base"
2032,"POL",3141421.66586218,1881234.06510014,0,"ssp585","F0","WGOA","Rpath","base"
2032,"COD",474384.266529775,125805.93757237,0,"ssp585","F0","WGOA","Rpath","base"
2032,"ATF",1749608.40532812,653876.251535413,0,"ssp585","F0","WGOA","Rpath","base"
2033,"POL",3147906.22199879,1887190.33335592,0,"ssp585","F0","WGOA","Rpath","base"
2033,"COD",484538.068170961,127523.166786216,0,"ssp585","F0","WGOA","Rpath","base"
2033,"ATF",1752934.62900461,653693.61265723,0,"ssp585","F0","WGOA","Rpath","base"
2034,"POL",3157444.3524046,1895742.49609654,0,"ssp585","F0","WGOA","Rpath","base"
2034,"COD",493889.627207886,128593.869736181,0,"ssp585","F0","WGOA","Rpath","base"
2034,"ATF",1758239.55090885,655207.778817709,0,"ssp585","F0","WGOA","Rpath","base"
2035,"POL",3165545.58227512,1903086.7007636,0,"ssp585","F0","WGOA","Rpath","base"
2035,"COD",502444.779453451,129343.022154602,0,"ssp585","F0","WGOA","Rpath","base"
2035,"ATF",1764460.81297846,658128.299807217,0,"ssp585","F0","WGOA","Rpath","base"
2036,"POL",3163280.04472986,1901574.39035718,0,"ssp585","F0","WGOA","Rpath","base"
2036,"COD",509997.240012302,129917.726896827,0,"ssp585","F0","WGOA","Rpath","base"
2036,"ATF",1767836.76888291,660255.075694411,0,"ssp585","F0","WGOA","Rpath","base"
2037,"POL",3159583.42102306,1897423.11870239,0,"ssp585","F0","WGOA","Rpath","base"
2037,"COD",516663.925035086,130409.44458057,0,"ssp585","F0","WGOA","Rpath","base"
2037,"ATF",1767140.53041492,660373.97877501,0,"ssp585","F0","WGOA","Rpath","base"
2038,"POL",3163009.71275528,1898386.04013535,0,"ssp585","F0","WGOA","Rpath","base"
2038,"COD",522906.102081439,130911.331295671,0,"ssp585","F0","WGOA","Rpath","base"
2038,"ATF",1765248.37981286,659655.645077436,0,"ssp585","F0","WGOA","Rpath","base"
2039,"POL",3174502.89912956,1907057.15190553,0,"ssp585","F0","WGOA","Rpath","base"
2039,"COD",529039.645568005,131541.884046194,0,"ssp585","F0","WGOA","Rpath","base"
2039,"ATF",1766786.35160757,660757.22331093,0,"ssp585","F0","WGOA","Rpath","base"
2040,"POL",3181104.61076055,1911979.16621248,0,"ssp585","F0","WGOA","Rpath","base"
2040,"COD",534781.691343424,132039.118051163,0,"ssp585","F0","WGOA","Rpath","base"
2040,"ATF",1768906.16162698,662158.279602562,0,"ssp585","F0","WGOA","Rpath","base"
2041,"POL",3192937.37615815,1920054.9806337,0,"ssp585","F0","WGOA","Rpath","base"
2041,"COD",540268.641322271,132423.027053293,0,"ssp585","F0","WGOA","Rpath","base"
2041,"ATF",1771747.09226154,663830.465118643,0,"ssp585","F0","WGOA","Rpath","base"
2042,"POL",3199741.69026288,1924000.07812019,0,"ssp585","F0","WGOA","Rpath","base"
2042,"COD",545348.006065423,132620.305661388,0,"ssp585","F0","WGOA","Rpath","base"
2042,"ATF",1773594.75084911,664944.336508718,0,"ssp585","F0","WGOA","Rpath","base"
2043,"POL",3204263.21324951,1925465.13783878,0,"ssp585","F0","WGOA","Rpath","base"
2043,"COD",550037.70144169,132664.631823678,0,"ssp585","F0","WGOA","Rpath","base"
2043,"ATF",1773662.69652782,664982.29794589,0,"ssp585","F0","WGOA","Rpath","base"
2044,"POL",3211689.41936347,1928905.57234159,0,"ssp585","F0","WGOA","Rpath","base"
2044,"COD",554527.14950078,132628.907012617,0,"ssp585","F0","WGOA","Rpath","base"
2044,"ATF",1773046.32673809,664538.734524062,0,"ssp585","F0","WGOA","Rpath","base"
2045,"POL",3226579.5085967,1938539.63488953,0,"ssp585","F0","WGOA","Rpath","base"
2045,"COD",559043.266707833,132588.021533947,0,"ssp585","F0","WGOA","Rpath","base"
2045,"ATF",1774105.02001314,664902.386192144,0,"ssp585","F0","WGOA","Rpath","base"
2046,"POL",3246373.80343609,1953059.66640017,0,"ssp585","F0","WGOA","Rpath","base"
2046,"COD",563660.036287742,132652.138031984,0,"ssp585","F0","WGOA","Rpath","base"
2046,"ATF",1779110.47788649,667539.225665819,0,"ssp585","F0","WGOA","Rpath","base"
2047,"POL",3260885.81729162,1963510.84168496,0,"ssp585","F0","WGOA","Rpath","base"
2047,"COD",568035.101612114,132758.716891806,0,"ssp585","F0","WGOA","Rpath","base"
2047,"ATF",1785402.51790286,671229.894339016,0,"ssp585","F0","WGOA","Rpath","base"
2048,"POL",3268510.39981765,1967852.08785483,0,"ssp585","F0","WGOA","Rpath","base"
2048,"COD",571946.79530646,132853.884869432,0,"ssp585","F0","WGOA","Rpath","base"
2048,"ATF",1789906.82579782,674117.138675456,0,"ssp585","F0","WGOA","Rpath","base"
2049,"POL",3269796.11444261,1966292.65737221,0,"ssp585","F0","WGOA","Rpath","base"
2049,"COD",575292.198688105,132927.725934493,0,"ssp585","F0","WGOA","Rpath","base"
2049,"ATF",1790317.91880075,674632.835404781,0,"ssp585","F0","WGOA","Rpath","base"
2050,"POL",3280553.42029324,1971985.41379056,0,"ssp585","F0","WGOA","Rpath","base"
2050,"COD",578595.866973643,133023.019519532,0,"ssp585","F0","WGOA","Rpath","base"
2050,"ATF",1790290.52303709,674430.642354913,0,"ssp585","F0","WGOA","Rpath","base"
2051,"POL",3294486.17818189,1981599.52813689,0,"ssp585","F0","WGOA","Rpath","base"
2051,"COD",581986.139564058,133174.222010636,0,"ssp585","F0","WGOA","Rpath","base"
2051,"ATF",1792545.96563914,675259.130903848,0,"ssp585","F0","WGOA","Rpath","base"
2052,"POL",3305631.36916375,1989238.77697829,0,"ssp585","F0","WGOA","Rpath","base"
2052,"COD",585236.02931897,133248.85957011,0,"ssp585","F0","WGOA","Rpath","base"
2052,"ATF",1795595.08825484,676376.450785332,0,"ssp585","F0","WGOA","Rpath","base"
2053,"POL",3311974.01835557,1992585.69055577,0,"ssp585","F0","WGOA","Rpath","base"
2053,"COD",588182.72350925,133190.447904997,0,"ssp585","F0","WGOA","Rpath","base"
2053,"ATF",1797531.84310909,676761.271621088,0,"ssp585","F0","WGOA","Rpath","base"
2054,"POL",3319467.23948593,1996233.17376264,0,"ssp585","F0","WGOA","Rpath","base"
2054,"COD",590961.110167743,133044.168820591,0,"ssp585","F0","WGOA","Rpath","base"
2054,"ATF",1798440.10629471,676427.207711802,0,"ssp585","F0","WGOA","Rpath","base"
2055,"POL",3329024.27281048,2002379.00619653,0,"ssp585","F0","WGOA","Rpath","base"
2055,"COD",593694.951390938,132964.141240119,0,"ssp585","F0","WGOA","Rpath","base"
2055,"ATF",1800423.26350131,676848.829923751,0,"ssp585","F0","WGOA","Rpath","base"
2056,"POL",3340918.13234358,2010001.91170697,0,"ssp585","F0","WGOA","Rpath","base"
2056,"COD",596350.874579648,132957.702402406,0,"ssp585","F0","WGOA","Rpath","base"
2056,"ATF",1802699.40873588,677645.614177271,0,"ssp585","F0","WGOA","Rpath","base"
2057,"POL",3349187.30451091,2015523.76197362,0,"ssp585","F0","WGOA","Rpath","base"
2057,"COD",598845.512323762,133044.095003917,0,"ssp585","F0","WGOA","Rpath","base"
2057,"ATF",1805598.29036531,679094.531199286,0,"ssp585","F0","WGOA","Rpath","base"
2058,"POL",3357363.38959767,2020122.63219128,0,"ssp585","F0","WGOA","Rpath","base"
2058,"COD",601101.253862077,133139.195126444,0,"ssp585","F0","WGOA","Rpath","base"
2058,"ATF",1807455.65940919,680058.181343283,0,"ssp585","F0","WGOA","Rpath","base"
2059,"POL",3360883.20092413,2021339.68892201,0,"ssp585","F0","WGOA","Rpath","base"
2059,"COD",603083.648175615,133240.057781904,0,"ssp585","F0","WGOA","Rpath","base"
2059,"ATF",1808145.64389597,680398.57080179,0,"ssp585","F0","WGOA","Rpath","base"
2060,"POL",3372528.17448229,2029075.71404522,0,"ssp585","F0","WGOA","Rpath","base"
2060,"COD",605122.019254038,133415.900792664,0,"ssp585","F0","WGOA","Rpath","base"
2060,"ATF",1810420.68561439,681560.472171987,0,"ssp585","F0","WGOA","Rpath","base"
2061,"POL",3370553.19196841,2026301.9000833,0,"ssp585","F0","WGOA","Rpath","base"
2061,"COD",606675.111972272,133537.965276006,0,"ssp585","F0","WGOA","Rpath","base"
2061,"ATF",1810021.30466203,681348.675988768,0,"ssp585","F0","WGOA","Rpath","base"
2062,"POL",3381331.93263986,2033008.44151587,0,"ssp585","F0","WGOA","Rpath","base"
2062,"COD",608358.550493174,133639.196304905,0,"ssp585","F0","WGOA","Rpath","base"
2062,"ATF",1810705.83338051,681360.588524389,0,"ssp585","F0","WGOA","Rpath","base"
2063,"POL",3393345.58560451,2042373.97452182,0,"ssp585","F0","WGOA","Rpath","base"
2063,"COD",610244.388125471,133850.086216871,0,"ssp585","F0","WGOA","Rpath","base"
2063,"ATF",1815234.26048563,683678.56930548,0,"ssp585","F0","WGOA","Rpath","base"
2064,"POL",3395178.53825164,2043597.84169116,0,"ssp585","F0","WGOA","Rpath","base"
2064,"COD",611756.299710823,133983.386275829,0,"ssp585","F0","WGOA","Rpath","base"
2064,"ATF",1818316.05941636,685426.727770873,0,"ssp585","F0","WGOA","Rpath","base"
2065,"POL",3392319.50912976,2039248.87749294,0,"ssp585","F0","WGOA","Rpath","base"
2065,"COD",612794.533968122,133957.617617268,0,"ssp585","F0","WGOA","Rpath","base"
2065,"ATF",1816802.25116756,684460.617975566,0,"ssp585","F0","WGOA","Rpath","base"
2066,"POL",3398755.47200885,2042633.54392167,0,"ssp585","F0","WGOA","Rpath","base"
2066,"COD",613962.071981562,133949.055004505,0,"ssp585","F0","WGOA","Rpath","base"
2066,"ATF",1815843.43837926,683509.955774098,0,"ssp585","F0","WGOA","Rpath","base"
2067,"POL",3400032.63207745,2042668.14850523,0,"ssp585","F0","WGOA","Rpath","base"
2067,"COD",615008.481652955,133918.154926694,0,"ssp585","F0","WGOA","Rpath","base"
2067,"ATF",1814461.94868761,682262.969833101,0,"ssp585","F0","WGOA","Rpath","base"
2068,"POL",3405473.48125629,2045800.91822036,0,"ssp585","F0","WGOA","Rpath","base"
2068,"COD",616100.136649678,133877.872426736,0,"ssp585","F0","WGOA","Rpath","base"
2068,"ATF",1813753.13446381,681281.215823841,0,"ssp585","F0","WGOA","Rpath","base"
2069,"POL",3415495.57868391,2053463.71690893,0,"ssp585","F0","WGOA","Rpath","base"
2069,"COD",617382.470281608,133936.516320105,0,"ssp585","F0","WGOA","Rpath","base"
2069,"ATF",1816288.28378775,682299.571062002,0,"ssp585","F0","WGOA","Rpath","base"
2070,"POL",3414743.89556866,2052396.62523413,0,"ssp585","F0","WGOA","Rpath","base"
2070,"COD",618375.075389451,133949.617542024,0,"ssp585","F0","WGOA","Rpath","base"
2070,"ATF",1817623.79481548,682931.925403655,0,"ssp585","F0","WGOA","Rpath","base"
2071,"POL",3421294.24696927,2056842.45692837,0,"ssp585","F0","WGOA","Rpath","base"
2071,"COD",619417.936223369,134048.045470541,0,"ssp585","F0","WGOA","Rpath","base"
2071,"ATF",1819906.91879122,684321.001834372,0,"ssp585","F0","WGOA","Rpath","base"
2072,"POL",3427842.99088461,2061758.48754234,0,"ssp585","F0","WGOA","Rpath","base"
2072,"COD",620463.77620384,134262.270629059,0,"ssp585","F0","WGOA","Rpath","base"
2072,"ATF",1822828.93969848,686423.719878784,0,"ssp585","F0","WGOA","Rpath","base"
2073,"POL",3424213.07523748,2058083.32808605,0,"ssp585","F0","WGOA","Rpath","base"
2073,"COD",621113.165426371,134396.133028932,0,"ssp585","F0","WGOA","Rpath","base"
2073,"ATF",1822515.19820473,686804.046001016,0,"ssp585","F0","WGOA","Rpath","base"
2074,"POL",3425436.61285051,2057633.22072498,0,"ssp585","F0","WGOA","Rpath","base"
2074,"COD",621750.124017115,134463.080452151,0,"ssp585","F0","WGOA","Rpath","base"
2074,"ATF",1821212.6685271,686300.028677279,0,"ssp585","F0","WGOA","Rpath","base"
2075,"POL",3428666.32841975,2059419.23831313,0,"ssp585","F0","WGOA","Rpath","base"
2075,"COD",622489.892946523,134499.337262224,0,"ssp585","F0","WGOA","Rpath","base"
2075,"ATF",1820523.73276941,685878.28938137,0,"ssp585","F0","WGOA","Rpath","base"
2076,"POL",3439783.30265174,2068168.07489869,0,"ssp585","F0","WGOA","Rpath","base"
2076,"COD",623524.722184464,134536.512044727,0,"ssp585","F0","WGOA","Rpath","base"
2076,"ATF",1822983.12753912,686999.408212208,0,"ssp585","F0","WGOA","Rpath","base"
2077,"POL",3441147.40316243,2069258.45198616,0,"ssp585","F0","WGOA","Rpath","base"
2077,"COD",624341.22510153,134522.106787895,0,"ssp585","F0","WGOA","Rpath","base"
2077,"ATF",1824959.1573937,687998.911519175,0,"ssp585","F0","WGOA","Rpath","base"
2078,"POL",3439027.5607939,2066484.72332826,0,"ssp585","F0","WGOA","Rpath","base"
2078,"COD",624880.959524565,134400.370824669,0,"ssp585","F0","WGOA","Rpath","base"
2078,"ATF",1824524.93575366,687525.843457786,0,"ssp585","F0","WGOA","Rpath","base"
2079,"POL",3440743.52342998,2066819.97422874,0,"ssp585","F0","WGOA","Rpath","base"
2079,"COD",625408.999439367,134318.294634402,0,"ssp585","F0","WGOA","Rpath","base"
2079,"ATF",1823979.58928396,686912.635876009,0,"ssp585","F0","WGOA","Rpath","base"
2080,"POL",3441950.75697831,2066918.03090063,0,"ssp585","F0","WGOA","Rpath","base"
2080,"COD",625875.936618217,134299.697484011,0,"ssp585","F0","WGOA","Rpath","base"
2080,"ATF",1822862.45306298,686007.651821148,0,"ssp585","F0","WGOA","Rpath","base"
2081,"POL",3445223.08904246,2069316.70043,0,"ssp585","F0","WGOA","Rpath","base"
2081,"COD",626397.069357719,134382.130868373,0,"ssp585","F0","WGOA","Rpath","base"
2081,"ATF",1822848.37185816,685788.12596803,0,"ssp585","F0","WGOA","Rpath","base"
2082,"POL",3444856.73665298,2068592.49722306,0,"ssp585","F0","WGOA","Rpath","base"
2082,"COD",626775.148571357,134482.533660176,0,"ssp585","F0","WGOA","Rpath","base"
2082,"ATF",1822354.12925893,685421.317896086,0,"ssp585","F0","WGOA","Rpath","base"
2083,"POL",3447672.304851,2070219.16638269,0,"ssp585","F0","WGOA","Rpath","base"
2083,"COD",627190.24709055,134596.394808457,0,"ssp585","F0","WGOA","Rpath","base"
2083,"ATF",1822327.55517516,685326.664920139,0,"ssp585","F0","WGOA","Rpath","base"
2084,"POL",3454470.08568917,2075817.09834988,0,"ssp585","F0","WGOA","Rpath","base"
2084,"COD",627743.940172139,134802.83477368,0,"ssp585","F0","WGOA","Rpath","base"
2084,"ATF",1824664.58264616,686802.096311717,0,"ssp585","F0","WGOA","Rpath","base"
2085,"POL",3454349.94535757,2075726.3539647,0,"ssp585","F0","WGOA","Rpath","base"
2085,"COD",628115.143293419,134984.605511679,0,"ssp585","F0","WGOA","Rpath","base"
2085,"ATF",1826275.64568108,688155.523189134,0,"ssp585","F0","WGOA","Rpath","base"
2086,"POL",3449441.59323417,2071213.82993569,0,"ssp585","F0","WGOA","Rpath","base"
2086,"COD",628245.889271123,135085.140295095,0,"ssp585","F0","WGOA","Rpath","base"
2086,"ATF",1825671.58398784,688334.130089579,0,"ssp585","F0","WGOA","Rpath","base"
2087,"POL",3448936.19006123,2069521.07106391,0,"ssp585","F0","WGOA","Rpath","base"
2087,"COD",628301.167425337,135120.196985879,0,"ssp585","F0","WGOA","Rpath","base"
2087,"ATF",1823177.26858827,687237.708735699,0,"ssp585","F0","WGOA","Rpath","base"
2088,"POL",3453055.06697977,2072094.78109337,0,"ssp585","F0","WGOA","Rpath","base"
2088,"COD",628551.123222367,135120.998611986,0,"ssp585","F0","WGOA","Rpath","base"
2088,"ATF",1821458.61657793,686243.848774558,0,"ssp585","F0","WGOA","Rpath","base"
2089,"POL",3451679.89919247,2070878.69257748,0,"ssp585","F0","WGOA","Rpath","base"
2089,"COD",628811.710341483,135066.376392802,0,"ssp585","F0","WGOA","Rpath","base"
2089,"ATF",1820215.06088133,685451.621383865,0,"ssp585","F0","WGOA","Rpath","base"
2090,"POL",3454978.5412263,2073208.78377489,0,"ssp585","F0","WGOA","Rpath","base"
2090,"COD",629219.478183108,134988.316501147,0,"ssp585","F0","WGOA","Rpath","base"
2090,"ATF",1820461.98889974,685429.612694349,0,"ssp585","F0","WGOA","Rpath","base"
2091,"POL",3451943.39667214,2069987.3557227,0,"ssp585","F0","WGOA","Rpath","base"
2091,"COD",629407.400362598,134855.343944062,0,"ssp585","F0","WGOA","Rpath","base"
2091,"ATF",1818670.55815293,684369.137063902,0,"ssp585","F0","WGOA","Rpath","base"
2092,"POL",3451500.99762369,2068480.05767152,0,"ssp585","F0","WGOA","Rpath","base"
2092,"COD",629574.647910747,134715.799615356,0,"ssp585","F0","WGOA","Rpath","base"
2092,"ATF",1815678.09933551,682554.42875966,0,"ssp585","F0","WGOA","Rpath","base"
2093,"POL",3455586.15018824,2071181.42795288,0,"ssp585","F0","WGOA","Rpath","base"
2093,"COD",629961.246198356,134709.389744997,0,"ssp585","F0","WGOA","Rpath","base"
2093,"ATF",1814685.32048592,681973.705848945,0,"ssp585","F0","WGOA","Rpath","base"
2094,"POL",3458977.18498731,2073928.58199906,0,"ssp585","F0","WGOA","Rpath","base"
2094,"COD",630431.220327362,134829.62302652,0,"ssp585","F0","WGOA","Rpath","base"
2094,"ATF",1815598.99785205,682821.647920381,0,"ssp585","F0","WGOA","Rpath","base"
2095,"POL",3467783.46092041,2081222.63013326,0,"ssp585","F0","WGOA","Rpath","base"
2095,"COD",631089.207981191,135076.251823756,0,"ssp585","F0","WGOA","Rpath","base"
2095,"ATF",1819381.6103574,685609.100637896,0,"ssp585","F0","WGOA","Rpath","base"
2096,"POL",3466569.1223245,2080389.62326113,0,"ssp585","F0","WGOA","Rpath","base"
2096,"COD",631473.924946166,135339.926288386,0,"ssp585","F0","WGOA","Rpath","base"
2096,"ATF",1821804.01183304,688027.748313577,0,"ssp585","F0","WGOA","Rpath","base"
2097,"POL",3479542.00179774,2090317.21377943,0,"ssp585","F0","WGOA","Rpath","base"
2097,"COD",632085.604722596,135665.941880916,0,"ssp585","F0","WGOA","Rpath","base"
2097,"ATF",1826224.02025677,691460.132272726,0,"ssp585","F0","WGOA","Rpath","base"
2098,"POL",3478092.86536327,2090051.3220377,0,"ssp585","F0","WGOA","Rpath","base"
2098,"COD",632510.972086681,135994.043028765,0,"ssp585","F0","WGOA","Rpath","base"
2098,"ATF",1830134.94713124,694812.724969466,0,"ssp585","F0","WGOA","Rpath","base"
2099,"POL",3461977.28175801,2074963.31717548,0,"ssp585","F0","WGOA","Rpath","base"
2099,"COD",632048.261293287,135947.429306476,0,"ssp585","F0","WGOA","Rpath","base"
2099,"ATF",1824442.30052973,692232.300374861,0,"ssp585","F0","WGOA","Rpath","base"
1991,"POL",2884927.16511783,1690895.40603404,87828.010002781,"persistence","Fmean","WGOA","Rpath","base"
1991,"COD",399280.293878193,93224.2373585632,64466.829990571,"persistence","Fmean","WGOA","Rpath","base"
1991,"ATF",1554327.80462664,597326.97740596,16958.380011156,"persistence","Fmean","WGOA","Rpath","base"
1992,"POL",2892495.91324268,1696087.27813365,90585.189961806,"persistence","Fmean","WGOA","Rpath","base"
1992,"COD",371842.900083054,88999.2287874369,78966.500089317,"persistence","Fmean","WGOA","Rpath","base"
1992,"ATF",1551901.37581743,598021.211707819,20482.180062468,"persistence","Fmean","WGOA","Rpath","base"
1993,"POL",2886917.46017875,1690078.21042351,108230.180085742,"persistence","Fmean","WGOA","Rpath","base"
1993,"COD",375328.175429555,91984.46817467,45849.170066118,"persistence","Fmean","WGOA","Rpath","base"
1993,"ATF",1551566.34683954,599298.159270716,18294.449920618,"persistence","Fmean","WGOA","Rpath","base"
1994,"POL",2891612.89701311,1691340.87032149,100412.359942985,"persistence","Fmean","WGOA","Rpath","base"
1994,"COD",374238.505424238,92168.0244909248,45610.579965874,"persistence","Fmean","WGOA","Rpath","base"
1994,"ATF",1547453.431915,598480.508802417,21993.239976229,"persistence","Fmean","WGOA","Rpath","base"
1995,"POL",2920445.2429594,1709974.75171492,69168.129925675,"persistence","Fmean","WGOA","Rpath","base"
1995,"COD",354241.118245692,88060.9264831689,67907.179992219,"persistence","Fmean","WGOA","Rpath","base"
1995,"ATF",1548788.07321952,599203.455585779,17415.490044603,"persistence","Fmean","WGOA","Rpath","base"
1996,"POL",2949537.49989699,1727520.76771419,49825.8700384,"persistence","Fmean","WGOA","Rpath","base"
1996,"COD",348901.269856949,89289.8998161644,55391.660096973,"persistence","Fmean","WGOA","Rpath","base"
1996,"ATF",1545296.54167072,597141.15385086,21555.609900557,"persistence","Fmean","WGOA","Rpath","base"
1997,"POL",2946193.76182491,1722365.56372477,84179.649971753,"persistence","Fmean","WGOA","Rpath","base"
1997,"COD",339607.871812025,88455.8466619866,58920.579990637,"persistence","Fmean","WGOA","Rpath","base"
1997,"ATF",1547340.93937387,596389.731746862,14758.279890696,"persistence","Fmean","WGOA","Rpath","base"
1998,"POL",3007840.54757787,1762267.82292695,5428.379997642,"persistence","Fmean","WGOA","Rpath","base"
1998,"COD",338402.008126062,87897.0996300377,50218.950113863,"persistence","Fmean","WGOA","Rpath","base"
1998,"ATF",1552042.17068945,596282.511778416,12377.190009373,"persistence","Fmean","WGOA","Rpath","base"
1999,"POL",2993956.26360435,1751820.3586859,90556.900062537,"persistence","Fmean","WGOA","Rpath","base"
1999,"COD",323385.504513683,83134.3281978233,66264.67009813,"persistence","Fmean","WGOA","Rpath","base"
1999,"ATF",1556822.57219736,596729.653748177,14649.229924965,"persistence","Fmean","WGOA","Rpath","base"
2000,"POL",3049484.66889728,1789601.2235707,5552.830105466,"persistence","Fmean","WGOA","Rpath","base"
2000,"COD",321234.70478313,82993.6306736087,53384.869944958,"persistence","Fmean","WGOA","Rpath","base"
2000,"ATF",1555589.60333769,595731.530286997,22993.75009338,"persistence","Fmean","WGOA","Rpath","base"
2001,"POL",3082953.38628358,1808450.38491623,3452.299978517,"persistence","Fmean","WGOA","Rpath","base"
2001,"COD",327836.052151014,85350.6677932879,40517.409954733,"persistence","Fmean","WGOA","Rpath","base"
2001,"ATF",1559150.39699574,597017.281545479,17416.199986059,"persistence","Fmean","WGOA","Rpath","base"
2002,"POL",3117695.91098478,1828996.8919311,1698.029945361,"persistence","Fmean","WGOA","Rpath","base"
2002,"COD",329657.199807253,86672.396799144,41567.989960821,"persistence","Fmean","WGOA","Rpath","base"
2002,"ATF",1561074.36729579,598208.760306624,20173.560012907,"persistence","Fmean","WGOA","Rpath","base"
2003,"POL",3105660.59060301,1817041.08768011,48590.077011908,"persistence","Fmean","WGOA","Rpath","base"
2003,"COD",321002.232869284,86072.6548698382,52365.755088864,"persistence","Fmean","WGOA","Rpath","base"
2003,"ATF",1552272.45436907,595288.634146958,30169.771891001,"persistence","Fmean","WGOA","Rpath","base"
2004,"POL",3100496.17999595,1811816.72016729,62434.439922489,"persistence","Fmean","WGOA","Rpath","base"
2004,"COD",310907.346053104,86861.6844619175,56450.241969657,"persistence","Fmean","WGOA","Rpath","base"
2004,"ATF",1557805.52630999,597533.747722124,15634.908041003,"persistence","Fmean","WGOA","Rpath","base"
2005,"POL",3085140.75609541,1801622.59658072,78302.791927256,"persistence","Fmean","WGOA","Rpath","base"
2005,"COD",308747.712383036,89355.0329510825,47523.779925577,"persistence","Fmean","WGOA","Rpath","base"
2005,"ATF",1557456.93296847,596651.527725103,19923.573051558,"persistence","Fmean","WGOA","Rpath","base"
2006,"POL",3088115.70042571,1805154.79373703,68928.307992488,"persistence","Fmean","WGOA","Rpath","base"
2006,"COD",305285.425387622,89662.8420266119,47767.079961499,"persistence","Fmean","WGOA","Rpath","base"
2006,"ATF",1552052.55675712,593803.972010943,27622.698918064,"persistence","Fmean","WGOA","Rpath","base"
2007,"POL",3108388.6659623,1820162.18935033,51572.307003871,"persistence","Fmean","WGOA","Rpath","base"
2007,"COD",298656.827987615,86970.5841575916,51812.178003779,"persistence","Fmean","WGOA","Rpath","base"
2007,"ATF",1552833.11070127,593773.096946291,25346.986980543,"persistence","Fmean","WGOA","Rpath","base"
2008,"POL",3122657.32782491,1829614.82622622,50786.206014733,"persistence","Fmean","WGOA","Rpath","base"
2008,"COD",288014.19715692,83738.4257426123,58386.384025578,"persistence","Fmean","WGOA","Rpath","base"
2008,"ATF",1551453.5168298,592951.977723493,29205.939969489,"persistence","Fmean","WGOA","Rpath","base"
2009,"POL",3143273.39859891,1841984.8200306,41549.503075916,"persistence","Fmean","WGOA","Rpath","base"
2009,"COD",284535.848347064,83301.5655360441,51788.980009351,"persistence","Fmean","WGOA","Rpath","base"
2009,"ATF",1555113.02563569,594046.266118116,24831.742038702,"persistence","Fmean","WGOA","Rpath","base"
2010,"POL",3136117.03112817,1835292.14585186,73443.384226643,"persistence","Fmean","WGOA","Rpath","base"
2010,"COD",260387.074378808,76717.5680514182,76954.154598455,"persistence","Fmean","WGOA","Rpath","base"
2010,"ATF",1558263.17274182,594362.564843561,24339.446470918,"persistence","Fmean","WGOA","Rpath","base"
2011,"POL",3141056.08768375,1838289.75061505,77694.479623666,"persistence","Fmean","WGOA","Rpath","base"
2011,"COD",234318.516143285,69543.3060352226,83710.475394165,"persistence","Fmean","WGOA","Rpath","base"
2011,"ATF",1557071.61028742,592792.103233455,30911.821764055,"persistence","Fmean","WGOA","Rpath","base"
2012,"POL",3133568.47204365,1833854.71164897,98934.691224094,"persistence","Fmean","WGOA","Rpath","base"
2012,"COD",216652.39880077,64116.8215124414,76871.109994854,"persistence","Fmean","WGOA","Rpath","base"
2012,"ATF",1567597.98995377,595605.767059271,20761.909908427,"persistence","Fmean","WGOA","Rpath","base"
2013,"POL",3129803.3271359,1832301.64727678,90796.631609659,"persistence","Fmean","WGOA","Rpath","base"
2013,"COD",207097.746004189,61173.0549874287,66829.781618954,"persistence","Fmean","WGOA","Rpath","base"
2013,"ATF",1575636.64297929,596480.791969859,21809.3123161,"persistence","Fmean","WGOA","Rpath","base"
2014,"POL",3087331.43236134,1803398.13573914,138948.061996125,"persistence","Fmean","WGOA","Rpath","base"
2014,"COD",180191.44732662,54326.1747660013,83491.72820457,"persistence","Fmean","WGOA","Rpath","base"
2014,"ATF",1567912.16262094,590069.752717628,36524.501530691,"persistence","Fmean","WGOA","Rpath","base"
2015,"POL",3045526.28555765,1775739.07919012,162807.64603073,"persistence","Fmean","WGOA","Rpath","base"
2015,"COD",157932.722055918,48934.4411406065,77689.992014231,"persistence","Fmean","WGOA","Rpath","base"
2015,"ATF",1577268.81804826,588791.535950363,19296.587221708,"persistence","Fmean","WGOA","Rpath","base"
2016,"POL",3007798.29217938,1753763.79832681,173086.352394527,"persistence","Fmean","WGOA","Rpath","base"
2016,"COD",147656.615382295,47339.0097704077,62867.327429592,"persistence","Fmean","WGOA","Rpath","base"
2016,"ATF",1586289.94323646,586210.878732567,19976.294186812,"persistence","Fmean","WGOA","Rpath","base"
2017,"POL",2976739.35759481,1738811.22499638,184220.028529305,"persistence","Fmean","WGOA","Rpath","base"
2017,"COD",147736.144697943,50239.6743054142,48204.214674581,"persistence","Fmean","WGOA","Rpath","base"
2017,"ATF",1591593.27599985,581990.660087748,27053.508990172,"persistence","Fmean","WGOA","Rpath","base"
2018,"POL",2968841.33230651,1740812.46211736,150815.192171791,"persistence","Fmean","WGOA","Rpath","base"
2018,"COD",174522.229212124,61112.9039308985,14681.29819652,"persistence","Fmean","WGOA","Rpath","base"
2018,"ATF",1607270.2111573,582229.748408732,18870.25094355,"persistence","Fmean","WGOA","Rpath","base"
2019,"POL",2976191.20523764,1750709.51749398,110649.271555557,"persistence","Fmean","WGOA","Rpath","base"
2019,"COD",197788.813002527,66355.8766877763,15200.420583165,"persistence","Fmean","WGOA","Rpath","base"
2019,"ATF",1614692.32773615,580069.536802079,24567.051964421,"persistence","Fmean","WGOA","Rpath","base"
2020,"POL",2989800.23372154,1764764.17925614,99971.064888454,"persistence","Fmean","WGOA","Rpath","base"
2020,"COD",228117.246163443,75554.157695705,6085.249338733,"persistence","Fmean","WGOA","Rpath","base"
2020,"ATF",1626337.87888343,581528.262199006,21115.899302007,"persistence","Fmean","WGOA","Rpath","base"
2021,"POL",2895986.76918547,1704616.09661021,234794.642041679,"persistence","Fmean","WGOA","Rpath","base"
2021,"COD",211867.500274443,68663.2070149424,59686.0561613451,"persistence","Fmean","WGOA","Rpath","base"
2021,"ATF",1625228.73737207,580512.113591112,32525.4799261467,"persistence","Fmean","WGOA","Rpath","base"
2022,"POL",2815689.97117089,1654975.16414609,259664.773270618,"persistence","Fmean","WGOA","Rpath","base"
2022,"COD",201770.695321023,61680.9113554434,63520.2256121953,"persistence","Fmean","WGOA","Rpath","base"
2022,"ATF",1622599.48417577,581039.457377539,34187.4966497165,"persistence","Fmean","WGOA","Rpath","base"
2023,"POL",2757029.51199184,1619047.20839772,257435.488734937,"persistence","Fmean","WGOA","Rpath","base"
2023,"COD",201108.065758737,55838.0930404049,58203.2639837456,"persistence","Fmean","WGOA","Rpath","base"
2023,"ATF",1620485.60267938,582891.976859496,31733.1084927779,"persistence","Fmean","WGOA","Rpath","base"
2024,"POL",2803699.80530184,1655397.96844378,132412.435513392,"persistence","Fmean","WGOA","Rpath","base"
2024,"COD",218361.64618225,56963.2999970509,39127.9675459549,"persistence","Fmean","WGOA","Rpath","base"
2024,"ATF",1626941.42595439,588368.464838892,22641.9550209167,"persistence","Fmean","WGOA","Rpath","base"
2025,"POL",2830359.236188,1674880.49273351,134391.315652263,"persistence","Fmean","WGOA","Rpath","base"
2025,"COD",231267.725030071,58979.7879929515,42309.363722159,"persistence","Fmean","WGOA","Rpath","base"
2025,"ATF",1633286.32239967,593466.701661901,22730.1783706509,"persistence","Fmean","WGOA","Rpath","base"
2026,"POL",2851741.23740308,1689606.34515192,135529.228911657,"persistence","Fmean","WGOA","Rpath","base"
2026,"COD",242204.520373909,62549.7349279397,44612.1918274779,"persistence","Fmean","WGOA","Rpath","base"
2026,"ATF",1640631.28416998,598340.147340273,22825.998769556,"persistence","Fmean","WGOA","Rpath","base"
2027,"POL",2868055.48347647,1699664.66438206,136458.631211698,"persistence","Fmean","WGOA","Rpath","base"
2027,"COD",252294.104171625,65774.9222104081,46565.0842743679,"persistence","Fmean","WGOA","Rpath","base"
2027,"ATF",1647653.358903,602454.254493266,22927.1849425708,"persistence","Fmean","WGOA","Rpath","base"
2028,"POL",2879911.51872551,1706675.93005738,137181.649823092,"persistence","Fmean","WGOA","Rpath","base"
2028,"COD",261914.205839344,67217.2879691219,48371.9233267839,"persistence","Fmean","WGOA","Rpath","base"
2028,"ATF",1653719.89252812,606015.257204184,23019.3023615872,"persistence","Fmean","WGOA","Rpath","base"
2029,"POL",2888255.29307,1711683.32776392,137722.534650717,"persistence","Fmean","WGOA","Rpath","base"
2029,"COD",270980.890635866,67214.5167136845,50162.5045019436,"persistence","Fmean","WGOA","Rpath","base"
2029,"ATF",1658700.41094724,609162.554620129,23097.1273923125,"persistence","Fmean","WGOA","Rpath","base"
2030,"POL",2893738.51059635,1715116.27009615,138104.552967903,"persistence","Fmean","WGOA","Rpath","base"
2030,"COD",279131.452160393,66666.7709531401,51935.6451867562,"persistence","Fmean","WGOA","Rpath","base"
2030,"ATF",1662713.69262857,611745.976300996,23160.5984185189,"persistence","Fmean","WGOA","Rpath","base"
2031,"POL",2896847.02881928,1717151.4839261,138348.886936551,"persistence","Fmean","WGOA","Rpath","base"
2031,"COD",285946.240208573,66433.3478305959,53566.8254670117,"persistence","Fmean","WGOA","Rpath","base"
2031,"ATF",1665922.38029207,613614.135010571,23211.6429527576,"persistence","Fmean","WGOA","Rpath","base"
2032,"POL",2898012.35551374,1717981.57888768,138478.959016709,"persistence","Fmean","WGOA","Rpath","base"
2032,"COD",291197.904137518,67138.6732540941,54921.1295776838,"persistence","Fmean","WGOA","Rpath","base"
2032,"ATF",1668462.83911334,614868.251035644,23252.3315358787,"persistence","Fmean","WGOA","Rpath","base"
2033,"POL",2897597.35039375,1717841.14425033,138517.505614284,"persistence","Fmean","WGOA","Rpath","base"
2033,"COD",294962.543765826,68766.2762567281,55926.4134308838,"persistence","Fmean","WGOA","Rpath","base"
2033,"ATF",1670443.11620722,615675.869327052,23284.3668948425,"persistence","Fmean","WGOA","Rpath","base"
2034,"POL",2895868.78559493,1716939.02479288,138482.130440559,"persistence","Fmean","WGOA","Rpath","base"
2034,"COD",297537.709830328,70878.3053384212,56592.2654020882,"persistence","Fmean","WGOA","Rpath","base"
2034,"ATF",1671953.9437971,616157.567882139,23309.1156736125,"persistence","Fmean","WGOA","Rpath","base"
2035,"POL",2893008.34435764,1715412.510758,138383.805000047,"persistence","Fmean","WGOA","Rpath","base"
2035,"COD",299302.096158504,72815.2787106039,56997.0076120318,"persistence","Fmean","WGOA","Rpath","base"
2035,"ATF",1673075.89585963,616365.046194846,23327.7808816108,"persistence","Fmean","WGOA","Rpath","base"
2036,"POL",2889157.78418407,1713336.37991812,138228.934475797,"persistence","Fmean","WGOA","Rpath","base"
2036,"COD",300579.190047579,74094.9929577852,57246.3414253065,"persistence","Fmean","WGOA","Rpath","base"
2036,"ATF",1673880.63509471,616323.442237131,23341.4735151297,"persistence","Fmean","WGOA","Rpath","base"
2037,"POL",2884466.64703146,1710764.98598444,138023.027917754,"persistence","Fmean","WGOA","Rpath","base"
2037,"COD",301567.628251355,74575.930864951,57431.0579767139,"persistence","Fmean","WGOA","Rpath","base"
2037,"ATF",1674428.56408931,616069.753279016,23351.174241999,"persistence","Fmean","WGOA","Rpath","base"
2038,"POL",2879120.68435876,1707772.91244386,137773.675953989,"persistence","Fmean","WGOA","Rpath","base"
2038,"COD",302325.065904339,74470.9522046798,57598.7970891404,"persistence","Fmean","WGOA","Rpath","base"
2038,"ATF",1674766.749054,615659.74306939,23357.6616464793,"persistence","Fmean","WGOA","Rpath","base"
2039,"POL",2873337.53228497,1704469.16479484,137491.415005699,"persistence","Fmean","WGOA","Rpath","base"
2039,"COD",302816.257280922,74171.4322063017,57752.1135888544,"persistence","Fmean","WGOA","Rpath","base"
2039,"ATF",1674929.29233628,615168.745034442,23361.4851872673,"persistence","Fmean","WGOA","Rpath","base"
2040,"POL",2867337.45645566,1700984.49249066,137188.562676821,"persistence","Fmean","WGOA","Rpath","base"
2040,"COD",302989.05988541,74028.9824075204,57865.4188840668,"persistence","Fmean","WGOA","Rpath","base"
2040,"ATF",1674939.86116613,614648.326802633,23363.0006680923,"persistence","Fmean","WGOA","Rpath","base"
2041,"POL",2861308.40034693,1697445.51836754,136877.034434348,"persistence","Fmean","WGOA","Rpath","base"
2041,"COD",302836.444987746,74213.3692459408,57910.480446359,"persistence","Fmean","WGOA","Rpath","base"
2041,"ATF",1674815.14886868,614146.103508881,23362.4389822519,"persistence","Fmean","WGOA","Rpath","base"
2042,"POL",2855382.53445474,1693950.91111529,136566.318594245,"persistence","Fmean","WGOA","Rpath","base"
2042,"COD",302417.233033147,74664.3196361725,57876.0903636388,"persistence","Fmean","WGOA","Rpath","base"
2042,"ATF",1674568.81770025,613684.733369713,23359.9825711349,"persistence","Fmean","WGOA","Rpath","base"
2043,"POL",2849631.5839142,1690558.6540317,136262.409304814,"persistence","Fmean","WGOA","Rpath","base"
2043,"COD",301835.446800707,75196.7797782003,57774.427098338,"persistence","Fmean","WGOA","Rpath","base"
2043,"ATF",1674214.6434461,613259.388616198,23355.8185634893,"persistence","Fmean","WGOA","Rpath","base"
2044,"POL",2844076.7486725,1687286.48024171,135967.872331227,"persistence","Fmean","WGOA","Rpath","base"
2044,"COD",301203.54438318,75603.2882907157,57634.6416432678,"persistence","Fmean","WGOA","Rpath","base"
2044,"ATF",1673768.05870994,612845.614151369,23350.1713964072,"persistence","Fmean","WGOA","Rpath","base"
2045,"POL",2838705.04575991,1684121.96897157,135682.709510683,"persistence","Fmean","WGOA","Rpath","base"
2045,"COD",300605.335974098,75752.9766228826,57489.171527294,"persistence","Fmean","WGOA","Rpath","base"
2045,"ATF",1673245.62758326,612413.605195184,23343.2998334204,"persistence","Fmean","WGOA","Rpath","base"
2046,"POL",2833484.64689489,1681035.76255002,135405.426907906,"persistence","Fmean","WGOA","Rpath","base"
2046,"COD",300075.270724258,75648.9807135546,57361.5216143297,"persistence","Fmean","WGOA","Rpath","base"
2046,"ATF",1672663.26555144,611942.024087328,23335.4657831236,"persistence","Fmean","WGOA","Rpath","base"
2047,"POL",2828374.9347636,1677993.13157755,135133.887240591,"persistence","Fmean","WGOA","Rpath","base"
2047,"COD",299602.410965435,75396.9963864359,57259.6408650893,"persistence","Fmean","WGOA","Rpath","base"
2047,"ATF",1672034.21725024,611425.675860891,23326.8963457738,"persistence","Fmean","WGOA","Rpath","base"
2048,"POL",2823331.88830261,1674961.44887625,134865.810824511,"persistence","Fmean","WGOA","Rpath","base"
2048,"COD",299150.750825069,75135.9433825883,57176.9518135365,"persistence","Fmean","WGOA","Rpath","base"
2048,"ATF",1671367.44482555,610874.555400138,23317.7538656948,"persistence","Fmean","WGOA","Rpath","base"
2049,"POL",2818313.01181287,1671914.820623,134599.02375557,"persistence","Fmean","WGOA","Rpath","base"
2049,"COD",298685.003197272,74970.7219087881,57099.6711372601,"persistence","Fmean","WGOA","Rpath","base"
2049,"ATF",1670666.8603994,610307.231557655,23308.1222587116,"persistence","Fmean","WGOA","Rpath","base"
2050,"POL",2813285.01215209,1668837.89209075,134331.71425932,"persistence","Fmean","WGOA","Rpath","base"
2050,"COD",298189.105042416,74934.4287537358,57015.3493009512,"persistence","Fmean","WGOA","Rpath","base"
2050,"ATF",1669931.74569755,609742.203046748,23298.011761599,"persistence","Fmean","WGOA","Rpath","base"
2051,"POL",2808232.68031267,1665728.81847496,134062.806435505,"persistence","Fmean","WGOA","Rpath","base"
2051,"COD",297670.728248796,74990.6739114357,56918.6092780433,"persistence","Fmean","WGOA","Rpath","base"
2051,"ATF",1669158.28269425,609191.113400266,23287.3799410019,"persistence","Fmean","WGOA","Rpath","base"
2052,"POL",2803163.16793332,1662598.74095433,133792.260441519,"persistence","Fmean","WGOA","Rpath","base"
2052,"COD",297153.219629969,75066.8731375586,56812.2479605574,"persistence","Fmean","WGOA","Rpath","base"
2052,"ATF",1668341.49365364,608656.073250701,23276.1604773873,"persistence","Fmean","WGOA","Rpath","base"
2053,"POL",2798103.21838176,1659467.80584936,133521.085273793,"persistence","Fmean","WGOA","Rpath","base"
2053,"COD",296661.919627191,75096.2094606156,56704.2846463787,"persistence","Fmean","WGOA","Rpath","base"
2053,"ATF",1667476.95174369,608131.316371556,23264.2892208143,"persistence","Fmean","WGOA","Rpath","base"
2054,"POL",2793091.30769723,1656359.97684171,133251.070468025,"persistence","Fmean","WGOA","Rpath","base"
2054,"COD",296212.324649272,75047.5211189234,56603.2141395833,"persistence","Fmean","WGOA","Rpath","base"
2054,"ATF",1666561.78693897,607607.552418677,23251.7210076313,"persistence","Fmean","WGOA","Rpath","base"
2055,"POL",2788168.81242992,1653299.18818441,132984.389450353,"persistence","Fmean","WGOA","Rpath","base"
2055,"COD",295805.051636375,74932.1636527635,56514.0372088103,"persistence","Fmean","WGOA","Rpath","base"
2055,"ATF",1665594.80922,607076.474234874,23238.4337339412,"persistence","Fmean","WGOA","Rpath","base"
2056,"POL",2783371.70488474,1650306.19186473,132723.192909814,"persistence","Fmean","WGOA","Rpath","base"
2056,"COD",295428.501988062,74789.6700821118,56436.7129163585,"persistence","Fmean","WGOA","Rpath","base"
2056,"ATF",1664576.19458738,606533.640419488,23224.4238885029,"persistence","Fmean","WGOA","Rpath","base"
2057,"POL",2778723.35801551,1647395.10926229,132469.188471453,"persistence","Fmean","WGOA","Rpath","base"
2057,"COD",295066.408249084,74663.6121288474,56367.222178967,"persistence","Fmean","WGOA","Rpath","base"
2057,"ATF",1663507.0412073,605978.995560441,23209.7004723324,"persistence","Fmean","WGOA","Rpath","base"
2058,"POL",2774229.45512062,1644570.11674265,132223.273198223,"persistence","Fmean","WGOA","Rpath","base"
2058,"COD",294705.747247711,74581.0219170605,56300.1875167041,"persistence","Fmean","WGOA","Rpath","base"
2058,"ATF",1662389.02176325,605415.504347357,23194.2803518135,"persistence","Fmean","WGOA","Rpath","base"
2059,"POL",2769875.17710613,1641822.61777499,131985.269043223,"persistence","Fmean","WGOA","Rpath","base"
2059,"COD",294341.298750337,74543.8905590922,56231.5047132372,"persistence","Fmean","WGOA","Rpath","base"
2059,"ATF",1661224.27880258,604847.112325627,23178.1871592421,"persistence","Fmean","WGOA","Rpath","base"
2060,"POL",2765625.24524652,1639130.06643615,131753.80450368,"persistence","Fmean","WGOA","Rpath","base"
2060,"COD",293975.516897797,74533.8176511656,56159.7810822826,"persistence","Fmean","WGOA","Rpath","base"
2060,"ATF",1660015.3082702,604276.978822901,23161.4516803253,"persistence","Fmean","WGOA","Rpath","base"
2061,"POL",2761427.87065222,1636457.9627363,131526.412461584,"persistence","Fmean","WGOA","Rpath","base"
2061,"COD",293614.874178464,74524.7942235537,56086.2008457448,"persistence","Fmean","WGOA","Rpath","base"
2061,"ATF",1658764.75887868,603706.676736928,23144.1100999172,"persistence","Fmean","WGOA","Rpath","base"
2062,"POL",2757224.08024999,1633766.43815861,131299.921855844,"persistence","Fmean","WGOA","Rpath","base"
2062,"COD",293265.201037092,74496.5682699334,56013.2446479762,"persistence","Fmean","WGOA","Rpath","base"
2062,"ATF",1657475.07475541,603136.366759316,23126.2000302358,"persistence","Fmean","WGOA","Rpath","base"
2063,"POL",2752962.64653392,1631021.22669409,131071.184582172,"persistence","Fmean","WGOA","Rpath","base"
2063,"COD",292928.441364556,74442.4267163263,55943.1161790643,"persistence","Fmean","WGOA","Rpath","base"
2063,"ATF",1656147.86495208,602565.260113227,23107.7523949211,"persistence","Fmean","WGOA","Rpath","base"
2064,"POL",2748616.42641807,1628205.35083178,130837.99945397,"persistence","Fmean","WGOA","Rpath","base"
2064,"COD",292602.054471581,74369.1294096676,55876.6727581742,"persistence","Fmean","WGOA","Rpath","base"
2064,"ATF",1654783.54947079,601992.131916812,23088.7826884788,"persistence","Fmean","WGOA","Rpath","base"
2065,"POL",2744192.0970168,1625325.52461706,130599.857101389,"persistence","Fmean","WGOA","Rpath","base"
2065,"COD",292280.756192571,74290.8060281911,55813.2421500457,"persistence","Fmean","WGOA","Rpath","base"
2065,"ATF",1653381.66003266,601415.809426727,23069.2902219406,"persistence","Fmean","WGOA","Rpath","base"
2066,"POL",2739727.86623823,1622409.74434439,130358.115469845,"persistence","Fmean","WGOA","Rpath","base"
2066,"COD",291959.262870893,74220.9593724265,55751.2056916077,"persistence","Fmean","WGOA","Rpath","base"
2066,"ATF",1651941.37102694,600835.27577374,23049.264704408,"persistence","Fmean","WGOA","Rpath","base"
2067,"POL",2735281.24296678,1619498.13840906,130115.538059594,"persistence","Fmean","WGOA","Rpath","base"
2067,"COD",291634.547623032,74166.6150417377,55688.9038559667,"persistence","Fmean","WGOA","Rpath","base"
2067,"ATF",1650462.09212659,600249.614525097,23028.6948762073,"persistence","Fmean","WGOA","Rpath","base"
2068,"POL",2730913.66734536,1616632.23327645,129875.489280563,"persistence","Fmean","WGOA","Rpath","base"
2068,"COD",291306.689282549,74126.7417101708,55625.3775837276,"persistence","Fmean","WGOA","Rpath","base"
2068,"ATF",1648943.94159086,599658.012654212,23007.5769018128,"persistence","Fmean","WGOA","Rpath","base"
2069,"POL",2726677.98906604,1613846.7563895,129641.15788336,"persistence","Fmean","WGOA","Rpath","base"
2069,"COD",290978.240626081,74094.6488023074,55560.6467844803,"persistence","Fmean","WGOA","Rpath","base"
2069,"ATF",1647387.97500481,599059.907590165,22985.9195257969,"persistence","Fmean","WGOA","Rpath","base"
2070,"POL",2722611.01579113,1611165.1265766,129415.019694191,"persistence","Fmean","WGOA","Rpath","base"
2070,"COD",290652.705419593,74062.3481094378,55495.5026919308,"persistence","Fmean","WGOA","Rpath","base"
2070,"ATF",1645796.24093846,598455.313964976,22963.7458316322,"persistence","Fmean","WGOA","Rpath","base"
2071,"POL",2718730.29239365,1608597.68990862,129198.5567232,"persistence","Fmean","WGOA","Rpath","base"
2071,"COD",290332.959006315,74024.4458775425,55431.0106852565,"persistence","Fmean","WGOA","Rpath","base"
2071,"ATF",1644171.62481372,597845.084820464,22941.0919458736,"persistence","Fmean","WGOA","Rpath","base"
2072,"POL",2715033.14701783,1606141.21881792,128992.147790738,"persistence","Fmean","WGOA","Rpath","base"
2072,"COD",290020.271942512,73979.9045916666,55368.0026415109,"persistence","Fmean","WGOA","Rpath","base"
2072,"ATF",1642517.61546807,597231.01464357,22918.0035506357,"persistence","Fmean","WGOA","Rpath","base"
2073,"POL",2711496.67790025,1603778.85579418,128795.039362743,"persistence","Fmean","WGOA","Rpath","base"
2073,"COD",289714.179661756,73931.3666305135,55306.7783162916,"persistence","Fmean","WGOA","Rpath","base"
2073,"ATF",1640838.10699982,596615.758150905,22894.5323787772,"persistence","Fmean","WGOA","Rpath","base"
2074,"POL",2708078.89773523,1601480.9107191,128605.370263039,"persistence","Fmean","WGOA","Rpath","base"
2074,"COD",289413.026601876,73882.9209937194,55247.0933076113,"persistence","Fmean","WGOA","Rpath","base"
2074,"ATF",1639137.21765425,596002.538112538,22870.7337507523,"persistence","Fmean","WGOA","Rpath","base"
2075,"POL",2704723.11173169,1599208.23238516,128420.325690714,"persistence","Fmean","WGOA","Rpath","base"
2075,"COD",289114.792478958,73837.7136999053,55188.3702813217,"persistence","Fmean","WGOA","Rpath","base"
2075,"ATF",1637418.89287009,595394.536496826,22846.6631883297,"persistence","Fmean","WGOA","Rpath","base"
2076,"POL",2701368.77654589,1596920.31158534,128236.579537068,"persistence","Fmean","WGOA","Rpath","base"
2076,"COD",288817.835958832,73796.5690423111,55129.9945493321,"persistence","Fmean","WGOA","Rpath","base"
2076,"ATF",1635686.24932541,594794.052870324,22822.3695131516,"persistence","Fmean","WGOA","Rpath","base"
2077,"POL",2697969.12359,1594587.70348546,128051.122179176,"persistence","Fmean","WGOA","Rpath","base"
2077,"COD",288521.350637633,73758.0699702387,55071.559861144,"persistence","Fmean","WGOA","Rpath","base"
2077,"ATF",1633941.01755335,594201.762909731,22797.8862304657,"persistence","Fmean","WGOA","Rpath","base"
2078,"POL",2694508.50155081,1592203.36005115,127862.262360971,"persistence","Fmean","WGOA","Rpath","base"
2078,"COD",288225.463442916,73719.7582794468,55012.9829947328,"persistence","Fmean","WGOA","Rpath","base"
2078,"ATF",1632183.55792488,593616.507344742,22773.2274944497,"persistence","Fmean","WGOA","Rpath","base"
2079,"POL",2691009.1257395,1589785.91937194,127670.285547813,"persistence","Fmean","WGOA","Rpath","base"
2079,"COD",287931.003361858,73679.6387401001,54954.4689379612,"persistence","Fmean","WGOA","Rpath","base"
2079,"ATF",1630413.4856042,593035.759027762,22748.3928118877,"persistence","Fmean","WGOA","Rpath","base"
2080,"POL",2687523.57946322,1587373.23866961,127477.379200063,"persistence","Fmean","WGOA","Rpath","base"
2080,"COD",287639.089665385,73637.1869857464,54896.368823758,"persistence","Fmean","WGOA","Rpath","base"
2080,"ATF",1628630.49850228,592456.535081387,22723.3776278098,"persistence","Fmean","WGOA","Rpath","base"
2081,"POL",2684118.6147879,1585010.80318527,127286.923341753,"persistence","Fmean","WGOA","Rpath","base"
2081,"COD",287350.768881798,73593.4634559203,54839.0156189871,"persistence","Fmean","WGOA","Rpath","base"
2081,"ATF",1626834.99107134,591876.364621457,22698.1836167065,"persistence","Fmean","WGOA","Rpath","base"
2082,"POL",2680858.7558046,1582741.02766884,127102.578372486,"persistence","Fmean","WGOA","Rpath","base"
2082,"COD",287066.869313687,73550.4424135699,54782.6216509135,"persistence","Fmean","WGOA","Rpath","base"
2082,"ATF",1625028.27170031,591293.982851453,22672.8242530969,"persistence","Fmean","WGOA","Rpath","base"
2083,"POL",2677794.76336497,1580596.39640893,126927.534144666,"persistence","Fmean","WGOA","Rpath","base"
2083,"COD",286788.072943993,73510.0122159099,54727.2734335323,"persistence","Fmean","WGOA","Rpath","base"
2083,"ATF",1623212.48012849,590709.616079188,22647.3252245649,"persistence","Fmean","WGOA","Rpath","base"
2084,"POL",2674957.62255522,1578596.18526689,126764.04510775,"persistence","Fmean","WGOA","Rpath","base"
2084,"COD",286515.065367608,73473.1662314194,54672.9984297729,"persistence","Fmean","WGOA","Rpath","base"
2084,"ATF",1621390.40797546,590124.891208852,22621.722084165,"persistence","Fmean","WGOA","Rpath","base"
2085,"POL",2672356.18623897,1576745.12349299,126613.203019015,"persistence","Fmean","WGOA","Rpath","base"
2085,"COD",286248.603359483,73439.7139222128,54619.8441023587,"persistence","Fmean","WGOA","Rpath","base"
2085,"ATF",1619565.35225451,589542.487896755,22596.0577404989,"persistence","Fmean","WGOA","Rpath","base"
2086,"POL",2669976.38600699,1575032.65124873,126474.841918337,"persistence","Fmean","WGOA","Rpath","base"
2086,"COD",285989.420191805,73408.5381742642,54567.9159723587,"persistence","Fmean","WGOA","Rpath","base"
2086,"ATF",1617741.00606751,588965.669918173,22570.3807198577,"persistence","Fmean","WGOA","Rpath","base"
2087,"POL",2667781.24384694,1573432.56866905,126347.503076556,"persistence","Fmean","WGOA","Rpath","base"
2087,"COD",285737.986327982,73379.0924159397,54517.3529668757,"persistence","Fmean","WGOA","Rpath","base"
2087,"ATF",1615921.37019327,588397.839331194,22544.7439294959,"persistence","Fmean","WGOA","Rpath","base"
2088,"POL",2665712.76524337,1571904.35600493,126228.477782085,"persistence","Fmean","WGOA","Rpath","base"
2088,"COD",285494.374076714,73350.1429306163,54468.254891345,"persistence","Fmean","WGOA","Rpath","base"
2088,"ATF",1614110.54851119,587842.13500006,22519.2031163324,"persistence","Fmean","WGOA","Rpath","base"
2089,"POL",2663699.22996688,1570398.90007101,126114.073939132,"persistence","Fmean","WGOA","Rpath","base"
2089,"COD",285258.053081793,73319.9337964981,54420.6073295671,"persistence","Fmean","WGOA","Rpath","base"
2089,"ATF",1612312.1725453,587307.075277158,22493.8119486277,"persistence","Fmean","WGOA","Rpath","base"
2090,"POL",2661671.82650502,1568870.81861365,126000.318407792,"persistence","Fmean","WGOA","Rpath","base"
2090,"COD",285027.881626582,73288.2176627017,54374.3061132101,"persistence","Fmean","WGOA","Rpath","base"
2090,"ATF",1610528.64225457,586787.997692811,22468.6119542508,"persistence","Fmean","WGOA","Rpath","base"
2091,"POL",2659587.5095031,1567294.34328594,125884.107066338,"persistence","Fmean","WGOA","Rpath","base"
2091,"COD",284802.716204143,73255.1979541071,54329.1794161635,"persistence","Fmean","WGOA","Rpath","base"
2091,"ATF",1608760.63159486,586283.739490719,22443.6234079198,"persistence","Fmean","WGOA","Rpath","base"
2092,"POL",2657445.63525119,1565673.6791416,125764.328581831,"persistence","Fmean","WGOA","Rpath","base"
2092,"COD",284581.802227828,73221.5343679918,54285.0362771642,"persistence","Fmean","WGOA","Rpath","base"
2092,"ATF",1607007.50318647,585791.742848693,22418.8472347022,"persistence","Fmean","WGOA","Rpath","base"
2093,"POL",2655287.64003699,1564040.93170479,125642.270082031,"persistence","Fmean","WGOA","Rpath","base"
2093,"COD",284365.061130864,73188.3013503955,54241.7824053616,"persistence","Fmean","WGOA","Rpath","base"
2093,"ATF",1605268.21510592,585308.549216039,22394.2716058744,"persistence","Fmean","WGOA","Rpath","base"
2094,"POL",2653181.26160704,1562443.89422913,125521.085962116,"persistence","Fmean","WGOA","Rpath","base"
2094,"COD",284153.074370929,73156.5588304307,54199.4464320826,"persistence","Fmean","WGOA","Rpath","base"
2094,"ATF",1603542.21043391,584830.840983763,22369.8857305345,"persistence","Fmean","WGOA","Rpath","base"
2095,"POL",2651200.08534809,1560931.93824439,125404.74710369,"persistence","Fmean","WGOA","Rpath","base"
2095,"COD",283946.858446908,73127.076028603,54158.1563342844,"persistence","Fmean","WGOA","Rpath","base"
2095,"ATF",1601829.85812771,584356.293384247,22345.6897267907,"persistence","Fmean","WGOA","Rpath","base"
2096,"POL",2649407.2849988,1559545.92716926,125297.042853811,"persistence","Fmean","WGOA","Rpath","base"
2096,"COD",283747.603521196,73100.2517716136,54118.1012817048,"persistence","Fmean","WGOA","Rpath","base"
2096,"ATF",1600132.46799028,583884.145288739,22321.6972374422,"persistence","Fmean","WGOA","Rpath","base"
2097,"POL",2647846.23894707,1558313.0390395,125200.90819691,"persistence","Fmean","WGOA","Rpath","base"
2097,"COD",283556.47090404,73076.0831971453,54079.4927639391,"persistence","Fmean","WGOA","Rpath","base"
2097,"ATF",1598452.07399376,583415.429709686,22297.9333693316,"persistence","Fmean","WGOA","Rpath","base"
2098,"POL",2646536.85677678,1557244.97549907,125118.081349726,"persistence","Fmean","WGOA","Rpath","base"
2098,"COD",283374.445566246,73054.2367949289,54042.5327416051,"persistence","Fmean","WGOA","Rpath","base"
2098,"ATF",1596791.21162243,582952.475074129,22274.4310057048,"persistence","Fmean","WGOA","Rpath","base"
2099,"POL",2645474.50753463,1556337.28946385,125048.971954128,"persistence","Fmean","WGOA","Rpath","base"
2099,"COD",283202.213775179,73034.1920934413,54007.3891473874,"persistence","Fmean","WGOA","Rpath","base"
2099,"ATF",1595152.78011257,582498.441454363,22251.2280707746,"persistence","Fmean","WGOA","Rpath","base"
1991,"POL",2884927.16511783,1690895.40603404,87828.010002781,"ssp126","Fmean","WGOA","Rpath","base"
1991,"COD",399280.293878193,93224.2373585632,64466.829990571,"ssp126","Fmean","WGOA","Rpath","base"
1991,"ATF",1554327.80462664,597326.97740596,16958.380011156,"ssp126","Fmean","WGOA","Rpath","base"
1992,"POL",2892495.91324268,1696087.27813365,90585.189961806,"ssp126","Fmean","WGOA","Rpath","base"
1992,"COD",371842.900083054,88999.2287874369,78966.500089317,"ssp126","Fmean","WGOA","Rpath","base"
1992,"ATF",1551901.37581743,598021.211707819,20482.180062468,"ssp126","Fmean","WGOA","Rpath","base"
1993,"POL",2886917.46017875,1690078.21042351,108230.180085742,"ssp126","Fmean","WGOA","Rpath","base"
1993,"COD",375328.175429555,91984.46817467,45849.170066118,"ssp126","Fmean","WGOA","Rpath","base"
1993,"ATF",1551566.34683954,599298.159270716,18294.449920618,"ssp126","Fmean","WGOA","Rpath","base"
1994,"POL",2891612.89701311,1691340.87032149,100412.359942985,"ssp126","Fmean","WGOA","Rpath","base"
1994,"COD",374238.505424238,92168.0244909248,45610.579965874,"ssp126","Fmean","WGOA","Rpath","base"
1994,"ATF",1547453.431915,598480.508802417,21993.239976229,"ssp126","Fmean","WGOA","Rpath","base"
1995,"POL",2920445.2429594,1709974.75171492,69168.129925675,"ssp126","Fmean","WGOA","Rpath","base"
1995,"COD",354241.118245692,88060.9264831689,67907.179992219,"ssp126","Fmean","WGOA","Rpath","base"
1995,"ATF",1548788.07321952,599203.455585779,17415.490044603,"ssp126","Fmean","WGOA","Rpath","base"
1996,"POL",2949537.49989699,1727520.76771419,49825.8700384,"ssp126","Fmean","WGOA","Rpath","base"
1996,"COD",348901.269856949,89289.8998161644,55391.660096973,"ssp126","Fmean","WGOA","Rpath","base"
1996,"ATF",1545296.54167072,597141.15385086,21555.609900557,"ssp126","Fmean","WGOA","Rpath","base"
1997,"POL",2946193.76182491,1722365.56372477,84179.649971753,"ssp126","Fmean","WGOA","Rpath","base"
1997,"COD",339607.871812025,88455.8466619866,58920.579990637,"ssp126","Fmean","WGOA","Rpath","base"
1997,"ATF",1547340.93937387,596389.731746862,14758.279890696,"ssp126","Fmean","WGOA","Rpath","base"
1998,"POL",3007840.54757787,1762267.82292695,5428.379997642,"ssp126","Fmean","WGOA","Rpath","base"
1998,"COD",338402.008126062,87897.0996300377,50218.950113863,"ssp126","Fmean","WGOA","Rpath","base"
1998,"ATF",1552042.17068945,596282.511778416,12377.190009373,"ssp126","Fmean","WGOA","Rpath","base"
1999,"POL",2993956.26360435,1751820.3586859,90556.900062537,"ssp126","Fmean","WGOA","Rpath","base"
1999,"COD",323385.504513683,83134.3281978233,66264.67009813,"ssp126","Fmean","WGOA","Rpath","base"
1999,"ATF",1556822.57219736,596729.653748177,14649.229924965,"ssp126","Fmean","WGOA","Rpath","base"
2000,"POL",3049484.66889728,1789601.2235707,5552.830105466,"ssp126","Fmean","WGOA","Rpath","base"
2000,"COD",321234.70478313,82993.6306736087,53384.869944958,"ssp126","Fmean","WGOA","Rpath","base"
2000,"ATF",1555589.60333769,595731.530286997,22993.75009338,"ssp126","Fmean","WGOA","Rpath","base"
2001,"POL",3082953.38628358,1808450.38491623,3452.299978517,"ssp126","Fmean","WGOA","Rpath","base"
2001,"COD",327836.052151014,85350.6677932879,40517.409954733,"ssp126","Fmean","WGOA","Rpath","base"
2001,"ATF",1559150.39699574,597017.281545479,17416.199986059,"ssp126","Fmean","WGOA","Rpath","base"
2002,"POL",3117695.91098478,1828996.8919311,1698.029945361,"ssp126","Fmean","WGOA","Rpath","base"
2002,"COD",329657.199807253,86672.396799144,41567.989960821,"ssp126","Fmean","WGOA","Rpath","base"
2002,"ATF",1561074.36729579,598208.760306624,20173.560012907,"ssp126","Fmean","WGOA","Rpath","base"
2003,"POL",3105660.59060301,1817041.08768011,48590.077011908,"ssp126","Fmean","WGOA","Rpath","base"
2003,"COD",321002.232869284,86072.6548698382,52365.755088864,"ssp126","Fmean","WGOA","Rpath","base"
2003,"ATF",1552272.45436907,595288.634146958,30169.771891001,"ssp126","Fmean","WGOA","Rpath","base"
2004,"POL",3100496.17999595,1811816.72016729,62434.439922489,"ssp126","Fmean","WGOA","Rpath","base"
2004,"COD",310907.346053104,86861.6844619175,56450.241969657,"ssp126","Fmean","WGOA","Rpath","base"
2004,"ATF",1557805.52630999,597533.747722124,15634.908041003,"ssp126","Fmean","WGOA","Rpath","base"
2005,"POL",3085140.75609541,1801622.59658072,78302.791927256,"ssp126","Fmean","WGOA","Rpath","base"
2005,"COD",308747.712383036,89355.0329510825,47523.779925577,"ssp126","Fmean","WGOA","Rpath","base"
2005,"ATF",1557456.93296847,596651.527725103,19923.573051558,"ssp126","Fmean","WGOA","Rpath","base"
2006,"POL",3088115.70042571,1805154.79373703,68928.307992488,"ssp126","Fmean","WGOA","Rpath","base"
2006,"COD",305285.425387622,89662.8420266119,47767.079961499,"ssp126","Fmean","WGOA","Rpath","base"
2006,"ATF",1552052.55675712,593803.972010943,27622.698918064,"ssp126","Fmean","WGOA","Rpath","base"
2007,"POL",3108388.6659623,1820162.18935033,51572.307003871,"ssp126","Fmean","WGOA","Rpath","base"
2007,"COD",298656.827987615,86970.5841575916,51812.178003779,"ssp126","Fmean","WGOA","Rpath","base"
2007,"ATF",1552833.11070127,593773.096946291,25346.986980543,"ssp126","Fmean","WGOA","Rpath","base"
2008,"POL",3122657.32782491,1829614.82622622,50786.206014733,"ssp126","Fmean","WGOA","Rpath","base"
2008,"COD",288014.19715692,83738.4257426123,58386.384025578,"ssp126","Fmean","WGOA","Rpath","base"
2008,"ATF",1551453.5168298,592951.977723493,29205.939969489,"ssp126","Fmean","WGOA","Rpath","base"
2009,"POL",3143273.39859891,1841984.8200306,41549.503075916,"ssp126","Fmean","WGOA","Rpath","base"
2009,"COD",284535.848347064,83301.5655360441,51788.980009351,"ssp126","Fmean","WGOA","Rpath","base"
2009,"ATF",1555113.02563569,594046.266118116,24831.742038702,"ssp126","Fmean","WGOA","Rpath","base"
2010,"POL",3136117.03112817,1835292.14585186,73443.384226643,"ssp126","Fmean","WGOA","Rpath","base"
2010,"COD",260387.074378808,76717.5680514182,76954.154598455,"ssp126","Fmean","WGOA","Rpath","base"
2010,"ATF",1558263.17274182,594362.564843561,24339.446470918,"ssp126","Fmean","WGOA","Rpath","base"
2011,"POL",3141056.08768375,1838289.75061505,77694.479623666,"ssp126","Fmean","WGOA","Rpath","base"
2011,"COD",234318.516143285,69543.3060352226,83710.475394165,"ssp126","Fmean","WGOA","Rpath","base"
2011,"ATF",1557071.61028742,592792.103233455,30911.821764055,"ssp126","Fmean","WGOA","Rpath","base"
2012,"POL",3133568.47204365,1833854.71164897,98934.691224094,"ssp126","Fmean","WGOA","Rpath","base"
2012,"COD",216652.39880077,64116.8215124414,76871.109994854,"ssp126","Fmean","WGOA","Rpath","base"
2012,"ATF",1567597.98995377,595605.767059271,20761.909908427,"ssp126","Fmean","WGOA","Rpath","base"
2013,"POL",3129803.3271359,1832301.64727678,90796.631609659,"ssp126","Fmean","WGOA","Rpath","base"
2013,"COD",207097.746004189,61173.0549874287,66829.781618954,"ssp126","Fmean","WGOA","Rpath","base"
2013,"ATF",1575636.64297929,596480.791969859,21809.3123161,"ssp126","Fmean","WGOA","Rpath","base"
2014,"POL",3087331.43236134,1803398.13573914,138948.061996125,"ssp126","Fmean","WGOA","Rpath","base"
2014,"COD",180191.44732662,54326.1747660013,83491.72820457,"ssp126","Fmean","WGOA","Rpath","base"
2014,"ATF",1567912.16262094,590069.752717628,36524.501530691,"ssp126","Fmean","WGOA","Rpath","base"
2015,"POL",3045526.28555765,1775739.07919012,162807.64603073,"ssp126","Fmean","WGOA","Rpath","base"
2015,"COD",157932.722055918,48934.4411406065,77689.992014231,"ssp126","Fmean","WGOA","Rpath","base"
2015,"ATF",1577268.81804826,588791.535950363,19296.587221708,"ssp126","Fmean","WGOA","Rpath","base"
2016,"POL",3007798.29217938,1753763.79832681,173086.352394527,"ssp126","Fmean","WGOA","Rpath","base"
2016,"COD",147656.615382295,47339.0097704077,62867.327429592,"ssp126","Fmean","WGOA","Rpath","base"
2016,"ATF",1586289.94323646,586210.878732567,19976.294186812,"ssp126","Fmean","WGOA","Rpath","base"
2017,"POL",2976739.35759481,1738811.22499638,184220.028529305,"ssp126","Fmean","WGOA","Rpath","base"
2017,"COD",147736.144697943,50239.6743054142,48204.214674581,"ssp126","Fmean","WGOA","Rpath","base"
2017,"ATF",1591593.27599985,581990.660087748,27053.508990172,"ssp126","Fmean","WGOA","Rpath","base"
2018,"POL",2968841.33230651,1740812.46211736,150815.192171791,"ssp126","Fmean","WGOA","Rpath","base"
2018,"COD",174522.229212124,61112.9039308985,14681.29819652,"ssp126","Fmean","WGOA","Rpath","base"
2018,"ATF",1607270.2111573,582229.748408732,18870.25094355,"ssp126","Fmean","WGOA","Rpath","base"
2019,"POL",2976191.20523764,1750709.51749398,110649.271555557,"ssp126","Fmean","WGOA","Rpath","base"
2019,"COD",197788.813002527,66355.8766877763,15200.420583165,"ssp126","Fmean","WGOA","Rpath","base"
2019,"ATF",1614692.32773615,580069.536802079,24567.051964421,"ssp126","Fmean","WGOA","Rpath","base"
2020,"POL",2989800.23372154,1764764.17925614,99971.064888454,"ssp126","Fmean","WGOA","Rpath","base"
2020,"COD",228117.246163443,75554.157695705,6085.249338733,"ssp126","Fmean","WGOA","Rpath","base"
2020,"ATF",1626337.87888343,581528.262199006,21115.899302007,"ssp126","Fmean","WGOA","Rpath","base"
2021,"POL",2894796.88127598,1704119.31777631,234923.372800341,"ssp126","Fmean","WGOA","Rpath","base"
2021,"COD",211815.175689212,68674.1570062166,59691.1514294127,"ssp126","Fmean","WGOA","Rpath","base"
2021,"ATF",1625092.56856656,580509.563568351,32534.0675755468,"ssp126","Fmean","WGOA","Rpath","base"
2022,"POL",2819465.36023148,1657654.93936695,259770.383720247,"ssp126","Fmean","WGOA","Rpath","base"
2022,"COD",201691.906503985,61706.3102157143,63521.8787058089,"ssp126","Fmean","WGOA","Rpath","base"
2022,"ATF",1622354.00591453,580913.431976572,34185.967630162,"ssp126","Fmean","WGOA","Rpath","base"
2023,"POL",2767721.44470417,1627405.06185966,257832.072245259,"ssp126","Fmean","WGOA","Rpath","base"
2023,"COD",201046.969040815,55930.185838719,58207.5209483415,"ssp126","Fmean","WGOA","Rpath","base"
2023,"ATF",1622766.25678256,584180.719972088,31745.5336774753,"ssp126","Fmean","WGOA","Rpath","base"
2024,"POL",2812986.78322536,1663315.00322384,133011.775255815,"ssp126","Fmean","WGOA","Rpath","base"
2024,"COD",218170.942226438,57147.6899242208,39128.5021098348,"ssp126","Fmean","WGOA","Rpath","base"
2024,"ATF",1631482.58566199,591163.158374739,22694.0365093623,"ssp126","Fmean","WGOA","Rpath","base"
2025,"POL",2834668.05384303,1678398.7312389,134783.836857851,"ssp126","Fmean","WGOA","Rpath","base"
2025,"COD",230810.99692834,59238.7734075572,42266.8134705119,"ssp126","Fmean","WGOA","Rpath","base"
2025,"ATF",1637524.82890131,596269.910835772,22795.5439563756,"ssp126","Fmean","WGOA","Rpath","base"
2026,"POL",2847640.46175068,1685972.85683901,135623.098083586,"ssp126","Fmean","WGOA","Rpath","base"
2026,"COD",241408.670386211,62816.0258395173,44504.1691505629,"ssp126","Fmean","WGOA","Rpath","base"
2026,"ATF",1641833.58686081,599414.744211683,22872.7646825492,"ssp126","Fmean","WGOA","Rpath","base"
2027,"POL",2864741.58876446,1696308.92495816,136353.061038969,"ssp126","Fmean","WGOA","Rpath","base"
2027,"COD",251324.151067597,65965.6749945264,46398.5657737036,"ssp126","Fmean","WGOA","Rpath","base"
2027,"ATF",1646513.92427767,601806.432388696,22930.9980181884,"ssp126","Fmean","WGOA","Rpath","base"
2028,"POL",2881662.71594038,1707945.59094988,137239.882186291,"ssp126","Fmean","WGOA","Rpath","base"
2028,"COD",260936.001818937,67310.2352271572,48190.004019941,"ssp126","Fmean","WGOA","Rpath","base"
2028,"ATF",1652997.43186053,605082.253924758,23007.2970412763,"ssp126","Fmean","WGOA","Rpath","base"
2029,"POL",2883974.94348088,1708763.65442655,137809.208755201,"ssp126","Fmean","WGOA","Rpath","base"
2029,"COD",269805.192720449,67198.3990142603,49981.5424763371,"ssp126","Fmean","WGOA","Rpath","base"
2029,"ATF",1656898.62128799,607286.342431778,23090.4209399426,"ssp126","Fmean","WGOA","Rpath","base"
2030,"POL",2885520.16629128,1708231.31397387,137894.106187708,"ssp126","Fmean","WGOA","Rpath","base"
2030,"COD",277649.479880138,66603.0087177524,51719.8956922074,"ssp126","Fmean","WGOA","Rpath","base"
2030,"ATF",1657983.36828296,607854.687401506,23126.2439770229,"ssp126","Fmean","WGOA","Rpath","base"
2031,"POL",2887846.41525178,1709325.83510604,138040.148844172,"ssp126","Fmean","WGOA","Rpath","base"
2031,"COD",284206.271154162,66436.7528959097,53305.4067621254,"ssp126","Fmean","WGOA","Rpath","base"
2031,"ATF",1658858.33549611,608137.128210263,23139.8558601706,"ssp126","Fmean","WGOA","Rpath","base"
2032,"POL",2896285.81144126,1715842.61256069,138232.715178298,"ssp126","Fmean","WGOA","Rpath","base"
2032,"COD",289396.249238999,67273.8802214821,54622.4495222539,"ssp126","Fmean","WGOA","Rpath","base"
2032,"ATF",1662078.46265934,609716.618469159,23157.9674555782,"ssp126","Fmean","WGOA","Rpath","base"
2033,"POL",2893412.99733441,1714348.97060537,138493.430905527,"ssp126","Fmean","WGOA","Rpath","base"
2033,"COD",292979.071044254,69006.3731980542,55608.8614102773,"ssp126","Fmean","WGOA","Rpath","base"
2033,"ATF",1664514.8839713,611305.564221814,23210.7173213351,"ssp126","Fmean","WGOA","Rpath","base"
2034,"POL",2892928.53515476,1713968.49024349,138384.80460419,"ssp126","Fmean","WGOA","Rpath","base"
2034,"COD",295367.233476785,71199.2420668108,56231.9599111605,"ssp126","Fmean","WGOA","Rpath","base"
2034,"ATF",1665981.86076805,612408.839499053,23233.8913309712,"ssp126","Fmean","WGOA","Rpath","base"
2035,"POL",2890794.92492739,1712726.56247295,138300.905441476,"ssp126","Fmean","WGOA","Rpath","base"
2035,"COD",296999.793268417,73182.8232072919,56595.2118529582,"ssp126","Fmean","WGOA","Rpath","base"
2035,"ATF",1667300.19279834,613391.622482229,23250.457205285,"ssp126","Fmean","WGOA","Rpath","base"
2036,"POL",2889128.79597615,1712338.25968148,138255.098678929,"ssp126","Fmean","WGOA","Rpath","base"
2036,"COD",298199.158881012,74469.4742583122,56818.783684987,"ssp126","Fmean","WGOA","Rpath","base"
2036,"ATF",1668952.11175106,614501.8606794,23273.5177113896,"ssp126","Fmean","WGOA","Rpath","base"
2037,"POL",2882976.5366768,1708664.80925954,138080.663230885,"ssp126","Fmean","WGOA","Rpath","base"
2037,"COD",299081.330942162,74899.2167698342,56982.8948842405,"ssp126","Fmean","WGOA","Rpath","base"
2037,"ATF",1669562.0845859,614855.496250792,23289.282699638,"ssp126","Fmean","WGOA","Rpath","base"
2038,"POL",2876836.68197257,1704711.76260735,137753.383907304,"ssp126","Fmean","WGOA","Rpath","base"
2038,"COD",299748.838455902,74728.9732146834,57126.7114783554,"ssp126","Fmean","WGOA","Rpath","base"
2038,"ATF",1669452.41049124,614466.315528796,23291.9680270099,"ssp126","Fmean","WGOA","Rpath","base"
2039,"POL",2869300.28457829,1699834.992033,137477.664888678,"ssp126","Fmean","WGOA","Rpath","base"
2039,"COD",300120.820763302,74371.2589343756,57265.2799361438,"ssp126","Fmean","WGOA","Rpath","base"
2039,"ATF",1668235.83255014,613136.587122853,23288.9051755143,"ssp126","Fmean","WGOA","Rpath","base"
2040,"POL",2866946.14265666,1698732.96779593,137107.69864186,"ssp126","Fmean","WGOA","Rpath","base"
2040,"COD",300307.145568865,74186.5598594042,57364.1878745008,"ssp126","Fmean","WGOA","Rpath","base"
2040,"ATF",1667598.00499369,611789.375629836,23265.3680500884,"ssp126","Fmean","WGOA","Rpath","base"
2041,"POL",2858926.48326256,1694244.36115364,136958.783103184,"ssp126","Fmean","WGOA","Rpath","base"
2041,"COD",300131.655224774,74346.3971858612,57417.7716405121,"ssp126","Fmean","WGOA","Rpath","base"
2041,"ATF",1667508.57062045,610888.734585106,23270.1362128753,"ssp126","Fmean","WGOA","Rpath","base"
2042,"POL",2846935.67633391,1685194.43212428,136391.539211536,"ssp126","Fmean","WGOA","Rpath","base"
2042,"COD",299528.052696959,74731.876624067,57369.7597073254,"ssp126","Fmean","WGOA","Rpath","base"
2042,"ATF",1664183.83294913,608238.148409868,23248.1565185153,"ssp126","Fmean","WGOA","Rpath","base"
2043,"POL",2842873.49119273,1682565.45867545,135965.800396353,"ssp126","Fmean","WGOA","Rpath","base"
2043,"COD",298909.681067528,75248.3782776516,57245.8951569582,"ssp126","Fmean","WGOA","Rpath","base"
2043,"ATF",1661847.37751735,606152.393927326,23205.4322510847,"ssp126","Fmean","WGOA","Rpath","base"
2044,"POL",2848529.65645785,1688562.48325534,135952.220312271,"ssp126","Fmean","WGOA","Rpath","base"
2044,"COD",298523.499206523,75724.0339137883,57121.4562521179,"ssp126","Fmean","WGOA","Rpath","base"
2044,"ATF",1664064.28692275,606859.920564789,23194.1588265606,"ssp126","Fmean","WGOA","Rpath","base"
2045,"POL",2838322.24597832,1682435.48197048,135947.689803047,"ssp126","Fmean","WGOA","Rpath","base"
2045,"COD",297901.338037936,75907.5475223372,57013.4326352717,"ssp126","Fmean","WGOA","Rpath","base"
2045,"ATF",1664768.63919752,607415.547194819,23230.9458262565,"ssp126","Fmean","WGOA","Rpath","base"
2046,"POL",2828152.9966588,1674460.51915298,135351.058129215,"ssp126","Fmean","WGOA","Rpath","base"
2046,"COD",297196.120417469,75794.5463289083,56865.0876815546,"ssp126","Fmean","WGOA","Rpath","base"
2046,"ATF",1662312.63772478,606335.887822167,23216.21064816,"ssp126","Fmean","WGOA","Rpath","base"
2047,"POL",2824014.40731674,1671391.16969006,134981.079924612,"ssp126","Fmean","WGOA","Rpath","base"
2047,"COD",296652.077234048,75579.1844386149,56733.4401044411,"ssp126","Fmean","WGOA","Rpath","base"
2047,"ATF",1659977.02954147,605226.769977616,23180.6867911107,"ssp126","Fmean","WGOA","Rpath","base"
2048,"POL",2824374.48671011,1672763.80164557,134841.891042773,"ssp126","Fmean","WGOA","Rpath","base"
2048,"COD",296318.726032288,75357.9534865774,56648.3207417773,"ssp126","Fmean","WGOA","Rpath","base"
2048,"ATF",1659988.88234848,605346.265188274,23156.7818492142,"ssp126","Fmean","WGOA","Rpath","base"
2049,"POL",2818029.23098062,1669065.52403919,134759.813676609,"ssp126","Fmean","WGOA","Rpath","base"
2049,"COD",295863.494642442,75171.1521691779,56591.2521786665,"ssp126","Fmean","WGOA","Rpath","base"
2049,"ATF",1659592.17876116,605401.65167053,23163.952256114,"ssp126","Fmean","WGOA","Rpath","base"
2050,"POL",2812642.08523702,1665144.56247753,134347.876030662,"ssp126","Fmean","WGOA","Rpath","base"
2050,"COD",295366.822661533,75089.5957415437,56503.0167938075,"ssp126","Fmean","WGOA","Rpath","base"
2050,"ATF",1658307.81334041,604754.430617629,23144.6004412567,"ssp126","Fmean","WGOA","Rpath","base"
2051,"POL",2813031.80312859,1666501.89829098,134239.506749138,"ssp126","Fmean","WGOA","Rpath","base"
2051,"COD",294992.84362445,75186.3470415095,56414.7168837868,"ssp126","Fmean","WGOA","Rpath","base"
2051,"ATF",1659552.26330574,605380.513680511,23141.9885959498,"ssp126","Fmean","WGOA","Rpath","base"
2052,"POL",2802755.24040898,1659573.08695979,134022.789372295,"ssp126","Fmean","WGOA","Rpath","base"
2052,"COD",294449.767065784,75267.1700116466,56323.8859449803,"ssp126","Fmean","WGOA","Rpath","base"
2052,"ATF",1658707.46065219,604953.332417825,23151.7451896405,"ssp126","Fmean","WGOA","Rpath","base"
2053,"POL",2801544.96311271,1659071.4581168,133667.8595986,"ssp126","Fmean","WGOA","Rpath","base"
2053,"COD",294049.47357546,75306.0970678771,56211.0134467061,"ssp126","Fmean","WGOA","Rpath","base"
2053,"ATF",1658573.72865663,604793.906884913,23137.6523984615,"ssp126","Fmean","WGOA","Rpath","base"
2054,"POL",2796759.38066781,1656444.64792206,133566.719316279,"ssp126","Fmean","WGOA","Rpath","base"
2054,"COD",293669.397089125,75268.3662082519,56126.805013039,"ssp126","Fmean","WGOA","Rpath","base"
2054,"ATF",1658279.82511975,604573.520792125,23140.0285907225,"ssp126","Fmean","WGOA","Rpath","base"
2055,"POL",2787817.71958922,1649863.85923216,133169.432334806,"ssp126","Fmean","WGOA","Rpath","base"
2055,"COD",293228.153622028,75092.6393978979,56044.7193556544,"ssp126","Fmean","WGOA","Rpath","base"
2055,"ATF",1655718.56452446,602945.125229415,23120.8172905753,"ssp126","Fmean","WGOA","Rpath","base"
2056,"POL",2781849.69178691,1645484.18080092,132783.653202536,"ssp126","Fmean","WGOA","Rpath","base"
2056,"COD",292849.08857635,74874.6475380678,55966.7456333811,"ssp126","Fmean","WGOA","Rpath","base"
2056,"ATF",1652825.13212034,600958.488840593,23083.1451834951,"ssp126","Fmean","WGOA","Rpath","base"
2057,"POL",2782759.81001562,1647027.29792617,132600.957145833,"ssp126","Fmean","WGOA","Rpath","base"
2057,"COD",292661.620021105,74732.3411163239,55913.4740397005,"ssp126","Fmean","WGOA","Rpath","base"
2057,"ATF",1652461.6886298,600297.889592957,23052.300353089,"ssp126","Fmean","WGOA","Rpath","base"
2058,"POL",2774424.48611119,1641659.78502939,132508.28037241,"ssp126","Fmean","WGOA","Rpath","base"
2058,"COD",292286.234498143,74640.1309698176,55881.0640586805,"ssp126","Fmean","WGOA","Rpath","base"
2058,"ATF",1651031.26973028,599345.494335274,23053.816852161,"ssp126","Fmean","WGOA","Rpath","base"
2059,"POL",2767343.2877632,1635999.28511555,131992.554185492,"ssp126","Fmean","WGOA","Rpath","base"
2059,"COD",291833.519361035,74588.5865830625,55805.6836304515,"ssp126","Fmean","WGOA","Rpath","base"
2059,"ATF",1647742.25464535,597372.824783131,23013.447979222,"ssp126","Fmean","WGOA","Rpath","base"
2060,"POL",2768126.14215856,1637128.29851983,131807.452743648,"ssp126","Fmean","WGOA","Rpath","base"
2060,"COD",291544.46059623,74661.5629564478,55728.9778310298,"ssp126","Fmean","WGOA","Rpath","base"
2060,"ATF",1647023.23968055,596933.909864685,22981.0400526698,"ssp126","Fmean","WGOA","Rpath","base"
2061,"POL",2761022.06627161,1632883.01614319,131709.732145206,"ssp126","Fmean","WGOA","Rpath","base"
2061,"COD",291177.211157032,74726.0518493611,55666.9565633012,"ssp126","Fmean","WGOA","Rpath","base"
2061,"ATF",1646200.7460995,596801.316486069,22976.4240397895,"ssp126","Fmean","WGOA","Rpath","base"
2062,"POL",2757747.45419248,1630606.98605014,131362.314624027,"ssp126","Fmean","WGOA","Rpath","base"
2062,"COD",290849.996681427,74732.9561132305,55584.7943617666,"ssp126","Fmean","WGOA","Rpath","base"
2062,"ATF",1645221.1607624,596724.893904529,22958.4092267006,"ssp126","Fmean","WGOA","Rpath","base"
2063,"POL",2757582.71435377,1631338.03454868,131298.647585685,"ssp126","Fmean","WGOA","Rpath","base"
2063,"COD",290633.225466417,74735.471122075,55519.8993650285,"ssp126","Fmean","WGOA","Rpath","base"
2063,"ATF",1645736.07929035,597613.32519402,22955.1443901528,"ssp126","Fmean","WGOA","Rpath","base"
2064,"POL",2753566.48008269,1628902.6146254,131176.894748578,"ssp126","Fmean","WGOA","Rpath","base"
2064,"COD",290365.275609692,74675.1272268876,55470.4527323712,"ssp126","Fmean","WGOA","Rpath","base"
2064,"ATF",1645424.49061201,598094.074670513,22958.4045046845,"ssp126","Fmean","WGOA","Rpath","base"
2065,"POL",2748947.40709997,1625577.84556905,130910.006495645,"ssp126","Fmean","WGOA","Rpath","base"
2065,"COD",290069.105085495,74563.4306853997,55412.9831209896,"ssp126","Fmean","WGOA","Rpath","base"
2065,"ATF",1644244.24110614,597991.298280174,22946.8758449375,"ssp126","Fmean","WGOA","Rpath","base"
2066,"POL",2741859.83561278,1620652.48413093,130655.885736902,"ssp126","Fmean","WGOA","Rpath","base"
2066,"COD",289727.348892715,74451.5142497696,55355.046382347,"ssp126","Fmean","WGOA","Rpath","base"
2066,"ATF",1642302.88372531,597298.212819987,22928.0540387886,"ssp126","Fmean","WGOA","Rpath","base"
2067,"POL",2733927.13219513,1614410.95291389,130244.567114471,"ssp126","Fmean","WGOA","Rpath","base"
2067,"COD",289302.097971737,74331.830584237,55287.2491764242,"ssp126","Fmean","WGOA","Rpath","base"
2067,"ATF",1638460.8689175,595218.542213793,22889.3763642058,"ssp126","Fmean","WGOA","Rpath","base"
2068,"POL",2732357.65241191,1613694.31427754,129940.592329277,"ssp126","Fmean","WGOA","Rpath","base"
2068,"COD",289037.351409218,74264.2058737996,55217.5662857286,"ssp126","Fmean","WGOA","Rpath","base"
2068,"ATF",1636461.47816739,593826.144965408,22839.7507898574,"ssp126","Fmean","WGOA","Rpath","base"
2069,"POL",2730821.85085098,1613640.75027074,129868.372744608,"ssp126","Fmean","WGOA","Rpath","base"
2069,"COD",288832.46573587,74253.1210977237,55172.6908788606,"ssp126","Fmean","WGOA","Rpath","base"
2069,"ATF",1636428.76042218,593569.559902985,22826.3403031055,"ssp126","Fmean","WGOA","Rpath","base"
2070,"POL",2726308.37520683,1611050.89386309,129724.869297797,"ssp126","Fmean","WGOA","Rpath","base"
2070,"COD",288549.793192291,74257.4090064188,55126.9623911037,"ssp126","Fmean","WGOA","Rpath","base"
2070,"ATF",1636231.32847116,593424.477789565,22828.2458503323,"ssp126","Fmean","WGOA","Rpath","base"
2071,"POL",2726145.34266352,1611499.74487027,129569.117173827,"ssp126","Fmean","WGOA","Rpath","base"
2071,"COD",288299.30426942,74298.1422175789,55068.4217412147,"ssp126","Fmean","WGOA","Rpath","base"
2071,"ATF",1636770.99532634,593876.489021749,22826.9691573483,"ssp126","Fmean","WGOA","Rpath","base"
2072,"POL",2716174.70054203,1604316.51977478,129337.621163209,"ssp126","Fmean","WGOA","Rpath","base"
2072,"COD",287875.531241453,74292.3220911504,55003.5484938746,"ssp126","Fmean","WGOA","Rpath","base"
2072,"ATF",1634791.40097899,593216.440146873,22824.2604167402,"ssp126","Fmean","WGOA","Rpath","base"
2073,"POL",2712061.37245084,1600902.99161455,128908.63168405,"ssp126","Fmean","WGOA","Rpath","base"
2073,"COD",287508.860764667,74232.1508526586,54916.3900572091,"ssp126","Fmean","WGOA","Rpath","base"
2073,"ATF",1631945.50744966,592000.697326731,22784.8435136705,"ssp126","Fmean","WGOA","Rpath","base"
2074,"POL",2704980.1447813,1595781.32048007,128658.081975096,"ssp126","Fmean","WGOA","Rpath","base"
2074,"COD",287149.237844218,74117.9105772508,54845.3562610291,"ssp126","Fmean","WGOA","Rpath","base"
2074,"ATF",1628315.39431062,590326.162799169,22743.5455727629,"ssp126","Fmean","WGOA","Rpath","base"
2075,"POL",2701970.91596849,1593516.21616416,128355.517502901,"ssp126","Fmean","WGOA","Rpath","base"
2075,"COD",286876.188212151,73972.1620015817,54784.9801891955,"ssp126","Fmean","WGOA","Rpath","base"
2075,"ATF",1624934.62360159,588589.914170525,22691.5372525103,"ssp126","Fmean","WGOA","Rpath","base"
2076,"POL",2707070.91851269,1598186.33456803,128349.603187885,"ssp126","Fmean","WGOA","Rpath","base"
2076,"COD",286821.352293411,73900.8451946669,54751.7863005219,"ssp126","Fmean","WGOA","Rpath","base"
2076,"ATF",1625352.62232235,588896.956051446,22662.9561211237,"ssp126","Fmean","WGOA","Rpath","base"
2077,"POL",2704696.08122083,1597802.94746969,128473.183175898,"ssp126","Fmean","WGOA","Rpath","base"
2077,"COD",286674.759384121,73903.2314134315,54742.2926544657,"ssp126","Fmean","WGOA","Rpath","base"
2077,"ATF",1626972.56984136,590227.930146696,22682.7733658383,"ssp126","Fmean","WGOA","Rpath","base"
2078,"POL",2694211.55518025,1589679.4405736,128155.418817823,"ssp126","Fmean","WGOA","Rpath","base"
2078,"COD",286227.355849387,73907.469576234,54692.9622567588,"ssp126","Fmean","WGOA","Rpath","base"
2078,"ATF",1624849.98793619,589729.663788573,22688.1194004324,"ssp126","Fmean","WGOA","Rpath","base"
2079,"POL",2691523.56657244,1586935.16286403,127717.049342377,"ssp126","Fmean","WGOA","Rpath","base"
2079,"COD",285841.310779362,73948.2013589713,54600.2597423548,"ssp126","Fmean","WGOA","Rpath","base"
2079,"ATF",1621875.09431673,588591.97519691,22642.6851335334,"ssp126","Fmean","WGOA","Rpath","base"
2080,"POL",2686208.59463043,1583309.49018266,127550.387708449,"ssp126","Fmean","WGOA","Rpath","base"
2080,"COD",285495.476249774,73962.5843606553,54524.7420860295,"ssp126","Fmean","WGOA","Rpath","base"
2080,"ATF",1619102.50192663,587537.527461543,22605.7195604695,"ssp126","Fmean","WGOA","Rpath","base"
2081,"POL",2682976.66486541,1581170.77383623,127334.249440356,"ssp126","Fmean","WGOA","Rpath","base"
2081,"COD",285186.189224593,73887.5343515994,54459.5166572851,"ssp126","Fmean","WGOA","Rpath","base"
2081,"ATF",1616559.67045858,586494.744354101,22568.8058932182,"ssp126","Fmean","WGOA","Rpath","base"
2082,"POL",2674995.68805644,1575141.10471591,127046.337105769,"ssp126","Fmean","WGOA","Rpath","base"
2082,"COD",284797.958247168,73738.953753402,54397.6620305746,"ssp126","Fmean","WGOA","Rpath","base"
2082,"ATF",1612592.72647038,584552.386020416,22527.2322514078,"ssp126","Fmean","WGOA","Rpath","base"
2083,"POL",2671444.18421569,1572125.9218958,126668.70977257,"ssp126","Fmean","WGOA","Rpath","base"
2083,"COD",284494.309066838,73606.2406930865,54330.3830096597,"ssp126","Fmean","WGOA","Rpath","base"
2083,"ATF",1608844.95992958,582473.474024054,22467.0290151781,"ssp126","Fmean","WGOA","Rpath","base"
2084,"POL",2677135.25294936,1577155.23256996,126712.296360158,"ssp126","Fmean","WGOA","Rpath","base"
2084,"COD",284418.184042986,73594.388809351,54293.3840374017,"ssp126","Fmean","WGOA","Rpath","base"
2084,"ATF",1609173.09197528,582715.12663929,22438.4418874636,"ssp126","Fmean","WGOA","Rpath","base"
2085,"POL",2680655.63030833,1581121.88683803,126932.720230857,"ssp126","Fmean","WGOA","Rpath","base"
2085,"COD",284356.517891447,73670.9794573023,54281.941159065,"ssp126","Fmean","WGOA","Rpath","base"
2085,"ATF",1611976.43465495,584816.203016963,22458.8925979207,"ssp126","Fmean","WGOA","Rpath","base"
2086,"POL",2673902.02149527,1576536.90339035,126907.061134437,"ssp126","Fmean","WGOA","Rpath","base"
2086,"COD",284027.741672816,73757.9906030437,54247.6164879528,"ssp126","Fmean","WGOA","Rpath","base"
2086,"ATF",1612666.43281239,586250.065426575,22493.1048841984,"ssp126","Fmean","WGOA","Rpath","base"
2087,"POL",2667220.40239025,1570645.06215669,126501.739865042,"ssp126","Fmean","WGOA","Rpath","base"
2087,"COD",283598.054742178,73817.4501525427,54159.2885620345,"ssp126","Fmean","WGOA","Rpath","base"
2087,"ATF",1610261.67357786,585923.263642402,22478.294778358,"ssp126","Fmean","WGOA","Rpath","base"
2088,"POL",2663521.45301727,1567438.40060053,126279.525452195,"ssp126","Fmean","WGOA","Rpath","base"
2088,"COD",283226.831373213,73822.3975639501,54069.4523819341,"ssp126","Fmean","WGOA","Rpath","base"
2088,"ATF",1606868.53690584,584795.467018709,22440.0893092219,"ssp126","Fmean","WGOA","Rpath","base"
2089,"POL",2661705.65508154,1565984.84752472,126063.978266689,"ssp126","Fmean","WGOA","Rpath","base"
2089,"COD",282997.873299308,73700.1200288023,53999.6013452723,"ssp126","Fmean","WGOA","Rpath","base"
2089,"ATF",1603563.65285881,583315.948185034,22385.3680739092,"ssp126","Fmean","WGOA","Rpath","base"
2090,"POL",2658990.20961055,1564417.70476026,126005.816385533,"ssp126","Fmean","WGOA","Rpath","base"
2090,"COD",282829.934155647,73506.3323336679,53964.5105416872,"ssp126","Fmean","WGOA","Rpath","base"
2090,"ATF",1601279.79563157,582165.488259966,22351.4844410342,"ssp126","Fmean","WGOA","Rpath","base"
2091,"POL",2660363.9635744,1565521.70819018,125875.013235309,"ssp126","Fmean","WGOA","Rpath","base"
2091,"COD",282757.468209252,73340.8351238964,53942.4990284625,"ssp126","Fmean","WGOA","Rpath","base"
2091,"ATF",1600189.19106347,581398.646482322,22320.1451615418,"ssp126","Fmean","WGOA","Rpath","base"
2092,"POL",2657521.57042113,1563899.27588881,125917.365727331,"ssp126","Fmean","WGOA","Rpath","base"
2092,"COD",282598.179647246,73274.0050246063,53936.0323022275,"ssp126","Fmean","WGOA","Rpath","base"
2092,"ATF",1599489.82291199,580984.686282996,22316.6431996507,"ssp126","Fmean","WGOA","Rpath","base"
2093,"POL",2648510.66639682,1556557.02916447,125594.032551814,"ssp126","Fmean","WGOA","Rpath","base"
2093,"COD",282214.849353056,73238.3960513607,53897.4683199621,"ssp126","Fmean","WGOA","Rpath","base"
2093,"ATF",1595643.69803346,579009.229358994,22289.097163699,"ssp126","Fmean","WGOA","Rpath","base"
2094,"POL",2646671.29273081,1554354.30199046,125242.790461175,"ssp126","Fmean","WGOA","Rpath","base"
2094,"COD",281903.173062345,73267.774106051,53828.0641088806,"ssp126","Fmean","WGOA","Rpath","base"
2094,"ATF",1591718.61214585,577007.629203947,22228.6788352997,"ssp126","Fmean","WGOA","Rpath","base"
2095,"POL",2650109.64798054,1557534.55134717,125258.40730283,"ssp126","Fmean","WGOA","Rpath","base"
2095,"COD",281799.75071065,73355.5985096721,53780.1255510801,"ssp126","Fmean","WGOA","Rpath","base"
2095,"ATF",1591167.5284777,577045.073458334,22190.9053177455,"ssp126","Fmean","WGOA","Rpath","base"
2096,"POL",2647437.87776146,1556313.54708832,125356.580947545,"ssp126","Fmean","WGOA","Rpath","base"
2096,"COD",281608.524464681,73399.6215189716,53755.0320524552,"ssp126","Fmean","WGOA","Rpath","base"
2096,"ATF",1590966.8102696,577692.292374792,22194.9587335194,"ssp126","Fmean","WGOA","Rpath","base"
2097,"POL",2638389.36633539,1548675.34218773,125040.874609277,"ssp126","Fmean","WGOA","Rpath","base"
2097,"COD",281192.86303197,73340.2369543363,53699.8016960028,"ssp126","Fmean","WGOA","Rpath","base"
2097,"ATF",1586868.51155255,576301.127279844,22170.4830606152,"ssp126","Fmean","WGOA","Rpath","base"
2098,"POL",2637167.54872783,1546634.18438381,124682.563002173,"ssp126","Fmean","WGOA","Rpath","base"
2098,"COD",280910.216751766,73276.7568073715,53623.4144041618,"ssp126","Fmean","WGOA","Rpath","base"
2098,"ATF",1582532.90320714,574506.00820496,22102.4102277376,"ssp126","Fmean","WGOA","Rpath","base"
2099,"POL",2640275.27874721,1549375.26900376,124760.652036963,"ssp126","Fmean","WGOA","Rpath","base"
2099,"COD",280834.975413154,73247.3089244233,53586.841612393,"ssp126","Fmean","WGOA","Rpath","base"
2099,"ATF",1581226.0173707,574345.393249421,22060.5752830951,"ssp126","Fmean","WGOA","Rpath","base"
1991,"POL",2884927.16511783,1690895.40603404,87828.010002781,"ssp245","Fmean","WGOA","Rpath","base"
1991,"COD",399280.293878193,93224.2373585632,64466.829990571,"ssp245","Fmean","WGOA","Rpath","base"
1991,"ATF",1554327.80462664,597326.97740596,16958.380011156,"ssp245","Fmean","WGOA","Rpath","base"
1992,"POL",2892495.91324268,1696087.27813365,90585.189961806,"ssp245","Fmean","WGOA","Rpath","base"
1992,"COD",371842.900083054,88999.2287874369,78966.500089317,"ssp245","Fmean","WGOA","Rpath","base"
1992,"ATF",1551901.37581743,598021.211707819,20482.180062468,"ssp245","Fmean","WGOA","Rpath","base"
1993,"POL",2886917.46017875,1690078.21042351,108230.180085742,"ssp245","Fmean","WGOA","Rpath","base"
1993,"COD",375328.175429555,91984.46817467,45849.170066118,"ssp245","Fmean","WGOA","Rpath","base"
1993,"ATF",1551566.34683954,599298.159270716,18294.449920618,"ssp245","Fmean","WGOA","Rpath","base"
1994,"POL",2891612.89701311,1691340.87032149,100412.359942985,"ssp245","Fmean","WGOA","Rpath","base"
1994,"COD",374238.505424238,92168.0244909248,45610.579965874,"ssp245","Fmean","WGOA","Rpath","base"
1994,"ATF",1547453.431915,598480.508802417,21993.239976229,"ssp245","Fmean","WGOA","Rpath","base"
1995,"POL",2920445.2429594,1709974.75171492,69168.129925675,"ssp245","Fmean","WGOA","Rpath","base"
1995,"COD",354241.118245692,88060.9264831689,67907.179992219,"ssp245","Fmean","WGOA","Rpath","base"
1995,"ATF",1548788.07321952,599203.455585779,17415.490044603,"ssp245","Fmean","WGOA","Rpath","base"
1996,"POL",2949537.49989699,1727520.76771419,49825.8700384,"ssp245","Fmean","WGOA","Rpath","base"
1996,"COD",348901.269856949,89289.8998161644,55391.660096973,"ssp245","Fmean","WGOA","Rpath","base"
1996,"ATF",1545296.54167072,597141.15385086,21555.609900557,"ssp245","Fmean","WGOA","Rpath","base"
1997,"POL",2946193.76182491,1722365.56372477,84179.649971753,"ssp245","Fmean","WGOA","Rpath","base"
1997,"COD",339607.871812025,88455.8466619866,58920.579990637,"ssp245","Fmean","WGOA","Rpath","base"
1997,"ATF",1547340.93937387,596389.731746862,14758.279890696,"ssp245","Fmean","WGOA","Rpath","base"
1998,"POL",3007840.54757787,1762267.82292695,5428.379997642,"ssp245","Fmean","WGOA","Rpath","base"
1998,"COD",338402.008126062,87897.0996300377,50218.950113863,"ssp245","Fmean","WGOA","Rpath","base"
1998,"ATF",1552042.17068945,596282.511778416,12377.190009373,"ssp245","Fmean","WGOA","Rpath","base"
1999,"POL",2993956.26360435,1751820.3586859,90556.900062537,"ssp245","Fmean","WGOA","Rpath","base"
1999,"COD",323385.504513683,83134.3281978233,66264.67009813,"ssp245","Fmean","WGOA","Rpath","base"
1999,"ATF",1556822.57219736,596729.653748177,14649.229924965,"ssp245","Fmean","WGOA","Rpath","base"
2000,"POL",3049484.66889728,1789601.2235707,5552.830105466,"ssp245","Fmean","WGOA","Rpath","base"
2000,"COD",321234.70478313,82993.6306736087,53384.869944958,"ssp245","Fmean","WGOA","Rpath","base"
2000,"ATF",1555589.60333769,595731.530286997,22993.75009338,"ssp245","Fmean","WGOA","Rpath","base"
2001,"POL",3082953.38628358,1808450.38491623,3452.299978517,"ssp245","Fmean","WGOA","Rpath","base"
2001,"COD",327836.052151014,85350.6677932879,40517.409954733,"ssp245","Fmean","WGOA","Rpath","base"
2001,"ATF",1559150.39699574,597017.281545479,17416.199986059,"ssp245","Fmean","WGOA","Rpath","base"
2002,"POL",3117695.91098478,1828996.8919311,1698.029945361,"ssp245","Fmean","WGOA","Rpath","base"
2002,"COD",329657.199807253,86672.396799144,41567.989960821,"ssp245","Fmean","WGOA","Rpath","base"
2002,"ATF",1561074.36729579,598208.760306624,20173.560012907,"ssp245","Fmean","WGOA","Rpath","base"
2003,"POL",3105660.59060301,1817041.08768011,48590.077011908,"ssp245","Fmean","WGOA","Rpath","base"
2003,"COD",321002.232869284,86072.6548698382,52365.755088864,"ssp245","Fmean","WGOA","Rpath","base"
2003,"ATF",1552272.45436907,595288.634146958,30169.771891001,"ssp245","Fmean","WGOA","Rpath","base"
2004,"POL",3100496.17999595,1811816.72016729,62434.439922489,"ssp245","Fmean","WGOA","Rpath","base"
2004,"COD",310907.346053104,86861.6844619175,56450.241969657,"ssp245","Fmean","WGOA","Rpath","base"
2004,"ATF",1557805.52630999,597533.747722124,15634.908041003,"ssp245","Fmean","WGOA","Rpath","base"
2005,"POL",3085140.75609541,1801622.59658072,78302.791927256,"ssp245","Fmean","WGOA","Rpath","base"
2005,"COD",308747.712383036,89355.0329510825,47523.779925577,"ssp245","Fmean","WGOA","Rpath","base"
2005,"ATF",1557456.93296847,596651.527725103,19923.573051558,"ssp245","Fmean","WGOA","Rpath","base"
2006,"POL",3088115.70042571,1805154.79373703,68928.307992488,"ssp245","Fmean","WGOA","Rpath","base"
2006,"COD",305285.425387622,89662.8420266119,47767.079961499,"ssp245","Fmean","WGOA","Rpath","base"
2006,"ATF",1552052.55675712,593803.972010943,27622.698918064,"ssp245","Fmean","WGOA","Rpath","base"
2007,"POL",3108388.6659623,1820162.18935033,51572.307003871,"ssp245","Fmean","WGOA","Rpath","base"
2007,"COD",298656.827987615,86970.5841575916,51812.178003779,"ssp245","Fmean","WGOA","Rpath","base"
2007,"ATF",1552833.11070127,593773.096946291,25346.986980543,"ssp245","Fmean","WGOA","Rpath","base"
2008,"POL",3122657.32782491,1829614.82622622,50786.206014733,"ssp245","Fmean","WGOA","Rpath","base"
2008,"COD",288014.19715692,83738.4257426123,58386.384025578,"ssp245","Fmean","WGOA","Rpath","base"
2008,"ATF",1551453.5168298,592951.977723493,29205.939969489,"ssp245","Fmean","WGOA","Rpath","base"
2009,"POL",3143273.39859891,1841984.8200306,41549.503075916,"ssp245","Fmean","WGOA","Rpath","base"
2009,"COD",284535.848347064,83301.5655360441,51788.980009351,"ssp245","Fmean","WGOA","Rpath","base"
2009,"ATF",1555113.02563569,594046.266118116,24831.742038702,"ssp245","Fmean","WGOA","Rpath","base"
2010,"POL",3136117.03112817,1835292.14585186,73443.384226643,"ssp245","Fmean","WGOA","Rpath","base"
2010,"COD",260387.074378808,76717.5680514182,76954.154598455,"ssp245","Fmean","WGOA","Rpath","base"
2010,"ATF",1558263.17274182,594362.564843561,24339.446470918,"ssp245","Fmean","WGOA","Rpath","base"
2011,"POL",3141056.08768375,1838289.75061505,77694.479623666,"ssp245","Fmean","WGOA","Rpath","base"
2011,"COD",234318.516143285,69543.3060352226,83710.475394165,"ssp245","Fmean","WGOA","Rpath","base"
2011,"ATF",1557071.61028742,592792.103233455,30911.821764055,"ssp245","Fmean","WGOA","Rpath","base"
2012,"POL",3133568.47204365,1833854.71164897,98934.691224094,"ssp245","Fmean","WGOA","Rpath","base"
2012,"COD",216652.39880077,64116.8215124414,76871.109994854,"ssp245","Fmean","WGOA","Rpath","base"
2012,"ATF",1567597.98995377,595605.767059271,20761.909908427,"ssp245","Fmean","WGOA","Rpath","base"
2013,"POL",3129803.3271359,1832301.64727678,90796.631609659,"ssp245","Fmean","WGOA","Rpath","base"
2013,"COD",207097.746004189,61173.0549874287,66829.781618954,"ssp245","Fmean","WGOA","Rpath","base"
2013,"ATF",1575636.64297929,596480.791969859,21809.3123161,"ssp245","Fmean","WGOA","Rpath","base"
2014,"POL",3087331.43236134,1803398.13573914,138948.061996125,"ssp245","Fmean","WGOA","Rpath","base"
2014,"COD",180191.44732662,54326.1747660013,83491.72820457,"ssp245","Fmean","WGOA","Rpath","base"
2014,"ATF",1567912.16262094,590069.752717628,36524.501530691,"ssp245","Fmean","WGOA","Rpath","base"
2015,"POL",3045526.28555765,1775739.07919012,162807.64603073,"ssp245","Fmean","WGOA","Rpath","base"
2015,"COD",157932.722055918,48934.4411406065,77689.992014231,"ssp245","Fmean","WGOA","Rpath","base"
2015,"ATF",1577268.81804826,588791.535950363,19296.587221708,"ssp245","Fmean","WGOA","Rpath","base"
2016,"POL",3007798.29217938,1753763.79832681,173086.352394527,"ssp245","Fmean","WGOA","Rpath","base"
2016,"COD",147656.615382295,47339.0097704077,62867.327429592,"ssp245","Fmean","WGOA","Rpath","base"
2016,"ATF",1586289.94323646,586210.878732567,19976.294186812,"ssp245","Fmean","WGOA","Rpath","base"
2017,"POL",2976739.35759481,1738811.22499638,184220.028529305,"ssp245","Fmean","WGOA","Rpath","base"
2017,"COD",147736.144697943,50239.6743054142,48204.214674581,"ssp245","Fmean","WGOA","Rpath","base"
2017,"ATF",1591593.27599985,581990.660087748,27053.508990172,"ssp245","Fmean","WGOA","Rpath","base"
2018,"POL",2968841.33230651,1740812.46211736,150815.192171791,"ssp245","Fmean","WGOA","Rpath","base"
2018,"COD",174522.229212124,61112.9039308985,14681.29819652,"ssp245","Fmean","WGOA","Rpath","base"
2018,"ATF",1607270.2111573,582229.748408732,18870.25094355,"ssp245","Fmean","WGOA","Rpath","base"
2019,"POL",2976191.20523764,1750709.51749398,110649.271555557,"ssp245","Fmean","WGOA","Rpath","base"
2019,"COD",197788.813002527,66355.8766877763,15200.420583165,"ssp245","Fmean","WGOA","Rpath","base"
2019,"ATF",1614692.32773615,580069.536802079,24567.051964421,"ssp245","Fmean","WGOA","Rpath","base"
2020,"POL",2989800.23372154,1764764.17925614,99971.064888454,"ssp245","Fmean","WGOA","Rpath","base"
2020,"COD",228117.246163443,75554.157695705,6085.249338733,"ssp245","Fmean","WGOA","Rpath","base"
2020,"ATF",1626337.87888343,581528.262199006,21115.899302007,"ssp245","Fmean","WGOA","Rpath","base"
2021,"POL",2905084.35959433,1712369.89067938,235097.480766553,"ssp245","Fmean","WGOA","Rpath","base"
2021,"COD",211977.561995662,68728.8889821138,59697.9080011251,"ssp245","Fmean","WGOA","Rpath","base"
2021,"ATF",1628238.68049189,582211.769671768,32544.917710192,"ssp245","Fmean","WGOA","Rpath","base"
2022,"POL",2818828.77489666,1658296.53781308,260099.375622101,"ssp245","Fmean","WGOA","Rpath","base"
2022,"COD",201767.073196309,61762.9636640056,63544.6015905986,"ssp245","Fmean","WGOA","Rpath","base"
2022,"ATF",1625876.77827913,583148.74901271,34239.7694194961,"ssp245","Fmean","WGOA","Rpath","base"
2023,"POL",2761286.66570499,1622364.965867,257655.185795135,"ssp245","Fmean","WGOA","Rpath","base"
2023,"COD",200990.38646464,55941.9468569123,58202.1351926449,"ssp245","Fmean","WGOA","Rpath","base"
2023,"ATF",1623538.16159309,584925.130696556,31777.9864639881,"ssp245","Fmean","WGOA","Rpath","base"
2024,"POL",2802493.10195592,1654399.22798213,132623.812311654,"ssp245","Fmean","WGOA","Rpath","base"
2024,"COD",218037.761294121,57091.5082607448,39100.1871059931,"ssp245","Fmean","WGOA","Rpath","base"
2024,"ATF",1628306.66144624,589437.58958352,22683.0219934437,"ssp245","Fmean","WGOA","Rpath","base"
2025,"POL",2830089.13175042,1674144.53390831,134421.670265978,"ssp245","Fmean","WGOA","Rpath","base"
2025,"COD",230806.165166512,59090.9743393617,42246.109023567,"ssp245","Fmean","WGOA","Rpath","base"
2025,"ATF",1633099.16881984,593347.176509973,22741.4916239349,"ssp245","Fmean","WGOA","Rpath","base"
2026,"POL",2851483.67561857,1689219.12851736,135642.977426314,"ssp245","Fmean","WGOA","Rpath","base"
2026,"COD",241614.661447857,62637.2899158032,44529.2621648996,"ssp245","Fmean","WGOA","Rpath","base"
2026,"ATF",1639776.34002376,597491.923842066,22825.6247462154,"ssp245","Fmean","WGOA","Rpath","base"
2027,"POL",2866515.84358432,1698285.87325088,136506.542661414,"ssp245","Fmean","WGOA","Rpath","base"
2027,"COD",251524.591315121,65829.6733569258,46461.0568323085,"ssp245","Fmean","WGOA","Rpath","base"
2027,"ATF",1645891.42115794,600725.191353801,22914.836993941,"ssp245","Fmean","WGOA","Rpath","base"
2028,"POL",2877733.7428898,1704861.71531474,137191.358643874,"ssp245","Fmean","WGOA","Rpath","base"
2028,"COD",260942.750078013,67278.902848293,48238.5750364983,"ssp245","Fmean","WGOA","Rpath","base"
2028,"ATF",1651470.17710632,603710.70326584,22997.7406863853,"ssp245","Fmean","WGOA","Rpath","base"
2029,"POL",2887192.73078096,1710614.57782697,137690.145369888,"ssp245","Fmean","WGOA","Rpath","base"
2029,"COD",269816.515993137,67331.253928493,49991.4940054784,"ssp245","Fmean","WGOA","Rpath","base"
2029,"ATF",1656376.43310469,606705.961117106,23067.9336508816,"ssp245","Fmean","WGOA","Rpath","base"
2030,"POL",2891703.30621315,1713553.33286327,138133.453664029,"ssp245","Fmean","WGOA","Rpath","base"
2030,"COD",277751.09393014,66861.0004238309,51726.1271015028,"ssp245","Fmean","WGOA","Rpath","base"
2030,"ATF",1660556.42011909,609586.157724352,23136.6470744944,"ssp245","Fmean","WGOA","Rpath","base"
2031,"POL",2896774.64552348,1717002.77763684,138370.286263046,"ssp245","Fmean","WGOA","Rpath","base"
2031,"COD",284393.094232081,66713.2977771107,53312.1141272609,"ssp245","Fmean","WGOA","Rpath","base"
2031,"ATF",1664214.68118424,612068.599783837,23188.7908922396,"ssp245","Fmean","WGOA","Rpath","base"
2032,"POL",2896211.15849149,1716689.60273442,138578.017214046,"ssp245","Fmean","WGOA","Rpath","base"
2032,"COD",289437.394603354,67465.27338422,54628.3953072953,"ssp245","Fmean","WGOA","Rpath","base"
2032,"ATF",1666751.81831344,613825.125594494,23238.5614047142,"ssp245","Fmean","WGOA","Rpath","base"
2033,"POL",2895004.47255232,1715374.35616905,138462.90000969,"ssp245","Fmean","WGOA","Rpath","base"
2033,"COD",293018.615056944,69069.170368235,55587.283042132,"ssp245","Fmean","WGOA","Rpath","base"
2033,"ATF",1667723.97822653,614415.266761988,23257.7389149244,"ssp245","Fmean","WGOA","Rpath","base"
2034,"POL",2895232.52655023,1715972.78098429,138503.449242889,"ssp245","Fmean","WGOA","Rpath","base"
2034,"COD",295491.696095013,71156.5474147491,56224.084117684,"ssp245","Fmean","WGOA","Rpath","base"
2034,"ATF",1669112.99565016,615055.383018976,23276.6548780956,"ssp245","Fmean","WGOA","Rpath","base"
2035,"POL",2885772.33262408,1709048.52063345,138294.544024599,"ssp245","Fmean","WGOA","Rpath","base"
2035,"COD",297017.731462968,72997.0527397935,56604.4609106966,"ssp245","Fmean","WGOA","Rpath","base"
2035,"ATF",1667752.35483364,613951.365799083,23281.1951674508,"ssp245","Fmean","WGOA","Rpath","base"
2036,"POL",2882232.58392229,1706690.94773597,137949.47225401,"ssp245","Fmean","WGOA","Rpath","base"
2036,"COD",298169.163578933,74192.7001213119,56818.1523897695,"ssp245","Fmean","WGOA","Rpath","base"
2036,"ATF",1666731.12230939,612668.895829935,23260.0887199817,"ssp245","Fmean","WGOA","Rpath","base"
2037,"POL",2880754.16339813,1706793.00722558,137840.143664742,"ssp245","Fmean","WGOA","Rpath","base"
2037,"COD",299156.555399701,74658.5479551675,56991.9228398725,"ssp245","Fmean","WGOA","Rpath","base"
2037,"ATF",1667320.0804601,612145.016532774,23255.5663429364,"ssp245","Fmean","WGOA","Rpath","base"
2038,"POL",2874966.76211856,1703745.56639596,137705.935546668,"ssp245","Fmean","WGOA","Rpath","base"
2038,"COD",299858.653471037,74569.8501752266,57162.6529264417,"ssp245","Fmean","WGOA","Rpath","base"
2038,"ATF",1667705.76308119,611628.79268364,23268.0398688865,"ssp245","Fmean","WGOA","Rpath","base"
2039,"POL",2867702.11458241,1698850.96900461,137327.256847727,"ssp245","Fmean","WGOA","Rpath","base"
2039,"COD",300247.449576879,74287.2597786573,57300.7492088525,"ssp245","Fmean","WGOA","Rpath","base"
2039,"ATF",1666858.68475418,610531.717726794,23263.724511171,"ssp245","Fmean","WGOA","Rpath","base"
2040,"POL",2860843.83534498,1694436.54353735,136996.794331331,"ssp245","Fmean","WGOA","Rpath","base"
2040,"COD",300340.1769239,74180.6663193347,57395.4069503453,"ssp245","Fmean","WGOA","Rpath","base"
2040,"ATF",1665803.47537251,609480.673037605,23252.7342933849,"ssp245","Fmean","WGOA","Rpath","base"
2041,"POL",2854884.94547269,1690602.09198342,136645.17643595,"ssp245","Fmean","WGOA","Rpath","base"
2041,"COD",300153.431573996,74371.2801750603,57426.3199566737,"ssp245","Fmean","WGOA","Rpath","base"
2041,"ATF",1664540.74473458,608462.420011661,23235.0336074629,"ssp245","Fmean","WGOA","Rpath","base"
2042,"POL",2853890.05142767,1690851.3400362,136427.794016309,"ssp245","Fmean","WGOA","Rpath","base"
2042,"COD",299836.696486167,74828.6299669594,57392.7919005699,"ssp245","Fmean","WGOA","Rpath","base"
2042,"ATF",1664865.71629611,608518.398749681,23224.4720200691,"ssp245","Fmean","WGOA","Rpath","base"
2043,"POL",2850458.47744917,1689519.69963031,136330.724428509,"ssp245","Fmean","WGOA","Rpath","base"
2043,"COD",299348.111307909,75362.9980525038,57313.0330338476,"ssp245","Fmean","WGOA","Rpath","base"
2043,"ATF",1665743.57504276,609141.518199014,23235.2435216591,"ssp245","Fmean","WGOA","Rpath","base"
2044,"POL",2842275.86159157,1683979.38269789,136027.108845547,"ssp245","Fmean","WGOA","Rpath","base"
2044,"COD",298688.279847258,75745.2164528387,57183.732132781,"ssp245","Fmean","WGOA","Rpath","base"
2044,"ATF",1665120.09857505,609027.15692801,23239.412797776,"ssp245","Fmean","WGOA","Rpath","base"
2045,"POL",2838506.8541239,1681470.14840846,135682.719380356,"ssp245","Fmean","WGOA","Rpath","base"
2045,"COD",298091.892969635,75898.6250430713,57032.6158825918,"ssp245","Fmean","WGOA","Rpath","base"
2045,"ATF",1664321.44365434,608698.467928251,23225.9738677182,"ssp245","Fmean","WGOA","Rpath","base"
2046,"POL",2834072.45480884,1678994.10808764,135484.703059634,"ssp245","Fmean","WGOA","Rpath","base"
2046,"COD",297595.922476849,75822.837656709,56907.438357682,"ssp245","Fmean","WGOA","Rpath","base"
2046,"ATF",1663870.76317793,608473.055348448,23216.8790432308,"ssp245","Fmean","WGOA","Rpath","base"
2047,"POL",2824944.41154485,1672676.51315819,135211.65501235,"ssp245","Fmean","WGOA","Rpath","base"
2047,"COD",297029.098931865,75558.976744946,56807.9126942555,"ssp245","Fmean","WGOA","Rpath","base"
2047,"ATF",1661761.12151738,607242.886043814,23208.2743730562,"ssp245","Fmean","WGOA","Rpath","base"
2048,"POL",2824121.54310492,1672332.73810205,134847.21517203,"ssp245","Fmean","WGOA","Rpath","base"
2048,"COD",296616.170166482,75287.0099074279,56713.7968503818,"ssp245","Fmean","WGOA","Rpath","base"
2048,"ATF",1660401.09533004,606078.17802771,23172.2097817383,"ssp245","Fmean","WGOA","Rpath","base"
2049,"POL",2816335.89853358,1667550.43117383,134686.32566311,"ssp245","Fmean","WGOA","Rpath","base"
2049,"COD",296151.22562629,75111.7127792754,56645.6562566579,"ssp245","Fmean","WGOA","Rpath","base"
2049,"ATF",1659349.6956892,605088.359813545,23161.5059771728,"ssp245","Fmean","WGOA","Rpath","base"
2050,"POL",2812344.05396859,1664970.94456737,134306.373611897,"ssp245","Fmean","WGOA","Rpath","base"
2050,"COD",295704.056803418,75057.4501866282,56560.5322219274,"ssp245","Fmean","WGOA","Rpath","base"
2050,"ATF",1658523.88056755,604175.012551503,23143.0545167744,"ssp245","Fmean","WGOA","Rpath","base"
2051,"POL",2813804.32955079,1667381.66154106,134268.772829963,"ssp245","Fmean","WGOA","Rpath","base"
2051,"COD",295369.236440448,75164.3063769716,56481.762406281,"ssp245","Fmean","WGOA","Rpath","base"
2051,"ATF",1660220.89323319,604862.39594304,23148.4805479285,"ssp245","Fmean","WGOA","Rpath","base"
2052,"POL",2805090.19340155,1661702.83044427,134097.450481682,"ssp245","Fmean","WGOA","Rpath","base"
2052,"COD",294854.194440995,75259.9685433828,56399.6434668858,"ssp245","Fmean","WGOA","Rpath","base"
2052,"ATF",1659912.12573938,604754.91353887,23164.3811803148,"ssp245","Fmean","WGOA","Rpath","base"
2053,"POL",2795091.18125017,1654047.90506335,133599.610002189,"ssp245","Fmean","WGOA","Rpath","base"
2053,"COD",294261.772489824,75257.8217100518,56282.3306482528,"ssp245","Fmean","WGOA","Rpath","base"
2053,"ATF",1657105.43104452,603281.715627722,23144.660286718,"ssp245","Fmean","WGOA","Rpath","base"
2054,"POL",2794291.4840609,1653725.92592921,133288.522643283,"ssp245","Fmean","WGOA","Rpath","base"
2054,"COD",293874.890786873,75204.7959610655,56172.7423412894,"ssp245","Fmean","WGOA","Rpath","base"
2054,"ATF",1655485.14171847,602333.469373037,23107.5556796664,"ssp245","Fmean","WGOA","Rpath","base"
2055,"POL",2788252.58767495,1650160.47264803,133120.385487971,"ssp245","Fmean","WGOA","Rpath","base"
2055,"COD",293516.124040387,75064.4338680227,56100.3623046752,"ssp245","Fmean","WGOA","Rpath","base"
2055,"ATF",1654122.19781,601571.475757898,23088.7095437394,"ssp245","Fmean","WGOA","Rpath","base"
2056,"POL",2780285.65435115,1644443.4418431,132735.136188036,"ssp245","Fmean","WGOA","Rpath","base"
2056,"COD",293116.949093815,74856.4729534908,56030.6374579723,"ssp245","Fmean","WGOA","Rpath","base"
2056,"ATF",1651634.5253639,600153.610876723,23063.4452699332,"ssp245","Fmean","WGOA","Rpath","base"
2057,"POL",2774979.09512922,1640676.86620261,132386.566741152,"ssp245","Fmean","WGOA","Rpath","base"
2057,"COD",292761.829048851,74699.1821127655,55962.1685830648,"ssp245","Fmean","WGOA","Rpath","base"
2057,"ATF",1649072.055809,598601.446423381,23027.3700122123,"ssp245","Fmean","WGOA","Rpath","base"
2058,"POL",2775633.2676073,1642027.09065231,132249.187874618,"ssp245","Fmean","WGOA","Rpath","base"
2058,"COD",292545.004136961,74660.4934427186,55910.7402715347,"ssp245","Fmean","WGOA","Rpath","base"
2058,"ATF",1648772.52632053,598314.243503834,23003.0748450703,"ssp245","Fmean","WGOA","Rpath","base"
2059,"POL",2775598.02142328,1642987.59516467,132199.254559856,"ssp245","Fmean","WGOA","Rpath","base"
2059,"COD",292350.027294446,74695.1213080083,55871.0104228187,"ssp245","Fmean","WGOA","Rpath","base"
2059,"ATF",1649841.79421767,599057.538286991,23005.0534173378,"ssp245","Fmean","WGOA","Rpath","base"
2060,"POL",2764659.05770857,1635265.8397797,132014.356986187,"ssp245","Fmean","WGOA","Rpath","base"
2060,"COD",291910.887979384,74725.0983737132,55817.4203209345,"ssp245","Fmean","WGOA","Rpath","base"
2060,"ATF",1648386.597435,598767.388418316,23015.8370567419,"ssp245","Fmean","WGOA","Rpath","base"
2061,"POL",2759608.5982969,1630996.49520119,131554.324439839,"ssp245","Fmean","WGOA","Rpath","base"
2061,"COD",291471.650691835,74740.9473261411,55724.4923080942,"ssp245","Fmean","WGOA","Rpath","base"
2061,"ATF",1645497.11535538,597537.784424011,22980.7573446301,"ssp245","Fmean","WGOA","Rpath","base"
2062,"POL",2755268.96794433,1627839.17635297,131297.080509944,"ssp245","Fmean","WGOA","Rpath","base"
2062,"COD",291097.338670008,74719.7904278271,55639.838974849,"ssp245","Fmean","WGOA","Rpath","base"
2062,"ATF",1642572.48607976,596158.302260129,22939.1990673464,"ssp245","Fmean","WGOA","Rpath","base"
2063,"POL",2750740.96834615,1624954.78546522,131044.330819097,"ssp245","Fmean","WGOA","Rpath","base"
2063,"COD",290797.795915995,74624.1873059472,55570.8138308475,"ssp245","Fmean","WGOA","Rpath","base"
2063,"ATF",1640279.56643195,595025.444325648,22900.136697094,"ssp245","Fmean","WGOA","Rpath","base"
2064,"POL",2745376.36165495,1621448.45108147,130822.448669817,"ssp245","Fmean","WGOA","Rpath","base"
2064,"COD",290500.593204315,74493.3684113354,55515.8697994033,"ssp245","Fmean","WGOA","Rpath","base"
2064,"ATF",1638230.07452669,594014.461194488,22873.8514891909,"ssp245","Fmean","WGOA","Rpath","base"
2065,"POL",2747491.44693073,1623440.18438984,130646.524915684,"ssp245","Fmean","WGOA","Rpath","base"
2065,"COD",290325.971805209,74420.2522629277,55468.1659341312,"ssp245","Fmean","WGOA","Rpath","base"
2065,"ATF",1637926.48099534,593879.230929797,22849.0878846579,"ssp245","Fmean","WGOA","Rpath","base"
2066,"POL",2746001.52146411,1623586.03061645,130671.726863584,"ssp245","Fmean","WGOA","Rpath","base"
2066,"COD",290150.417419274,74426.6371627035,55438.2028698421,"ssp245","Fmean","WGOA","Rpath","base"
2066,"ATF",1639304.10095312,594905.676059969,22857.6921819085,"ssp245","Fmean","WGOA","Rpath","base"
2067,"POL",2739142.09874024,1618914.10659025,130428.082515462,"ssp245","Fmean","WGOA","Rpath","base"
2067,"COD",289831.152688538,74446.0278775318,55388.0882034041,"ssp245","Fmean","WGOA","Rpath","base"
2067,"ATF",1639376.40971137,595469.018458939,22869.3546410523,"ssp245","Fmean","WGOA","Rpath","base"
2068,"POL",2735903.26601081,1616753.070667,130157.498079463,"ssp245","Fmean","WGOA","Rpath","base"
2068,"COD",289522.939985903,74494.9798297732,55314.6172783816,"ssp245","Fmean","WGOA","Rpath","base"
2068,"ATF",1639152.52086817,595926.653046189,22866.8852976652,"ssp245","Fmean","WGOA","Rpath","base"
2069,"POL",2727735.2705184,1610907.84091914,129912.309385784,"ssp245","Fmean","WGOA","Rpath","base"
2069,"COD",289120.657533977,74486.8497881748,55241.6123711454,"ssp245","Fmean","WGOA","Rpath","base"
2069,"ATF",1636820.83616129,595168.772413527,22854.8845523409,"ssp245","Fmean","WGOA","Rpath","base"
2070,"POL",2723332.85144867,1607463.55146344,129535.496970739,"ssp245","Fmean","WGOA","Rpath","base"
2070,"COD",288770.63636051,74385.8767212719,55162.4075637122,"ssp245","Fmean","WGOA","Rpath","base"
2070,"ATF",1633595.64096947,593569.045236878,22812.4034126,"ssp245","Fmean","WGOA","Rpath","base"
2071,"POL",2722188.31544551,1607230.91194888,129357.606635823,"ssp245","Fmean","WGOA","Rpath","base"
2071,"COD",288564.244746799,74254.6622947287,55104.9182309027,"ssp245","Fmean","WGOA","Rpath","base"
2071,"ATF",1632057.65892547,592628.473546232,22773.9314720655,"ssp245","Fmean","WGOA","Rpath","base"
2072,"POL",2712971.37543322,1600831.81366354,129160.815703405,"ssp245","Fmean","WGOA","Rpath","base"
2072,"COD",288216.707189464,74096.0716415346,55066.0566960039,"ssp245","Fmean","WGOA","Rpath","base"
2072,"ATF",1629218.46752647,590941.743596669,22753.7085009771,"ssp245","Fmean","WGOA","Rpath","base"
2073,"POL",2711874.98985656,1599931.92681118,128771.777069584,"ssp245","Fmean","WGOA","Rpath","base"
2073,"COD",287981.104691329,73994.167394535,55007.2112240158,"ssp245","Fmean","WGOA","Rpath","base"
2073,"ATF",1627221.2475524,589515.261314294,22707.9092260008,"ssp245","Fmean","WGOA","Rpath","base"
2074,"POL",2711910.64295454,1601067.93991555,128784.894000077,"ssp245","Fmean","WGOA","Rpath","base"
2074,"COD",287826.781462799,74017.4340328796,54970.9124399665,"ssp245","Fmean","WGOA","Rpath","base"
2074,"ATF",1627767.62880686,589762.317884581,22700.1969676794,"ssp245","Fmean","WGOA","Rpath","base"
2075,"POL",2704605.60813368,1596137.6062419,128626.127104015,"ssp245","Fmean","WGOA","Rpath","base"
2075,"COD",287500.570004575,74047.3070877018,54929.7053208513,"ssp245","Fmean","WGOA","Rpath","base"
2075,"ATF",1626616.6389119,589457.090987947,22702.4597688803,"ssp245","Fmean","WGOA","Rpath","base"
2076,"POL",2698325.3383014,1591151.11903922,128254.517308498,"ssp245","Fmean","WGOA","Rpath","base"
2076,"COD",287115.243805994,74052.5350217141,54855.9169314843,"ssp245","Fmean","WGOA","Rpath","base"
2076,"ATF",1623739.50010909,588346.000759288,22674.1516451509,"ssp245","Fmean","WGOA","Rpath","base"
2077,"POL",2699024.27082308,1591821.3478048,128068.002446681,"ssp245","Fmean","WGOA","Rpath","base"
2077,"COD",286871.925879791,74064.2594143517,54785.9600051006,"ssp245","Fmean","WGOA","Rpath","base"
2077,"ATF",1622174.66392399,587971.579080128,22637.6771611381,"ssp245","Fmean","WGOA","Rpath","base"
2078,"POL",2696406.42417306,1590391.14885753,127998.086243473,"ssp245","Fmean","WGOA","Rpath","base"
2078,"COD",286623.607601039,74023.0045346377,54738.9249739662,"ssp245","Fmean","WGOA","Rpath","base"
2078,"ATF",1620887.85233766,587840.892474503,22618.4716647792,"ssp245","Fmean","WGOA","Rpath","base"
2079,"POL",2690659.19027134,1586499.09392399,127755.550432422,"ssp245","Fmean","WGOA","Rpath","base"
2079,"COD",286352.13103614,73931.1363919186,54686.2229109502,"ssp245","Fmean","WGOA","Rpath","base"
2079,"ATF",1619581.88443741,587728.422395538,22598.9870102106,"ssp245","Fmean","WGOA","Rpath","base"
2080,"POL",2685079.23342178,1582481.64469159,127492.020187982,"ssp245","Fmean","WGOA","Rpath","base"
2080,"COD",286047.749686722,73854.0404724903,54628.5894173237,"ssp245","Fmean","WGOA","Rpath","base"
2080,"ATF",1617860.10763059,587338.365944189,22581.0629671472,"ssp245","Fmean","WGOA","Rpath","base"
2081,"POL",2683255.85671959,1581162.28997638,127262.703851065,"ssp245","Fmean","WGOA","Rpath","base"
2081,"COD",285783.595560218,73811.6348055987,54570.7464391065,"ssp245","Fmean","WGOA","Rpath","base"
2081,"ATF",1616003.81354394,586701.416956193,22553.0477686759,"ssp245","Fmean","WGOA","Rpath","base"
2082,"POL",2673257.15764598,1573682.44392309,127013.206891076,"ssp245","Fmean","WGOA","Rpath","base"
2082,"COD",285372.674119831,73731.2964714346,54515.6046397644,"ssp245","Fmean","WGOA","Rpath","base"
2082,"ATF",1611801.32119727,584742.504243669,22519.6238753195,"ssp245","Fmean","WGOA","Rpath","base"
2083,"POL",2666671.66888063,1567822.80801211,126537.654801454,"ssp245","Fmean","WGOA","Rpath","base"
2083,"COD",284936.823630681,73614.2759894926,54440.0135570955,"ssp245","Fmean","WGOA","Rpath","base"
2083,"ATF",1605857.93010411,581561.566424625,22448.3377620348,"ssp245","Fmean","WGOA","Rpath","base"
2084,"POL",2668435.59606395,1569368.28360745,126388.4357374,"ssp245","Fmean","WGOA","Rpath","base"
2084,"COD",284714.8866966,73564.0307219224,54380.2913079357,"ssp245","Fmean","WGOA","Rpath","base"
2084,"ATF",1602813.90206054,579791.919191327,22378.4921680634,"ssp245","Fmean","WGOA","Rpath","base"
2085,"POL",2666054.11039194,1568213.05271271,126347.855351168,"ssp245","Fmean","WGOA","Rpath","base"
2085,"COD",284482.443159738,73542.8890124871,54345.8369847184,"ssp245","Fmean","WGOA","Rpath","base"
2085,"ATF",1601106.03758493,578966.157517056,22345.2755400841,"ssp245","Fmean","WGOA","Rpath","base"
2086,"POL",2662460.18035124,1565615.68386972,126160.174086481,"ssp245","Fmean","WGOA","Rpath","base"
2086,"COD",284203.198723335,73554.0041264563,54297.1212100096,"ssp245","Fmean","WGOA","Rpath","base"
2086,"ATF",1599596.17232792,578545.702626041,22322.5725724818,"ssp245","Fmean","WGOA","Rpath","base"
2087,"POL",2661154.4707734,1564650.95271381,126050.913356002,"ssp245","Fmean","WGOA","Rpath","base"
2087,"COD",283925.176420056,73630.5395905351,54238.6773453908,"ssp245","Fmean","WGOA","Rpath","base"
2087,"ATF",1598407.0638056,578626.612995624,22306.0938163526,"ssp245","Fmean","WGOA","Rpath","base"
2088,"POL",2655198.7380152,1559595.25184913,125896.992616635,"ssp245","Fmean","WGOA","Rpath","base"
2088,"COD",283495.000900496,73669.0298450377,54175.0242042497,"ssp245","Fmean","WGOA","Rpath","base"
2088,"ATF",1594453.28429552,577423.567861009,22278.3693907724,"ssp245","Fmean","WGOA","Rpath","base"
2089,"POL",2647820.28062589,1552765.98988479,125522.617897374,"ssp245","Fmean","WGOA","Rpath","base"
2089,"COD",282988.767036438,73599.3731179704,54090.1929732886,"ssp245","Fmean","WGOA","Rpath","base"
2089,"ATF",1587546.7385732,574485.766701225,22203.4384508925,"ssp245","Fmean","WGOA","Rpath","base"
2090,"POL",2647494.57649823,1551873.14774832,125249.738009144,"ssp245","Fmean","WGOA","Rpath","base"
2090,"COD",282694.094737947,73502.3435879049,54010.8059741377,"ssp245","Fmean","WGOA","Rpath","base"
2090,"ATF",1582491.45623697,572274.622388689,22109.6672697329,"ssp245","Fmean","WGOA","Rpath","base"
2091,"POL",2653158.6776313,1556736.9356748,125352.736672037,"ssp245","Fmean","WGOA","Rpath","base"
2091,"COD",282629.180115104,73466.2298231534,53975.1961636985,"ssp245","Fmean","WGOA","Rpath","base"
2091,"ATF",1582178.45854861,572648.120764812,22066.2867346604,"ssp245","Fmean","WGOA","Rpath","base"
2092,"POL",2649179.28985352,1554524.54406723,125451.391368806,"ssp245","Fmean","WGOA","Rpath","base"
2092,"COD",282434.39115605,73461.5505659821,53958.0993521692,"ssp245","Fmean","WGOA","Rpath","base"
2092,"ATF",1582214.07348754,573513.610618634,22072.0014611483,"ssp245","Fmean","WGOA","Rpath","base"
2093,"POL",2647303.24808871,1552652.23106567,125251.911876396,"ssp245","Fmean","WGOA","Rpath","base"
2093,"COD",282172.995736052,73510.3644457714,53907.2872746514,"ssp245","Fmean","WGOA","Rpath","base"
2093,"ATF",1581328.26416693,573953.653401916,22064.1036703726,"ssp245","Fmean","WGOA","Rpath","base"
2094,"POL",2647686.20069646,1552723.41367857,125185.002302921,"ssp245","Fmean","WGOA","Rpath","base"
2094,"COD",281968.611862583,73610.9367150499,53848.6253264716,"ssp245","Fmean","WGOA","Rpath","base"
2094,"ATF",1580561.565231,574482.915519728,22049.4126225168,"ssp245","Fmean","WGOA","Rpath","base"
2095,"POL",2643845.26556321,1549750.99969116,125131.208045943,"ssp245","Fmean","WGOA","Rpath","base"
2095,"COD",281726.447149248,73640.0890772327,53798.4861818044,"ssp245","Fmean","WGOA","Rpath","base"
2095,"ATF",1578627.63717195,574404.876676834,22035.1688491526,"ssp245","Fmean","WGOA","Rpath","base"
2096,"POL",2647867.16354658,1552771.29662854,125065.465067449,"ssp245","Fmean","WGOA","Rpath","base"
2096,"COD",281673.987905165,73607.4336425431,53752.2766051376,"ssp245","Fmean","WGOA","Rpath","base"
2096,"ATF",1578507.72191734,575098.947894476,22011.1510750599,"ssp245","Fmean","WGOA","Rpath","base"
2097,"POL",2648069.83518889,1553477.53472798,125220.583698711,"ssp245","Fmean","WGOA","Rpath","base"
2097,"COD",281620.660997154,73540.4686255733,53739.2892063228,"ssp245","Fmean","WGOA","Rpath","base"
2097,"ATF",1579031.38495367,576057.16284304,22018.7399191061,"ssp245","Fmean","WGOA","Rpath","base"
2098,"POL",2640100.51376658,1547061.89330333,125009.388500149,"ssp245","Fmean","WGOA","Rpath","base"
2098,"COD",281398.793756949,73401.2715630575,53715.7120489567,"ssp245","Fmean","WGOA","Rpath","base"
2098,"ATF",1576470.28422819,574995.209593849,22008.1826540029,"ssp245","Fmean","WGOA","Rpath","base"
2099,"POL",2647519.60098034,1552385.54240565,124928.78129171,"ssp245","Fmean","WGOA","Rpath","base"
2099,"COD",281413.565070949,73348.1221683984,53685.5204706585,"ssp245","Fmean","WGOA","Rpath","base"
2099,"ATF",1576582.68260678,575010.627169664,21980.2438959225,"ssp245","Fmean","WGOA","Rpath","base"
1991,"POL",2884927.16511783,1690895.40603404,87828.010002781,"ssp585","Fmean","WGOA","Rpath","base"
1991,"COD",399280.293878193,93224.2373585632,64466.829990571,"ssp585","Fmean","WGOA","Rpath","base"
1991,"ATF",1554327.80462664,597326.97740596,16958.380011156,"ssp585","Fmean","WGOA","Rpath","base"
1992,"POL",2892495.91324268,1696087.27813365,90585.189961806,"ssp585","Fmean","WGOA","Rpath","base"
1992,"COD",371842.900083054,88999.2287874369,78966.500089317,"ssp585","Fmean","WGOA","Rpath","base"
1992,"ATF",1551901.37581743,598021.211707819,20482.180062468,"ssp585","Fmean","WGOA","Rpath","base"
1993,"POL",2886917.46017875,1690078.21042351,108230.180085742,"ssp585","Fmean","WGOA","Rpath","base"
1993,"COD",375328.175429555,91984.46817467,45849.170066118,"ssp585","Fmean","WGOA","Rpath","base"
1993,"ATF",1551566.34683954,599298.159270716,18294.449920618,"ssp585","Fmean","WGOA","Rpath","base"
1994,"POL",2891612.89701311,1691340.87032149,100412.359942985,"ssp585","Fmean","WGOA","Rpath","base"
1994,"COD",374238.505424238,92168.0244909248,45610.579965874,"ssp585","Fmean","WGOA","Rpath","base"
1994,"ATF",1547453.431915,598480.508802417,21993.239976229,"ssp585","Fmean","WGOA","Rpath","base"
1995,"POL",2920445.2429594,1709974.75171492,69168.129925675,"ssp585","Fmean","WGOA","Rpath","base"
1995,"COD",354241.118245692,88060.9264831689,67907.179992219,"ssp585","Fmean","WGOA","Rpath","base"
1995,"ATF",1548788.07321952,599203.455585779,17415.490044603,"ssp585","Fmean","WGOA","Rpath","base"
1996,"POL",2949537.49989699,1727520.76771419,49825.8700384,"ssp585","Fmean","WGOA","Rpath","base"
1996,"COD",348901.269856949,89289.8998161644,55391.660096973,"ssp585","Fmean","WGOA","Rpath","base"
1996,"ATF",1545296.54167072,597141.15385086,21555.609900557,"ssp585","Fmean","WGOA","Rpath","base"
1997,"POL",2946193.76182491,1722365.56372477,84179.649971753,"ssp585","Fmean","WGOA","Rpath","base"
1997,"COD",339607.871812025,88455.8466619866,58920.579990637,"ssp585","Fmean","WGOA","Rpath","base"
1997,"ATF",1547340.93937387,596389.731746862,14758.279890696,"ssp585","Fmean","WGOA","Rpath","base"
1998,"POL",3007840.54757787,1762267.82292695,5428.379997642,"ssp585","Fmean","WGOA","Rpath","base"
1998,"COD",338402.008126062,87897.0996300377,50218.950113863,"ssp585","Fmean","WGOA","Rpath","base"
1998,"ATF",1552042.17068945,596282.511778416,12377.190009373,"ssp585","Fmean","WGOA","Rpath","base"
1999,"POL",2993956.26360435,1751820.3586859,90556.900062537,"ssp585","Fmean","WGOA","Rpath","base"
1999,"COD",323385.504513683,83134.3281978233,66264.67009813,"ssp585","Fmean","WGOA","Rpath","base"
1999,"ATF",1556822.57219736,596729.653748177,14649.229924965,"ssp585","Fmean","WGOA","Rpath","base"
2000,"POL",3049484.66889728,1789601.2235707,5552.830105466,"ssp585","Fmean","WGOA","Rpath","base"
2000,"COD",321234.70478313,82993.6306736087,53384.869944958,"ssp585","Fmean","WGOA","Rpath","base"
2000,"ATF",1555589.60333769,595731.530286997,22993.75009338,"ssp585","Fmean","WGOA","Rpath","base"
2001,"POL",3082953.38628358,1808450.38491623,3452.299978517,"ssp585","Fmean","WGOA","Rpath","base"
2001,"COD",327836.052151014,85350.6677932879,40517.409954733,"ssp585","Fmean","WGOA","Rpath","base"
2001,"ATF",1559150.39699574,597017.281545479,17416.199986059,"ssp585","Fmean","WGOA","Rpath","base"
2002,"POL",3117695.91098478,1828996.8919311,1698.029945361,"ssp585","Fmean","WGOA","Rpath","base"
2002,"COD",329657.199807253,86672.396799144,41567.989960821,"ssp585","Fmean","WGOA","Rpath","base"
2002,"ATF",1561074.36729579,598208.760306624,20173.560012907,"ssp585","Fmean","WGOA","Rpath","base"
2003,"POL",3105660.59060301,1817041.08768011,48590.077011908,"ssp585","Fmean","WGOA","Rpath","base"
2003,"COD",321002.232869284,86072.6548698382,52365.755088864,"ssp585","Fmean","WGOA","Rpath","base"
2003,"ATF",1552272.45436907,595288.634146958,30169.771891001,"ssp585","Fmean","WGOA","Rpath","base"
2004,"POL",3100496.17999595,1811816.72016729,62434.439922489,"ssp585","Fmean","WGOA","Rpath","base"
2004,"COD",310907.346053104,86861.6844619175,56450.241969657,"ssp585","Fmean","WGOA","Rpath","base"
2004,"ATF",1557805.52630999,597533.747722124,15634.908041003,"ssp585","Fmean","WGOA","Rpath","base"
2005,"POL",3085140.75609541,1801622.59658072,78302.791927256,"ssp585","Fmean","WGOA","Rpath","base"
2005,"COD",308747.712383036,89355.0329510825,47523.779925577,"ssp585","Fmean","WGOA","Rpath","base"
2005,"ATF",1557456.93296847,596651.527725103,19923.573051558,"ssp585","Fmean","WGOA","Rpath","base"
2006,"POL",3088115.70042571,1805154.79373703,68928.307992488,"ssp585","Fmean","WGOA","Rpath","base"
2006,"COD",305285.425387622,89662.8420266119,47767.079961499,"ssp585","Fmean","WGOA","Rpath","base"
2006,"ATF",1552052.55675712,593803.972010943,27622.698918064,"ssp585","Fmean","WGOA","Rpath","base"
2007,"POL",3108388.6659623,1820162.18935033,51572.307003871,"ssp585","Fmean","WGOA","Rpath","base"
2007,"COD",298656.827987615,86970.5841575916,51812.178003779,"ssp585","Fmean","WGOA","Rpath","base"
2007,"ATF",1552833.11070127,593773.096946291,25346.986980543,"ssp585","Fmean","WGOA","Rpath","base"
2008,"POL",3122657.32782491,1829614.82622622,50786.206014733,"ssp585","Fmean","WGOA","Rpath","base"
2008,"COD",288014.19715692,83738.4257426123,58386.384025578,"ssp585","Fmean","WGOA","Rpath","base"
2008,"ATF",1551453.5168298,592951.977723493,29205.939969489,"ssp585","Fmean","WGOA","Rpath","base"
2009,"POL",3143273.39859891,1841984.8200306,41549.503075916,"ssp585","Fmean","WGOA","Rpath","base"
2009,"COD",284535.848347064,83301.5655360441,51788.980009351,"ssp585","Fmean","WGOA","Rpath","base"
2009,"ATF",1555113.02563569,594046.266118116,24831.742038702,"ssp585","Fmean","WGOA","Rpath","base"
2010,"POL",3136117.03112817,1835292.14585186,73443.384226643,"ssp585","Fmean","WGOA","Rpath","base"
2010,"COD",260387.074378808,76717.5680514182,76954.154598455,"ssp585","Fmean","WGOA","Rpath","base"
2010,"ATF",1558263.17274182,594362.564843561,24339.446470918,"ssp585","Fmean","WGOA","Rpath","base"
2011,"POL",3141056.08768375,1838289.75061505,77694.479623666,"ssp585","Fmean","WGOA","Rpath","base"
2011,"COD",234318.516143285,69543.3060352226,83710.475394165,"ssp585","Fmean","WGOA","Rpath","base"
2011,"ATF",1557071.61028742,592792.103233455,30911.821764055,"ssp585","Fmean","WGOA","Rpath","base"
2012,"POL",3133568.47204365,1833854.71164897,98934.691224094,"ssp585","Fmean","WGOA","Rpath","base"
2012,"COD",216652.39880077,64116.8215124414,76871.109994854,"ssp585","Fmean","WGOA","Rpath","base"
2012,"ATF",1567597.98995377,595605.767059271,20761.909908427,"ssp585","Fmean","WGOA","Rpath","base"
2013,"POL",3129803.3271359,1832301.64727678,90796.631609659,"ssp585","Fmean","WGOA","Rpath","base"
2013,"COD",207097.746004189,61173.0549874287,66829.781618954,"ssp585","Fmean","WGOA","Rpath","base"
2013,"ATF",1575636.64297929,596480.791969859,21809.3123161,"ssp585","Fmean","WGOA","Rpath","base"
2014,"POL",3087331.43236134,1803398.13573914,138948.061996125,"ssp585","Fmean","WGOA","Rpath","base"
2014,"COD",180191.44732662,54326.1747660013,83491.72820457,"ssp585","Fmean","WGOA","Rpath","base"
2014,"ATF",1567912.16262094,590069.752717628,36524.501530691,"ssp585","Fmean","WGOA","Rpath","base"
2015,"POL",3045526.28555765,1775739.07919012,162807.64603073,"ssp585","Fmean","WGOA","Rpath","base"
2015,"COD",157932.722055918,48934.4411406065,77689.992014231,"ssp585","Fmean","WGOA","Rpath","base"
2015,"ATF",1577268.81804826,588791.535950363,19296.587221708,"ssp585","Fmean","WGOA","Rpath","base"
2016,"POL",3007798.29217938,1753763.79832681,173086.352394527,"ssp585","Fmean","WGOA","Rpath","base"
2016,"COD",147656.615382295,47339.0097704077,62867.327429592,"ssp585","Fmean","WGOA","Rpath","base"
2016,"ATF",1586289.94323646,586210.878732567,19976.294186812,"ssp585","Fmean","WGOA","Rpath","base"
2017,"POL",2976739.35759481,1738811.22499638,184220.028529305,"ssp585","Fmean","WGOA","Rpath","base"
2017,"COD",147736.144697943,50239.6743054142,48204.214674581,"ssp585","Fmean","WGOA","Rpath","base"
2017,"ATF",1591593.27599985,581990.660087748,27053.508990172,"ssp585","Fmean","WGOA","Rpath","base"
2018,"POL",2968841.33230651,1740812.46211736,150815.192171791,"ssp585","Fmean","WGOA","Rpath","base"
2018,"COD",174522.229212124,61112.9039308985,14681.29819652,"ssp585","Fmean","WGOA","Rpath","base"
2018,"ATF",1607270.2111573,582229.748408732,18870.25094355,"ssp585","Fmean","WGOA","Rpath","base"
2019,"POL",2976191.20523764,1750709.51749398,110649.271555557,"ssp585","Fmean","WGOA","Rpath","base"
2019,"COD",197788.813002527,66355.8766877763,15200.420583165,"ssp585","Fmean","WGOA","Rpath","base"
2019,"ATF",1614692.32773615,580069.536802079,24567.051964421,"ssp585","Fmean","WGOA","Rpath","base"
2020,"POL",2989800.23372154,1764764.17925614,99971.064888454,"ssp585","Fmean","WGOA","Rpath","base"
2020,"COD",228117.246163443,75554.157695705,6085.249338733,"ssp585","Fmean","WGOA","Rpath","base"
2020,"ATF",1626337.87888343,581528.262199006,21115.899302007,"ssp585","Fmean","WGOA","Rpath","base"
2021,"POL",2900353.00425891,1708594.4829037,235024.939306664,"ssp585","Fmean","WGOA","Rpath","base"
2021,"COD",211905.263856105,68705.0103267455,59695.16452827,"ssp585","Fmean","WGOA","Rpath","base"
2021,"ATF",1626825.82136459,581449.059477152,32540.3522419357,"ssp585","Fmean","WGOA","Rpath","base"
2022,"POL",2815780.74555184,1655450.61379249,259893.166147678,"ssp585","Fmean","WGOA","Rpath","base"
2022,"COD",201697.587696855,61723.3135304623,63532.1001470112,"ssp585","Fmean","WGOA","Rpath","base"
2022,"ATF",1623564.67836682,581748.425571558,34212.9327559575,"ssp585","Fmean","WGOA","Rpath","base"
2023,"POL",2761644.12580256,1622384.14005175,257583.76975365,"ssp585","Fmean","WGOA","Rpath","base"
2023,"COD",200982.184317657,55910.2411769131,58196.4086512834,"ssp585","Fmean","WGOA","Rpath","base"
2023,"ATF",1621792.52418318,583751.294142989,31749.341479932,"ssp585","Fmean","WGOA","Rpath","base"
2024,"POL",2813439.34393521,1663220.59681257,132847.752351544,"ssp585","Fmean","WGOA","Rpath","base"
2024,"COD",218212.645765189,57115.4177053058,39115.2932963901,"ssp585","Fmean","WGOA","Rpath","base"
2024,"ATF",1630429.99500849,590467.620173215,22676.5340547032,"ssp585","Fmean","WGOA","Rpath","base"
2025,"POL",2835697.16719057,1679527.98195947,134843.227940058,"ssp585","Fmean","WGOA","Rpath","base"
2025,"COD",230953.321168858,59174.3764916014,42281.8087873781,"ssp585","Fmean","WGOA","Rpath","base"
2025,"ATF",1637326.47725468,595957.353983825,22786.6515973641,"ssp585","Fmean","WGOA","Rpath","base"
2026,"POL",2849849.99073791,1688221.83081705,135747.96017397,"ssp585","Fmean","WGOA","Rpath","base"
2026,"COD",241589.280701749,62747.1015298509,44540.7352607421,"ssp585","Fmean","WGOA","Rpath","base"
2026,"ATF",1642779.0452507,599767.514345716,22880.1781142661,"ssp585","Fmean","WGOA","Rpath","base"
2027,"POL",2868370.69782367,1699222.42071901,136454.156712358,"ssp585","Fmean","WGOA","Rpath","base"
2027,"COD",251499.827713208,65954.4091908102,46438.6728606945,"ssp585","Fmean","WGOA","Rpath","base"
2027,"ATF",1648063.89866894,602539.89255962,22945.6396278107,"ssp585","Fmean","WGOA","Rpath","base"
2028,"POL",2877033.41838426,1704478.4263087,137275.013703507,"ssp585","Fmean","WGOA","Rpath","base"
2028,"COD",260933.800813026,67343.0260714141,48219.3749962927,"ssp585","Fmean","WGOA","Rpath","base"
2028,"ATF",1652963.56373461,605082.178735082,23026.0654929438,"ssp585","Fmean","WGOA","Rpath","base"
2029,"POL",2883056.96818107,1707396.52655328,137641.939168517,"ssp585","Fmean","WGOA","Rpath","base"
2029,"COD",269757.123338205,67256.381117511,49978.8551263055,"ssp585","Fmean","WGOA","Rpath","base"
2029,"ATF",1655820.10030251,606638.244748316,23080.3512826278,"ssp585","Fmean","WGOA","Rpath","base"
2030,"POL",2889595.82128795,1711573.82327411,137969.126606447,"ssp585","Fmean","WGOA","Rpath","base"
2030,"COD",277721.690509106,66694.6247662816,51716.8504512511,"ssp585","Fmean","WGOA","Rpath","base"
2030,"ATF",1658805.49959928,608269.414718112,23119.1912421471,"ssp585","Fmean","WGOA","Rpath","base"
2031,"POL",2889430.01199798,1711048.95101615,138196.135591479,"ssp585","Fmean","WGOA","Rpath","base"
2031,"COD",284251.518442982,66500.2320020982,53315.7134630096,"ssp585","Fmean","WGOA","Rpath","base"
2031,"ATF",1660327.38024394,609042.999300703,23157.336274142,"ssp585","Fmean","WGOA","Rpath","base"
2032,"POL",2888346.75297901,1709600.24838539,138108.406740633,"ssp585","Fmean","WGOA","Rpath","base"
2032,"COD",289225.910297433,67248.5394314698,54614.4060951659,"ssp585","Fmean","WGOA","Rpath","base"
2032,"ATF",1660656.39207518,609061.022602571,23165.9399883214,"ssp585","Fmean","WGOA","Rpath","base"
2033,"POL",2891570.97357626,1712405.3549248,138204.972036293,"ssp585","Fmean","WGOA","Rpath","base"
2033,"COD",292875.884868808,68957.2612570406,55574.3812628562,"ssp585","Fmean","WGOA","Rpath","base"
2033,"ATF",1662787.34255385,610207.550745745,23181.9908114986,"ssp585","Fmean","WGOA","Rpath","base"
2034,"POL",2896396.99378937,1716979.08777934,138393.911588554,"ssp585","Fmean","WGOA","Rpath","base"
2034,"COD",295464.171418563,71175.6524495054,56220.6001437171,"ssp585","Fmean","WGOA","Rpath","base"
2034,"ATF",1666601.46331885,612523.569731876,23219.8704431285,"ssp585","Fmean","WGOA","Rpath","base"
2035,"POL",2898428.9805905,1719701.52018263,138592.178955971,"ssp585","Fmean","WGOA","Rpath","base"
2035,"COD",297257.226699184,73196.9700363541,56622.497207602,"ssp585","Fmean","WGOA","Rpath","base"
2035,"ATF",1671099.83683349,615497.602633979,23279.4332410098,"ssp585","Fmean","WGOA","Rpath","base"
2036,"POL",2889216.90904469,1713441.87334645,138479.729098962,"ssp585","Fmean","WGOA","Rpath","base"
2036,"COD",298365.760400849,74485.1304637261,56856.9158871797,"ssp585","Fmean","WGOA","Rpath","base"
2036,"ATF",1672615.76548167,616861.739309157,23328.5649517004,"ssp585","Fmean","WGOA","Rpath","base"
2037,"POL",2877410.7052502,1704172.04959477,137992.282839641,"ssp585","Fmean","WGOA","Rpath","base"
2037,"COD",299037.39593622,74895.4699522892,56994.6171933033,"ssp585","Fmean","WGOA","Rpath","base"
2037,"ATF",1670048.32002447,615511.379086753,23327.2147096418,"ssp585","Fmean","WGOA","Rpath","base"
2038,"POL",2870972.42358809,1699083.69557581,137434.384967321,"ssp585","Fmean","WGOA","Rpath","base"
2038,"COD",299626.304131087,74675.5153714667,57107.4062600858,"ssp585","Fmean","WGOA","Rpath","base"
2038,"ATF",1666325.73559233,612802.151738424,23273.1810020123,"ssp585","Fmean","WGOA","Rpath","base"
2039,"POL",2870516.61339548,1700298.67748548,137307.388935343,"ssp585","Fmean","WGOA","Rpath","base"
2039,"COD",300207.032959002,74289.160162174,57254.7362608628,"ssp585","Fmean","WGOA","Rpath","base"
2039,"ATF",1666008.75304621,611565.752410851,23243.786990632,"ssp585","Fmean","WGOA","Rpath","base"
2040,"POL",2864139.73972826,1697156.67447964,137163.033717742,"ssp585","Fmean","WGOA","Rpath","base"
2040,"COD",300425.62302074,74057.9561607717,57393.4920939458,"ssp585","Fmean","WGOA","Rpath","base"
2040,"ATF",1666198.72414864,610565.047808883,23246.7737744031,"ssp585","Fmean","WGOA","Rpath","base"
2041,"POL",2861750.73576717,1696312.89759241,136893.191106664,"ssp585","Fmean","WGOA","Rpath","base"
2041,"COD",300319.484171204,74229.7297250044,57453.0799815365,"ssp585","Fmean","WGOA","Rpath","base"
2041,"ATF",1667006.87557678,609988.331583864,23251.8711650762,"ssp585","Fmean","WGOA","Rpath","base"
2042,"POL",2853855.90594189,1691193.66499876,136660.375728316,"ssp585","Fmean","WGOA","Rpath","base"
2042,"COD",299811.398977605,74752.2134267037,57425.223404395,"ssp585","Fmean","WGOA","Rpath","base"
2042,"ATF",1666636.01716526,609124.050130303,23260.7248999993,"ssp585","Fmean","WGOA","Rpath","base"
2043,"POL",2843462.53077749,1683616.34709771,136168.556019459,"ssp585","Fmean","WGOA","Rpath","base"
2043,"COD",299041.682315074,75351.4187211679,57298.7538722106,"ssp585","Fmean","WGOA","Rpath","base"
2043,"ATF",1664304.61781107,607493.861035025,23242.1620083169,"ssp585","Fmean","WGOA","Rpath","base"
2044,"POL",2835502.04065968,1677768.64132459,135699.182752302,"ssp585","Fmean","WGOA","Rpath","base"
2044,"COD",298246.36532549,75784.9681279816,57121.0806714302,"ssp585","Fmean","WGOA","Rpath","base"
2044,"ATF",1661090.87207768,605597.365959938,23204.5872705291,"ssp585","Fmean","WGOA","Rpath","base"
2045,"POL",2834169.30704667,1677432.25039051,135427.400389512,"ssp585","Fmean","WGOA","Rpath","base"
2045,"COD",297653.221328801,75938.4102336899,56955.3481772238,"ssp585","Fmean","WGOA","Rpath","base"
2045,"ATF",1659334.06373281,604565.298372417,23165.1144152566,"ssp585","Fmean","WGOA","Rpath","base"
2046,"POL",2837105.06824136,1681333.99992076,135424.814041267,"ssp585","Fmean","WGOA","Rpath","base"
2046,"COD",297326.877348266,75846.7787654315,56843.3988292806,"ssp585","Fmean","WGOA","Rpath","base"
2046,"ATF",1661286.88026252,605719.53146184,23159.5584732791,"ssp585","Fmean","WGOA","Rpath","base"
2047,"POL",2835285.25874853,1681512.92268755,135455.970295405,"ssp585","Fmean","WGOA","Rpath","base"
2047,"COD",297003.39832312,75620.5054654081,56776.5294282914,"ssp585","Fmean","WGOA","Rpath","base"
2047,"ATF",1664334.13329297,607815.313190231,23197.5061634558,"ssp585","Fmean","WGOA","Rpath","base"
2048,"POL",2827597.41340425,1676415.98839391,135227.781691135,"ssp585","Fmean","WGOA","Rpath","base"
2048,"COD",296532.791146103,75401.2831096203,56704.7755344241,"ssp585","Fmean","WGOA","Rpath","base"
2048,"ATF",1665497.36505882,609031.559331365,23230.3579978618,"ssp585","Fmean","WGOA","Rpath","base"
2049,"POL",2814675.15523742,1666410.55342891,134758.022251035,"ssp585","Fmean","WGOA","Rpath","base"
2049,"COD",295844.474972002,75250.9338844193,56603.9127999952,"ssp585","Fmean","WGOA","Rpath","base"
2049,"ATF",1662562.13947573,607862.033970508,23226.3514744824,"ssp585","Fmean","WGOA","Rpath","base"
2050,"POL",2810625.77806724,1663121.08423693,134237.329395752,"ssp585","Fmean","WGOA","Rpath","base"
2050,"COD",295294.003230019,75194.3259994477,56479.617471226,"ssp585","Fmean","WGOA","Rpath","base"
2050,"ATF",1659213.87007278,605937.42886092,23171.9210031577,"ssp585","Fmean","WGOA","Rpath","base"
2051,"POL",2809262.34564265,1663225.14479109,134126.940946598,"ssp585","Fmean","WGOA","Rpath","base"
2051,"COD",294904.514955212,75196.4596321061,56387.8300213256,"ssp585","Fmean","WGOA","Rpath","base"
2051,"ATF",1658098.27383091,604955.688741202,23140.1749662691,"ssp585","Fmean","WGOA","Rpath","base"
2052,"POL",2805382.60764724,1661455.21406973,133984.590163275,"ssp585","Fmean","WGOA","Rpath","base"
2052,"COD",294516.134312049,75171.3145352428,56313.5250847311,"ssp585","Fmean","WGOA","Rpath","base"
2052,"ATF",1657751.50654189,604250.202216125,23130.6557236193,"ssp585","Fmean","WGOA","Rpath","base"
2053,"POL",2797380.05295622,1655935.26000459,133680.565652833,"ssp585","Fmean","WGOA","Rpath","base"
2053,"COD",294028.548489191,75110.1664438054,56230.100612228,"ssp585","Fmean","WGOA","Rpath","base"
2053,"ATF",1656294.32764048,602882.560135371,23123.1097815854,"ssp585","Fmean","WGOA","Rpath","base"
2054,"POL",2790711.26057915,1650891.21283368,133232.21591875,"ssp585","Fmean","WGOA","Rpath","base"
2054,"COD",293558.906808368,75036.3234326371,56131.332068856,"ssp585","Fmean","WGOA","Rpath","base"
2054,"ATF",1653818.83655634,600898.321652065,23091.6855483523,"ssp585","Fmean","WGOA","Rpath","base"
2055,"POL",2785994.86132584,1648169.12982542,133009.766424337,"ssp585","Fmean","WGOA","Rpath","base"
2055,"COD",293174.640237689,74974.4787844809,56049.2038190614,"ssp585","Fmean","WGOA","Rpath","base"
2055,"ATF",1652352.95747479,599701.400884895,23067.6578880523,"ssp585","Fmean","WGOA","Rpath","base"
2056,"POL",2783774.69997261,1646938.01928465,132743.162388572,"ssp585","Fmean","WGOA","Rpath","base"
2056,"COD",292853.233612981,74892.8381799289,55978.526997462,"ssp585","Fmean","WGOA","Rpath","base"
2056,"ATF",1651145.42904542,598926.749046218,23044.1445876798,"ssp585","Fmean","WGOA","Rpath","base"
2057,"POL",2778739.41161567,1644114.33693977,132595.539067645,"ssp585","Fmean","WGOA","Rpath","base"
2057,"COD",292529.405567404,74825.3630541965,55919.8981566841,"ssp585","Fmean","WGOA","Rpath","base"
2057,"ATF",1650503.88325838,598807.092827168,23034.8749335033,"ssp585","Fmean","WGOA","Rpath","base"
2058,"POL",2774423.73504033,1640911.38709491,132305.424335622,"ssp585","Fmean","WGOA","Rpath","base"
2058,"COD",292152.0916231,74771.6169091684,55855.1471963381,"ssp585","Fmean","WGOA","Rpath","base"
2058,"ATF",1648829.33032386,598253.594536185,23019.0926605917,"ssp585","Fmean","WGOA","Rpath","base"
2059,"POL",2766729.14732796,1635279.19054545,132014.501448701,"ssp585","Fmean","WGOA","Rpath","base"
2059,"COD",291715.539178477,74729.9712081239,55781.2754967585,"ssp585","Fmean","WGOA","Rpath","base"
2059,"ATF",1646008.14195355,597122.384527284,22990.4289066169,"ssp585","Fmean","WGOA","Rpath","base"
2060,"POL",2766788.1918058,1635619.70305807,131751.508060231,"ssp585","Fmean","WGOA","Rpath","base"
2060,"COD",291423.280539033,74724.0788876279,55704.3639947498,"ssp585","Fmean","WGOA","Rpath","base"
2060,"ATF",1644782.7619408,596797.843693521,22953.6131514811,"ssp585","Fmean","WGOA","Rpath","base"
2061,"POL",2755491.73059014,1627309.98369932,131581.235698817,"ssp585","Fmean","WGOA","Rpath","base"
2061,"COD",290895.716298348,74674.0169364736,55640.4850694614,"ssp585","Fmean","WGOA","Rpath","base"
2061,"ATF",1640943.15134074,595165.531200836,22935.6977415599,"ssp585","Fmean","WGOA","Rpath","base"
2062,"POL",2755790.52530783,1627277.84220206,131113.886763033,"ssp585","Fmean","WGOA","Rpath","base"
2062,"COD",290569.53029212,74622.5491428673,55546.6486911258,"ssp585","Fmean","WGOA","Rpath","base"
2062,"ATF",1638277.20495814,593788.494844645,22870.0049411452,"ssp585","Fmean","WGOA","Rpath","base"
2063,"POL",2756994.89959697,1629488.14391958,131181.686450142,"ssp585","Fmean","WGOA","Rpath","base"
2063,"COD",290405.133193401,74641.5313201134,55492.8587338854,"ssp585","Fmean","WGOA","Rpath","base"
2063,"ATF",1639389.7232169,594614.626120236,22860.2825006454,"ssp585","Fmean","WGOA","Rpath","base"
2064,"POL",2749515.7154804,1624774.99721822,131113.964254702,"ssp585","Fmean","WGOA","Rpath","base"
2064,"COD",290044.10918273,74629.6621820804,55449.2359984262,"ssp585","Fmean","WGOA","Rpath","base"
2064,"ATF",1639106.50708912,594930.721375641,22877.3959407625,"ssp585","Fmean","WGOA","Rpath","base"
2065,"POL",2738435.16047821,1615528.03431371,130583.474216392,"ssp585","Fmean","WGOA","Rpath","base"
2065,"COD",289473.702309207,74546.472827981,55360.6696185381,"ssp585","Fmean","WGOA","Rpath","base"
2065,"ATF",1634420.77609504,592732.865951767,22845.2662270964,"ssp585","Fmean","WGOA","Rpath","base"
2066,"POL",2735381.05662257,1612898.57860963,130174.822313302,"ssp585","Fmean","WGOA","Rpath","base"
2066,"COD",289067.189584531,74485.6238186151,55260.9855089233,"ssp585","Fmean","WGOA","Rpath","base"
2066,"ATF",1630334.12516846,590573.374556539,22777.1778634052,"ssp585","Fmean","WGOA","Rpath","base"
2067,"POL",2727993.5595858,1607592.10528381,129957.829759797,"ssp585","Fmean","WGOA","Rpath","base"
2067,"COD",288631.050257909,74383.6222435977,55191.5858133288,"ssp585","Fmean","WGOA","Rpath","base"
2067,"ATF",1625849.07875713,588138.396183584,22724.2421634895,"ssp585","Fmean","WGOA","Rpath","base"
2068,"POL",2724558.21402479,1605023.09997834,129587.724665412,"ssp585","Fmean","WGOA","Rpath","base"
2068,"COD",288274.14414505,74259.0538082005,55118.9060467966,"ssp585","Fmean","WGOA","Rpath","base"
2068,"ATF",1622082.23193868,585990.546747399,22658.8912207233,"ssp585","Fmean","WGOA","Rpath","base"
2069,"POL",2725249.40573872,1606386.24878722,129513.361141419,"ssp585","Fmean","WGOA","Rpath","base"
2069,"COD",288041.785474231,74232.8233536303,55065.5185990123,"ssp585","Fmean","WGOA","Rpath","base"
2069,"ATF",1621481.78401908,585733.431951132,22626.2018916074,"ssp585","Fmean","WGOA","Rpath","base"
2070,"POL",2717438.29715735,1600898.03976194,129307.703119377,"ssp585","Fmean","WGOA","Rpath","base"
2070,"COD",287659.204439948,74241.1296752623,55011.2306402162,"ssp585","Fmean","WGOA","Rpath","base"
2070,"ATF",1619746.74990558,585152.185999517,22613.7903578876,"ssp585","Fmean","WGOA","Rpath","base"
2071,"POL",2716416.69658626,1600301.45973121,129050.385977679,"ssp585","Fmean","WGOA","Rpath","base"
2071,"COD",287361.246662313,74305.8047409831,54934.2801373426,"ssp585","Fmean","WGOA","Rpath","base"
2071,"ATF",1618984.79041094,585335.587774619,22592.2145288226,"ssp585","Fmean","WGOA","Rpath","base"
2072,"POL",2715716.7330207,1600353.24758074,129027.632727513,"ssp585","Fmean","WGOA","Rpath","base"
2072,"COD",287110.135562967,74389.4312767116,54871.5012530823,"ssp585","Fmean","WGOA","Rpath","base"
2072,"ATF",1618843.93191899,586197.884409628,22587.3434711996,"ssp585","Fmean","WGOA","Rpath","base"
2073,"POL",2706935.30926527,1593589.11374119,128795.09897907,"ssp585","Fmean","WGOA","Rpath","base"
2073,"COD",286697.52359163,74357.3909238814,54805.9450711769,"ssp585","Fmean","WGOA","Rpath","base"
2073,"ATF",1615621.61868504,585458.751913078,22570.1900012035,"ssp585","Fmean","WGOA","Rpath","base"
2074,"POL",2702661.27701276,1589701.79968863,128380.37546664,"ssp585","Fmean","WGOA","Rpath","base"
2074,"COD",286369.554985254,74237.6126831912,54723.9591480857,"ssp585","Fmean","WGOA","Rpath","base"
2074,"ATF",1611555.77021937,583917.126193398,22512.8261725369,"ssp585","Fmean","WGOA","Rpath","base"
2075,"POL",2699988.1423222,1587677.61426949,128240.07529358,"ssp585","Fmean","WGOA","Rpath","base"
2075,"COD",286132.957038395,74101.778429432,54672.0169632453,"ssp585","Fmean","WGOA","Rpath","base"
2075,"ATF",1608127.83075584,582436.700273953,22463.3671384156,"ssp585","Fmean","WGOA","Rpath","base"
2076,"POL",2703726.66738675,1591175.33424056,128211.075551107,"ssp585","Fmean","WGOA","Rpath","base"
2076,"COD",286082.608473274,74007.0463319937,54645.5295248781,"ssp585","Fmean","WGOA","Rpath","base"
2076,"ATF",1607792.63033756,582401.981718774,22427.6039639495,"ssp585","Fmean","WGOA","Rpath","base"
2077,"POL",2699127.51532877,1588260.18792162,128242.069892336,"ssp585","Fmean","WGOA","Rpath","base"
2077,"COD",285859.010604357,73954.0831966554,54635.3995576274,"ssp585","Fmean","WGOA","Rpath","base"
2077,"ATF",1607011.0307832,582280.693018025,22430.3487246347,"ssp585","Fmean","WGOA","Rpath","base"
2078,"POL",2691867.39248306,1582275.4371237,127865.051077576,"ssp585","Fmean","WGOA","Rpath","base"
2078,"COD",285484.536277421,73941.149847126,54582.6827652589,"ssp585","Fmean","WGOA","Rpath","base"
2078,"ATF",1603992.13129212,580850.77806557,22401.4046758297,"ssp585","Fmean","WGOA","Rpath","base"
2079,"POL",2687846.61387574,1578947.34399008,127576.084027719,"ssp585","Fmean","WGOA","Rpath","base"
2079,"COD",285122.239703155,73992.6736046226,54509.6391425299,"ssp585","Fmean","WGOA","Rpath","base"
2079,"ATF",1600911.7731179,579333.041049887,22358.9778964556,"ssp585","Fmean","WGOA","Rpath","base"
2080,"POL",2683494.47719698,1575529.89125526,127342.213346263,"ssp585","Fmean","WGOA","Rpath","base"
2080,"COD",284751.849178431,74019.4511401081,54438.7057623739,"ssp585","Fmean","WGOA","Rpath","base"
2080,"ATF",1597302.00283949,577569.466296341,22313.4305025182,"ssp585","Fmean","WGOA","Rpath","base"
2081,"POL",2680971.56693649,1574030.25722982,127167.300777652,"ssp585","Fmean","WGOA","Rpath","base"
2081,"COD",284457.430708999,74002.1336186778,54373.0061628604,"ssp585","Fmean","WGOA","Rpath","base"
2081,"ATF",1594775.49404443,576444.935689196,22268.2966728621,"ssp585","Fmean","WGOA","Rpath","base"
2082,"POL",2675797.43226672,1570185.31630713,126961.414337306,"ssp585","Fmean","WGOA","Rpath","base"
2082,"COD",284106.262107414,73936.536374799,54314.7108923416,"ssp585","Fmean","WGOA","Rpath","base"
2082,"ATF",1591825.68943797,575195.871198737,22233.751417555,"ssp585","Fmean","WGOA","Rpath","base"
2083,"POL",2673672.28688025,1568469.20909691,126704.570155806,"ssp585","Fmean","WGOA","Rpath","base"
2083,"COD",283811.569101044,73879.7404993792,54250.7203623913,"ssp585","Fmean","WGOA","Rpath","base"
2083,"ATF",1589374.59564432,574210.998970479,22190.6920222955,"ssp585","Fmean","WGOA","Rpath","base"
2084,"POL",2674975.11786027,1570094.96508577,126710.134992868,"ssp585","Fmean","WGOA","Rpath","base"
2084,"COD",283607.512269064,73892.4916107929,54203.0934939555,"ssp585","Fmean","WGOA","Rpath","base"
2084,"ATF",1589197.44192781,574681.811365559,22171.8803242868,"ssp585","Fmean","WGOA","Rpath","base"
2085,"POL",2670921.8975161,1567360.43026752,126606.414053488,"ssp585","Fmean","WGOA","Rpath","base"
2085,"COD",283315.23587094,73911.7246529393,54155.0217745446,"ssp585","Fmean","WGOA","Rpath","base"
2085,"ATF",1588376.4301609,575069.040729439,22165.1924561139,"ssp585","Fmean","WGOA","Rpath","base"
2086,"POL",2663307.80853705,1561300.47264317,126316.941237597,"ssp585","Fmean","WGOA","Rpath","base"
2086,"COD",282913.235528218,73909.3254186047,54083.7035059518,"ssp585","Fmean","WGOA","Rpath","base"
2086,"ATF",1585521.92684565,574410.836410778,22144.1682835242,"ssp585","Fmean","WGOA","Rpath","base"
2087,"POL",2659509.66698133,1557597.3101285,126044.81433556,"ssp585","Fmean","WGOA","Rpath","base"
2087,"COD",282488.919539671,73881.3926355503,54003.0830633128,"ssp585","Fmean","WGOA","Rpath","base"
2087,"ATF",1580897.75396851,572572.33542311,22095.9220924372,"ssp585","Fmean","WGOA","Rpath","base"
2088,"POL",2659471.55968758,1557339.37917673,125866.288239404,"ssp585","Fmean","WGOA","Rpath","base"
2088,"COD",282215.642603982,73817.7242222145,53933.4803685789,"ssp585","Fmean","WGOA","Rpath","base"
2088,"ATF",1577058.10664834,570811.108236218,22027.1231824961,"ssp585","Fmean","WGOA","Rpath","base"
2089,"POL",2654858.02621625,1554043.40517288,125760.554524427,"ssp585","Fmean","WGOA","Rpath","base"
2089,"COD",281943.89779293,73708.4450551288,53888.12211192,"ssp585","Fmean","WGOA","Rpath","base"
2089,"ATF",1573733.53037027,569252.408841516,21980.3883936279,"ssp585","Fmean","WGOA","Rpath","base"
2090,"POL",2654134.55058109,1553554.87517813,125586.102374904,"ssp585","Fmean","WGOA","Rpath","base"
2090,"COD",281750.92244025,73630.4546042737,53842.7812240949,"ssp585","Fmean","WGOA","Rpath","base"
2090,"ATF",1571912.03633671,568436.834611437,21939.6521472527,"ssp585","Fmean","WGOA","Rpath","base"
2091,"POL",2648158.30070289,1548571.4136361,125456.466489337,"ssp585","Fmean","WGOA","Rpath","base"
2091,"COD",281385.352665053,73588.5268407049,53802.1471821847,"ssp585","Fmean","WGOA","Rpath","base"
2091,"ATF",1568151.45235101,566695.711155825,21912.6871170366,"ssp585","Fmean","WGOA","Rpath","base"
2092,"POL",2644432.95502563,1544982.29274538,125142.184321301,"ssp585","Fmean","WGOA","Rpath","base"
2092,"COD",281019.23317044,73569.5568397316,53738.0104339051,"ssp585","Fmean","WGOA","Rpath","base"
2092,"ATF",1563273.33809972,564280.203753158,21847.0175245502,"ssp585","Fmean","WGOA","Rpath","base"
2093,"POL",2644436.89484165,1544859.11347407,125000.753266808,"ssp585","Fmean","WGOA","Rpath","base"
2093,"COD",280785.257204974,73590.2265278744,53679.271504858,"ssp585","Fmean","WGOA","Rpath","base"
2093,"ATF",1560327.01583859,563032.55712241,21786.547375129,"ssp585","Fmean","WGOA","Rpath","base"
2094,"POL",2643898.16184623,1544827.82954256,125002.481415403,"ssp585","Fmean","WGOA","Rpath","base"
2094,"COD",280592.599672144,73630.8107429907,53638.6527141324,"ssp585","Fmean","WGOA","Rpath","base"
2094,"ATF",1559212.32947155,563125.645327216,21760.3231637897,"ssp585","Fmean","WGOA","Rpath","base"
2095,"POL",2647903.45583293,1548442.44208,125036.72583315,"ssp585","Fmean","WGOA","Rpath","base"
2095,"COD",280529.459712408,73710.2777001754,53600.2905103471,"ssp585","Fmean","WGOA","Rpath","base"
2095,"ATF",1560866.90032747,565005.326020564,21756.0894660187,"ssp585","Fmean","WGOA","Rpath","base"
2096,"POL",2643862.64651594,1545689.38506427,125109.865276586,"ssp585","Fmean","WGOA","Rpath","base"
2096,"COD",280313.600590295,73779.2375823801,53569.7324100688,"ssp585","Fmean","WGOA","Rpath","base"
2096,"ATF",1561241.68470586,566545.422135386,21782.1783002323,"ssp585","Fmean","WGOA","Rpath","base"
2097,"POL",2651741.39407965,1551601.78052372,125051.277465354,"ssp585","Fmean","WGOA","Rpath","base"
2097,"COD",280309.688100909,73857.9669844199,53519.3870889858,"ssp585","Fmean","WGOA","Rpath","base"
2097,"ATF",1563586.09231632,569008.804604082,21781.9007193078,"ssp585","Fmean","WGOA","Rpath","base"
2098,"POL",2647726.04157244,1549586.98082906,125302.014263342,"ssp585","Fmean","WGOA","Rpath","base"
2098,"COD",280229.840774785,73891.3810651222,53503.3843171798,"ssp585","Fmean","WGOA","Rpath","base"
2098,"ATF",1565468.93035611,571420.744169931,21825.3679266689,"ssp585","Fmean","WGOA","Rpath","base"
2099,"POL",2632554.71150045,1536065.87178566,124836.305293393,"ssp585","Fmean","WGOA","Rpath","base"
2099,"COD",279686.14541646,73703.2625193578,53454.4213898749,"ssp585","Fmean","WGOA","Rpath","base"
2099,"ATF",1558365.87216974,568387.875673355,21807.0704276977,"ssp585","Fmean","WGOA","Rpath","base"
1991,"POL",2884927.16511783,1690895.40603404,87828.010002781,"persistence","F0","WGOA","Rpath","pcod_rec"
1991,"COD",399280.293878193,93224.2373585632,64466.829990571,"persistence","F0","WGOA","Rpath","pcod_rec"
1991,"ATF",1554327.80462664,597326.97740596,16958.380011156,"persistence","F0","WGOA","Rpath","pcod_rec"
1992,"POL",2892495.91324268,1696087.27813365,90585.189961806,"persistence","F0","WGOA","Rpath","pcod_rec"
1992,"COD",371842.900083054,88999.2287874369,78966.500089317,"persistence","F0","WGOA","Rpath","pcod_rec"
1992,"ATF",1551901.37581743,598021.211707819,20482.180062468,"persistence","F0","WGOA","Rpath","pcod_rec"
1993,"POL",2886917.46017875,1690078.21042351,108230.180085742,"persistence","F0","WGOA","Rpath","pcod_rec"
1993,"COD",375328.175429555,91984.46817467,45849.170066118,"persistence","F0","WGOA","Rpath","pcod_rec"
1993,"ATF",1551566.34683954,599298.159270716,18294.449920618,"persistence","F0","WGOA","Rpath","pcod_rec"
1994,"POL",2891612.89701311,1691340.87032149,100412.359942985,"persistence","F0","WGOA","Rpath","pcod_rec"
1994,"COD",374238.505424238,92168.0244909248,45610.579965874,"persistence","F0","WGOA","Rpath","pcod_rec"
1994,"ATF",1547453.431915,598480.508802417,21993.239976229,"persistence","F0","WGOA","Rpath","pcod_rec"
1995,"POL",2920445.2429594,1709974.75171492,69168.129925675,"persistence","F0","WGOA","Rpath","pcod_rec"
1995,"COD",354241.118245692,88060.9264831689,67907.179992219,"persistence","F0","WGOA","Rpath","pcod_rec"
1995,"ATF",1548788.07321952,599203.455585779,17415.490044603,"persistence","F0","WGOA","Rpath","pcod_rec"
1996,"POL",2949537.49989699,1727520.76771419,49825.8700384,"persistence","F0","WGOA","Rpath","pcod_rec"
1996,"COD",348901.269856949,89289.8998161644,55391.660096973,"persistence","F0","WGOA","Rpath","pcod_rec"
1996,"ATF",1545296.54167072,597141.15385086,21555.609900557,"persistence","F0","WGOA","Rpath","pcod_rec"
1997,"POL",2946193.76182491,1722365.56372477,84179.649971753,"persistence","F0","WGOA","Rpath","pcod_rec"
1997,"COD",339607.871812025,88455.8466619866,58920.579990637,"persistence","F0","WGOA","Rpath","pcod_rec"
1997,"ATF",1547340.93937387,596389.731746862,14758.279890696,"persistence","F0","WGOA","Rpath","pcod_rec"
1998,"POL",3007840.54757787,1762267.82292695,5428.379997642,"persistence","F0","WGOA","Rpath","pcod_rec"
1998,"COD",338402.008126062,87897.0996300377,50218.950113863,"persistence","F0","WGOA","Rpath","pcod_rec"
1998,"ATF",1552042.17068945,596282.511778416,12377.190009373,"persistence","F0","WGOA","Rpath","pcod_rec"
1999,"POL",2993956.26360435,1751820.3586859,90556.900062537,"persistence","F0","WGOA","Rpath","pcod_rec"
1999,"COD",323385.504513683,83134.3281978233,66264.67009813,"persistence","F0","WGOA","Rpath","pcod_rec"
1999,"ATF",1556822.57219736,596729.653748177,14649.229924965,"persistence","F0","WGOA","Rpath","pcod_rec"
2000,"POL",3049484.66889728,1789601.2235707,5552.830105466,"persistence","F0","WGOA","Rpath","pcod_rec"
2000,"COD",321234.70478313,82993.6306736087,53384.869944958,"persistence","F0","WGOA","Rpath","pcod_rec"
2000,"ATF",1555589.60333769,595731.530286997,22993.75009338,"persistence","F0","WGOA","Rpath","pcod_rec"
2001,"POL",3082953.38628358,1808450.38491623,3452.299978517,"persistence","F0","WGOA","Rpath","pcod_rec"
2001,"COD",327836.052151014,85350.6677932879,40517.409954733,"persistence","F0","WGOA","Rpath","pcod_rec"
2001,"ATF",1559150.39699574,597017.281545479,17416.199986059,"persistence","F0","WGOA","Rpath","pcod_rec"
2002,"POL",3117695.91098478,1828996.8919311,1698.029945361,"persistence","F0","WGOA","Rpath","pcod_rec"
2002,"COD",329657.199807253,86672.396799144,41567.989960821,"persistence","F0","WGOA","Rpath","pcod_rec"
2002,"ATF",1561074.36729579,598208.760306624,20173.560012907,"persistence","F0","WGOA","Rpath","pcod_rec"
2003,"POL",3105660.59060301,1817041.08768011,48590.077011908,"persistence","F0","WGOA","Rpath","pcod_rec"
2003,"COD",321002.232869284,86072.6548698382,52365.755088864,"persistence","F0","WGOA","Rpath","pcod_rec"
2003,"ATF",1552272.45436907,595288.634146958,30169.771891001,"persistence","F0","WGOA","Rpath","pcod_rec"
2004,"POL",3100496.17999595,1811816.72016729,62434.439922489,"persistence","F0","WGOA","Rpath","pcod_rec"
2004,"COD",310907.346053104,86861.6844619175,56450.241969657,"persistence","F0","WGOA","Rpath","pcod_rec"
2004,"ATF",1557805.52630999,597533.747722124,15634.908041003,"persistence","F0","WGOA","Rpath","pcod_rec"
2005,"POL",3085140.75609541,1801622.59658072,78302.791927256,"persistence","F0","WGOA","Rpath","pcod_rec"
2005,"COD",308747.712383036,89355.0329510825,47523.779925577,"persistence","F0","WGOA","Rpath","pcod_rec"
2005,"ATF",1557456.93296847,596651.527725103,19923.573051558,"persistence","F0","WGOA","Rpath","pcod_rec"
2006,"POL",3088115.70042571,1805154.79373703,68928.307992488,"persistence","F0","WGOA","Rpath","pcod_rec"
2006,"COD",305285.425387622,89662.8420266119,47767.079961499,"persistence","F0","WGOA","Rpath","pcod_rec"
2006,"ATF",1552052.55675712,593803.972010943,27622.698918064,"persistence","F0","WGOA","Rpath","pcod_rec"
2007,"POL",3108388.6659623,1820162.18935033,51572.307003871,"persistence","F0","WGOA","Rpath","pcod_rec"
2007,"COD",298656.827987615,86970.5841575916,51812.178003779,"persistence","F0","WGOA","Rpath","pcod_rec"
2007,"ATF",1552833.11070127,593773.096946291,25346.986980543,"persistence","F0","WGOA","Rpath","pcod_rec"
2008,"POL",3122657.32782491,1829614.82622622,50786.206014733,"persistence","F0","WGOA","Rpath","pcod_rec"
2008,"COD",288014.19715692,83738.4257426123,58386.384025578,"persistence","F0","WGOA","Rpath","pcod_rec"
2008,"ATF",1551453.5168298,592951.977723493,29205.939969489,"persistence","F0","WGOA","Rpath","pcod_rec"
2009,"POL",3143273.39859891,1841984.8200306,41549.503075916,"persistence","F0","WGOA","Rpath","pcod_rec"
2009,"COD",284535.848347064,83301.5655360441,51788.980009351,"persistence","F0","WGOA","Rpath","pcod_rec"
2009,"ATF",1555113.02563569,594046.266118116,24831.742038702,"persistence","F0","WGOA","Rpath","pcod_rec"
2010,"POL",3136117.03112817,1835292.14585186,73443.384226643,"persistence","F0","WGOA","Rpath","pcod_rec"
2010,"COD",260387.074378808,76717.5680514182,76954.154598455,"persistence","F0","WGOA","Rpath","pcod_rec"
2010,"ATF",1558263.17274182,594362.564843561,24339.446470918,"persistence","F0","WGOA","Rpath","pcod_rec"
2011,"POL",3141056.08768375,1838289.75061505,77694.479623666,"persistence","F0","WGOA","Rpath","pcod_rec"
2011,"COD",234318.516143285,69543.3060352226,83710.475394165,"persistence","F0","WGOA","Rpath","pcod_rec"
2011,"ATF",1557071.61028742,592792.103233455,30911.821764055,"persistence","F0","WGOA","Rpath","pcod_rec"
2012,"POL",3133568.47204365,1833854.71164897,98934.691224094,"persistence","F0","WGOA","Rpath","pcod_rec"
2012,"COD",216652.39880077,64116.8215124414,76871.109994854,"persistence","F0","WGOA","Rpath","pcod_rec"
2012,"ATF",1567597.98995377,595605.767059271,20761.909908427,"persistence","F0","WGOA","Rpath","pcod_rec"
2013,"POL",3129803.3271359,1832301.64727678,90796.631609659,"persistence","F0","WGOA","Rpath","pcod_rec"
2013,"COD",207097.746004189,61173.0549874287,66829.781618954,"persistence","F0","WGOA","Rpath","pcod_rec"
2013,"ATF",1575636.64297929,596480.791969859,21809.3123161,"persistence","F0","WGOA","Rpath","pcod_rec"
2014,"POL",3087331.43236134,1803398.13573914,138948.061996125,"persistence","F0","WGOA","Rpath","pcod_rec"
2014,"COD",180191.44732662,54326.1747660013,83491.72820457,"persistence","F0","WGOA","Rpath","pcod_rec"
2014,"ATF",1567912.16262094,590069.752717628,36524.501530691,"persistence","F0","WGOA","Rpath","pcod_rec"
2015,"POL",3045526.28555765,1775739.07919012,162807.64603073,"persistence","F0","WGOA","Rpath","pcod_rec"
2015,"COD",157932.722055918,48934.4411406065,77689.992014231,"persistence","F0","WGOA","Rpath","pcod_rec"
2015,"ATF",1577268.81804826,588791.535950363,19296.587221708,"persistence","F0","WGOA","Rpath","pcod_rec"
2016,"POL",3007798.29217938,1753763.79832681,173086.352394527,"persistence","F0","WGOA","Rpath","pcod_rec"
2016,"COD",147656.615382295,47339.0097704077,62867.327429592,"persistence","F0","WGOA","Rpath","pcod_rec"
2016,"ATF",1586289.94323646,586210.878732567,19976.294186812,"persistence","F0","WGOA","Rpath","pcod_rec"
2017,"POL",2976739.35759481,1738811.22499638,184220.028529305,"persistence","F0","WGOA","Rpath","pcod_rec"
2017,"COD",147736.144697943,50239.6743054142,48204.214674581,"persistence","F0","WGOA","Rpath","pcod_rec"
2017,"ATF",1591593.27599985,581990.660087748,27053.508990172,"persistence","F0","WGOA","Rpath","pcod_rec"
2018,"POL",2968841.33230651,1740812.46211736,150815.192171791,"persistence","F0","WGOA","Rpath","pcod_rec"
2018,"COD",174522.229212124,61112.9039308985,14681.29819652,"persistence","F0","WGOA","Rpath","pcod_rec"
2018,"ATF",1607270.2111573,582229.748408732,18870.25094355,"persistence","F0","WGOA","Rpath","pcod_rec"
2019,"POL",2976191.20523764,1750709.51749398,110649.271555557,"persistence","F0","WGOA","Rpath","pcod_rec"
2019,"COD",197788.813002527,66355.8766877763,15200.420583165,"persistence","F0","WGOA","Rpath","pcod_rec"
2019,"ATF",1614692.32773615,580069.536802079,24567.051964421,"persistence","F0","WGOA","Rpath","pcod_rec"
2020,"POL",2989800.23372154,1764764.17925614,99971.064888454,"persistence","F0","WGOA","Rpath","pcod_rec"
2020,"COD",228117.246163443,75554.157695705,6085.249338733,"persistence","F0","WGOA","Rpath","pcod_rec"
2020,"ATF",1626337.87888343,581528.262199006,21115.899302007,"persistence","F0","WGOA","Rpath","pcod_rec"
2021,"POL",2995471.3546608,1772438.50533179,93869.858770329,"persistence","F0","WGOA","Rpath","pcod_rec"
2021,"COD",246074.372704438,80181.0093527916,18686.812307248,"persistence","F0","WGOA","Rpath","pcod_rec"
2021,"ATF",1646164.5108165,588168.300651634,9846.300133144,"persistence","F0","WGOA","Rpath","pcod_rec"
2022,"POL",2974120.54637082,1761962.33876902,123494.034078862,"persistence","F0","WGOA","Rpath","pcod_rec"
2022,"COD",260979.527182403,80696.1334094475,25387.705315903,"persistence","F0","WGOA","Rpath","pcod_rec"
2022,"ATF",1660853.23878419,595237.30180729,11531.831681252,"persistence","F0","WGOA","Rpath","pcod_rec"
2023,"POL",2954851.4251591,1752685.58953514,124964.845430032,"persistence","F0","WGOA","Rpath","pcod_rec"
2023,"COD",281428.087578789,80437.5383892256,21018.296907485,"persistence","F0","WGOA","Rpath","pcod_rec"
2023,"ATF",1673786.77105883,603767.515260688,9114.887408711,"persistence","F0","WGOA","Rpath","pcod_rec"
2024,"POL",3027028.35631,1805008.94036254,0,"persistence","F0","WGOA","Rpath","pcod_rec"
2024,"COD",318578.534465951,85647.4554465362,0,"persistence","F0","WGOA","Rpath","pcod_rec"
2024,"ATF",1692346.58774087,615925.943545487,0,"persistence","F0","WGOA","Rpath","pcod_rec"
2025,"POL",3068557.401258,1833252.36666854,0,"persistence","F0","WGOA","Rpath","pcod_rec"
2025,"COD",349935.24311271,89592.9910891047,0,"persistence","F0","WGOA","Rpath","pcod_rec"
2025,"ATF",1707692.8545646,627451.87178386,0,"persistence","F0","WGOA","Rpath","pcod_rec"
2026,"POL",3097588.97780897,1852722.44320427,0,"persistence","F0","WGOA","Rpath","pcod_rec"
2026,"COD",376995.838863023,94557.9193395354,0,"persistence","F0","WGOA","Rpath","pcod_rec"
2026,"ATF",1720938.16202722,638088.365606934,0,"persistence","F0","WGOA","Rpath","pcod_rec"
2027,"POL",3117209.92725462,1865125.83877122,0,"persistence","F0","WGOA","Rpath","pcod_rec"
2027,"COD",400357.926571329,100868.647158978,0,"persistence","F0","WGOA","Rpath","pcod_rec"
2027,"ATF",1731484.86836131,646680.372023669,0,"persistence","F0","WGOA","Rpath","pcod_rec"
2028,"POL",3130108.19121412,1873207.3101505,0,"persistence","F0","WGOA","Rpath","pcod_rec"
2028,"COD",420459.310992738,107598.081399179,0,"persistence","F0","WGOA","Rpath","pcod_rec"
2028,"ATF",1739505.20209643,652927.280124416,0,"persistence","F0","WGOA","Rpath","pcod_rec"
2029,"POL",3138679.44574954,1878931.31001819,0,"persistence","F0","WGOA","Rpath","pcod_rec"
2029,"COD",437738.283646009,113727.903078503,0,"persistence","F0","WGOA","Rpath","pcod_rec"
2029,"ATF",1745554.15246428,657061.494130494,0,"persistence","F0","WGOA","Rpath","pcod_rec"
2030,"POL",3144504.9976152,1883372.03209908,0,"persistence","F0","WGOA","Rpath","pcod_rec"
2030,"COD",452631.906638656,118853.193274221,0,"persistence","F0","WGOA","Rpath","pcod_rec"
2030,"ATF",1750274.74343932,659326.084141001,0,"persistence","F0","WGOA","Rpath","pcod_rec"
2031,"POL",3148589.31356843,1887019.23202229,0,"persistence","F0","WGOA","Rpath","pcod_rec"
2031,"COD",465594.360462529,122853.427027821,0,"persistence","F0","WGOA","Rpath","pcod_rec"
2031,"ATF",1754190.20946573,660076.721436302,0,"persistence","F0","WGOA","Rpath","pcod_rec"
2032,"POL",3151642.48149923,1890141.27678452,0,"persistence","F0","WGOA","Rpath","pcod_rec"
2032,"COD",477041.970436055,125616.572172772,0,"persistence","F0","WGOA","Rpath","pcod_rec"
2032,"ATF",1757644.35328327,659898.732354093,0,"persistence","F0","WGOA","Rpath","pcod_rec"
2033,"POL",3154214.16121652,1892947.85066427,0,"persistence","F0","WGOA","Rpath","pcod_rec"
2033,"COD",487292.506575681,127291.798878813,0,"persistence","F0","WGOA","Rpath","pcod_rec"
2033,"ATF",1760824.80955892,659389.609114523,0,"persistence","F0","WGOA","Rpath","pcod_rec"
2034,"POL",3156729.72053073,1895618.32044104,0,"persistence","F0","WGOA","Rpath","pcod_rec"
2034,"COD",496572.422883472,128217.60787492,0,"persistence","F0","WGOA","Rpath","pcod_rec"
2034,"ATF",1763810.93444743,659032.430013028,0,"persistence","F0","WGOA","Rpath","pcod_rec"
2035,"POL",3159509.77694579,1898301.73206941,0,"persistence","F0","WGOA","Rpath","pcod_rec"
2035,"COD",505038.655219184,128754.553290354,0,"persistence","F0","WGOA","Rpath","pcod_rec"
2035,"ATF",1766619.31798499,659126.008858201,0,"persistence","F0","WGOA","Rpath","pcod_rec"
2036,"POL",3162801.41315724,1901129.12528539,0,"persistence","F0","WGOA","Rpath","pcod_rec"
2036,"COD",512800.660554282,129169.47956821,0,"persistence","F0","WGOA","Rpath","pcod_rec"
2036,"ATF",1769240.95830905,659784.7378189,0,"persistence","F0","WGOA","Rpath","pcod_rec"
2037,"POL",3166806.02046159,1904226.68863828,0,"persistence","F0","WGOA","Rpath","pcod_rec"
2037,"COD",519940.83924319,129650.825480045,0,"persistence","F0","WGOA","Rpath","pcod_rec"
2037,"ATF",1771668.71443916,660977.8710303,0,"persistence","F0","WGOA","Rpath","pcod_rec"
2038,"POL",3171686.99182521,1907714.76218623,0,"persistence","F0","WGOA","Rpath","pcod_rec"
2038,"COD",526532.759542664,130219.391899216,0,"persistence","F0","WGOA","Rpath","pcod_rec"
2038,"ATF",1773913.75459236,662574.134566521,0,"persistence","F0","WGOA","Rpath","pcod_rec"
2039,"POL",3177559.43601122,1911693.91993151,0,"persistence","F0","WGOA","Rpath","pcod_rec"
2039,"COD",532650.410488438,130854.792068224,0,"persistence","F0","WGOA","Rpath","pcod_rec"
2039,"ATF",1776010.87687445,664397.869559277,0,"persistence","F0","WGOA","Rpath","pcod_rec"
2040,"POL",3184476.79277756,1916229.65946653,0,"persistence","F0","WGOA","Rpath","pcod_rec"
2040,"COD",538370.878118221,131477.699788382,0,"persistence","F0","WGOA","Rpath","pcod_rec"
2040,"ATF",1778014.72064304,666256.013875782,0,"persistence","F0","WGOA","Rpath","pcod_rec"
2041,"POL",3192425.32881603,1921343.25645885,0,"persistence","F0","WGOA","Rpath","pcod_rec"
2041,"COD",543767.26914618,131987.766071728,0,"persistence","F0","WGOA","Rpath","pcod_rec"
2041,"ATF",1779990.21914966,668005.395759065,0,"persistence","F0","WGOA","Rpath","pcod_rec"
2042,"POL",3201325.94839607,1927009.48031148,0,"persistence","F0","WGOA","Rpath","pcod_rec"
2042,"COD",548902.667317841,132318.18208193,0,"persistence","F0","WGOA","Rpath","pcod_rec"
2042,"ATF",1782001.15604175,669563.398948391,0,"persistence","F0","WGOA","Rpath","pcod_rec"
2043,"POL",3211041.41921926,1933158.71263084,0,"persistence","F0","WGOA","Rpath","pcod_rec"
2043,"COD",553822.407828616,132465.693826635,0,"persistence","F0","WGOA","Rpath","pcod_rec"
2043,"ATF",1784100.07909443,670910.1065893,0,"persistence","F0","WGOA","Rpath","pcod_rec"
2044,"POL",3221384.29702093,1939682.20193388,0,"persistence","F0","WGOA","Rpath","pcod_rec"
2044,"COD",558554.457095182,132427.667297836,0,"persistence","F0","WGOA","Rpath","pcod_rec"
2044,"ATF",1786321.45933638,672076.51170172,0,"persistence","F0","WGOA","Rpath","pcod_rec"
2045,"POL",3232129.83445466,1946441.28662591,0,"persistence","F0","WGOA","Rpath","pcod_rec"
2045,"COD",563105.03108761,132301.977257937,0,"persistence","F0","WGOA","Rpath","pcod_rec"
2045,"ATF",1788678.91616366,673124.96433473,0,"persistence","F0","WGOA","Rpath","pcod_rec"
2046,"POL",3243038.89815594,1953285.20659492,0,"persistence","F0","WGOA","Rpath","pcod_rec"
2046,"COD",567469.443806087,132132.227558909,0,"persistence","F0","WGOA","Rpath","pcod_rec"
2046,"ATF",1791165.98236696,674127.577500617,0,"persistence","F0","WGOA","Rpath","pcod_rec"
2047,"POL",3253899.02698841,1960080.96989681,0,"persistence","F0","WGOA","Rpath","pcod_rec"
2047,"COD",571632.642410459,131983.521423647,0,"persistence","F0","WGOA","Rpath","pcod_rec"
2047,"ATF",1793759.75190101,675147.333192512,0,"persistence","F0","WGOA","Rpath","pcod_rec"
2048,"POL",3264566.71748003,1966741.80233102,0,"persistence","F0","WGOA","Rpath","pcod_rec"
2048,"COD",575581.988371376,131931.75766415,0,"persistence","F0","WGOA","Rpath","pcod_rec"
2048,"ATF",1796427.53649411,676225.595367577,0,"persistence","F0","WGOA","Rpath","pcod_rec"
2049,"POL",3274984.5987135,1973237.83699131,0,"persistence","F0","WGOA","Rpath","pcod_rec"
2049,"COD",579314.403518599,131961.328752136,0,"persistence","F0","WGOA","Rpath","pcod_rec"
2049,"ATF",1799134.20283709,677377.756730328,0,"persistence","F0","WGOA","Rpath","pcod_rec"
2050,"POL",3285166.03765318,1979583.86729819,0,"persistence","F0","WGOA","Rpath","pcod_rec"
2050,"COD",582829.510134582,132062.350800019,0,"persistence","F0","WGOA","Rpath","pcod_rec"
2050,"ATF",1801848.61560346,678596.030505162,0,"persistence","F0","WGOA","Rpath","pcod_rec"
2051,"POL",3295159.36302152,1985814.67416532,0,"persistence","F0","WGOA","Rpath","pcod_rec"
2051,"COD",586137.833132283,132230.420279157,0,"persistence","F0","WGOA","Rpath","pcod_rec"
2051,"ATF",1804547.90533286,679856.956332233,0,"persistence","F0","WGOA","Rpath","pcod_rec"
2052,"POL",3305013.45653437,1991963.59172196,0,"persistence","F0","WGOA","Rpath","pcod_rec"
2052,"COD",589258.053718065,132407.364711826,0,"persistence","F0","WGOA","Rpath","pcod_rec"
2052,"ATF",1807218.36442313,681130.169731946,0,"persistence","F0","WGOA","Rpath","pcod_rec"
2053,"POL",3314753.38543877,1998047.52990852,0,"persistence","F0","WGOA","Rpath","pcod_rec"
2053,"COD",592209.804984882,132557.996957206,0,"persistence","F0","WGOA","Rpath","pcod_rec"
2053,"ATF",1809854.03346874,682386.431874436,0,"persistence","F0","WGOA","Rpath","pcod_rec"
2054,"POL",3324364.00060412,2004055.97582943,0,"persistence","F0","WGOA","Rpath","pcod_rec"
2054,"COD",595010.578743507,132661.099902592,0,"persistence","F0","WGOA","Rpath","pcod_rec"
2054,"ATF",1812454.25735516,683603.569301747,0,"persistence","F0","WGOA","Rpath","pcod_rec"
2055,"POL",3333785.19510864,2009949.0964008,0,"persistence","F0","WGOA","Rpath","pcod_rec"
2055,"COD",597672.11875891,132721.870160339,0,"persistence","F0","WGOA","Rpath","pcod_rec"
2055,"ATF",1815020.43865882,684769.064822243,0,"persistence","F0","WGOA","Rpath","pcod_rec"
2056,"POL",3342916.00849266,2015661.47832785,0,"persistence","F0","WGOA","Rpath","pcod_rec"
2056,"COD",600200.670635657,132745.630131489,0,"persistence","F0","WGOA","Rpath","pcod_rec"
2056,"ATF",1817553.13635294,685879.751630871,0,"persistence","F0","WGOA","Rpath","pcod_rec"
2057,"POL",3351630.66382985,2021113.041975,0,"persistence","F0","WGOA","Rpath","pcod_rec"
2057,"COD",602597.412961279,132738.782455531,0,"persistence","F0","WGOA","Rpath","pcod_rec"
2057,"ATF",1820049.80447707,686939.184738316,0,"persistence","F0","WGOA","Rpath","pcod_rec"
2058,"POL",3359812.74848384,2026231.55429753,0,"persistence","F0","WGOA","Rpath","pcod_rec"
2058,"COD",604858.653160593,132721.099850879,0,"persistence","F0","WGOA","Rpath","pcod_rec"
2058,"ATF",1822503.719781,687953.954001124,0,"persistence","F0","WGOA","Rpath","pcod_rec"
2059,"POL",3367394.63896052,2030977.96768549,0,"persistence","F0","WGOA","Rpath","pcod_rec"
2059,"COD",606980.883512672,132710.911627091,0,"persistence","F0","WGOA","Rpath","pcod_rec"
2059,"ATF",1824904.58225502,688930.442896602,0,"persistence","F0","WGOA","Rpath","pcod_rec"
2060,"POL",3374379.99272818,2035359.46496805,0,"persistence","F0","WGOA","Rpath","pcod_rec"
2060,"COD",608963.555814581,132720.672824476,0,"persistence","F0","WGOA","Rpath","pcod_rec"
2060,"ATF",1827240.43553824,689872.791411794,0,"persistence","F0","WGOA","Rpath","pcod_rec"
2061,"POL",3380836.25624207,2039422.51710303,0,"persistence","F0","WGOA","Rpath","pcod_rec"
2061,"COD",610810.451051153,132769.888825797,0,"persistence","F0","WGOA","Rpath","pcod_rec"
2061,"ATF",1829500.22805258,690782.497481597,0,"persistence","F0","WGOA","Rpath","pcod_rec"
2062,"POL",3386865.32619333,2043232.73249176,0,"persistence","F0","WGOA","Rpath","pcod_rec"
2062,"COD",612530.164208745,132838.461714619,0,"persistence","F0","WGOA","Rpath","pcod_rec"
2062,"ATF",1831675.92262621,691659.286332676,0,"persistence","F0","WGOA","Rpath","pcod_rec"
2063,"POL",3392571.0176122,2046853.92138959,0,"persistence","F0","WGOA","Rpath","pcod_rec"
2063,"COD",614132.646563546,132918.844849146,0,"persistence","F0","WGOA","Rpath","pcod_rec"
2063,"ATF",1833763.21607078,692502.196837802,0,"persistence","F0","WGOA","Rpath","pcod_rec"
2064,"POL",3398033.9869769,2050333.0447418,0,"persistence","F0","WGOA","Rpath","pcod_rec"
2064,"COD",615628.889042356,133000.390289611,0,"persistence","F0","WGOA","Rpath","pcod_rec"
2064,"ATF",1835761.23381301,693310.627641962,0,"persistence","F0","WGOA","Rpath","pcod_rec"
2065,"POL",3403296.64251318,2053691.96187292,0,"persistence","F0","WGOA","Rpath","pcod_rec"
2065,"COD",617029.591685184,133072.76471025,0,"persistence","F0","WGOA","Rpath","pcod_rec"
2065,"ATF",1837671.62438891,694085.119457699,0,"persistence","F0","WGOA","Rpath","pcod_rec"
2066,"POL",3408357.02809247,2056924.48638526,0,"persistence","F0","WGOA","Rpath","pcod_rec"
2066,"COD",618343.498907464,133128.607463072,0,"persistence","F0","WGOA","Rpath","pcod_rec"
2066,"ATF",1839497.15378742,694827.35814525,0,"persistence","F0","WGOA","Rpath","pcod_rec"
2067,"POL",3413171.40995002,2059998.71720921,0,"persistence","F0","WGOA","Rpath","pcod_rec"
2067,"COD",619576.437871859,133164.757012333,0,"persistence","F0","WGOA","Rpath","pcod_rec"
2067,"ATF",1841240.36253514,695539.686516737,0,"persistence","F0","WGOA","Rpath","pcod_rec"
2068,"POL",3417669.06269085,2062867.19771167,0,"persistence","F0","WGOA","Rpath","pcod_rec"
2068,"COD",620731.311783735,133182.612208538,0,"persistence","F0","WGOA","Rpath","pcod_rec"
2068,"ATF",1842902.46097922,696224.292080373,0,"persistence","F0","WGOA","Rpath","pcod_rec"
2069,"POL",3421779.70780304,2065485.0898305,0,"persistence","F0","WGOA","Rpath","pcod_rec"
2069,"COD",621809.022984453,133187.805766661,0,"persistence","F0","WGOA","Rpath","pcod_rec"
2069,"ATF",1844482.5732115,696882.177462525,0,"persistence","F0","WGOA","Rpath","pcod_rec"
2070,"POL",3425465.55354028,2067830.60728346,0,"persistence","F0","WGOA","Rpath","pcod_rec"
2070,"COD",622810.165197158,133194.90488399,0,"persistence","F0","WGOA","Rpath","pcod_rec"
2070,"ATF",1845978.00623045,697512.688658806,0,"persistence","F0","WGOA","Rpath","pcod_rec"
2071,"POL",3428741.20400052,2069916.58161546,0,"persistence","F0","WGOA","Rpath","pcod_rec"
2071,"COD",623736.870991808,133201.435754466,0,"persistence","F0","WGOA","Rpath","pcod_rec"
2071,"ATF",1847385.46276312,698113.824293324,0,"persistence","F0","WGOA","Rpath","pcod_rec"
2072,"POL",3431671.09309723,2071786.94978212,0,"persistence","F0","WGOA","Rpath","pcod_rec"
2072,"COD",624592.361891153,133212.321644592,0,"persistence","F0","WGOA","Rpath","pcod_rec"
2072,"ATF",1848702.50351508,698683.076580948,0,"persistence","F0","WGOA","Rpath","pcod_rec"
2073,"POL",3434348.48942953,2073501.93022333,0,"persistence","F0","WGOA","Rpath","pcod_rec"
2073,"COD",625381.570393649,133229.868543528,0,"persistence","F0","WGOA","Rpath","pcod_rec"
2073,"ATF",1849928.72336043,699218.56505403,0,"persistence","F0","WGOA","Rpath","pcod_rec"
2074,"POL",3436868.77451057,2075120.78769219,0,"persistence","F0","WGOA","Rpath","pcod_rec"
2074,"COD",626110.685032782,133254.056796036,0,"persistence","F0","WGOA","Rpath","pcod_rec"
2074,"ATF",1851066.14187518,699719.959418097,0,"persistence","F0","WGOA","Rpath","pcod_rec"
2075,"POL",3439307.6262812,2076688.63535618,0,"persistence","F0","WGOA","Rpath","pcod_rec"
2075,"COD",626786.186829228,133282.923526674,0,"persistence","F0","WGOA","Rpath","pcod_rec"
2075,"ATF",1852118.79319141,700188.854339664,0,"persistence","F0","WGOA","Rpath","pcod_rec"
2076,"POL",3441707.28647067,2078228.64555037,0,"persistence","F0","WGOA","Rpath","pcod_rec"
2076,"COD",627413.97381833,133313.277271843,0,"persistence","F0","WGOA","Rpath","pcod_rec"
2076,"ATF",1853091.88260198,700628.608046555,0,"persistence","F0","WGOA","Rpath","pcod_rec"
2077,"POL",3444070.7883872,2079739.13695832,0,"persistence","F0","WGOA","Rpath","pcod_rec"
2077,"COD",627998.728061156,133341.765545951,0,"persistence","F0","WGOA","Rpath","pcod_rec"
2077,"ATF",1853990.82852933,701043.734903977,0,"persistence","F0","WGOA","Rpath","pcod_rec"
2078,"POL",3446364.66586384,2081195.9029654,0,"persistence","F0","WGOA","Rpath","pcod_rec"
2078,"COD",628543.61289057,133365.849344119,0,"persistence","F0","WGOA","Rpath","pcod_rec"
2078,"ATF",1854820.32369709,701438.964040203,0,"persistence","F0","WGOA","Rpath","pcod_rec"
2079,"POL",3448531.12895751,2082560.54109477,0,"persistence","F0","WGOA","Rpath","pcod_rec"
2079,"COD",629050.349157763,133383.723312253,0,"persistence","F0","WGOA","Rpath","pcod_rec"
2079,"ATF",1855583.57463003,701818.180924606,0,"persistence","F0","WGOA","Rpath","pcod_rec"
2080,"POL",3450510.20636846,2083795.07461311,0,"persistence","F0","WGOA","Rpath","pcod_rec"
2080,"COD",629519.686014807,133394.66469605,0,"persistence","F0","WGOA","Rpath","pcod_rec"
2080,"ATF",1856281.87685619,702183.510626641,0,"persistence","F0","WGOA","Rpath","pcod_rec"
2081,"POL",3452264.97180631,2084877.99353621,0,"persistence","F0","WGOA","Rpath","pcod_rec"
2081,"COD",629952.199796893,133399.204482644,0,"persistence","F0","WGOA","Rpath","pcod_rec"
2081,"ATF",1856914.85954257,702534.940391771,0,"persistence","F0","WGOA","Rpath","pcod_rec"
2082,"POL",3453798.63157093,2085814.31845732,0,"persistence","F0","WGOA","Rpath","pcod_rec"
2082,"COD",630349.082213474,133399.023242068,0,"persistence","F0","WGOA","Rpath","pcod_rec"
2082,"ATF",1857481.41354903,702870.671146891,0,"persistence","F0","WGOA","Rpath","pcod_rec"
2083,"POL",3455154.61384572,2086634.34761632,0,"persistence","F0","WGOA","Rpath","pcod_rec"
2083,"COD",630712.52867368,133396.57917055,0,"persistence","F0","WGOA","Rpath","pcod_rec"
2083,"ATF",1857980.92437762,703188.068345977,0,"persistence","F0","WGOA","Rpath","pcod_rec"
2084,"POL",3456401.87081976,2087383.22686185,0,"persistence","F0","WGOA","Rpath","pcod_rec"
2084,"COD",631045.630008654,133394.547066337,0,"persistence","F0","WGOA","Rpath","pcod_rec"
2084,"ATF",1858414.2415808,703484.805289988,0,"persistence","F0","WGOA","Rpath","pcod_rec"
2085,"POL",3457613.85940682,2088107.26980836,0,"persistence","F0","WGOA","Rpath","pcod_rec"
2085,"COD",631351.920634995,133395.222635024,0,"persistence","F0","WGOA","Rpath","pcod_rec"
2085,"ATF",1858784.03930461,703759.796145661,0,"persistence","F0","WGOA","Rpath","pcod_rec"
2086,"POL",3458849.88481792,2088842.4748401,0,"persistence","F0","WGOA","Rpath","pcod_rec"
2086,"COD",631634.858238355,133400.052971849,0,"persistence","F0","WGOA","Rpath","pcod_rec"
2086,"ATF",1859094.55028467,704013.66162734,0,"persistence","F0","WGOA","Rpath","pcod_rec"
2087,"POL",3460142.44535123,2089607.17714101,0,"persistence","F0","WGOA","Rpath","pcod_rec"
2087,"COD",631897.391284196,133409.350954055,0,"persistence","F0","WGOA","Rpath","pcod_rec"
2087,"ATF",1859350.89963175,704248.679209941,0,"persistence","F0","WGOA","Rpath","pcod_rec"
2088,"POL",3461491.72077733,2090399.16907243,0,"persistence","F0","WGOA","Rpath","pcod_rec"
2088,"COD",632141.679432529,133422.259261154,0,"persistence","F0","WGOA","Rpath","pcod_rec"
2088,"ATF",1859558.29245513,704468.286840774,0,"persistence","F0","WGOA","Rpath","pcod_rec"
2089,"POL",3462867.27139352,2091197.28710228,0,"persistence","F0","WGOA","Rpath","pcod_rec"
2089,"COD",632368.974361335,133436.968580475,0,"persistence","F0","WGOA","Rpath","pcod_rec"
2089,"ATF",1859721.24622986,704676.291548257,0,"persistence","F0","WGOA","Rpath","pcod_rec"
2090,"POL",3464217.93536285,2091968.18009543,0,"persistence","F0","WGOA","Rpath","pcod_rec"
2090,"COD",632579.718719512,133451.161267996,0,"persistence","F0","WGOA","Rpath","pcod_rec"
2090,"ATF",1859842.9512751,704875.944915152,0,"persistence","F0","WGOA","Rpath","pcod_rec"
2091,"POL",3465489.37852393,2092677.8339132,0,"persistence","F0","WGOA","Rpath","pcod_rec"
2091,"COD",632773.896129224,133462.600865961,0,"persistence","F0","WGOA","Rpath","pcod_rec"
2091,"ATF",1859924.92678181,705069.139174775,0,"persistence","F0","WGOA","Rpath","pcod_rec"
2092,"POL",3466643.96574103,2093304.18575197,0,"persistence","F0","WGOA","Rpath","pcod_rec"
2092,"COD",632951.543733464,133469.727246464,0,"persistence","F0","WGOA","Rpath","pcod_rec"
2092,"ATF",1859967.21732198,705256.043465005,0,"persistence","F0","WGOA","Rpath","pcod_rec"
2093,"POL",3467675.24420652,2093845.77807513,0,"persistence","F0","WGOA","Rpath","pcod_rec"
2093,"COD",633113.235099309,133472.093481179,0,"persistence","F0","WGOA","Rpath","pcod_rec"
2093,"ATF",1859969.08480397,705435.2997448,0,"persistence","F0","WGOA","Rpath","pcod_rec"
2094,"POL",3468609.76411919,2094321.92781923,0,"persistence","F0","WGOA","Rpath","pcod_rec"
2094,"COD",633260.282964972,133470.495492988,0,"persistence","F0","WGOA","Rpath","pcod_rec"
2094,"ATF",1859929.99183704,705604.734271677,0,"persistence","F0","WGOA","Rpath","pcod_rec"
2095,"POL",3469496.85326484,2094765.39314434,0,"persistence","F0","WGOA","Rpath","pcod_rec"
2095,"COD",633394.592187257,133466.744099744,0,"persistence","F0","WGOA","Rpath","pcod_rec"
2095,"ATF",1859850.43416021,705762.277041829,0,"persistence","F0","WGOA","Rpath","pcod_rec"
2096,"POL",3470392.3956564,2095211.75634783,0,"persistence","F0","WGOA","Rpath","pcod_rec"
2096,"COD",633518.295283061,133463.161187247,0,"persistence","F0","WGOA","Rpath","pcod_rec"
2096,"ATF",1859732.30093534,705906.742371754,0,"persistence","F0","WGOA","Rpath","pcod_rec"
2097,"POL",3471342.94323112,2095689.54285648,0,"persistence","F0","WGOA","Rpath","pcod_rec"
2097,"COD",633633.349722814,133461.951403051,0,"persistence","F0","WGOA","Rpath","pcod_rec"
2097,"ATF",1859578.75649414,706038.27475373,0,"persistence","F0","WGOA","Rpath","pcod_rec"
2098,"POL",3472374.26621729,2096213.48872419,0,"persistence","F0","WGOA","Rpath","pcod_rec"
2098,"COD",633741.233460155,133464.623515558,0,"persistence","F0","WGOA","Rpath","pcod_rec"
2098,"ATF",1859393.75251808,706158.368844338,0,"persistence","F0","WGOA","Rpath","pcod_rec"
2099,"POL",3473485.95515278,2096781.64511431,0,"persistence","F0","WGOA","Rpath","pcod_rec"
2099,"COD",633842.787798141,133471.607789684,0,"persistence","F0","WGOA","Rpath","pcod_rec"
2099,"ATF",1859181.36462861,706269.49945985,0,"persistence","F0","WGOA","Rpath","pcod_rec"
1991,"POL",2884927.16511783,1690895.40603404,87828.010002781,"ssp126","F0","WGOA","Rpath","pcod_rec"
1991,"COD",399280.293878193,93224.2373585632,64466.829990571,"ssp126","F0","WGOA","Rpath","pcod_rec"
1991,"ATF",1554327.80462664,597326.97740596,16958.380011156,"ssp126","F0","WGOA","Rpath","pcod_rec"
1992,"POL",2892495.91324268,1696087.27813365,90585.189961806,"ssp126","F0","WGOA","Rpath","pcod_rec"
1992,"COD",371842.900083054,88999.2287874369,78966.500089317,"ssp126","F0","WGOA","Rpath","pcod_rec"
1992,"ATF",1551901.37581743,598021.211707819,20482.180062468,"ssp126","F0","WGOA","Rpath","pcod_rec"
1993,"POL",2886917.46017875,1690078.21042351,108230.180085742,"ssp126","F0","WGOA","Rpath","pcod_rec"
1993,"COD",375328.175429555,91984.46817467,45849.170066118,"ssp126","F0","WGOA","Rpath","pcod_rec"
1993,"ATF",1551566.34683954,599298.159270716,18294.449920618,"ssp126","F0","WGOA","Rpath","pcod_rec"
1994,"POL",2891612.89701311,1691340.87032149,100412.359942985,"ssp126","F0","WGOA","Rpath","pcod_rec"
1994,"COD",374238.505424238,92168.0244909248,45610.579965874,"ssp126","F0","WGOA","Rpath","pcod_rec"
1994,"ATF",1547453.431915,598480.508802417,21993.239976229,"ssp126","F0","WGOA","Rpath","pcod_rec"
1995,"POL",2920445.2429594,1709974.75171492,69168.129925675,"ssp126","F0","WGOA","Rpath","pcod_rec"
1995,"COD",354241.118245692,88060.9264831689,67907.179992219,"ssp126","F0","WGOA","Rpath","pcod_rec"
1995,"ATF",1548788.07321952,599203.455585779,17415.490044603,"ssp126","F0","WGOA","Rpath","pcod_rec"
1996,"POL",2949537.49989699,1727520.76771419,49825.8700384,"ssp126","F0","WGOA","Rpath","pcod_rec"
1996,"COD",348901.269856949,89289.8998161644,55391.660096973,"ssp126","F0","WGOA","Rpath","pcod_rec"
1996,"ATF",1545296.54167072,597141.15385086,21555.609900557,"ssp126","F0","WGOA","Rpath","pcod_rec"
1997,"POL",2946193.76182491,1722365.56372477,84179.649971753,"ssp126","F0","WGOA","Rpath","pcod_rec"
1997,"COD",339607.871812025,88455.8466619866,58920.579990637,"ssp126","F0","WGOA","Rpath","pcod_rec"
1997,"ATF",1547340.93937387,596389.731746862,14758.279890696,"ssp126","F0","WGOA","Rpath","pcod_rec"
1998,"POL",3007840.54757787,1762267.82292695,5428.379997642,"ssp126","F0","WGOA","Rpath","pcod_rec"
1998,"COD",338402.008126062,87897.0996300377,50218.950113863,"ssp126","F0","WGOA","Rpath","pcod_rec"
1998,"ATF",1552042.17068945,596282.511778416,12377.190009373,"ssp126","F0","WGOA","Rpath","pcod_rec"
1999,"POL",2993956.26360435,1751820.3586859,90556.900062537,"ssp126","F0","WGOA","Rpath","pcod_rec"
1999,"COD",323385.504513683,83134.3281978233,66264.67009813,"ssp126","F0","WGOA","Rpath","pcod_rec"
1999,"ATF",1556822.57219736,596729.653748177,14649.229924965,"ssp126","F0","WGOA","Rpath","pcod_rec"
2000,"POL",3049484.66889728,1789601.2235707,5552.830105466,"ssp126","F0","WGOA","Rpath","pcod_rec"
2000,"COD",321234.70478313,82993.6306736087,53384.869944958,"ssp126","F0","WGOA","Rpath","pcod_rec"
2000,"ATF",1555589.60333769,595731.530286997,22993.75009338,"ssp126","F0","WGOA","Rpath","pcod_rec"
2001,"POL",3082953.38628358,1808450.38491623,3452.299978517,"ssp126","F0","WGOA","Rpath","pcod_rec"
2001,"COD",327836.052151014,85350.6677932879,40517.409954733,"ssp126","F0","WGOA","Rpath","pcod_rec"
2001,"ATF",1559150.39699574,597017.281545479,17416.199986059,"ssp126","F0","WGOA","Rpath","pcod_rec"
2002,"POL",3117695.91098478,1828996.8919311,1698.029945361,"ssp126","F0","WGOA","Rpath","pcod_rec"
2002,"COD",329657.199807253,86672.396799144,41567.989960821,"ssp126","F0","WGOA","Rpath","pcod_rec"
2002,"ATF",1561074.36729579,598208.760306624,20173.560012907,"ssp126","F0","WGOA","Rpath","pcod_rec"
2003,"POL",3105660.59060301,1817041.08768011,48590.077011908,"ssp126","F0","WGOA","Rpath","pcod_rec"
2003,"COD",321002.232869284,86072.6548698382,52365.755088864,"ssp126","F0","WGOA","Rpath","pcod_rec"
2003,"ATF",1552272.45436907,595288.634146958,30169.771891001,"ssp126","F0","WGOA","Rpath","pcod_rec"
2004,"POL",3100496.17999595,1811816.72016729,62434.439922489,"ssp126","F0","WGOA","Rpath","pcod_rec"
2004,"COD",310907.346053104,86861.6844619175,56450.241969657,"ssp126","F0","WGOA","Rpath","pcod_rec"
2004,"ATF",1557805.52630999,597533.747722124,15634.908041003,"ssp126","F0","WGOA","Rpath","pcod_rec"
2005,"POL",3085140.75609541,1801622.59658072,78302.791927256,"ssp126","F0","WGOA","Rpath","pcod_rec"
2005,"COD",308747.712383036,89355.0329510825,47523.779925577,"ssp126","F0","WGOA","Rpath","pcod_rec"
2005,"ATF",1557456.93296847,596651.527725103,19923.573051558,"ssp126","F0","WGOA","Rpath","pcod_rec"
2006,"POL",3088115.70042571,1805154.79373703,68928.307992488,"ssp126","F0","WGOA","Rpath","pcod_rec"
2006,"COD",305285.425387622,89662.8420266119,47767.079961499,"ssp126","F0","WGOA","Rpath","pcod_rec"
2006,"ATF",1552052.55675712,593803.972010943,27622.698918064,"ssp126","F0","WGOA","Rpath","pcod_rec"
2007,"POL",3108388.6659623,1820162.18935033,51572.307003871,"ssp126","F0","WGOA","Rpath","pcod_rec"
2007,"COD",298656.827987615,86970.5841575916,51812.178003779,"ssp126","F0","WGOA","Rpath","pcod_rec"
2007,"ATF",1552833.11070127,593773.096946291,25346.986980543,"ssp126","F0","WGOA","Rpath","pcod_rec"
2008,"POL",3122657.32782491,1829614.82622622,50786.206014733,"ssp126","F0","WGOA","Rpath","pcod_rec"
2008,"COD",288014.19715692,83738.4257426123,58386.384025578,"ssp126","F0","WGOA","Rpath","pcod_rec"
2008,"ATF",1551453.5168298,592951.977723493,29205.939969489,"ssp126","F0","WGOA","Rpath","pcod_rec"
2009,"POL",3143273.39859891,1841984.8200306,41549.503075916,"ssp126","F0","WGOA","Rpath","pcod_rec"
2009,"COD",284535.848347064,83301.5655360441,51788.980009351,"ssp126","F0","WGOA","Rpath","pcod_rec"
2009,"ATF",1555113.02563569,594046.266118116,24831.742038702,"ssp126","F0","WGOA","Rpath","pcod_rec"
2010,"POL",3136117.03112817,1835292.14585186,73443.384226643,"ssp126","F0","WGOA","Rpath","pcod_rec"
2010,"COD",260387.074378808,76717.5680514182,76954.154598455,"ssp126","F0","WGOA","Rpath","pcod_rec"
2010,"ATF",1558263.17274182,594362.564843561,24339.446470918,"ssp126","F0","WGOA","Rpath","pcod_rec"
2011,"POL",3141056.08768375,1838289.75061505,77694.479623666,"ssp126","F0","WGOA","Rpath","pcod_rec"
2011,"COD",234318.516143285,69543.3060352226,83710.475394165,"ssp126","F0","WGOA","Rpath","pcod_rec"
2011,"ATF",1557071.61028742,592792.103233455,30911.821764055,"ssp126","F0","WGOA","Rpath","pcod_rec"
2012,"POL",3133568.47204365,1833854.71164897,98934.691224094,"ssp126","F0","WGOA","Rpath","pcod_rec"
2012,"COD",216652.39880077,64116.8215124414,76871.109994854,"ssp126","F0","WGOA","Rpath","pcod_rec"
2012,"ATF",1567597.98995377,595605.767059271,20761.909908427,"ssp126","F0","WGOA","Rpath","pcod_rec"
2013,"POL",3129803.3271359,1832301.64727678,90796.631609659,"ssp126","F0","WGOA","Rpath","pcod_rec"
2013,"COD",207097.746004189,61173.0549874287,66829.781618954,"ssp126","F0","WGOA","Rpath","pcod_rec"
2013,"ATF",1575636.64297929,596480.791969859,21809.3123161,"ssp126","F0","WGOA","Rpath","pcod_rec"
2014,"POL",3087331.43236134,1803398.13573914,138948.061996125,"ssp126","F0","WGOA","Rpath","pcod_rec"
2014,"COD",180191.44732662,54326.1747660013,83491.72820457,"ssp126","F0","WGOA","Rpath","pcod_rec"
2014,"ATF",1567912.16262094,590069.752717628,36524.501530691,"ssp126","F0","WGOA","Rpath","pcod_rec"
2015,"POL",3045526.28555765,1775739.07919012,162807.64603073,"ssp126","F0","WGOA","Rpath","pcod_rec"
2015,"COD",157932.722055918,48934.4411406065,77689.992014231,"ssp126","F0","WGOA","Rpath","pcod_rec"
2015,"ATF",1577268.81804826,588791.535950363,19296.587221708,"ssp126","F0","WGOA","Rpath","pcod_rec"
2016,"POL",3007798.29217938,1753763.79832681,173086.352394527,"ssp126","F0","WGOA","Rpath","pcod_rec"
2016,"COD",147656.615382295,47339.0097704077,62867.327429592,"ssp126","F0","WGOA","Rpath","pcod_rec"
2016,"ATF",1586289.94323646,586210.878732567,19976.294186812,"ssp126","F0","WGOA","Rpath","pcod_rec"
2017,"POL",2976739.35759481,1738811.22499638,184220.028529305,"ssp126","F0","WGOA","Rpath","pcod_rec"
2017,"COD",147736.144697943,50239.6743054142,48204.214674581,"ssp126","F0","WGOA","Rpath","pcod_rec"
2017,"ATF",1591593.27599985,581990.660087748,27053.508990172,"ssp126","F0","WGOA","Rpath","pcod_rec"
2018,"POL",2968841.33230651,1740812.46211736,150815.192171791,"ssp126","F0","WGOA","Rpath","pcod_rec"
2018,"COD",174522.229212124,61112.9039308985,14681.29819652,"ssp126","F0","WGOA","Rpath","pcod_rec"
2018,"ATF",1607270.2111573,582229.748408732,18870.25094355,"ssp126","F0","WGOA","Rpath","pcod_rec"
2019,"POL",2976191.20523764,1750709.51749398,110649.271555557,"ssp126","F0","WGOA","Rpath","pcod_rec"
2019,"COD",197788.813002527,66355.8766877763,15200.420583165,"ssp126","F0","WGOA","Rpath","pcod_rec"
2019,"ATF",1614692.32773615,580069.536802079,24567.051964421,"ssp126","F0","WGOA","Rpath","pcod_rec"
2020,"POL",2989833.34622581,1764765.16813834,99971.064888454,"ssp126","F0","WGOA","Rpath","pcod_rec"
2020,"COD",227902.927042669,75553.6190205848,6085.249338733,"ssp126","F0","WGOA","Rpath","pcod_rec"
2020,"ATF",1626341.19012492,581530.168090412,21115.899302007,"ssp126","F0","WGOA","Rpath","pcod_rec"
2021,"POL",2994528.71808517,1771971.22894608,93869.858770329,"ssp126","F0","WGOA","Rpath","pcod_rec"
2021,"COD",244949.296639986,80179.726042188,18686.812307248,"ssp126","F0","WGOA","Rpath","pcod_rec"
2021,"ATF",1646071.36751615,588191.860547814,9846.300133144,"ssp126","F0","WGOA","Rpath","pcod_rec"
2022,"POL",2978830.78057071,1764855.4894105,123494.034078862,"ssp126","F0","WGOA","Rpath","pcod_rec"
2022,"COD",257469.325581614,80865.952975874,25387.705315903,"ssp126","F0","WGOA","Rpath","pcod_rec"
2022,"ATF",1660764.92788055,595204.163353497,11531.831681252,"ssp126","F0","WGOA","Rpath","pcod_rec"
2023,"POL",2967882.2573968,1761855.15701227,124964.845430032,"ssp126","F0","WGOA","Rpath","pcod_rec"
2023,"COD",275130.34386247,81457.4621025801,21018.296907485,"ssp126","F0","WGOA","Rpath","pcod_rec"
2023,"ATF",1676534.63017903,605322.508168884,9114.887408711,"ssp126","F0","WGOA","Rpath","pcod_rec"
2024,"POL",3039554.02415721,1814254.48275987,0,"ssp126","F0","WGOA","Rpath","pcod_rec"
2024,"COD",309913.429557093,89296.6485446081,0,"ssp126","F0","WGOA","Rpath","pcod_rec"
2024,"ATF",1697723.38383954,619112.421845779,0,"ssp126","F0","WGOA","Rpath","pcod_rec"
2025,"POL",3076546.65281735,1838442.17426706,0,"ssp126","F0","WGOA","Rpath","pcod_rec"
2025,"COD",337573.113668316,96352.34187726,0,"ssp126","F0","WGOA","Rpath","pcod_rec"
2025,"ATF",1713058.9994125,630642.183767669,0,"ssp126","F0","WGOA","Rpath","pcod_rec"
2026,"POL",3097267.76481362,1850704.62065975,0,"ssp126","F0","WGOA","Rpath","pcod_rec"
2026,"COD",361129.039268603,102635.138480007,0,"ssp126","F0","WGOA","Rpath","pcod_rec"
2026,"ATF",1723622.96819645,639422.040271889,0,"ssp126","F0","WGOA","Rpath","pcod_rec"
2027,"POL",3117664.32006875,1863514.53530987,0,"ssp126","F0","WGOA","Rpath","pcod_rec"
2027,"COD",383582.856193606,108197.397487975,0,"ssp126","F0","WGOA","Rpath","pcod_rec"
2027,"ATF",1732184.98947021,646019.088425486,0,"ssp126","F0","WGOA","Rpath","pcod_rec"
2028,"POL",3135702.80211958,1876717.84004523,0,"ssp126","F0","WGOA","Rpath","pcod_rec"
2028,"COD",402864.367916287,112992.593192895,0,"ssp126","F0","WGOA","Rpath","pcod_rec"
2028,"ATF",1740930.67330129,651609.596922545,0,"ssp126","F0","WGOA","Rpath","pcod_rec"
2029,"POL",3137907.61037815,1878179.47385068,0,"ssp126","F0","WGOA","Rpath","pcod_rec"
2029,"COD",418458.008299938,116774.421689035,0,"ssp126","F0","WGOA","Rpath","pcod_rec"
2029,"ATF",1746321.03152401,654467.54121113,0,"ssp126","F0","WGOA","Rpath","pcod_rec"
2030,"POL",3139433.83814656,1878242.33714139,0,"ssp126","F0","WGOA","Rpath","pcod_rec"
2030,"COD",431576.992400232,120016.060435836,0,"ssp126","F0","WGOA","Rpath","pcod_rec"
2030,"ATF",1748611.60191885,654526.760302377,0,"ssp126","F0","WGOA","Rpath","pcod_rec"
2031,"POL",3142594.37402227,1880623.13978391,0,"ssp126","F0","WGOA","Rpath","pcod_rec"
2031,"COD",444195.75505017,122241.177889671,0,"ssp126","F0","WGOA","Rpath","pcod_rec"
2031,"ATF",1750689.7319264,653702.547865012,0,"ssp126","F0","WGOA","Rpath","pcod_rec"
2032,"POL",3152864.45615466,1889686.95065498,0,"ssp126","F0","WGOA","Rpath","pcod_rec"
2032,"COD",456326.270710332,125869.563575047,0,"ssp126","F0","WGOA","Rpath","pcod_rec"
2032,"ATF",1755119.13728989,653963.339508716,0,"ssp126","F0","WGOA","Rpath","pcod_rec"
2033,"POL",3152621.1951514,1891246.28217737,0,"ssp126","F0","WGOA","Rpath","pcod_rec"
2033,"COD",466476.389139527,130410.40513352,0,"ssp126","F0","WGOA","Rpath","pcod_rec"
2033,"ATF",1758972.57515393,654424.13251956,0,"ssp126","F0","WGOA","Rpath","pcod_rec"
2034,"POL",3155795.13680397,1894431.24878566,0,"ssp126","F0","WGOA","Rpath","pcod_rec"
2034,"COD",476171.049855002,132879.327151908,0,"ssp126","F0","WGOA","Rpath","pcod_rec"
2034,"ATF",1762053.21813863,654919.377227074,0,"ssp126","F0","WGOA","Rpath","pcod_rec"
2035,"POL",3158563.03572414,1897135.35726735,0,"ssp126","F0","WGOA","Rpath","pcod_rec"
2035,"COD",485599.936039717,132896.917921611,0,"ssp126","F0","WGOA","Rpath","pcod_rec"
2035,"ATF",1765137.20679173,656029.563918848,0,"ssp126","F0","WGOA","Rpath","pcod_rec"
2036,"POL",3163314.83576853,1901326.85184094,0,"ssp126","F0","WGOA","Rpath","pcod_rec"
2036,"COD",494570.118197007,130605.868120586,0,"ssp126","F0","WGOA","Rpath","pcod_rec"
2036,"ATF",1768632.66184917,658020.085019192,0,"ssp126","F0","WGOA","Rpath","pcod_rec"
2037,"POL",3165125.28333479,1902749.82662499,0,"ssp126","F0","WGOA","Rpath","pcod_rec"
2037,"COD",502334.01043431,128343.363320716,0,"ssp126","F0","WGOA","Rpath","pcod_rec"
2037,"ATF",1771134.54801385,659952.825965683,0,"ssp126","F0","WGOA","Rpath","pcod_rec"
2038,"POL",3168621.53905469,1904676.14172743,0,"ssp126","F0","WGOA","Rpath","pcod_rec"
2038,"COD",509659.522081559,127403.540943594,0,"ssp126","F0","WGOA","Rpath","pcod_rec"
2038,"ATF",1772927.46007739,661694.803891556,0,"ssp126","F0","WGOA","Rpath","pcod_rec"
2039,"POL",3172208.08947561,1906555.37447722,0,"ssp126","F0","WGOA","Rpath","pcod_rec"
2039,"COD",516692.300593211,127987.485396665,0,"ssp126","F0","WGOA","Rpath","pcod_rec"
2039,"ATF",1773580.59129531,662786.479541881,0,"ssp126","F0","WGOA","Rpath","pcod_rec"
2040,"POL",3182724.18012974,1913385.4475715,0,"ssp126","F0","WGOA","Rpath","pcod_rec"
2040,"COD",522258.715522039,129919.122834811,0,"ssp126","F0","WGOA","Rpath","pcod_rec"
2040,"ATF",1774792.57043457,663890.376445424,0,"ssp126","F0","WGOA","Rpath","pcod_rec"
2041,"POL",3188969.15995276,1917424.24060262,0,"ssp126","F0","WGOA","Rpath","pcod_rec"
2041,"COD",525008.064947407,132276.828916976,0,"ssp126","F0","WGOA","Rpath","pcod_rec"
2041,"ATF",1776758.01288052,665361.543277506,0,"ssp126","F0","WGOA","Rpath","pcod_rec"
2042,"POL",3191951.02202964,1916930.11901149,0,"ssp126","F0","WGOA","Rpath","pcod_rec"
2042,"COD",526467.909592212,134908.245251561,0,"ssp126","F0","WGOA","Rpath","pcod_rec"
2042,"ATF",1775743.79158685,664824.784913764,0,"ssp126","F0","WGOA","Rpath","pcod_rec"
2043,"POL",3203882.29134764,1923908.27122509,0,"ssp126","F0","WGOA","Rpath","pcod_rec"
2043,"COD",530174.794184723,138343.456589369,0,"ssp126","F0","WGOA","Rpath","pcod_rec"
2043,"ATF",1775893.0352244,664526.550061943,0,"ssp126","F0","WGOA","Rpath","pcod_rec"
2044,"POL",3226561.12051976,1941018.01847587,0,"ssp126","F0","WGOA","Rpath","pcod_rec"
2044,"COD",534463.842349798,142472.376724566,0,"ssp126","F0","WGOA","Rpath","pcod_rec"
2044,"ATF",1780699.0350692,666690.914611321,0,"ssp126","F0","WGOA","Rpath","pcod_rec"
2045,"POL",3232386.38307071,1945156.0062312,0,"ssp126","F0","WGOA","Rpath","pcod_rec"
2045,"COD",536333.017983761,145049.860890295,0,"ssp126","F0","WGOA","Rpath","pcod_rec"
2045,"ATF",1784287.67024024,668493.489956612,0,"ssp126","F0","WGOA","Rpath","pcod_rec"
2046,"POL",3237649.27179938,1946691.40755299,0,"ssp126","F0","WGOA","Rpath","pcod_rec"
2046,"COD",538421.702674612,144976.136027221,0,"ssp126","F0","WGOA","Rpath","pcod_rec"
2046,"ATF",1785012.05718091,668588.984758471,0,"ssp126","F0","WGOA","Rpath","pcod_rec"
2047,"POL",3248902.85892546,1953116.30702615,0,"ssp126","F0","WGOA","Rpath","pcod_rec"
2047,"COD",542427.600584326,142764.079600199,0,"ssp126","F0","WGOA","Rpath","pcod_rec"
2047,"ATF",1786041.1041702,668701.402939302,0,"ssp126","F0","WGOA","Rpath","pcod_rec"
2048,"POL",3264755.14835049,1964312.17123005,0,"ssp126","F0","WGOA","Rpath","pcod_rec"
2048,"COD",547581.736867687,138695.23804885,0,"ssp126","F0","WGOA","Rpath","pcod_rec"
2048,"ATF",1789522.96748805,670168.393925523,0,"ssp126","F0","WGOA","Rpath","pcod_rec"
2049,"POL",3272964.56556624,1969783.97194336,0,"ssp126","F0","WGOA","Rpath","pcod_rec"
2049,"COD",552073.445423033,134745.301802812,0,"ssp126","F0","WGOA","Rpath","pcod_rec"
2049,"ATF",1792660.32169089,671733.758185637,0,"ssp126","F0","WGOA","Rpath","pcod_rec"
2050,"POL",3281957.86457577,1974711.65040264,0,"ssp126","F0","WGOA","Rpath","pcod_rec"
2050,"COD",556428.960435271,132707.727043253,0,"ssp126","F0","WGOA","Rpath","pcod_rec"
2050,"ATF",1794947.30032121,672810.587333008,0,"ssp126","F0","WGOA","Rpath","pcod_rec"
2051,"POL",3297449.04952066,1985527.79506276,0,"ssp126","F0","WGOA","Rpath","pcod_rec"
2051,"COD",560234.738916128,132012.515340197,0,"ssp126","F0","WGOA","Rpath","pcod_rec"
2051,"ATF",1799783.90394157,675402.936813544,0,"ssp126","F0","WGOA","Rpath","pcod_rec"
2052,"POL",3301467.89696595,1986905.33950542,0,"ssp126","F0","WGOA","Rpath","pcod_rec"
2052,"COD",562383.623900194,131249.81281062,0,"ssp126","F0","WGOA","Rpath","pcod_rec"
2052,"ATF",1802573.3156695,677057.821503705,0,"ssp126","F0","WGOA","Rpath","pcod_rec"
2053,"POL",3315201.93297545,1995681.3046341,0,"ssp126","F0","WGOA","Rpath","pcod_rec"
2053,"COD",566511.432140494,132639.165611127,0,"ssp126","F0","WGOA","Rpath","pcod_rec"
2053,"ATF",1805967.6799799,678966.985579487,0,"ssp126","F0","WGOA","Rpath","pcod_rec"
2054,"POL",3325086.62735598,2002256.90605054,0,"ssp126","F0","WGOA","Rpath","pcod_rec"
2054,"COD",568714.43733036,135965.763489401,0,"ssp126","F0","WGOA","Rpath","pcod_rec"
2054,"ATF",1809087.66771604,680699.754193645,0,"ssp126","F0","WGOA","Rpath","pcod_rec"
2055,"POL",3330155.323858,2004164.68423979,0,"ssp126","F0","WGOA","Rpath","pcod_rec"
2055,"COD",568796.538196357,138961.790269595,0,"ssp126","F0","WGOA","Rpath","pcod_rec"
2055,"ATF",1809965.90473676,680896.754653633,0,"ssp126","F0","WGOA","Rpath","pcod_rec"
2056,"POL",3337997.47608605,2008225.27774777,0,"ssp126","F0","WGOA","Rpath","pcod_rec"
2056,"COD",570357.864410396,140827.070489042,0,"ssp126","F0","WGOA","Rpath","pcod_rec"
2056,"ATF",1810572.10339773,680597.152876838,0,"ssp126","F0","WGOA","Rpath","pcod_rec"
2057,"POL",3352908.0116954,2018892.40081891,0,"ssp126","F0","WGOA","Rpath","pcod_rec"
2057,"COD",572782.149830744,143217.620331891,0,"ssp126","F0","WGOA","Rpath","pcod_rec"
2057,"ATF",1813690.46052847,681454.552756221,0,"ssp126","F0","WGOA","Rpath","pcod_rec"
2058,"POL",3356793.28966969,2021212.20748353,0,"ssp126","F0","WGOA","Rpath","pcod_rec"
2058,"COD",573408.28337885,142174.614597236,0,"ssp126","F0","WGOA","Rpath","pcod_rec"
2058,"ATF",1815816.43361142,681866.672165909,0,"ssp126","F0","WGOA","Rpath","pcod_rec"
2059,"POL",3360844.14716599,2022431.02105907,0,"ssp126","F0","WGOA","Rpath","pcod_rec"
2059,"COD",575216.303670971,140530.625974352,0,"ssp126","F0","WGOA","Rpath","pcod_rec"
2059,"ATF",1816121.27447124,681129.180936657,0,"ssp126","F0","WGOA","Rpath","pcod_rec"
2060,"POL",3373140.41096938,2031086.18936456,0,"ssp126","F0","WGOA","Rpath","pcod_rec"
2060,"COD",577037.21798541,140112.502228828,0,"ssp126","F0","WGOA","Rpath","pcod_rec"
2060,"ATF",1819014.46470774,681932.974026028,0,"ssp126","F0","WGOA","Rpath","pcod_rec"
2061,"POL",3376397.49596553,2033052.11793485,0,"ssp126","F0","WGOA","Rpath","pcod_rec"
2061,"COD",576616.452244571,138176.733761935,0,"ssp126","F0","WGOA","Rpath","pcod_rec"
2061,"ATF",1821934.15651858,683147.923272604,0,"ssp126","F0","WGOA","Rpath","pcod_rec"
2062,"POL",3383203.67305336,2037059.59755134,0,"ssp126","F0","WGOA","Rpath","pcod_rec"
2062,"COD",578785.089693228,136726.099965977,0,"ssp126","F0","WGOA","Rpath","pcod_rec"
2062,"ATF",1824668.7466176,684473.042893752,0,"ssp126","F0","WGOA","Rpath","pcod_rec"
2063,"POL",3393284.9523305,2044767.52352097,0,"ssp126","F0","WGOA","Rpath","pcod_rec"
2063,"COD",582141.755406513,138595.990486353,0,"ssp126","F0","WGOA","Rpath","pcod_rec"
2063,"ATF",1828732.91410536,686776.970547498,0,"ssp126","F0","WGOA","Rpath","pcod_rec"
2064,"POL",3398675.65024886,2048864.63853458,0,"ssp126","F0","WGOA","Rpath","pcod_rec"
2064,"COD",584881.029441468,140105.350154289,0,"ssp126","F0","WGOA","Rpath","pcod_rec"
2064,"ATF",1831824.278987,688656.986375761,0,"ssp126","F0","WGOA","Rpath","pcod_rec"
2065,"POL",3403074.86183759,2051704.46993143,0,"ssp126","F0","WGOA","Rpath","pcod_rec"
2065,"COD",587322.990379321,139684.201021379,0,"ssp126","F0","WGOA","Rpath","pcod_rec"
2065,"ATF",1833960.912664,689937.102726353,0,"ssp126","F0","WGOA","Rpath","pcod_rec"
2066,"POL",3404473.71548997,2052229.13667816,0,"ssp126","F0","WGOA","Rpath","pcod_rec"
2066,"COD",589488.537305768,139019.468944558,0,"ssp126","F0","WGOA","Rpath","pcod_rec"
2066,"ATF",1835287.56544977,690628.380774325,0,"ssp126","F0","WGOA","Rpath","pcod_rec"
2067,"POL",3404544.01269402,2050754.59231209,0,"ssp126","F0","WGOA","Rpath","pcod_rec"
2067,"COD",591576.390502585,135803.253371824,0,"ssp126","F0","WGOA","Rpath","pcod_rec"
2067,"ATF",1834605.40048844,689865.215234936,0,"ssp126","F0","WGOA","Rpath","pcod_rec"
2068,"POL",3411897.44423456,2055703.01976953,0,"ssp126","F0","WGOA","Rpath","pcod_rec"
2068,"COD",594403.273868497,132486.665177627,0,"ssp126","F0","WGOA","Rpath","pcod_rec"
2068,"ATF",1835738.64959177,689815.759667837,0,"ssp126","F0","WGOA","Rpath","pcod_rec"
2069,"POL",3419095.03212136,2061384.96705462,0,"ssp126","F0","WGOA","Rpath","pcod_rec"
2069,"COD",596828.775737449,131499.644040681,0,"ssp126","F0","WGOA","Rpath","pcod_rec"
2069,"ATF",1838816.94687136,690948.476557064,0,"ssp126","F0","WGOA","Rpath","pcod_rec"
2070,"POL",3422358.51907208,2063855.99162204,0,"ssp126","F0","WGOA","Rpath","pcod_rec"
2070,"COD",598749.16873523,132380.35533896,0,"ssp126","F0","WGOA","Rpath","pcod_rec"
2070,"ATF",1841691.74907721,692191.719814859,0,"ssp126","F0","WGOA","Rpath","pcod_rec"
2071,"POL",3430101.98530734,2069735.823396,0,"ssp126","F0","WGOA","Rpath","pcod_rec"
2071,"COD",599940.009239402,134759.488480287,0,"ssp126","F0","WGOA","Rpath","pcod_rec"
2071,"ATF",1845246.81268396,694007.546633823,0,"ssp126","F0","WGOA","Rpath","pcod_rec"
2072,"POL",3425849.20416863,2065866.26984411,0,"ssp126","F0","WGOA","Rpath","pcod_rec"
2072,"COD",599799.866628926,136846.890056547,0,"ssp126","F0","WGOA","Rpath","pcod_rec"
2072,"ATF",1846204.50758511,694590.798770786,0,"ssp126","F0","WGOA","Rpath","pcod_rec"
2073,"POL",3427742.62120527,2066189.51001819,0,"ssp126","F0","WGOA","Rpath","pcod_rec"
2073,"COD",599257.644324831,138563.26064282,0,"ssp126","F0","WGOA","Rpath","pcod_rec"
2073,"ATF",1846157.98346086,694464.735356484,0,"ssp126","F0","WGOA","Rpath","pcod_rec"
2074,"POL",3426432.35394516,2064245.17238563,0,"ssp126","F0","WGOA","Rpath","pcod_rec"
2074,"COD",596761.592668597,139508.642432389,0,"ssp126","F0","WGOA","Rpath","pcod_rec"
2074,"ATF",1845339.22443677,693822.422037536,0,"ssp126","F0","WGOA","Rpath","pcod_rec"
2075,"POL",3429479.46356043,2065858.78226888,0,"ssp126","F0","WGOA","Rpath","pcod_rec"
2075,"COD",597122.758309433,141182.704466671,0,"ssp126","F0","WGOA","Rpath","pcod_rec"
2075,"ATF",1844726.94877658,693055.849236403,0,"ssp126","F0","WGOA","Rpath","pcod_rec"
2076,"POL",3442045.78349652,2076360.11537132,0,"ssp126","F0","WGOA","Rpath","pcod_rec"
2076,"COD",599069.660050318,143452.324667288,0,"ssp126","F0","WGOA","Rpath","pcod_rec"
2076,"ATF",1847860.50159748,694310.223016283,0,"ssp126","F0","WGOA","Rpath","pcod_rec"
2077,"POL",3445827.99662286,2080910.94789678,0,"ssp126","F0","WGOA","Rpath","pcod_rec"
2077,"COD",600270.428313684,144878.791948554,0,"ssp126","F0","WGOA","Rpath","pcod_rec"
2077,"ATF",1852216.57852004,696573.765546247,0,"ssp126","F0","WGOA","Rpath","pcod_rec"
2078,"POL",3439244.1102545,2075537.12640356,0,"ssp126","F0","WGOA","Rpath","pcod_rec"
2078,"COD",601774.991556996,142777.335505474,0,"ssp126","F0","WGOA","Rpath","pcod_rec"
2078,"ATF",1852683.92337633,696827.114415151,0,"ssp126","F0","WGOA","Rpath","pcod_rec"
2079,"POL",3441488.6181693,2076176.36044323,0,"ssp126","F0","WGOA","Rpath","pcod_rec"
2079,"COD",603600.755661044,139865.938904192,0,"ssp126","F0","WGOA","Rpath","pcod_rec"
2079,"ATF",1852203.10991002,696386.752585676,0,"ssp126","F0","WGOA","Rpath","pcod_rec"
2080,"POL",3440884.59745553,2075330.26381618,0,"ssp126","F0","WGOA","Rpath","pcod_rec"
2080,"COD",605087.255471496,134702.217411683,0,"ssp126","F0","WGOA","Rpath","pcod_rec"
2080,"ATF",1851979.00598041,696168.045482281,0,"ssp126","F0","WGOA","Rpath","pcod_rec"
2081,"POL",3442650.12839841,2076224.59652315,0,"ssp126","F0","WGOA","Rpath","pcod_rec"
2081,"COD",606244.016418624,130076.685348423,0,"ssp126","F0","WGOA","Rpath","pcod_rec"
2081,"ATF",1851936.15008564,696079.569539224,0,"ssp126","F0","WGOA","Rpath","pcod_rec"
2082,"POL",3438994.59288858,2072215.02722681,0,"ssp126","F0","WGOA","Rpath","pcod_rec"
2082,"COD",604367.926717085,128621.535729655,0,"ssp126","F0","WGOA","Rpath","pcod_rec"
2082,"ATF",1850378.85805883,695177.924713615,0,"ssp126","F0","WGOA","Rpath","pcod_rec"
2083,"POL",3440327.62481838,2071811.76654162,0,"ssp126","F0","WGOA","Rpath","pcod_rec"
2083,"COD",603866.148307936,130901.153340536,0,"ssp126","F0","WGOA","Rpath","pcod_rec"
2083,"ATF",1848999.50410786,694255.538585965,0,"ssp126","F0","WGOA","Rpath","pcod_rec"
2084,"POL",3452295.0706506,2081663.94749819,0,"ssp126","F0","WGOA","Rpath","pcod_rec"
2084,"COD",605473.829739975,137030.742026759,0,"ssp126","F0","WGOA","Rpath","pcod_rec"
2084,"ATF",1851613.60212641,695711.087547438,0,"ssp126","F0","WGOA","Rpath","pcod_rec"
2085,"POL",3461553.42544229,2090505.42777837,0,"ssp126","F0","WGOA","Rpath","pcod_rec"
2085,"COD",605603.300780293,144063.612882961,0,"ssp126","F0","WGOA","Rpath","pcod_rec"
2085,"ATF",1856679.50235922,698985.287666282,0,"ssp126","F0","WGOA","Rpath","pcod_rec"
2086,"POL",3457710.78226791,2088377.58801743,0,"ssp126","F0","WGOA","Rpath","pcod_rec"
2086,"COD",604995.574537023,147404.389375249,0,"ssp126","F0","WGOA","Rpath","pcod_rec"
2086,"ATF",1859535.21292722,701361.10338951,0,"ssp126","F0","WGOA","Rpath","pcod_rec"
2087,"POL",3453001.93397752,2083757.51653533,0,"ssp126","F0","WGOA","Rpath","pcod_rec"
2087,"COD",604630.233750964,147435.81811724,0,"ssp126","F0","WGOA","Rpath","pcod_rec"
2087,"ATF",1859111.25131791,701644.229831146,0,"ssp126","F0","WGOA","Rpath","pcod_rec"
2088,"POL",3451753.19639285,2081992.7429257,0,"ssp126","F0","WGOA","Rpath","pcod_rec"
2088,"COD",604942.047590864,143802.475132122,0,"ssp126","F0","WGOA","Rpath","pcod_rec"
2088,"ATF",1857663.81334352,700982.502661749,0,"ssp126","F0","WGOA","Rpath","pcod_rec"
2089,"POL",3452996.24318647,2082304.83880742,0,"ssp126","F0","WGOA","Rpath","pcod_rec"
2089,"COD",605123.583191751,137582.78748542,0,"ssp126","F0","WGOA","Rpath","pcod_rec"
2089,"ATF",1856302.76986514,699950.470888265,0,"ssp126","F0","WGOA","Rpath","pcod_rec"
2090,"POL",3453554.87550082,2082760.20409856,0,"ssp126","F0","WGOA","Rpath","pcod_rec"
2090,"COD",606244.377225937,133466.635529981,0,"ssp126","F0","WGOA","Rpath","pcod_rec"
2090,"ATF",1856013.87588432,699390.271028516,0,"ssp126","F0","WGOA","Rpath","pcod_rec"
2091,"POL",3458966.15433569,2086846.91670847,0,"ssp126","F0","WGOA","Rpath","pcod_rec"
2091,"COD",608260.31657326,132663.370797883,0,"ssp126","F0","WGOA","Rpath","pcod_rec"
2091,"ATF",1856825.95111017,699315.470896728,0,"ssp126","F0","WGOA","Rpath","pcod_rec"
2092,"POL",3459701.92578861,2087796.23009672,0,"ssp126","F0","WGOA","Rpath","pcod_rec"
2092,"COD",608116.643689594,133951.732189235,0,"ssp126","F0","WGOA","Rpath","pcod_rec"
2092,"ATF",1858001.30904893,699700.448365589,0,"ssp126","F0","WGOA","Rpath","pcod_rec"
2093,"POL",3452802.4101547,2081316.37174607,0,"ssp126","F0","WGOA","Rpath","pcod_rec"
2093,"COD",606315.154996513,135416.67156784,0,"ssp126","F0","WGOA","Rpath","pcod_rec"
2093,"ATF",1855882.89156923,698427.65700524,0,"ssp126","F0","WGOA","Rpath","pcod_rec"
2094,"POL",3454098.37153807,2080988.20149156,0,"ssp126","F0","WGOA","Rpath","pcod_rec"
2094,"COD",606013.643157927,138084.508969308,0,"ssp126","F0","WGOA","Rpath","pcod_rec"
2094,"ATF",1853576.43543581,697083.48936863,0,"ssp126","F0","WGOA","Rpath","pcod_rec"
2095,"POL",3461861.18459419,2087452.8326312,0,"ssp126","F0","WGOA","Rpath","pcod_rec"
2095,"COD",606272.971406452,140910.349494281,0,"ssp126","F0","WGOA","Rpath","pcod_rec"
2095,"ATF",1854698.84394945,697872.470561433,0,"ssp126","F0","WGOA","Rpath","pcod_rec"
2096,"POL",3462163.56958702,2088510.38550885,0,"ssp126","F0","WGOA","Rpath","pcod_rec"
2096,"COD",604827.230602894,142163.008468586,0,"ssp126","F0","WGOA","Rpath","pcod_rec"
2096,"ATF",1856160.51518544,699235.109435042,0,"ssp126","F0","WGOA","Rpath","pcod_rec"
2097,"POL",3454318.59721913,2081114.04339279,0,"ssp126","F0","WGOA","Rpath","pcod_rec"
2097,"COD",601428.160770584,142332.015125606,0,"ssp126","F0","WGOA","Rpath","pcod_rec"
2097,"ATF",1853575.32954804,698324.257933084,0,"ssp126","F0","WGOA","Rpath","pcod_rec"
2098,"POL",3455410.53199614,2080263.44904775,0,"ssp126","F0","WGOA","Rpath","pcod_rec"
2098,"COD",599853.249623566,143066.017540708,0,"ssp126","F0","WGOA","Rpath","pcod_rec"
2098,"ATF",1850726.31695261,696947.897821175,0,"ssp126","F0","WGOA","Rpath","pcod_rec"
2099,"POL",3461652.31559699,2085387.60408281,0,"ssp126","F0","WGOA","Rpath","pcod_rec"
2099,"COD",600599.733253842,143381.889504062,0,"ssp126","F0","WGOA","Rpath","pcod_rec"
2099,"ATF",1850983.52929974,697287.668589626,0,"ssp126","F0","WGOA","Rpath","pcod_rec"
1991,"POL",2884927.16511783,1690895.40603404,87828.010002781,"ssp245","F0","WGOA","Rpath","pcod_rec"
1991,"COD",399280.293878193,93224.2373585632,64466.829990571,"ssp245","F0","WGOA","Rpath","pcod_rec"
1991,"ATF",1554327.80462664,597326.97740596,16958.380011156,"ssp245","F0","WGOA","Rpath","pcod_rec"
1992,"POL",2892495.91324268,1696087.27813365,90585.189961806,"ssp245","F0","WGOA","Rpath","pcod_rec"
1992,"COD",371842.900083054,88999.2287874369,78966.500089317,"ssp245","F0","WGOA","Rpath","pcod_rec"
1992,"ATF",1551901.37581743,598021.211707819,20482.180062468,"ssp245","F0","WGOA","Rpath","pcod_rec"
1993,"POL",2886917.46017875,1690078.21042351,108230.180085742,"ssp245","F0","WGOA","Rpath","pcod_rec"
1993,"COD",375328.175429555,91984.46817467,45849.170066118,"ssp245","F0","WGOA","Rpath","pcod_rec"
1993,"ATF",1551566.34683954,599298.159270716,18294.449920618,"ssp245","F0","WGOA","Rpath","pcod_rec"
1994,"POL",2891612.89701311,1691340.87032149,100412.359942985,"ssp245","F0","WGOA","Rpath","pcod_rec"
1994,"COD",374238.505424238,92168.0244909248,45610.579965874,"ssp245","F0","WGOA","Rpath","pcod_rec"
1994,"ATF",1547453.431915,598480.508802417,21993.239976229,"ssp245","F0","WGOA","Rpath","pcod_rec"
1995,"POL",2920445.2429594,1709974.75171492,69168.129925675,"ssp245","F0","WGOA","Rpath","pcod_rec"
1995,"COD",354241.118245692,88060.9264831689,67907.179992219,"ssp245","F0","WGOA","Rpath","pcod_rec"
1995,"ATF",1548788.07321952,599203.455585779,17415.490044603,"ssp245","F0","WGOA","Rpath","pcod_rec"
1996,"POL",2949537.49989699,1727520.76771419,49825.8700384,"ssp245","F0","WGOA","Rpath","pcod_rec"
1996,"COD",348901.269856949,89289.8998161644,55391.660096973,"ssp245","F0","WGOA","Rpath","pcod_rec"
1996,"ATF",1545296.54167072,597141.15385086,21555.609900557,"ssp245","F0","WGOA","Rpath","pcod_rec"
1997,"POL",2946193.76182491,1722365.56372477,84179.649971753,"ssp245","F0","WGOA","Rpath","pcod_rec"
1997,"COD",339607.871812025,88455.8466619866,58920.579990637,"ssp245","F0","WGOA","Rpath","pcod_rec"
1997,"ATF",1547340.93937387,596389.731746862,14758.279890696,"ssp245","F0","WGOA","Rpath","pcod_rec"
1998,"POL",3007840.54757787,1762267.82292695,5428.379997642,"ssp245","F0","WGOA","Rpath","pcod_rec"
1998,"COD",338402.008126062,87897.0996300377,50218.950113863,"ssp245","F0","WGOA","Rpath","pcod_rec"
1998,"ATF",1552042.17068945,596282.511778416,12377.190009373,"ssp245","F0","WGOA","Rpath","pcod_rec"
1999,"POL",2993956.26360435,1751820.3586859,90556.900062537,"ssp245","F0","WGOA","Rpath","pcod_rec"
1999,"COD",323385.504513683,83134.3281978233,66264.67009813,"ssp245","F0","WGOA","Rpath","pcod_rec"
1999,"ATF",1556822.57219736,596729.653748177,14649.229924965,"ssp245","F0","WGOA","Rpath","pcod_rec"
2000,"POL",3049484.66889728,1789601.2235707,5552.830105466,"ssp245","F0","WGOA","Rpath","pcod_rec"
2000,"COD",321234.70478313,82993.6306736087,53384.869944958,"ssp245","F0","WGOA","Rpath","pcod_rec"
2000,"ATF",1555589.60333769,595731.530286997,22993.75009338,"ssp245","F0","WGOA","Rpath","pcod_rec"
2001,"POL",3082953.38628358,1808450.38491623,3452.299978517,"ssp245","F0","WGOA","Rpath","pcod_rec"
2001,"COD",327836.052151014,85350.6677932879,40517.409954733,"ssp245","F0","WGOA","Rpath","pcod_rec"
2001,"ATF",1559150.39699574,597017.281545479,17416.199986059,"ssp245","F0","WGOA","Rpath","pcod_rec"
2002,"POL",3117695.91098478,1828996.8919311,1698.029945361,"ssp245","F0","WGOA","Rpath","pcod_rec"
2002,"COD",329657.199807253,86672.396799144,41567.989960821,"ssp245","F0","WGOA","Rpath","pcod_rec"
2002,"ATF",1561074.36729579,598208.760306624,20173.560012907,"ssp245","F0","WGOA","Rpath","pcod_rec"
2003,"POL",3105660.59060301,1817041.08768011,48590.077011908,"ssp245","F0","WGOA","Rpath","pcod_rec"
2003,"COD",321002.232869284,86072.6548698382,52365.755088864,"ssp245","F0","WGOA","Rpath","pcod_rec"
2003,"ATF",1552272.45436907,595288.634146958,30169.771891001,"ssp245","F0","WGOA","Rpath","pcod_rec"
2004,"POL",3100496.17999595,1811816.72016729,62434.439922489,"ssp245","F0","WGOA","Rpath","pcod_rec"
2004,"COD",310907.346053104,86861.6844619175,56450.241969657,"ssp245","F0","WGOA","Rpath","pcod_rec"
2004,"ATF",1557805.52630999,597533.747722124,15634.908041003,"ssp245","F0","WGOA","Rpath","pcod_rec"
2005,"POL",3085140.75609541,1801622.59658072,78302.791927256,"ssp245","F0","WGOA","Rpath","pcod_rec"
2005,"COD",308747.712383036,89355.0329510825,47523.779925577,"ssp245","F0","WGOA","Rpath","pcod_rec"
2005,"ATF",1557456.93296847,596651.527725103,19923.573051558,"ssp245","F0","WGOA","Rpath","pcod_rec"
2006,"POL",3088115.70042571,1805154.79373703,68928.307992488,"ssp245","F0","WGOA","Rpath","pcod_rec"
2006,"COD",305285.425387622,89662.8420266119,47767.079961499,"ssp245","F0","WGOA","Rpath","pcod_rec"
2006,"ATF",1552052.55675712,593803.972010943,27622.698918064,"ssp245","F0","WGOA","Rpath","pcod_rec"
2007,"POL",3108388.6659623,1820162.18935033,51572.307003871,"ssp245","F0","WGOA","Rpath","pcod_rec"
2007,"COD",298656.827987615,86970.5841575916,51812.178003779,"ssp245","F0","WGOA","Rpath","pcod_rec"
2007,"ATF",1552833.11070127,593773.096946291,25346.986980543,"ssp245","F0","WGOA","Rpath","pcod_rec"
2008,"POL",3122657.32782491,1829614.82622622,50786.206014733,"ssp245","F0","WGOA","Rpath","pcod_rec"
2008,"COD",288014.19715692,83738.4257426123,58386.384025578,"ssp245","F0","WGOA","Rpath","pcod_rec"
2008,"ATF",1551453.5168298,592951.977723493,29205.939969489,"ssp245","F0","WGOA","Rpath","pcod_rec"
2009,"POL",3143273.39859891,1841984.8200306,41549.503075916,"ssp245","F0","WGOA","Rpath","pcod_rec"
2009,"COD",284535.848347064,83301.5655360441,51788.980009351,"ssp245","F0","WGOA","Rpath","pcod_rec"
2009,"ATF",1555113.02563569,594046.266118116,24831.742038702,"ssp245","F0","WGOA","Rpath","pcod_rec"
2010,"POL",3136117.03112817,1835292.14585186,73443.384226643,"ssp245","F0","WGOA","Rpath","pcod_rec"
2010,"COD",260387.074378808,76717.5680514182,76954.154598455,"ssp245","F0","WGOA","Rpath","pcod_rec"
2010,"ATF",1558263.17274182,594362.564843561,24339.446470918,"ssp245","F0","WGOA","Rpath","pcod_rec"
2011,"POL",3141056.08768375,1838289.75061505,77694.479623666,"ssp245","F0","WGOA","Rpath","pcod_rec"
2011,"COD",234318.516143285,69543.3060352226,83710.475394165,"ssp245","F0","WGOA","Rpath","pcod_rec"
2011,"ATF",1557071.61028742,592792.103233455,30911.821764055,"ssp245","F0","WGOA","Rpath","pcod_rec"
2012,"POL",3133568.47204365,1833854.71164897,98934.691224094,"ssp245","F0","WGOA","Rpath","pcod_rec"
2012,"COD",216652.39880077,64116.8215124414,76871.109994854,"ssp245","F0","WGOA","Rpath","pcod_rec"
2012,"ATF",1567597.98995377,595605.767059271,20761.909908427,"ssp245","F0","WGOA","Rpath","pcod_rec"
2013,"POL",3129803.3271359,1832301.64727678,90796.631609659,"ssp245","F0","WGOA","Rpath","pcod_rec"
2013,"COD",207097.746004189,61173.0549874287,66829.781618954,"ssp245","F0","WGOA","Rpath","pcod_rec"
2013,"ATF",1575636.64297929,596480.791969859,21809.3123161,"ssp245","F0","WGOA","Rpath","pcod_rec"
2014,"POL",3087331.43236134,1803398.13573914,138948.061996125,"ssp245","F0","WGOA","Rpath","pcod_rec"
2014,"COD",180191.44732662,54326.1747660013,83491.72820457,"ssp245","F0","WGOA","Rpath","pcod_rec"
2014,"ATF",1567912.16262094,590069.752717628,36524.501530691,"ssp245","F0","WGOA","Rpath","pcod_rec"
2015,"POL",3045526.28555765,1775739.07919012,162807.64603073,"ssp245","F0","WGOA","Rpath","pcod_rec"
2015,"COD",157932.722055918,48934.4411406065,77689.992014231,"ssp245","F0","WGOA","Rpath","pcod_rec"
2015,"ATF",1577268.81804826,588791.535950363,19296.587221708,"ssp245","F0","WGOA","Rpath","pcod_rec"
2016,"POL",3007798.29217938,1753763.79832681,173086.352394527,"ssp245","F0","WGOA","Rpath","pcod_rec"
2016,"COD",147656.615382295,47339.0097704077,62867.327429592,"ssp245","F0","WGOA","Rpath","pcod_rec"
2016,"ATF",1586289.94323646,586210.878732567,19976.294186812,"ssp245","F0","WGOA","Rpath","pcod_rec"
2017,"POL",2976739.35759481,1738811.22499638,184220.028529305,"ssp245","F0","WGOA","Rpath","pcod_rec"
2017,"COD",147736.144697943,50239.6743054142,48204.214674581,"ssp245","F0","WGOA","Rpath","pcod_rec"
2017,"ATF",1591593.27599985,581990.660087748,27053.508990172,"ssp245","F0","WGOA","Rpath","pcod_rec"
2018,"POL",2968841.33230651,1740812.46211736,150815.192171791,"ssp245","F0","WGOA","Rpath","pcod_rec"
2018,"COD",174522.229212124,61112.9039308985,14681.29819652,"ssp245","F0","WGOA","Rpath","pcod_rec"
2018,"ATF",1607270.2111573,582229.748408732,18870.25094355,"ssp245","F0","WGOA","Rpath","pcod_rec"
2019,"POL",2976191.20523764,1750709.51749398,110649.271555557,"ssp245","F0","WGOA","Rpath","pcod_rec"
2019,"COD",197788.813002527,66355.8766877763,15200.420583165,"ssp245","F0","WGOA","Rpath","pcod_rec"
2019,"ATF",1614692.32773615,580069.536802079,24567.051964421,"ssp245","F0","WGOA","Rpath","pcod_rec"
2020,"POL",2989895.2520935,1764767.02629929,99971.064888454,"ssp245","F0","WGOA","Rpath","pcod_rec"
2020,"COD",227504.737928574,75552.6208206696,6085.249338733,"ssp245","F0","WGOA","Rpath","pcod_rec"
2020,"ATF",1626347.35110332,581533.713573081,21115.899302007,"ssp245","F0","WGOA","Rpath","pcod_rec"
2021,"POL",3005214.21270238,1780482.04318884,93869.858770329,"ssp245","F0","WGOA","Rpath","pcod_rec"
2021,"COD",244912.13294594,80220.5355105403,18686.812307248,"ssp245","F0","WGOA","Rpath","pcod_rec"
2021,"ATF",1649276.26037775,589931.767777684,9846.300133144,"ssp245","F0","WGOA","Rpath","pcod_rec"
2022,"POL",2978104.54994205,1765658.82018992,123494.034078862,"ssp245","F0","WGOA","Rpath","pcod_rec"
2022,"COD",259184.879859886,81308.3472470246,25387.705315903,"ssp245","F0","WGOA","Rpath","pcod_rec"
2022,"ATF",1664357.42193193,597477.427575189,11531.831681252,"ssp245","F0","WGOA","Rpath","pcod_rec"
2023,"POL",2960276.44373072,1756633.79529156,124964.845430032,"ssp245","F0","WGOA","Rpath","pcod_rec"
2023,"COD",278276.769856669,81928.0017088166,21018.296907485,"ssp245","F0","WGOA","Rpath","pcod_rec"
2023,"ATF",1677165.00238739,605950.811432109,9114.887408711,"ssp245","F0","WGOA","Rpath","pcod_rec"
2024,"POL",3026962.26264721,1804461.75562826,0,"ssp245","F0","WGOA","Rpath","pcod_rec"
2024,"COD",314299.176254039,87702.6209460542,0,"ssp245","F0","WGOA","Rpath","pcod_rec"
2024,"ATF",1694161.58065142,617131.57869084,0,"ssp245","F0","WGOA","Rpath","pcod_rec"
2025,"POL",3069400.68086565,1833012.18347996,0,"ssp245","F0","WGOA","Rpath","pcod_rec"
2025,"COD",345274.117568328,91267.8203981713,0,"ssp245","F0","WGOA","Rpath","pcod_rec"
2025,"ATF",1708050.20134337,627394.730670722,0,"ssp245","F0","WGOA","Rpath","pcod_rec"
2026,"POL",3098344.32212015,1852893.2887742,0,"ssp245","F0","WGOA","Rpath","pcod_rec"
2026,"COD",371889.117036289,95990.0383756609,0,"ssp245","F0","WGOA","Rpath","pcod_rec"
2026,"ATF",1720703.67359748,637164.053950649,0,"ssp245","F0","WGOA","Rpath","pcod_rec"
2027,"POL",3116402.22870933,1864225.20476913,0,"ssp245","F0","WGOA","Rpath","pcod_rec"
2027,"COD",395049.439010419,102007.165722484,0,"ssp245","F0","WGOA","Rpath","pcod_rec"
2027,"ATF",1730416.6353869,644713.071853714,0,"ssp245","F0","WGOA","Rpath","pcod_rec"
2028,"POL",3128366.24104712,1871774.71135067,0,"ssp245","F0","WGOA","Rpath","pcod_rec"
2028,"COD",415303.085299358,108194.919965483,0,"ssp245","F0","WGOA","Rpath","pcod_rec"
2028,"ATF",1738022.66941793,650254.84708013,0,"ssp245","F0","WGOA","Rpath","pcod_rec"
2029,"POL",3137847.68054161,1878170.50275005,0,"ssp245","F0","WGOA","Rpath","pcod_rec"
2029,"COD",432623.837801332,113209.920780385,0,"ssp245","F0","WGOA","Rpath","pcod_rec"
2029,"ATF",1744057.89475269,654172.700930804,0,"ssp245","F0","WGOA","Rpath","pcod_rec"
2030,"POL",3142558.88868655,1882007.15909455,0,"ssp245","F0","WGOA","Rpath","pcod_rec"
2030,"COD",447522.441203435,117825.067790834,0,"ssp245","F0","WGOA","Rpath","pcod_rec"
2030,"ATF",1749024.90998199,656764.682270729,0,"ssp245","F0","WGOA","Rpath","pcod_rec"
2031,"POL",3148579.9560329,1887058.35504536,0,"ssp245","F0","WGOA","Rpath","pcod_rec"
2031,"COD",460517.055629747,122046.061519718,0,"ssp245","F0","WGOA","Rpath","pcod_rec"
2031,"ATF",1753435.0083436,658220.706247352,0,"ssp245","F0","WGOA","Rpath","pcod_rec"
2032,"POL",3149890.07064323,1888966.1029492,0,"ssp245","F0","WGOA","Rpath","pcod_rec"
2032,"COD",471565.161655671,125308.633598483,0,"ssp245","F0","WGOA","Rpath","pcod_rec"
2032,"ATF",1756917.80435473,658694.718655222,0,"ssp245","F0","WGOA","Rpath","pcod_rec"
2033,"POL",3151609.21975785,1890478.64550691,0,"ssp245","F0","WGOA","Rpath","pcod_rec"
2033,"COD",481398.00503213,127681.511091767,0,"ssp245","F0","WGOA","Rpath","pcod_rec"
2033,"ATF",1759081.76268758,658128.042516544,0,"ssp245","F0","WGOA","Rpath","pcod_rec"
2034,"POL",3156444.63268949,1894757.06843843,0,"ssp245","F0","WGOA","Rpath","pcod_rec"
2034,"COD",488737.947901266,129583.115560351,0,"ssp245","F0","WGOA","Rpath","pcod_rec"
2034,"ATF",1761927.75010297,658082.991766587,0,"ssp245","F0","WGOA","Rpath","pcod_rec"
2035,"POL",3153006.52348526,1891738.7795423,0,"ssp245","F0","WGOA","Rpath","pcod_rec"
2035,"COD",493923.507075418,130584.809440982,0,"ssp245","F0","WGOA","Rpath","pcod_rec"
2035,"ATF",1762361.24154114,657039.06814586,0,"ssp245","F0","WGOA","Rpath","pcod_rec"
2036,"POL",3157144.75191602,1894307.07136957,0,"ssp245","F0","WGOA","Rpath","pcod_rec"
2036,"COD",499880.613834206,132394.757364828,0,"ssp245","F0","WGOA","Rpath","pcod_rec"
2036,"ATF",1763257.1359297,656573.181692122,0,"ssp245","F0","WGOA","Rpath","pcod_rec"
2037,"POL",3165085.77267382,1900570.7485566,0,"ssp245","F0","WGOA","Rpath","pcod_rec"
2037,"COD",505233.120360571,135539.914215271,0,"ssp245","F0","WGOA","Rpath","pcod_rec"
2037,"ATF",1765763.86858391,657484.484848349,0,"ssp245","F0","WGOA","Rpath","pcod_rec"
2038,"POL",3170111.46389969,1904514.71581546,0,"ssp245","F0","WGOA","Rpath","pcod_rec"
2038,"COD",508860.833213769,138476.377503532,0,"ssp245","F0","WGOA","Rpath","pcod_rec"
2038,"ATF",1768141.84174414,658866.606536356,0,"ssp245","F0","WGOA","Rpath","pcod_rec"
2039,"POL",3174889.74493042,1907133.45928271,0,"ssp245","F0","WGOA","Rpath","pcod_rec"
2039,"COD",511779.726538502,140738.47496125,0,"ssp245","F0","WGOA","Rpath","pcod_rec"
2039,"ATF",1769427.59128281,659922.905609066,0,"ssp245","F0","WGOA","Rpath","pcod_rec"
2040,"POL",3181158.50728442,1910830.49364055,0,"ssp245","F0","WGOA","Rpath","pcod_rec"
2040,"COD",514968.228400635,141765.630778135,0,"ssp245","F0","WGOA","Rpath","pcod_rec"
2040,"ATF",1770632.73272703,661052.405836528,0,"ssp245","F0","WGOA","Rpath","pcod_rec"
2041,"POL",3189176.7076787,1915679.6395101,0,"ssp245","F0","WGOA","Rpath","pcod_rec"
2041,"COD",519191.377326232,140993.874909066,0,"ssp245","F0","WGOA","Rpath","pcod_rec"
2041,"ATF",1771754.55573274,662048.796086809,0,"ssp245","F0","WGOA","Rpath","pcod_rec"
2042,"POL",3202918.50108665,1925484.90744068,0,"ssp245","F0","WGOA","Rpath","pcod_rec"
2042,"COD",524978.106538,140400.043848581,0,"ssp245","F0","WGOA","Rpath","pcod_rec"
2042,"ATF",1774560.08407792,663862.614815185,0,"ssp245","F0","WGOA","Rpath","pcod_rec"
2043,"POL",3214586.66931724,1933940.33947558,0,"ssp245","F0","WGOA","Rpath","pcod_rec"
2043,"COD",530226.401784314,139541.900547387,0,"ssp245","F0","WGOA","Rpath","pcod_rec"
2043,"ATF",1778099.19567044,666045.810409814,0,"ssp245","F0","WGOA","Rpath","pcod_rec"
2044,"POL",3221336.22545814,1937742.74023585,0,"ssp245","F0","WGOA","Rpath","pcod_rec"
2044,"COD",535675.76857658,137007.61374422,0,"ssp245","F0","WGOA","Rpath","pcod_rec"
2044,"ATF",1780388.29645279,667410.521504317,0,"ssp245","F0","WGOA","Rpath","pcod_rec"
2045,"POL",3232781.95297773,1944666.17203566,0,"ssp245","F0","WGOA","Rpath","pcod_rec"
2045,"COD",541900.333268968,133652.712235111,0,"ssp245","F0","WGOA","Rpath","pcod_rec"
2045,"ATF",1782659.8373375,668551.805922088,0,"ssp245","F0","WGOA","Rpath","pcod_rec"
2046,"POL",3243785.76974213,1951557.22879616,0,"ssp245","F0","WGOA","Rpath","pcod_rec"
2046,"COD",547052.05805786,130481.546826418,0,"ssp245","F0","WGOA","Rpath","pcod_rec"
2046,"ATF",1785431.15686126,669903.747533692,0,"ssp245","F0","WGOA","Rpath","pcod_rec"
2047,"POL",3249690.8335441,1954116.9980676,0,"ssp245","F0","WGOA","Rpath","pcod_rec"
2047,"COD",551932.497807609,128004.944629797,0,"ssp245","F0","WGOA","Rpath","pcod_rec"
2047,"ATF",1786676.28250201,670413.006399297,0,"ssp245","F0","WGOA","Rpath","pcod_rec"
2048,"POL",3264537.89920424,1963284.00667772,0,"ssp245","F0","WGOA","Rpath","pcod_rec"
2048,"COD",555609.812538571,128694.007541507,0,"ssp245","F0","WGOA","Rpath","pcod_rec"
2048,"ATF",1788657.78933792,671120.860436596,0,"ssp245","F0","WGOA","Rpath","pcod_rec"
2049,"POL",3272309.93304614,1967572.488394,0,"ssp245","F0","WGOA","Rpath","pcod_rec"
2049,"COD",556589.748481313,131106.101997925,0,"ssp245","F0","WGOA","Rpath","pcod_rec"
2049,"ATF",1791091.39523133,672191.807931257,0,"ssp245","F0","WGOA","Rpath","pcod_rec"
2050,"POL",3283797.06505357,1974333.94606694,0,"ssp245","F0","WGOA","Rpath","pcod_rec"
2050,"COD",559446.199314636,134711.037394121,0,"ssp245","F0","WGOA","Rpath","pcod_rec"
2050,"ATF",1793767.48889589,673357.112805678,0,"ssp245","F0","WGOA","Rpath","pcod_rec"
2051,"POL",3301161.27561634,1987080.54847752,0,"ssp245","F0","WGOA","Rpath","pcod_rec"
2051,"COD",562445.357449507,140353.402800229,0,"ssp245","F0","WGOA","Rpath","pcod_rec"
2051,"ATF",1798865.11519617,675981.241697987,0,"ssp245","F0","WGOA","Rpath","pcod_rec"
2052,"POL",3307251.07228682,1990762.57983045,0,"ssp245","F0","WGOA","Rpath","pcod_rec"
2052,"COD",562363.731570279,144085.800197345,0,"ssp245","F0","WGOA","Rpath","pcod_rec"
2052,"ATF",1801999.69926914,677622.686054476,0,"ssp245","F0","WGOA","Rpath","pcod_rec"
2053,"POL",3311421.38004499,1991767.86741046,0,"ssp245","F0","WGOA","Rpath","pcod_rec"
2053,"COD",563297.576540525,144686.436057695,0,"ssp245","F0","WGOA","Rpath","pcod_rec"
2053,"ATF",1802769.63157441,677742.317954238,0,"ssp245","F0","WGOA","Rpath","pcod_rec"
2054,"POL",3325264.51518778,2000855.82657798,0,"ssp245","F0","WGOA","Rpath","pcod_rec"
2054,"COD",565853.163469244,145215.104841783,0,"ssp245","F0","WGOA","Rpath","pcod_rec"
2054,"ATF",1804712.0521501,678211.661399187,0,"ssp245","F0","WGOA","Rpath","pcod_rec"
2055,"POL",3333409.80645557,2006053.92290031,0,"ssp245","F0","WGOA","Rpath","pcod_rec"
2055,"COD",565869.244500952,142303.132871613,0,"ssp245","F0","WGOA","Rpath","pcod_rec"
2055,"ATF",1807034.36985797,678824.535921653,0,"ssp245","F0","WGOA","Rpath","pcod_rec"
2056,"POL",3338999.15657461,2008358.39728103,0,"ssp245","F0","WGOA","Rpath","pcod_rec"
2056,"COD",565687.313118548,138423.91461679,0,"ssp245","F0","WGOA","Rpath","pcod_rec"
2056,"ATF",1808406.37848055,678830.513219243,0,"ssp245","F0","WGOA","Rpath","pcod_rec"
2057,"POL",3346812.9408772,2012520.32647775,0,"ssp245","F0","WGOA","Rpath","pcod_rec"
2057,"COD",567926.11932419,138047.150546443,0,"ssp245","F0","WGOA","Rpath","pcod_rec"
2057,"ATF",1809716.83882735,678744.83230968,0,"ssp245","F0","WGOA","Rpath","pcod_rec"
2058,"POL",3360426.80316727,2022539.58762821,0,"ssp245","F0","WGOA","Rpath","pcod_rec"
2058,"COD",571939.555225001,139807.833974142,0,"ssp245","F0","WGOA","Rpath","pcod_rec"
2058,"ATF",1813162.2802078,679939.404726094,0,"ssp245","F0","WGOA","Rpath","pcod_rec"
2059,"POL",3372615.89738938,2031880.09501044,0,"ssp245","F0","WGOA","Rpath","pcod_rec"
2059,"COD",573726.447773503,140452.794046247,0,"ssp245","F0","WGOA","Rpath","pcod_rec"
2059,"ATF",1817934.88063857,682197.650034515,0,"ssp245","F0","WGOA","Rpath","pcod_rec"
2060,"POL",3371754.43467785,2030340.74367604,0,"ssp245","F0","WGOA","Rpath","pcod_rec"
2060,"COD",573870.246749717,140885.981085001,0,"ssp245","F0","WGOA","Rpath","pcod_rec"
2060,"ATF",1820278.09615482,683489.701234808,0,"ssp245","F0","WGOA","Rpath","pcod_rec"
2061,"POL",3376644.77401988,2032093.51679604,0,"ssp245","F0","WGOA","Rpath","pcod_rec"
2061,"COD",575149.084726932,140311.020562368,0,"ssp245","F0","WGOA","Rpath","pcod_rec"
2061,"ATF",1821116.42883982,683823.361931422,0,"ssp245","F0","WGOA","Rpath","pcod_rec"
2062,"POL",3382348.40664584,2034892.23509533,0,"ssp245","F0","WGOA","Rpath","pcod_rec"
2062,"COD",575049.565859169,138700.574712964,0,"ssp245","F0","WGOA","Rpath","pcod_rec"
2062,"ATF",1821844.37613271,683974.511180847,0,"ssp245","F0","WGOA","Rpath","pcod_rec"
2063,"POL",3388118.60056637,2038080.39719411,0,"ssp245","F0","WGOA","Rpath","pcod_rec"
2063,"COD",573691.015277568,137131.016576568,0,"ssp245","F0","WGOA","Rpath","pcod_rec"
2063,"ATF",1823228.23532001,684397.665170437,0,"ssp245","F0","WGOA","Rpath","pcod_rec"
2064,"POL",3392762.59468777,2040731.72152087,0,"ssp245","F0","WGOA","Rpath","pcod_rec"
2064,"COD",574292.786808307,139361.700634998,0,"ssp245","F0","WGOA","Rpath","pcod_rec"
2064,"ATF",1824806.56936401,684916.359389431,0,"ssp245","F0","WGOA","Rpath","pcod_rec"
2065,"POL",3405508.79694163,2050298.52811008,0,"ssp245","F0","WGOA","Rpath","pcod_rec"
2065,"COD",576826.567838541,145045.582429736,0,"ssp245","F0","WGOA","Rpath","pcod_rec"
2065,"ATF",1827921.15817351,686172.156068899,0,"ssp245","F0","WGOA","Rpath","pcod_rec"
2066,"POL",3414036.79461551,2057820.66204034,0,"ssp245","F0","WGOA","Rpath","pcod_rec"
2066,"COD",577813.724910051,148134.363837548,0,"ssp245","F0","WGOA","Rpath","pcod_rec"
2066,"ATF",1832691.71792221,688505.482834947,0,"ssp245","F0","WGOA","Rpath","pcod_rec"
2067,"POL",3415590.20255664,2058981.50601147,0,"ssp245","F0","WGOA","Rpath","pcod_rec"
2067,"COD",579240.608919459,147708.185700748,0,"ssp245","F0","WGOA","Rpath","pcod_rec"
2067,"ATF",1836195.64556643,690268.878428127,0,"ssp245","F0","WGOA","Rpath","pcod_rec"
2068,"POL",3420434.43175489,2062432.06936994,0,"ssp245","F0","WGOA","Rpath","pcod_rec"
2068,"COD",582362.658799296,144981.912124729,0,"ssp245","F0","WGOA","Rpath","pcod_rec"
2068,"ATF",1839356.44133509,691836.623917168,0,"ssp245","F0","WGOA","Rpath","pcod_rec"
2069,"POL",3419057.34866527,2060819.87369313,0,"ssp245","F0","WGOA","Rpath","pcod_rec"
2069,"COD",585024.258486,139405.901219122,0,"ssp245","F0","WGOA","Rpath","pcod_rec"
2069,"ATF",1840338.1157977,692132.355089029,0,"ssp245","F0","WGOA","Rpath","pcod_rec"
2070,"POL",3421398.44323258,2061634.35267446,0,"ssp245","F0","WGOA","Rpath","pcod_rec"
2070,"COD",588481.021424971,133048.111050661,0,"ssp245","F0","WGOA","Rpath","pcod_rec"
2070,"ATF",1840341.50223913,691619.435799283,0,"ssp245","F0","WGOA","Rpath","pcod_rec"
2071,"POL",3427511.17445612,2066063.85529433,0,"ssp245","F0","WGOA","Rpath","pcod_rec"
2071,"COD",590424.960135628,130014.486562947,0,"ssp245","F0","WGOA","Rpath","pcod_rec"
2071,"ATF",1842001.81734244,691940.192029459,0,"ssp245","F0","WGOA","Rpath","pcod_rec"
2072,"POL",3424131.70523631,2062805.15878665,0,"ssp245","F0","WGOA","Rpath","pcod_rec"
2072,"COD",590806.700267414,129753.600104418,0,"ssp245","F0","WGOA","Rpath","pcod_rec"
2072,"ATF",1842330.76421059,691665.456202582,0,"ssp245","F0","WGOA","Rpath","pcod_rec"
2073,"POL",3429640.6196134,2066118.00324309,0,"ssp245","F0","WGOA","Rpath","pcod_rec"
2073,"COD",592938.868387743,131757.866155368,0,"ssp245","F0","WGOA","Rpath","pcod_rec"
2073,"ATF",1843333.35691346,691677.275637899,0,"ssp245","F0","WGOA","Rpath","pcod_rec"
2074,"POL",3436652.338328,2072175.77841407,0,"ssp245","F0","WGOA","Rpath","pcod_rec"
2074,"COD",593533.926950022,136898.824656031,0,"ssp245","F0","WGOA","Rpath","pcod_rec"
2074,"ATF",1846777.02717625,693360.869161375,0,"ssp245","F0","WGOA","Rpath","pcod_rec"
2075,"POL",3435133.11212227,2070926.05744368,0,"ssp245","F0","WGOA","Rpath","pcod_rec"
2075,"COD",591259.572366789,141039.310264753,0,"ssp245","F0","WGOA","Rpath","pcod_rec"
2075,"ATF",1848476.44599373,694364.877116039,0,"ssp245","F0","WGOA","Rpath","pcod_rec"
2076,"POL",3434349.24591361,2069451.34830856,0,"ssp245","F0","WGOA","Rpath","pcod_rec"
2076,"COD",591023.182941249,144526.264960356,0,"ssp245","F0","WGOA","Rpath","pcod_rec"
2076,"ATF",1848372.79246085,694356.688970903,0,"ssp245","F0","WGOA","Rpath","pcod_rec"
2077,"POL",3441384.05165931,2074964.26194917,0,"ssp245","F0","WGOA","Rpath","pcod_rec"
2077,"COD",593332.71382096,147902.322383096,0,"ssp245","F0","WGOA","Rpath","pcod_rec"
2077,"ATF",1849440.85802246,694873.93677986,0,"ssp245","F0","WGOA","Rpath","pcod_rec"
2078,"POL",3444493.24155006,2077979.24184826,0,"ssp245","F0","WGOA","Rpath","pcod_rec"
2078,"COD",594087.801285471,146967.815693833,0,"ssp245","F0","WGOA","Rpath","pcod_rec"
2078,"ATF",1850738.85272953,695475.857476549,0,"ssp245","F0","WGOA","Rpath","pcod_rec"
2079,"POL",3443920.72976999,2077568.15430604,0,"ssp245","F0","WGOA","Rpath","pcod_rec"
2079,"COD",593233.27830128,142693.308738734,0,"ssp245","F0","WGOA","Rpath","pcod_rec"
2079,"ATF",1852144.07776651,696109.379500056,0,"ssp245","F0","WGOA","Rpath","pcod_rec"
2080,"POL",3443093.2866715,2076455.42220202,0,"ssp245","F0","WGOA","Rpath","pcod_rec"
2080,"COD",595043.095591537,139030.821329535,0,"ssp245","F0","WGOA","Rpath","pcod_rec"
2080,"ATF",1853186.08890389,696539.593984782,0,"ssp245","F0","WGOA","Rpath","pcod_rec"
2081,"POL",3446351.35157878,2078518.79681777,0,"ssp245","F0","WGOA","Rpath","pcod_rec"
2081,"COD",596449.567100137,136258.202952539,0,"ssp245","F0","WGOA","Rpath","pcod_rec"
2081,"ATF",1853917.66481278,696710.871478533,0,"ssp245","F0","WGOA","Rpath","pcod_rec"
2082,"POL",3440520.291379,2072859.98368935,0,"ssp245","F0","WGOA","Rpath","pcod_rec"
2082,"COD",592542.765373014,133014.858660038,0,"ssp245","F0","WGOA","Rpath","pcod_rec"
2082,"ATF",1852297.28973782,695642.585173627,0,"ssp245","F0","WGOA","Rpath","pcod_rec"
2083,"POL",3438414.95673334,2068937.37499203,0,"ssp245","F0","WGOA","Rpath","pcod_rec"
2083,"COD",590236.268320314,133780.239612982,0,"ssp245","F0","WGOA","Rpath","pcod_rec"
2083,"ATF",1848944.68534874,693473.481087872,0,"ssp245","F0","WGOA","Rpath","pcod_rec"
2084,"POL",3445892.40782425,2074345.70997711,0,"ssp245","F0","WGOA","Rpath","pcod_rec"
2084,"COD",589739.368798987,140786.341821659,0,"ssp245","F0","WGOA","Rpath","pcod_rec"
2084,"ATF",1848339.90541467,692787.644920057,0,"ssp245","F0","WGOA","Rpath","pcod_rec"
2085,"POL",3448340.22013164,2076713.45999035,0,"ssp245","F0","WGOA","Rpath","pcod_rec"
2085,"COD",586884.09989356,147640.528633697,0,"ssp245","F0","WGOA","Rpath","pcod_rec"
2085,"ATF",1848960.30878568,692977.603027522,0,"ssp245","F0","WGOA","Rpath","pcod_rec"
2086,"POL",3448696.44548514,2077156.30870463,0,"ssp245","F0","WGOA","Rpath","pcod_rec"
2086,"COD",584407.57280274,152108.202851084,0,"ssp245","F0","WGOA","Rpath","pcod_rec"
2086,"ATF",1849774.47324519,693441.483796549,0,"ssp245","F0","WGOA","Rpath","pcod_rec"
2087,"POL",3451209.02693002,2079298.57156713,0,"ssp245","F0","WGOA","Rpath","pcod_rec"
2087,"COD",582444.72614882,156619.744281141,0,"ssp245","F0","WGOA","Rpath","pcod_rec"
2087,"ATF",1850887.91292567,694223.766575158,0,"ssp245","F0","WGOA","Rpath","pcod_rec"
2088,"POL",3448116.26289169,2075991.64748854,0,"ssp245","F0","WGOA","Rpath","pcod_rec"
2088,"COD",578036.777974288,155113.793765868,0,"ssp245","F0","WGOA","Rpath","pcod_rec"
2088,"ATF",1849216.17565337,693521.704984304,0,"ssp245","F0","WGOA","Rpath","pcod_rec"
2089,"POL",3443458.56683664,2070045.9534569,0,"ssp245","F0","WGOA","Rpath","pcod_rec"
2089,"COD",572567.58881411,149427.726875423,0,"ssp245","F0","WGOA","Rpath","pcod_rec"
2089,"ATF",1844656.54185828,690992.672778512,0,"ssp245","F0","WGOA","Rpath","pcod_rec"
2090,"POL",3447185.25156249,2071316.60640464,0,"ssp245","F0","WGOA","Rpath","pcod_rec"
2090,"COD",570776.024358445,146576.415243376,0,"ssp245","F0","WGOA","Rpath","pcod_rec"
2090,"ATF",1842061.6401987,689296.421488274,0,"ssp245","F0","WGOA","Rpath","pcod_rec"
2091,"POL",3458200.46764373,2080278.42452615,0,"ssp245","F0","WGOA","Rpath","pcod_rec"
2091,"COD",569484.913841508,147416.765807536,0,"ssp245","F0","WGOA","Rpath","pcod_rec"
2091,"ATF",1844212.37599361,690332.638327321,0,"ssp245","F0","WGOA","Rpath","pcod_rec"
2092,"POL",3458169.87579468,2080776.7130647,0,"ssp245","F0","WGOA","Rpath","pcod_rec"
2092,"COD",565127.992227404,149210.382715081,0,"ssp245","F0","WGOA","Rpath","pcod_rec"
2092,"ATF",1846770.63680983,691991.05597569,0,"ssp245","F0","WGOA","Rpath","pcod_rec"
2093,"POL",3459817.13546518,2081540.44995675,0,"ssp245","F0","WGOA","Rpath","pcod_rec"
2093,"COD",563346.302914037,153361.673355421,0,"ssp245","F0","WGOA","Rpath","pcod_rec"
2093,"ATF",1848350.95020665,693242.674658623,0,"ssp245","F0","WGOA","Rpath","pcod_rec"
2094,"POL",3463699.08802673,2084507.18916351,0,"ssp245","F0","WGOA","Rpath","pcod_rec"
2094,"COD",562025.977369307,157222.657957364,0,"ssp245","F0","WGOA","Rpath","pcod_rec"
2094,"ATF",1849887.12384874,694501.920266968,0,"ssp245","F0","WGOA","Rpath","pcod_rec"
2095,"POL",3462087.80736024,2083406.51049386,0,"ssp245","F0","WGOA","Rpath","pcod_rec"
2095,"COD",561773.254951621,156119.204464239,0,"ssp245","F0","WGOA","Rpath","pcod_rec"
2095,"ATF",1850162.26745072,695063.416518187,0,"ssp245","F0","WGOA","Rpath","pcod_rec"
2096,"POL",3469035.16932065,2089564.86681311,0,"ssp245","F0","WGOA","Rpath","pcod_rec"
2096,"COD",565426.503878013,153068.098271058,0,"ssp245","F0","WGOA","Rpath","pcod_rec"
2096,"ATF",1852182.92807544,696371.312740068,0,"ssp245","F0","WGOA","Rpath","pcod_rec"
2097,"POL",3471234.22185432,2092516.46558787,0,"ssp245","F0","WGOA","Rpath","pcod_rec"
2097,"COD",567495.257580359,149463.526715852,0,"ssp245","F0","WGOA","Rpath","pcod_rec"
2097,"ATF",1854771.69891419,697947.492075931,0,"ssp245","F0","WGOA","Rpath","pcod_rec"
2098,"POL",3463167.1420206,2085784.2690909,0,"ssp245","F0","WGOA","Rpath","pcod_rec"
2098,"COD",570290.984458613,141215.208986212,0,"ssp245","F0","WGOA","Rpath","pcod_rec"
2098,"ATF",1854166.68428229,697494.025570107,0,"ssp245","F0","WGOA","Rpath","pcod_rec"
2099,"POL",3472982.66715811,2093555.96707017,0,"ssp245","F0","WGOA","Rpath","pcod_rec"
2099,"COD",578189.386503129,134991.493420068,0,"ssp245","F0","WGOA","Rpath","pcod_rec"
2099,"ATF",1856173.47275946,698232.641346533,0,"ssp245","F0","WGOA","Rpath","pcod_rec"
1991,"POL",2884927.16511783,1690895.40603404,87828.010002781,"ssp585","F0","WGOA","Rpath","pcod_rec"
1991,"COD",399280.293878193,93224.2373585632,64466.829990571,"ssp585","F0","WGOA","Rpath","pcod_rec"
1991,"ATF",1554327.80462664,597326.97740596,16958.380011156,"ssp585","F0","WGOA","Rpath","pcod_rec"
1992,"POL",2892495.91324268,1696087.27813365,90585.189961806,"ssp585","F0","WGOA","Rpath","pcod_rec"
1992,"COD",371842.900083054,88999.2287874369,78966.500089317,"ssp585","F0","WGOA","Rpath","pcod_rec"
1992,"ATF",1551901.37581743,598021.211707819,20482.180062468,"ssp585","F0","WGOA","Rpath","pcod_rec"
1993,"POL",2886917.46017875,1690078.21042351,108230.180085742,"ssp585","F0","WGOA","Rpath","pcod_rec"
1993,"COD",375328.175429555,91984.46817467,45849.170066118,"ssp585","F0","WGOA","Rpath","pcod_rec"
1993,"ATF",1551566.34683954,599298.159270716,18294.449920618,"ssp585","F0","WGOA","Rpath","pcod_rec"
1994,"POL",2891612.89701311,1691340.87032149,100412.359942985,"ssp585","F0","WGOA","Rpath","pcod_rec"
1994,"COD",374238.505424238,92168.0244909248,45610.579965874,"ssp585","F0","WGOA","Rpath","pcod_rec"
1994,"ATF",1547453.431915,598480.508802417,21993.239976229,"ssp585","F0","WGOA","Rpath","pcod_rec"
1995,"POL",2920445.2429594,1709974.75171492,69168.129925675,"ssp585","F0","WGOA","Rpath","pcod_rec"
1995,"COD",354241.118245692,88060.9264831689,67907.179992219,"ssp585","F0","WGOA","Rpath","pcod_rec"
1995,"ATF",1548788.07321952,599203.455585779,17415.490044603,"ssp585","F0","WGOA","Rpath","pcod_rec"
1996,"POL",2949537.49989699,1727520.76771419,49825.8700384,"ssp585","F0","WGOA","Rpath","pcod_rec"
1996,"COD",348901.269856949,89289.8998161644,55391.660096973,"ssp585","F0","WGOA","Rpath","pcod_rec"
1996,"ATF",1545296.54167072,597141.15385086,21555.609900557,"ssp585","F0","WGOA","Rpath","pcod_rec"
1997,"POL",2946193.76182491,1722365.56372477,84179.649971753,"ssp585","F0","WGOA","Rpath","pcod_rec"
1997,"COD",339607.871812025,88455.8466619866,58920.579990637,"ssp585","F0","WGOA","Rpath","pcod_rec"
1997,"ATF",1547340.93937387,596389.731746862,14758.279890696,"ssp585","F0","WGOA","Rpath","pcod_rec"
1998,"POL",3007840.54757787,1762267.82292695,5428.379997642,"ssp585","F0","WGOA","Rpath","pcod_rec"
1998,"COD",338402.008126062,87897.0996300377,50218.950113863,"ssp585","F0","WGOA","Rpath","pcod_rec"
1998,"ATF",1552042.17068945,596282.511778416,12377.190009373,"ssp585","F0","WGOA","Rpath","pcod_rec"
1999,"POL",2993956.26360435,1751820.3586859,90556.900062537,"ssp585","F0","WGOA","Rpath","pcod_rec"
1999,"COD",323385.504513683,83134.3281978233,66264.67009813,"ssp585","F0","WGOA","Rpath","pcod_rec"
1999,"ATF",1556822.57219736,596729.653748177,14649.229924965,"ssp585","F0","WGOA","Rpath","pcod_rec"
2000,"POL",3049484.66889728,1789601.2235707,5552.830105466,"ssp585","F0","WGOA","Rpath","pcod_rec"
2000,"COD",321234.70478313,82993.6306736087,53384.869944958,"ssp585","F0","WGOA","Rpath","pcod_rec"
2000,"ATF",1555589.60333769,595731.530286997,22993.75009338,"ssp585","F0","WGOA","Rpath","pcod_rec"
2001,"POL",3082953.38628358,1808450.38491623,3452.299978517,"ssp585","F0","WGOA","Rpath","pcod_rec"
2001,"COD",327836.052151014,85350.6677932879,40517.409954733,"ssp585","F0","WGOA","Rpath","pcod_rec"
2001,"ATF",1559150.39699574,597017.281545479,17416.199986059,"ssp585","F0","WGOA","Rpath","pcod_rec"
2002,"POL",3117695.91098478,1828996.8919311,1698.029945361,"ssp585","F0","WGOA","Rpath","pcod_rec"
2002,"COD",329657.199807253,86672.396799144,41567.989960821,"ssp585","F0","WGOA","Rpath","pcod_rec"
2002,"ATF",1561074.36729579,598208.760306624,20173.560012907,"ssp585","F0","WGOA","Rpath","pcod_rec"
2003,"POL",3105660.59060301,1817041.08768011,48590.077011908,"ssp585","F0","WGOA","Rpath","pcod_rec"
2003,"COD",321002.232869284,86072.6548698382,52365.755088864,"ssp585","F0","WGOA","Rpath","pcod_rec"
2003,"ATF",1552272.45436907,595288.634146958,30169.771891001,"ssp585","F0","WGOA","Rpath","pcod_rec"
2004,"POL",3100496.17999595,1811816.72016729,62434.439922489,"ssp585","F0","WGOA","Rpath","pcod_rec"
2004,"COD",310907.346053104,86861.6844619175,56450.241969657,"ssp585","F0","WGOA","Rpath","pcod_rec"
2004,"ATF",1557805.52630999,597533.747722124,15634.908041003,"ssp585","F0","WGOA","Rpath","pcod_rec"
2005,"POL",3085140.75609541,1801622.59658072,78302.791927256,"ssp585","F0","WGOA","Rpath","pcod_rec"
2005,"COD",308747.712383036,89355.0329510825,47523.779925577,"ssp585","F0","WGOA","Rpath","pcod_rec"
2005,"ATF",1557456.93296847,596651.527725103,19923.573051558,"ssp585","F0","WGOA","Rpath","pcod_rec"
2006,"POL",3088115.70042571,1805154.79373703,68928.307992488,"ssp585","F0","WGOA","Rpath","pcod_rec"
2006,"COD",305285.425387622,89662.8420266119,47767.079961499,"ssp585","F0","WGOA","Rpath","pcod_rec"
2006,"ATF",1552052.55675712,593803.972010943,27622.698918064,"ssp585","F0","WGOA","Rpath","pcod_rec"
2007,"POL",3108388.6659623,1820162.18935033,51572.307003871,"ssp585","F0","WGOA","Rpath","pcod_rec"
2007,"COD",298656.827987615,86970.5841575916,51812.178003779,"ssp585","F0","WGOA","Rpath","pcod_rec"
2007,"ATF",1552833.11070127,593773.096946291,25346.986980543,"ssp585","F0","WGOA","Rpath","pcod_rec"
2008,"POL",3122657.32782491,1829614.82622622,50786.206014733,"ssp585","F0","WGOA","Rpath","pcod_rec"
2008,"COD",288014.19715692,83738.4257426123,58386.384025578,"ssp585","F0","WGOA","Rpath","pcod_rec"
2008,"ATF",1551453.5168298,592951.977723493,29205.939969489,"ssp585","F0","WGOA","Rpath","pcod_rec"
2009,"POL",3143273.39859891,1841984.8200306,41549.503075916,"ssp585","F0","WGOA","Rpath","pcod_rec"
2009,"COD",284535.848347064,83301.5655360441,51788.980009351,"ssp585","F0","WGOA","Rpath","pcod_rec"
2009,"ATF",1555113.02563569,594046.266118116,24831.742038702,"ssp585","F0","WGOA","Rpath","pcod_rec"
2010,"POL",3136117.03112817,1835292.14585186,73443.384226643,"ssp585","F0","WGOA","Rpath","pcod_rec"
2010,"COD",260387.074378808,76717.5680514182,76954.154598455,"ssp585","F0","WGOA","Rpath","pcod_rec"
2010,"ATF",1558263.17274182,594362.564843561,24339.446470918,"ssp585","F0","WGOA","Rpath","pcod_rec"
2011,"POL",3141056.08768375,1838289.75061505,77694.479623666,"ssp585","F0","WGOA","Rpath","pcod_rec"
2011,"COD",234318.516143285,69543.3060352226,83710.475394165,"ssp585","F0","WGOA","Rpath","pcod_rec"
2011,"ATF",1557071.61028742,592792.103233455,30911.821764055,"ssp585","F0","WGOA","Rpath","pcod_rec"
2012,"POL",3133568.47204365,1833854.71164897,98934.691224094,"ssp585","F0","WGOA","Rpath","pcod_rec"
2012,"COD",216652.39880077,64116.8215124414,76871.109994854,"ssp585","F0","WGOA","Rpath","pcod_rec"
2012,"ATF",1567597.98995377,595605.767059271,20761.909908427,"ssp585","F0","WGOA","Rpath","pcod_rec"
2013,"POL",3129803.3271359,1832301.64727678,90796.631609659,"ssp585","F0","WGOA","Rpath","pcod_rec"
2013,"COD",207097.746004189,61173.0549874287,66829.781618954,"ssp585","F0","WGOA","Rpath","pcod_rec"
2013,"ATF",1575636.64297929,596480.791969859,21809.3123161,"ssp585","F0","WGOA","Rpath","pcod_rec"
2014,"POL",3087331.43236134,1803398.13573914,138948.061996125,"ssp585","F0","WGOA","Rpath","pcod_rec"
2014,"COD",180191.44732662,54326.1747660013,83491.72820457,"ssp585","F0","WGOA","Rpath","pcod_rec"
2014,"ATF",1567912.16262094,590069.752717628,36524.501530691,"ssp585","F0","WGOA","Rpath","pcod_rec"
2015,"POL",3045526.28555765,1775739.07919012,162807.64603073,"ssp585","F0","WGOA","Rpath","pcod_rec"
2015,"COD",157932.722055918,48934.4411406065,77689.992014231,"ssp585","F0","WGOA","Rpath","pcod_rec"
2015,"ATF",1577268.81804826,588791.535950363,19296.587221708,"ssp585","F0","WGOA","Rpath","pcod_rec"
2016,"POL",3007798.29217938,1753763.79832681,173086.352394527,"ssp585","F0","WGOA","Rpath","pcod_rec"
2016,"COD",147656.615382295,47339.0097704077,62867.327429592,"ssp585","F0","WGOA","Rpath","pcod_rec"
2016,"ATF",1586289.94323646,586210.878732567,19976.294186812,"ssp585","F0","WGOA","Rpath","pcod_rec"
2017,"POL",2976739.35759481,1738811.22499638,184220.028529305,"ssp585","F0","WGOA","Rpath","pcod_rec"
2017,"COD",147736.144697943,50239.6743054142,48204.214674581,"ssp585","F0","WGOA","Rpath","pcod_rec"
2017,"ATF",1591593.27599985,581990.660087748,27053.508990172,"ssp585","F0","WGOA","Rpath","pcod_rec"
2018,"POL",2968841.33230651,1740812.46211736,150815.192171791,"ssp585","F0","WGOA","Rpath","pcod_rec"
2018,"COD",174522.229212124,61112.9039308985,14681.29819652,"ssp585","F0","WGOA","Rpath","pcod_rec"
2018,"ATF",1607270.2111573,582229.748408732,18870.25094355,"ssp585","F0","WGOA","Rpath","pcod_rec"
2019,"POL",2976191.20523764,1750709.51749398,110649.271555557,"ssp585","F0","WGOA","Rpath","pcod_rec"
2019,"COD",197788.813002527,66355.8766877763,15200.420583165,"ssp585","F0","WGOA","Rpath","pcod_rec"
2019,"ATF",1614692.32773615,580069.536802079,24567.051964421,"ssp585","F0","WGOA","Rpath","pcod_rec"
2020,"POL",2989817.05917328,1764764.68129275,99971.064888454,"ssp585","F0","WGOA","Rpath","pcod_rec"
2020,"COD",228008.227043977,75553.8835635291,6085.249338733,"ssp585","F0","WGOA","Rpath","pcod_rec"
2020,"ATF",1626339.56280138,581529.231463313,21115.899302007,"ssp585","F0","WGOA","Rpath","pcod_rec"
2021,"POL",3000119.07204116,1776590.56731909,93869.858770329,"ssp585","F0","WGOA","Rpath","pcod_rec"
2021,"COD",245580.758224236,80221.1304172717,18686.812307248,"ssp585","F0","WGOA","Rpath","pcod_rec"
2021,"ATF",1647798.11381184,589127.809346694,9846.300133144,"ssp585","F0","WGOA","Rpath","pcod_rec"
2022,"POL",2974597.09186783,1762537.72622086,123494.034078862,"ssp585","F0","WGOA","Rpath","pcod_rec"
2022,"COD",259688.552613691,80822.686496162,25387.705315903,"ssp585","F0","WGOA","Rpath","pcod_rec"
2022,"ATF",1661918.54095683,596007.930463518,11531.831681252,"ssp585","F0","WGOA","Rpath","pcod_rec"
2023,"POL",2960399.28517044,1756385.38454542,124964.845430032,"ssp585","F0","WGOA","Rpath","pcod_rec"
2023,"COD",278382.03358914,81008.758389426,21018.296907485,"ssp585","F0","WGOA","Rpath","pcod_rec"
2023,"ATF",1675290.78106171,604738.300243482,9114.887408711,"ssp585","F0","WGOA","Rpath","pcod_rec"
2024,"POL",3038634.66626892,1813671.70546225,0,"ssp585","F0","WGOA","Rpath","pcod_rec"
2024,"COD",313889.700935093,87088.4695529194,0,"ssp585","F0","WGOA","Rpath","pcod_rec"
2024,"ATF",1696253.4978281,618233.353531842,0,"ssp585","F0","WGOA","Rpath","pcod_rec"
2025,"POL",3075884.62831175,1838808.23967768,0,"ssp585","F0","WGOA","Rpath","pcod_rec"
2025,"COD",343858.783497487,92550.0200871486,0,"ssp585","F0","WGOA","Rpath","pcod_rec"
2025,"ATF",1712337.169602,630209.296895966,0,"ssp585","F0","WGOA","Rpath","pcod_rec"
2026,"POL",3097488.14987232,1852152.78072748,0,"ssp585","F0","WGOA","Rpath","pcod_rec"
2026,"COD",369283.855650761,98797.0128000698,0,"ssp585","F0","WGOA","Rpath","pcod_rec"
2026,"ATF",1723816.04010353,639702.610485823,0,"ssp585","F0","WGOA","Rpath","pcod_rec"
2027,"POL",3119305.63409946,1865610.20649674,0,"ssp585","F0","WGOA","Rpath","pcod_rec"
2027,"COD",391322.05219636,105566.547643899,0,"ssp585","F0","WGOA","Rpath","pcod_rec"
2027,"ATF",1732717.51578899,646774.650581691,0,"ssp585","F0","WGOA","Rpath","pcod_rec"
2028,"POL",3128997.4338455,1871885.14905273,0,"ssp585","F0","WGOA","Rpath","pcod_rec"
2028,"COD",410129.686526672,111339.710860901,0,"ssp585","F0","WGOA","Rpath","pcod_rec"
2028,"ATF",1739756.84441203,651833.207093467,0,"ssp585","F0","WGOA","Rpath","pcod_rec"
2029,"POL",3134960.2129215,1875373.35681742,0,"ssp585","F0","WGOA","Rpath","pcod_rec"
2029,"COD",427190.023914341,115353.841763505,0,"ssp585","F0","WGOA","Rpath","pcod_rec"
2029,"ATF",1743874.03671237,654192.048857192,0,"ssp585","F0","WGOA","Rpath","pcod_rec"
2030,"POL",3141777.34291817,1880613.06874632,0,"ssp585","F0","WGOA","Rpath","pcod_rec"
2030,"COD",441499.302060143,119737.473910666,0,"ssp585","F0","WGOA","Rpath","pcod_rec"
2030,"ATF",1747726.06044375,655342.302007572,0,"ssp585","F0","WGOA","Rpath","pcod_rec"
2031,"POL",3142603.7897328,1881574.28608505,0,"ssp585","F0","WGOA","Rpath","pcod_rec"
2031,"COD",452525.758291029,123023.446612969,0,"ssp585","F0","WGOA","Rpath","pcod_rec"
2031,"ATF",1750186.3449938,654948.65802998,0,"ssp585","F0","WGOA","Rpath","pcod_rec"
2032,"POL",3143587.40425712,1882191.42983868,0,"ssp585","F0","WGOA","Rpath","pcod_rec"
2032,"COD",462116.166400135,126161.610006813,0,"ssp585","F0","WGOA","Rpath","pcod_rec"
2032,"ATF",1751725.18081692,653624.022797381,0,"ssp585","F0","WGOA","Rpath","pcod_rec"
2033,"POL",3150154.95648336,1888150.90544782,0,"ssp585","F0","WGOA","Rpath","pcod_rec"
2033,"COD",472092.124113682,129195.571200627,0,"ssp585","F0","WGOA","Rpath","pcod_rec"
2033,"ATF",1755286.52198439,653614.030401829,0,"ssp585","F0","WGOA","Rpath","pcod_rec"
2034,"POL",3159641.82441253,1896911.31313019,0,"ssp585","F0","WGOA","Rpath","pcod_rec"
2034,"COD",480979.962121454,132427.130958023,0,"ssp585","F0","WGOA","Rpath","pcod_rec"
2034,"ATF",1760689.0275443,655232.056799004,0,"ssp585","F0","WGOA","Rpath","pcod_rec"
2035,"POL",3167659.89288407,1904464.62685466,0,"ssp585","F0","WGOA","Rpath","pcod_rec"
2035,"COD",488618.502149303,135013.303654632,0,"ssp585","F0","WGOA","Rpath","pcod_rec"
2035,"ATF",1766996.31607732,658214.228309809,0,"ssp585","F0","WGOA","Rpath","pcod_rec"
2036,"POL",3165226.0983397,1902966.9204805,0,"ssp585","F0","WGOA","Rpath","pcod_rec"
2036,"COD",495141.380310059,135910.627561598,0,"ssp585","F0","WGOA","Rpath","pcod_rec"
2036,"ATF",1770494.60565704,660370.497609891,0,"ssp585","F0","WGOA","Rpath","pcod_rec"
2037,"POL",3161544.46966561,1898669.07906093,0,"ssp585","F0","WGOA","Rpath","pcod_rec"
2037,"COD",499861.222253058,134582.291673899,0,"ssp585","F0","WGOA","Rpath","pcod_rec"
2037,"ATF",1769985.99962474,660519.454084445,0,"ssp585","F0","WGOA","Rpath","pcod_rec"
2038,"POL",3165157.67923586,1899448.15357983,0,"ssp585","F0","WGOA","Rpath","pcod_rec"
2038,"COD",504893.727858771,132703.099125727,0,"ssp585","F0","WGOA","Rpath","pcod_rec"
2038,"ATF",1768370.99554778,659827.391972563,0,"ssp585","F0","WGOA","Rpath","pcod_rec"
2039,"POL",3176732.66746002,1908086.99627238,0,"ssp585","F0","WGOA","Rpath","pcod_rec"
2039,"COD",510072.562234759,133291.929885092,0,"ssp585","F0","WGOA","Rpath","pcod_rec"
2039,"ATF",1770130.55242188,660901.589418194,0,"ssp585","F0","WGOA","Rpath","pcod_rec"
2040,"POL",3183538.35827522,1913153.91039714,0,"ssp585","F0","WGOA","Rpath","pcod_rec"
2040,"COD",514803.328226746,135516.435085964,0,"ssp585","F0","WGOA","Rpath","pcod_rec"
2040,"ATF",1772461.67808322,662281.440066502,0,"ssp585","F0","WGOA","Rpath","pcod_rec"
2041,"POL",3195155.06112452,1921439.92960138,0,"ssp585","F0","WGOA","Rpath","pcod_rec"
2041,"COD",520632.351356597,138464.803986876,0,"ssp585","F0","WGOA","Rpath","pcod_rec"
2041,"ATF",1775447.45255201,663909.207071037,0,"ssp585","F0","WGOA","Rpath","pcod_rec"
2042,"POL",3201730.4736396,1925532.91284515,0,"ssp585","F0","WGOA","Rpath","pcod_rec"
2042,"COD",524367.637410072,140392.981421032,0,"ssp585","F0","WGOA","Rpath","pcod_rec"
2042,"ATF",1777400.19213398,664945.958734452,0,"ssp585","F0","WGOA","Rpath","pcod_rec"
2043,"POL",3206324.33349124,1926923.48711501,0,"ssp585","F0","WGOA","Rpath","pcod_rec"
2043,"COD",526491.305063868,139031.178290234,0,"ssp585","F0","WGOA","Rpath","pcod_rec"
2043,"ATF",1777721.45503877,664986.083720208,0,"ssp585","F0","WGOA","Rpath","pcod_rec"
2044,"POL",3213776.0904693,1930127.69585035,0,"ssp585","F0","WGOA","Rpath","pcod_rec"
2044,"COD",530222.028670914,136835.88854912,0,"ssp585","F0","WGOA","Rpath","pcod_rec"
2044,"ATF",1777440.70392258,664591.810231205,0,"ssp585","F0","WGOA","Rpath","pcod_rec"
2045,"POL",3228373.29329342,1939658.71156215,0,"ssp585","F0","WGOA","Rpath","pcod_rec"
2045,"COD",535789.679223523,136386.922930108,0,"ssp585","F0","WGOA","Rpath","pcod_rec"
2045,"ATF",1778705.65404689,664933.904149423,0,"ssp585","F0","WGOA","Rpath","pcod_rec"
2046,"POL",3247685.54131244,1954274.85708955,0,"ssp585","F0","WGOA","Rpath","pcod_rec"
2046,"COD",541525.264665889,136408.932640912,0,"ssp585","F0","WGOA","Rpath","pcod_rec"
2046,"ATF",1783794.19566665,667492.279359958,0,"ssp585","F0","WGOA","Rpath","pcod_rec"
2047,"POL",3261592.23740853,1964752.05620056,0,"ssp585","F0","WGOA","Rpath","pcod_rec"
2047,"COD",546800.150626544,137228.198269317,0,"ssp585","F0","WGOA","Rpath","pcod_rec"
2047,"ATF",1790156.77911652,671127.350106115,0,"ssp585","F0","WGOA","Rpath","pcod_rec"
2048,"POL",3268649.80049357,1968867.70592404,0,"ssp585","F0","WGOA","Rpath","pcod_rec"
2048,"COD",550569.632561588,137006.77552638,0,"ssp585","F0","WGOA","Rpath","pcod_rec"
2048,"ATF",1794766.30858349,674022.645180985,0,"ssp585","F0","WGOA","Rpath","pcod_rec"
2049,"POL",3269750.83575298,1966873.06949435,0,"ssp585","F0","WGOA","Rpath","pcod_rec"
2049,"COD",553078.36847659,134235.635908148,0,"ssp585","F0","WGOA","Rpath","pcod_rec"
2049,"ATF",1795388.12773299,674652.201422999,0,"ssp585","F0","WGOA","Rpath","pcod_rec"
2050,"POL",3280322.40978013,1972146.61644894,0,"ssp585","F0","WGOA","Rpath","pcod_rec"
2050,"COD",557096.936294569,131724.297695791,0,"ssp585","F0","WGOA","Rpath","pcod_rec"
2050,"ATF",1795564.68945912,674592.563116931,0,"ssp585","F0","WGOA","Rpath","pcod_rec"
2051,"POL",3294081.14657532,1981602.80010665,0,"ssp585","F0","WGOA","Rpath","pcod_rec"
2051,"COD",561155.264625822,132060.070346024,0,"ssp585","F0","WGOA","Rpath","pcod_rec"
2051,"ATF",1797891.18073659,675514.660034725,0,"ssp585","F0","WGOA","Rpath","pcod_rec"
2052,"POL",3305235.84035766,1989316.82501075,0,"ssp585","F0","WGOA","Rpath","pcod_rec"
2052,"COD",563551.347876078,134486.489873235,0,"ssp585","F0","WGOA","Rpath","pcod_rec"
2052,"ATF",1800961.64228144,676726.099853018,0,"ssp585","F0","WGOA","Rpath","pcod_rec"
2053,"POL",3311846.37292297,1992753.51772729,0,"ssp585","F0","WGOA","Rpath","pcod_rec"
2053,"COD",564140.866036886,137481.004228557,0,"ssp585","F0","WGOA","Rpath","pcod_rec"
2053,"ATF",1802979.44583798,677242.543646159,0,"ssp585","F0","WGOA","Rpath","pcod_rec"
2054,"POL",3319757.44108048,1996439.78578552,0,"ssp585","F0","WGOA","Rpath","pcod_rec"
2054,"COD",564349.418858249,140311.422090964,0,"ssp585","F0","WGOA","Rpath","pcod_rec"
2054,"ATF",1804044.27352614,677039.484582401,0,"ssp585","F0","WGOA","Rpath","pcod_rec"
2055,"POL",3329547.62803963,2002679.01697857,0,"ssp585","F0","WGOA","Rpath","pcod_rec"
2055,"COD",566209.71323949,141717.708470605,0,"ssp585","F0","WGOA","Rpath","pcod_rec"
2055,"ATF",1806175.76652701,677496.806815814,0,"ssp585","F0","WGOA","Rpath","pcod_rec"
2056,"POL",3341381.60483422,2010550.28345048,0,"ssp585","F0","WGOA","Rpath","pcod_rec"
2056,"COD",568142.506488338,142947.121994573,0,"ssp585","F0","WGOA","Rpath","pcod_rec"
2056,"ATF",1808494.57532128,678153.468077982,0,"ssp585","F0","WGOA","Rpath","pcod_rec"
2057,"POL",3349571.34224433,2016310.13106719,0,"ssp585","F0","WGOA","Rpath","pcod_rec"
2057,"COD",569866.364211901,143429.266541149,0,"ssp585","F0","WGOA","Rpath","pcod_rec"
2057,"ATF",1811487.51134134,679411.609441124,0,"ssp585","F0","WGOA","Rpath","pcod_rec"
2058,"POL",3357392.74076439,2020970.14525094,0,"ssp585","F0","WGOA","Rpath","pcod_rec"
2058,"COD",571410.338727524,143134.339847794,0,"ssp585","F0","WGOA","Rpath","pcod_rec"
2058,"ATF",1813464.91675212,680164.473028724,0,"ssp585","F0","WGOA","Rpath","pcod_rec"
2059,"POL",3360774.9684565,2022024.48740437,0,"ssp585","F0","WGOA","Rpath","pcod_rec"
2059,"COD",572691.753741659,140794.155628645,0,"ssp585","F0","WGOA","Rpath","pcod_rec"
2059,"ATF",1814396.59992437,680372.721367706,0,"ssp585","F0","WGOA","Rpath","pcod_rec"
2060,"POL",3372070.70273299,2029520.75861733,0,"ssp585","F0","WGOA","Rpath","pcod_rec"
2060,"COD",574467.336748194,138069.193837718,0,"ssp585","F0","WGOA","Rpath","pcod_rec"
2060,"ATF",1816902.69027311,681436.853350438,0,"ssp585","F0","WGOA","Rpath","pcod_rec"
2061,"POL",3370431.93133686,2026533.69851878,0,"ssp585","F0","WGOA","Rpath","pcod_rec"
2061,"COD",573683.753593732,135558.88752131,0,"ssp585","F0","WGOA","Rpath","pcod_rec"
2061,"ATF",1816816.85589338,681256.360835334,0,"ssp585","F0","WGOA","Rpath","pcod_rec"
2062,"POL",3381316.39619913,2033128.64224616,0,"ssp585","F0","WGOA","Rpath","pcod_rec"
2062,"COD",575278.8935492,136360.665654423,0,"ssp585","F0","WGOA","Rpath","pcod_rec"
2062,"ATF",1817810.93268374,681400.97856766,0,"ssp585","F0","WGOA","Rpath","pcod_rec"
2063,"POL",3393484.30074913,2042613.93068562,0,"ssp585","F0","WGOA","Rpath","pcod_rec"
2063,"COD",576001.623677925,139236.714484954,0,"ssp585","F0","WGOA","Rpath","pcod_rec"
2063,"ATF",1822513.616713,683839.026873782,0,"ssp585","F0","WGOA","Rpath","pcod_rec"
2064,"POL",3395804.40595557,2044115.48388433,0,"ssp585","F0","WGOA","Rpath","pcod_rec"
2064,"COD",573822.276573414,143196.66889006,0,"ssp585","F0","WGOA","Rpath","pcod_rec"
2064,"ATF",1825792.7126511,685738.716692246,0,"ssp585","F0","WGOA","Rpath","pcod_rec"
2065,"POL",3393744.97955554,2039959.86392971,0,"ssp585","F0","WGOA","Rpath","pcod_rec"
2065,"COD",570680.71654157,145066.687045682,0,"ssp585","F0","WGOA","Rpath","pcod_rec"
2065,"ATF",1824611.28241786,684966.142575823,0,"ssp585","F0","WGOA","Rpath","pcod_rec"
2066,"POL",3400875.74783551,2043547.17207936,0,"ssp585","F0","WGOA","Rpath","pcod_rec"
2066,"COD",567749.115426715,148755.559721507,0,"ssp585","F0","WGOA","Rpath","pcod_rec"
2066,"ATF",1823987.96635196,684121.04592286,0,"ssp585","F0","WGOA","Rpath","pcod_rec"
2067,"POL",3403291.04494013,2043930.73704446,0,"ssp585","F0","WGOA","Rpath","pcod_rec"
2067,"COD",563050.661331003,149999.006915633,0,"ssp585","F0","WGOA","Rpath","pcod_rec"
2067,"ATF",1823024.64268925,682911.334846702,0,"ssp585","F0","WGOA","Rpath","pcod_rec"
2068,"POL",3409478.17346102,2047530.37527555,0,"ssp585","F0","WGOA","Rpath","pcod_rec"
2068,"COD",561302.385742668,152229.509359492,0,"ssp585","F0","WGOA","Rpath","pcod_rec"
2068,"ATF",1822789.30126373,681873.844814603,0,"ssp585","F0","WGOA","Rpath","pcod_rec"
2069,"POL",3419895.7666548,2055828.94268798,0,"ssp585","F0","WGOA","Rpath","pcod_rec"
2069,"COD",558482.882016833,156147.614036224,0,"ssp585","F0","WGOA","Rpath","pcod_rec"
2069,"ATF",1825683.47394419,682640.751477402,0,"ssp585","F0","WGOA","Rpath","pcod_rec"
2070,"POL",3420074.11614759,2055314.15243442,0,"ssp585","F0","WGOA","Rpath","pcod_rec"
2070,"COD",553131.339900456,156964.542580936,0,"ssp585","F0","WGOA","Rpath","pcod_rec"
2070,"ATF",1827620.15479106,683082.167336986,0,"ssp585","F0","WGOA","Rpath","pcod_rec"
2071,"POL",3426740.10798782,2060036.02325421,0,"ssp585","F0","WGOA","Rpath","pcod_rec"
2071,"COD",552652.51749171,156228.577535068,0,"ssp585","F0","WGOA","Rpath","pcod_rec"
2071,"ATF",1830614.74954198,684290.03039281,0,"ssp585","F0","WGOA","Rpath","pcod_rec"
2072,"POL",3433031.34070414,2065209.65214894,0,"ssp585","F0","WGOA","Rpath","pcod_rec"
2072,"COD",551525.133556347,156091.824828251,0,"ssp585","F0","WGOA","Rpath","pcod_rec"
2072,"ATF",1834087.73357042,686079.494843741,0,"ssp585","F0","WGOA","Rpath","pcod_rec"
2073,"POL",3429734.11853783,2061698.97795223,0,"ssp585","F0","WGOA","Rpath","pcod_rec"
2073,"COD",546835.976240471,152181.907793607,0,"ssp585","F0","WGOA","Rpath","pcod_rec"
2073,"ATF",1834491.92421439,686286.119121946,0,"ssp585","F0","WGOA","Rpath","pcod_rec"
2074,"POL",3431562.21032605,2061126.64124587,0,"ssp585","F0","WGOA","Rpath","pcod_rec"
2074,"COD",542777.785250018,149364.814637092,0,"ssp585","F0","WGOA","Rpath","pcod_rec"
2074,"ATF",1834157.8829484,685852.933338809,0,"ssp585","F0","WGOA","Rpath","pcod_rec"
2075,"POL",3435049.60264652,2062800.05002094,0,"ssp585","F0","WGOA","Rpath","pcod_rec"
2075,"COD",542265.951703939,150757.821429639,0,"ssp585","F0","WGOA","Rpath","pcod_rec"
2075,"ATF",1834381.58563811,685596.148866741,0,"ssp585","F0","WGOA","Rpath","pcod_rec"
2076,"POL",3445721.33954714,2071859.57342842,0,"ssp585","F0","WGOA","Rpath","pcod_rec"
2076,"COD",544037.939759177,152373.77599819,0,"ssp585","F0","WGOA","Rpath","pcod_rec"
2076,"ATF",1837448.89833962,686744.273026059,0,"ssp585","F0","WGOA","Rpath","pcod_rec"
2077,"POL",3446525.41608297,2073448.34489417,0,"ssp585","F0","WGOA","Rpath","pcod_rec"
2077,"COD",543461.184932925,155074.968476304,0,"ssp585","F0","WGOA","Rpath","pcod_rec"
2077,"ATF",1839890.48723589,687693.208064199,0,"ssp585","F0","WGOA","Rpath","pcod_rec"
2078,"POL",3443890.35069678,2070765.87560791,0,"ssp585","F0","WGOA","Rpath","pcod_rec"
2078,"COD",541811.610735995,155607.287446802,0,"ssp585","F0","WGOA","Rpath","pcod_rec"
2078,"ATF",1840062.6565307,687277.842211553,0,"ssp585","F0","WGOA","Rpath","pcod_rec"
2079,"POL",3444918.16012361,2070695.65702958,0,"ssp585","F0","WGOA","Rpath","pcod_rec"
2079,"COD",541167.96272363,152367.805631753,0,"ssp585","F0","WGOA","Rpath","pcod_rec"
2079,"ATF",1840214.59144348,686781.878138346,0,"ssp585","F0","WGOA","Rpath","pcod_rec"
2080,"POL",3445590.48379036,2070232.04342599,0,"ssp585","F0","WGOA","Rpath","pcod_rec"
2080,"COD",540672.808701583,147270.314267949,0,"ssp585","F0","WGOA","Rpath","pcod_rec"
2080,"ATF",1839797.29335865,685989.733683439,0,"ssp585","F0","WGOA","Rpath","pcod_rec"
2081,"POL",3448425.7171501,2072201.77203044,0,"ssp585","F0","WGOA","Rpath","pcod_rec"
2081,"COD",540367.436291366,143958.178963543,0,"ssp585","F0","WGOA","Rpath","pcod_rec"
2081,"ATF",1840454.49773359,685868.505159813,0,"ssp585","F0","WGOA","Rpath","pcod_rec"
2082,"POL",3447875.29824582,2071254.47262384,0,"ssp585","F0","WGOA","Rpath","pcod_rec"
2082,"COD",539146.255390207,145546.188948553,0,"ssp585","F0","WGOA","Rpath","pcod_rec"
2082,"ATF",1840590.79903002,685633.611278844,0,"ssp585","F0","WGOA","Rpath","pcod_rec"
2083,"POL",3450244.03414826,2072821.60579151,0,"ssp585","F0","WGOA","Rpath","pcod_rec"
2083,"COD",540175.473197405,149800.506261644,0,"ssp585","F0","WGOA","Rpath","pcod_rec"
2083,"ATF",1841139.51870914,685699.467418035,0,"ssp585","F0","WGOA","Rpath","pcod_rec"
2084,"POL",3455965.69045463,2078515.30585393,0,"ssp585","F0","WGOA","Rpath","pcod_rec"
2084,"COD",542307.88680572,153965.529439572,0,"ssp585","F0","WGOA","Rpath","pcod_rec"
2084,"ATF",1843838.69509597,687185.873688007,0,"ssp585","F0","WGOA","Rpath","pcod_rec"
2085,"POL",3455071.47044376,2078437.65769989,0,"ssp585","F0","WGOA","Rpath","pcod_rec"
2085,"COD",540516.327292856,154662.978062242,0,"ssp585","F0","WGOA","Rpath","pcod_rec"
2085,"ATF",1845808.7610141,688495.910645767,0,"ssp585","F0","WGOA","Rpath","pcod_rec"
2086,"POL",3449958.58543954,2073497.79607879,0,"ssp585","F0","WGOA","Rpath","pcod_rec"
2086,"COD",537512.344091735,151202.304698178,0,"ssp585","F0","WGOA","Rpath","pcod_rec"
2086,"ATF",1845859.39732517,688787.724686735,0,"ssp585","F0","WGOA","Rpath","pcod_rec"
2087,"POL",3449015.88147687,2071142.24213488,0,"ssp585","F0","WGOA","Rpath","pcod_rec"
2087,"COD",537107.318011118,148570.582637906,0,"ssp585","F0","WGOA","Rpath","pcod_rec"
2087,"ATF",1844038.53761299,687823.317013342,0,"ssp585","F0","WGOA","Rpath","pcod_rec"
2088,"POL",3452951.77208849,2073358.95490388,0,"ssp585","F0","WGOA","Rpath","pcod_rec"
2088,"COD",535588.420697592,147336.380567495,0,"ssp585","F0","WGOA","Rpath","pcod_rec"
2088,"ATF",1842863.37132039,686883.674188139,0,"ssp585","F0","WGOA","Rpath","pcod_rec"
2089,"POL",3451885.38674202,2072152.85836816,0,"ssp585","F0","WGOA","Rpath","pcod_rec"
2089,"COD",532400.902766442,148665.419421184,0,"ssp585","F0","WGOA","Rpath","pcod_rec"
2089,"ATF",1842213.81490948,686190.96683147,0,"ssp585","F0","WGOA","Rpath","pcod_rec"
2090,"POL",3455704.61210214,2074641.61833659,0,"ssp585","F0","WGOA","Rpath","pcod_rec"
2090,"COD",528306.336181317,154861.725723034,0,"ssp585","F0","WGOA","Rpath","pcod_rec"
2090,"ATF",1843133.97472005,686320.888204814,0,"ssp585","F0","WGOA","Rpath","pcod_rec"
2091,"POL",3453593.01698362,2071692.32305355,0,"ssp585","F0","WGOA","Rpath","pcod_rec"
2091,"COD",522246.067758284,160469.726357882,0,"ssp585","F0","WGOA","Rpath","pcod_rec"
2091,"ATF",1842076.01842674,685444.317587597,0,"ssp585","F0","WGOA","Rpath","pcod_rec"
2092,"POL",3454305.37055561,2070562.46771992,0,"ssp585","F0","WGOA","Rpath","pcod_rec"
2092,"COD",515735.101426115,163711.699759676,0,"ssp585","F0","WGOA","Rpath","pcod_rec"
2092,"ATF",1839934.71146756,683773.632438096,0,"ssp585","F0","WGOA","Rpath","pcod_rec"
2093,"POL",3459374.39212814,2073805.32373323,0,"ssp585","F0","WGOA","Rpath","pcod_rec"
2093,"COD",510260.440149339,167810.702291864,0,"ssp585","F0","WGOA","Rpath","pcod_rec"
2093,"ATF",1839861.88361959,683203.610016458,0,"ssp585","F0","WGOA","Rpath","pcod_rec"
2094,"POL",3463167.21547806,2077300.19372402,0,"ssp585","F0","WGOA","Rpath","pcod_rec"
2094,"COD",507076.840337275,171554.251701468,0,"ssp585","F0","WGOA","Rpath","pcod_rec"
2094,"ATF",1841675.34186412,683870.371804093,0,"ssp585","F0","WGOA","Rpath","pcod_rec"
2095,"POL",3471537.84429259,2085410.45146757,0,"ssp585","F0","WGOA","Rpath","pcod_rec"
2095,"COD",505403.786997612,173604.134426336,0,"ssp585","F0","WGOA","Rpath","pcod_rec"
2095,"ATF",1846298.58822171,686250.928232715,0,"ssp585","F0","WGOA","Rpath","pcod_rec"
2096,"POL",3468903.33261168,2085026.89961926,0,"ssp585","F0","WGOA","Rpath","pcod_rec"
2096,"COD",508033.95765898,170931.159782437,0,"ssp585","F0","WGOA","Rpath","pcod_rec"
2096,"ATF",1849551.08217211,688140.999899743,0,"ssp585","F0","WGOA","Rpath","pcod_rec"
2097,"POL",3478915.46748562,2094825.49462476,0,"ssp585","F0","WGOA","Rpath","pcod_rec"
2097,"COD",514775.852314693,163734.13152595,0,"ssp585","F0","WGOA","Rpath","pcod_rec"
2097,"ATF",1854646.79547221,690905.520606523,0,"ssp585","F0","WGOA","Rpath","pcod_rec"
2098,"POL",3474547.81785446,2093586.02246239,0,"ssp585","F0","WGOA","Rpath","pcod_rec"
2098,"COD",518590.544938958,150729.087740865,0,"ssp585","F0","WGOA","Rpath","pcod_rec"
2098,"ATF",1859251.14152965,693740.951244542,0,"ssp585","F0","WGOA","Rpath","pcod_rec"
2099,"POL",3455654.89055005,2076645.18841739,0,"ssp585","F0","WGOA","Rpath","pcod_rec"
2099,"COD",525740.947371258,135329.065295408,0,"ssp585","F0","WGOA","Rpath","pcod_rec"
2099,"ATF",1854347.94574366,691140.936285989,0,"ssp585","F0","WGOA","Rpath","pcod_rec"
1991,"POL",2884927.16511783,1690895.40603404,87828.010002781,"persistence","Fmean","WGOA","Rpath","pcod_rec"
1991,"COD",399280.293878193,93224.2373585632,64466.829990571,"persistence","Fmean","WGOA","Rpath","pcod_rec"
1991,"ATF",1554327.80462664,597326.97740596,16958.380011156,"persistence","Fmean","WGOA","Rpath","pcod_rec"
1992,"POL",2892495.91324268,1696087.27813365,90585.189961806,"persistence","Fmean","WGOA","Rpath","pcod_rec"
1992,"COD",371842.900083054,88999.2287874369,78966.500089317,"persistence","Fmean","WGOA","Rpath","pcod_rec"
1992,"ATF",1551901.37581743,598021.211707819,20482.180062468,"persistence","Fmean","WGOA","Rpath","pcod_rec"
1993,"POL",2886917.46017875,1690078.21042351,108230.180085742,"persistence","Fmean","WGOA","Rpath","pcod_rec"
1993,"COD",375328.175429555,91984.46817467,45849.170066118,"persistence","Fmean","WGOA","Rpath","pcod_rec"
1993,"ATF",1551566.34683954,599298.159270716,18294.449920618,"persistence","Fmean","WGOA","Rpath","pcod_rec"
1994,"POL",2891612.89701311,1691340.87032149,100412.359942985,"persistence","Fmean","WGOA","Rpath","pcod_rec"
1994,"COD",374238.505424238,92168.0244909248,45610.579965874,"persistence","Fmean","WGOA","Rpath","pcod_rec"
1994,"ATF",1547453.431915,598480.508802417,21993.239976229,"persistence","Fmean","WGOA","Rpath","pcod_rec"
1995,"POL",2920445.2429594,1709974.75171492,69168.129925675,"persistence","Fmean","WGOA","Rpath","pcod_rec"
1995,"COD",354241.118245692,88060.9264831689,67907.179992219,"persistence","Fmean","WGOA","Rpath","pcod_rec"
1995,"ATF",1548788.07321952,599203.455585779,17415.490044603,"persistence","Fmean","WGOA","Rpath","pcod_rec"
1996,"POL",2949537.49989699,1727520.76771419,49825.8700384,"persistence","Fmean","WGOA","Rpath","pcod_rec"
1996,"COD",348901.269856949,89289.8998161644,55391.660096973,"persistence","Fmean","WGOA","Rpath","pcod_rec"
1996,"ATF",1545296.54167072,597141.15385086,21555.609900557,"persistence","Fmean","WGOA","Rpath","pcod_rec"
1997,"POL",2946193.76182491,1722365.56372477,84179.649971753,"persistence","Fmean","WGOA","Rpath","pcod_rec"
1997,"COD",339607.871812025,88455.8466619866,58920.579990637,"persistence","Fmean","WGOA","Rpath","pcod_rec"
1997,"ATF",1547340.93937387,596389.731746862,14758.279890696,"persistence","Fmean","WGOA","Rpath","pcod_rec"
1998,"POL",3007840.54757787,1762267.82292695,5428.379997642,"persistence","Fmean","WGOA","Rpath","pcod_rec"
1998,"COD",338402.008126062,87897.0996300377,50218.950113863,"persistence","Fmean","WGOA","Rpath","pcod_rec"
1998,"ATF",1552042.17068945,596282.511778416,12377.190009373,"persistence","Fmean","WGOA","Rpath","pcod_rec"
1999,"POL",2993956.26360435,1751820.3586859,90556.900062537,"persistence","Fmean","WGOA","Rpath","pcod_rec"
1999,"COD",323385.504513683,83134.3281978233,66264.67009813,"persistence","Fmean","WGOA","Rpath","pcod_rec"
1999,"ATF",1556822.57219736,596729.653748177,14649.229924965,"persistence","Fmean","WGOA","Rpath","pcod_rec"
2000,"POL",3049484.66889728,1789601.2235707,5552.830105466,"persistence","Fmean","WGOA","Rpath","pcod_rec"
2000,"COD",321234.70478313,82993.6306736087,53384.869944958,"persistence","Fmean","WGOA","Rpath","pcod_rec"
2000,"ATF",1555589.60333769,595731.530286997,22993.75009338,"persistence","Fmean","WGOA","Rpath","pcod_rec"
2001,"POL",3082953.38628358,1808450.38491623,3452.299978517,"persistence","Fmean","WGOA","Rpath","pcod_rec"
2001,"COD",327836.052151014,85350.6677932879,40517.409954733,"persistence","Fmean","WGOA","Rpath","pcod_rec"
2001,"ATF",1559150.39699574,597017.281545479,17416.199986059,"persistence","Fmean","WGOA","Rpath","pcod_rec"
2002,"POL",3117695.91098478,1828996.8919311,1698.029945361,"persistence","Fmean","WGOA","Rpath","pcod_rec"
2002,"COD",329657.199807253,86672.396799144,41567.989960821,"persistence","Fmean","WGOA","Rpath","pcod_rec"
2002,"ATF",1561074.36729579,598208.760306624,20173.560012907,"persistence","Fmean","WGOA","Rpath","pcod_rec"
2003,"POL",3105660.59060301,1817041.08768011,48590.077011908,"persistence","Fmean","WGOA","Rpath","pcod_rec"
2003,"COD",321002.232869284,86072.6548698382,52365.755088864,"persistence","Fmean","WGOA","Rpath","pcod_rec"
2003,"ATF",1552272.45436907,595288.634146958,30169.771891001,"persistence","Fmean","WGOA","Rpath","pcod_rec"
2004,"POL",3100496.17999595,1811816.72016729,62434.439922489,"persistence","Fmean","WGOA","Rpath","pcod_rec"
2004,"COD",310907.346053104,86861.6844619175,56450.241969657,"persistence","Fmean","WGOA","Rpath","pcod_rec"
2004,"ATF",1557805.52630999,597533.747722124,15634.908041003,"persistence","Fmean","WGOA","Rpath","pcod_rec"
2005,"POL",3085140.75609541,1801622.59658072,78302.791927256,"persistence","Fmean","WGOA","Rpath","pcod_rec"
2005,"COD",308747.712383036,89355.0329510825,47523.779925577,"persistence","Fmean","WGOA","Rpath","pcod_rec"
2005,"ATF",1557456.93296847,596651.527725103,19923.573051558,"persistence","Fmean","WGOA","Rpath","pcod_rec"
2006,"POL",3088115.70042571,1805154.79373703,68928.307992488,"persistence","Fmean","WGOA","Rpath","pcod_rec"
2006,"COD",305285.425387622,89662.8420266119,47767.079961499,"persistence","Fmean","WGOA","Rpath","pcod_rec"
2006,"ATF",1552052.55675712,593803.972010943,27622.698918064,"persistence","Fmean","WGOA","Rpath","pcod_rec"
2007,"POL",3108388.6659623,1820162.18935033,51572.307003871,"persistence","Fmean","WGOA","Rpath","pcod_rec"
2007,"COD",298656.827987615,86970.5841575916,51812.178003779,"persistence","Fmean","WGOA","Rpath","pcod_rec"
2007,"ATF",1552833.11070127,593773.096946291,25346.986980543,"persistence","Fmean","WGOA","Rpath","pcod_rec"
2008,"POL",3122657.32782491,1829614.82622622,50786.206014733,"persistence","Fmean","WGOA","Rpath","pcod_rec"
2008,"COD",288014.19715692,83738.4257426123,58386.384025578,"persistence","Fmean","WGOA","Rpath","pcod_rec"
2008,"ATF",1551453.5168298,592951.977723493,29205.939969489,"persistence","Fmean","WGOA","Rpath","pcod_rec"
2009,"POL",3143273.39859891,1841984.8200306,41549.503075916,"persistence","Fmean","WGOA","Rpath","pcod_rec"
2009,"COD",284535.848347064,83301.5655360441,51788.980009351,"persistence","Fmean","WGOA","Rpath","pcod_rec"
2009,"ATF",1555113.02563569,594046.266118116,24831.742038702,"persistence","Fmean","WGOA","Rpath","pcod_rec"
2010,"POL",3136117.03112817,1835292.14585186,73443.384226643,"persistence","Fmean","WGOA","Rpath","pcod_rec"
2010,"COD",260387.074378808,76717.5680514182,76954.154598455,"persistence","Fmean","WGOA","Rpath","pcod_rec"
2010,"ATF",1558263.17274182,594362.564843561,24339.446470918,"persistence","Fmean","WGOA","Rpath","pcod_rec"
2011,"POL",3141056.08768375,1838289.75061505,77694.479623666,"persistence","Fmean","WGOA","Rpath","pcod_rec"
2011,"COD",234318.516143285,69543.3060352226,83710.475394165,"persistence","Fmean","WGOA","Rpath","pcod_rec"
2011,"ATF",1557071.61028742,592792.103233455,30911.821764055,"persistence","Fmean","WGOA","Rpath","pcod_rec"
2012,"POL",3133568.47204365,1833854.71164897,98934.691224094,"persistence","Fmean","WGOA","Rpath","pcod_rec"
2012,"COD",216652.39880077,64116.8215124414,76871.109994854,"persistence","Fmean","WGOA","Rpath","pcod_rec"
2012,"ATF",1567597.98995377,595605.767059271,20761.909908427,"persistence","Fmean","WGOA","Rpath","pcod_rec"
2013,"POL",3129803.3271359,1832301.64727678,90796.631609659,"persistence","Fmean","WGOA","Rpath","pcod_rec"
2013,"COD",207097.746004189,61173.0549874287,66829.781618954,"persistence","Fmean","WGOA","Rpath","pcod_rec"
2013,"ATF",1575636.64297929,596480.791969859,21809.3123161,"persistence","Fmean","WGOA","Rpath","pcod_rec"
2014,"POL",3087331.43236134,1803398.13573914,138948.061996125,"persistence","Fmean","WGOA","Rpath","pcod_rec"
2014,"COD",180191.44732662,54326.1747660013,83491.72820457,"persistence","Fmean","WGOA","Rpath","pcod_rec"
2014,"ATF",1567912.16262094,590069.752717628,36524.501530691,"persistence","Fmean","WGOA","Rpath","pcod_rec"
2015,"POL",3045526.28555765,1775739.07919012,162807.64603073,"persistence","Fmean","WGOA","Rpath","pcod_rec"
2015,"COD",157932.722055918,48934.4411406065,77689.992014231,"persistence","Fmean","WGOA","Rpath","pcod_rec"
2015,"ATF",1577268.81804826,588791.535950363,19296.587221708,"persistence","Fmean","WGOA","Rpath","pcod_rec"
2016,"POL",3007798.29217938,1753763.79832681,173086.352394527,"persistence","Fmean","WGOA","Rpath","pcod_rec"
2016,"COD",147656.615382295,47339.0097704077,62867.327429592,"persistence","Fmean","WGOA","Rpath","pcod_rec"
2016,"ATF",1586289.94323646,586210.878732567,19976.294186812,"persistence","Fmean","WGOA","Rpath","pcod_rec"
2017,"POL",2976739.35759481,1738811.22499638,184220.028529305,"persistence","Fmean","WGOA","Rpath","pcod_rec"
2017,"COD",147736.144697943,50239.6743054142,48204.214674581,"persistence","Fmean","WGOA","Rpath","pcod_rec"
2017,"ATF",1591593.27599985,581990.660087748,27053.508990172,"persistence","Fmean","WGOA","Rpath","pcod_rec"
2018,"POL",2968841.33230651,1740812.46211736,150815.192171791,"persistence","Fmean","WGOA","Rpath","pcod_rec"
2018,"COD",174522.229212124,61112.9039308985,14681.29819652,"persistence","Fmean","WGOA","Rpath","pcod_rec"
2018,"ATF",1607270.2111573,582229.748408732,18870.25094355,"persistence","Fmean","WGOA","Rpath","pcod_rec"
2019,"POL",2976191.20523764,1750709.51749398,110649.271555557,"persistence","Fmean","WGOA","Rpath","pcod_rec"
2019,"COD",197788.813002527,66355.8766877763,15200.420583165,"persistence","Fmean","WGOA","Rpath","pcod_rec"
2019,"ATF",1614692.32773615,580069.536802079,24567.051964421,"persistence","Fmean","WGOA","Rpath","pcod_rec"
2020,"POL",2989800.23372154,1764764.17925614,99971.064888454,"persistence","Fmean","WGOA","Rpath","pcod_rec"
2020,"COD",228117.246163443,75554.157695705,6085.249338733,"persistence","Fmean","WGOA","Rpath","pcod_rec"
2020,"ATF",1626337.87888343,581528.262199006,21115.899302007,"persistence","Fmean","WGOA","Rpath","pcod_rec"
2021,"POL",2895986.76918547,1704616.09661021,234794.642041679,"persistence","Fmean","WGOA","Rpath","pcod_rec"
2021,"COD",211867.500274443,68663.2070149424,59686.0561613451,"persistence","Fmean","WGOA","Rpath","pcod_rec"
2021,"ATF",1625228.73737207,580512.113591112,32525.4799261467,"persistence","Fmean","WGOA","Rpath","pcod_rec"
2022,"POL",2815689.97117089,1654975.16414609,259664.773270618,"persistence","Fmean","WGOA","Rpath","pcod_rec"
2022,"COD",201770.695321023,61680.9113554434,63520.2256121953,"persistence","Fmean","WGOA","Rpath","pcod_rec"
2022,"ATF",1622599.48417577,581039.457377539,34187.4966497165,"persistence","Fmean","WGOA","Rpath","pcod_rec"
2023,"POL",2757029.51199184,1619047.20839772,257435.488734937,"persistence","Fmean","WGOA","Rpath","pcod_rec"
2023,"COD",201108.065758737,55838.0930404049,58203.2639837456,"persistence","Fmean","WGOA","Rpath","pcod_rec"
2023,"ATF",1620485.60267938,582891.976859496,31733.1084927779,"persistence","Fmean","WGOA","Rpath","pcod_rec"
2024,"POL",2803699.80530184,1655397.96844378,132412.435513392,"persistence","Fmean","WGOA","Rpath","pcod_rec"
2024,"COD",218361.64618225,56963.2999970509,39127.9675459549,"persistence","Fmean","WGOA","Rpath","pcod_rec"
2024,"ATF",1626941.42595439,588368.464838892,22641.9550209167,"persistence","Fmean","WGOA","Rpath","pcod_rec"
2025,"POL",2830359.236188,1674880.49273351,134391.315652263,"persistence","Fmean","WGOA","Rpath","pcod_rec"
2025,"COD",231267.725030071,58979.7879929515,42309.363722159,"persistence","Fmean","WGOA","Rpath","pcod_rec"
2025,"ATF",1633286.32239967,593466.701661901,22730.1783706509,"persistence","Fmean","WGOA","Rpath","pcod_rec"
2026,"POL",2851741.23740308,1689606.34515192,135529.228911657,"persistence","Fmean","WGOA","Rpath","pcod_rec"
2026,"COD",242204.520373909,62549.7349279397,44612.1918274779,"persistence","Fmean","WGOA","Rpath","pcod_rec"
2026,"ATF",1640631.28416998,598340.147340273,22825.998769556,"persistence","Fmean","WGOA","Rpath","pcod_rec"
2027,"POL",2868055.48347647,1699664.66438206,136458.631211698,"persistence","Fmean","WGOA","Rpath","pcod_rec"
2027,"COD",252294.104171625,65774.9222104081,46565.0842743679,"persistence","Fmean","WGOA","Rpath","pcod_rec"
2027,"ATF",1647653.358903,602454.254493266,22927.1849425708,"persistence","Fmean","WGOA","Rpath","pcod_rec"
2028,"POL",2879911.51872551,1706675.93005738,137181.649823092,"persistence","Fmean","WGOA","Rpath","pcod_rec"
2028,"COD",261914.205839344,67217.2879691219,48371.9233267839,"persistence","Fmean","WGOA","Rpath","pcod_rec"
2028,"ATF",1653719.89252812,606015.257204184,23019.3023615872,"persistence","Fmean","WGOA","Rpath","pcod_rec"
2029,"POL",2888255.29307,1711683.32776392,137722.534650717,"persistence","Fmean","WGOA","Rpath","pcod_rec"
2029,"COD",270980.890635866,67214.5167136845,50162.5045019436,"persistence","Fmean","WGOA","Rpath","pcod_rec"
2029,"ATF",1658700.41094724,609162.554620129,23097.1273923125,"persistence","Fmean","WGOA","Rpath","pcod_rec"
2030,"POL",2893738.51059635,1715116.27009615,138104.552967903,"persistence","Fmean","WGOA","Rpath","pcod_rec"
2030,"COD",279131.452160393,66666.7709531401,51935.6451867562,"persistence","Fmean","WGOA","Rpath","pcod_rec"
2030,"ATF",1662713.69262857,611745.976300996,23160.5984185189,"persistence","Fmean","WGOA","Rpath","pcod_rec"
2031,"POL",2896847.02881928,1717151.4839261,138348.886936551,"persistence","Fmean","WGOA","Rpath","pcod_rec"
2031,"COD",285946.240208573,66433.3478305959,53566.8254670117,"persistence","Fmean","WGOA","Rpath","pcod_rec"
2031,"ATF",1665922.38029207,613614.135010571,23211.6429527576,"persistence","Fmean","WGOA","Rpath","pcod_rec"
2032,"POL",2898012.35551374,1717981.57888768,138478.959016709,"persistence","Fmean","WGOA","Rpath","pcod_rec"
2032,"COD",291197.904137518,67138.6732540941,54921.1295776838,"persistence","Fmean","WGOA","Rpath","pcod_rec"
2032,"ATF",1668462.83911334,614868.251035644,23252.3315358787,"persistence","Fmean","WGOA","Rpath","pcod_rec"
2033,"POL",2897597.35039375,1717841.14425033,138517.505614284,"persistence","Fmean","WGOA","Rpath","pcod_rec"
2033,"COD",294962.543765826,68766.2762567281,55926.4134308838,"persistence","Fmean","WGOA","Rpath","pcod_rec"
2033,"ATF",1670443.11620722,615675.869327052,23284.3668948425,"persistence","Fmean","WGOA","Rpath","pcod_rec"
2034,"POL",2895868.78559493,1716939.02479288,138482.130440559,"persistence","Fmean","WGOA","Rpath","pcod_rec"
2034,"COD",297537.709830328,70878.3053384212,56592.2654020882,"persistence","Fmean","WGOA","Rpath","pcod_rec"
2034,"ATF",1671953.9437971,616157.567882139,23309.1156736125,"persistence","Fmean","WGOA","Rpath","pcod_rec"
2035,"POL",2893008.34435764,1715412.510758,138383.805000047,"persistence","Fmean","WGOA","Rpath","pcod_rec"
2035,"COD",299302.096158504,72815.2787106039,56997.0076120318,"persistence","Fmean","WGOA","Rpath","pcod_rec"
2035,"ATF",1673075.89585963,616365.046194846,23327.7808816108,"persistence","Fmean","WGOA","Rpath","pcod_rec"
2036,"POL",2889157.78418407,1713336.37991812,138228.934475797,"persistence","Fmean","WGOA","Rpath","pcod_rec"
2036,"COD",300579.190047579,74094.9929577852,57246.3414253065,"persistence","Fmean","WGOA","Rpath","pcod_rec"
2036,"ATF",1673880.63509471,616323.442237131,23341.4735151297,"persistence","Fmean","WGOA","Rpath","pcod_rec"
2037,"POL",2884466.64703146,1710764.98598444,138023.027917754,"persistence","Fmean","WGOA","Rpath","pcod_rec"
2037,"COD",301567.628251355,74575.930864951,57431.0579767139,"persistence","Fmean","WGOA","Rpath","pcod_rec"
2037,"ATF",1674428.56408931,616069.753279016,23351.174241999,"persistence","Fmean","WGOA","Rpath","pcod_rec"
2038,"POL",2879120.68435876,1707772.91244386,137773.675953989,"persistence","Fmean","WGOA","Rpath","pcod_rec"
2038,"COD",302325.065904339,74470.9522046798,57598.7970891404,"persistence","Fmean","WGOA","Rpath","pcod_rec"
2038,"ATF",1674766.749054,615659.74306939,23357.6616464793,"persistence","Fmean","WGOA","Rpath","pcod_rec"
2039,"POL",2873337.53228497,1704469.16479484,137491.415005699,"persistence","Fmean","WGOA","Rpath","pcod_rec"
2039,"COD",302816.257280922,74171.4322063017,57752.1135888544,"persistence","Fmean","WGOA","Rpath","pcod_rec"
2039,"ATF",1674929.29233628,615168.745034442,23361.4851872673,"persistence","Fmean","WGOA","Rpath","pcod_rec"
2040,"POL",2867337.45645566,1700984.49249066,137188.562676821,"persistence","Fmean","WGOA","Rpath","pcod_rec"
2040,"COD",302989.05988541,74028.9824075204,57865.4188840668,"persistence","Fmean","WGOA","Rpath","pcod_rec"
2040,"ATF",1674939.86116613,614648.326802633,23363.0006680923,"persistence","Fmean","WGOA","Rpath","pcod_rec"
2041,"POL",2861308.40034693,1697445.51836754,136877.034434348,"persistence","Fmean","WGOA","Rpath","pcod_rec"
2041,"COD",302836.444987746,74213.3692459408,57910.480446359,"persistence","Fmean","WGOA","Rpath","pcod_rec"
2041,"ATF",1674815.14886868,614146.103508881,23362.4389822519,"persistence","Fmean","WGOA","Rpath","pcod_rec"
2042,"POL",2855382.53445474,1693950.91111529,136566.318594245,"persistence","Fmean","WGOA","Rpath","pcod_rec"
2042,"COD",302417.233033147,74664.3196361725,57876.0903636388,"persistence","Fmean","WGOA","Rpath","pcod_rec"
2042,"ATF",1674568.81770025,613684.733369713,23359.9825711349,"persistence","Fmean","WGOA","Rpath","pcod_rec"
2043,"POL",2849631.5839142,1690558.6540317,136262.409304814,"persistence","Fmean","WGOA","Rpath","pcod_rec"
2043,"COD",301835.446800707,75196.7797782003,57774.427098338,"persistence","Fmean","WGOA","Rpath","pcod_rec"
2043,"ATF",1674214.6434461,613259.388616198,23355.8185634893,"persistence","Fmean","WGOA","Rpath","pcod_rec"
2044,"POL",2844076.7486725,1687286.48024171,135967.872331227,"persistence","Fmean","WGOA","Rpath","pcod_rec"
2044,"COD",301203.54438318,75603.2882907157,57634.6416432678,"persistence","Fmean","WGOA","Rpath","pcod_rec"
2044,"ATF",1673768.05870994,612845.614151369,23350.1713964072,"persistence","Fmean","WGOA","Rpath","pcod_rec"
2045,"POL",2838705.04575991,1684121.96897157,135682.709510683,"persistence","Fmean","WGOA","Rpath","pcod_rec"
2045,"COD",300605.335974098,75752.9766228826,57489.171527294,"persistence","Fmean","WGOA","Rpath","pcod_rec"
2045,"ATF",1673245.62758326,612413.605195184,23343.2998334204,"persistence","Fmean","WGOA","Rpath","pcod_rec"
2046,"POL",2833484.64689489,1681035.76255002,135405.426907906,"persistence","Fmean","WGOA","Rpath","pcod_rec"
2046,"COD",300075.270724258,75648.9807135546,57361.5216143297,"persistence","Fmean","WGOA","Rpath","pcod_rec"
2046,"ATF",1672663.26555144,611942.024087328,23335.4657831236,"persistence","Fmean","WGOA","Rpath","pcod_rec"
2047,"POL",2828374.9347636,1677993.13157755,135133.887240591,"persistence","Fmean","WGOA","Rpath","pcod_rec"
2047,"COD",299602.410965435,75396.9963864359,57259.6408650893,"persistence","Fmean","WGOA","Rpath","pcod_rec"
2047,"ATF",1672034.21725024,611425.675860891,23326.8963457738,"persistence","Fmean","WGOA","Rpath","pcod_rec"
2048,"POL",2823331.88830261,1674961.44887625,134865.810824511,"persistence","Fmean","WGOA","Rpath","pcod_rec"
2048,"COD",299150.750825069,75135.9433825883,57176.9518135365,"persistence","Fmean","WGOA","Rpath","pcod_rec"
2048,"ATF",1671367.44482555,610874.555400138,23317.7538656948,"persistence","Fmean","WGOA","Rpath","pcod_rec"
2049,"POL",2818313.01181287,1671914.820623,134599.02375557,"persistence","Fmean","WGOA","Rpath","pcod_rec"
2049,"COD",298685.003197272,74970.7219087881,57099.6711372601,"persistence","Fmean","WGOA","Rpath","pcod_rec"
2049,"ATF",1670666.8603994,610307.231557655,23308.1222587116,"persistence","Fmean","WGOA","Rpath","pcod_rec"
2050,"POL",2813285.01215209,1668837.89209075,134331.71425932,"persistence","Fmean","WGOA","Rpath","pcod_rec"
2050,"COD",298189.105042416,74934.4287537358,57015.3493009512,"persistence","Fmean","WGOA","Rpath","pcod_rec"
2050,"ATF",1669931.74569755,609742.203046748,23298.011761599,"persistence","Fmean","WGOA","Rpath","pcod_rec"
2051,"POL",2808232.68031267,1665728.81847496,134062.806435505,"persistence","Fmean","WGOA","Rpath","pcod_rec"
2051,"COD",297670.728248796,74990.6739114357,56918.6092780433,"persistence","Fmean","WGOA","Rpath","pcod_rec"
2051,"ATF",1669158.28269425,609191.113400266,23287.3799410019,"persistence","Fmean","WGOA","Rpath","pcod_rec"
2052,"POL",2803163.16793332,1662598.74095433,133792.260441519,"persistence","Fmean","WGOA","Rpath","pcod_rec"
2052,"COD",297153.219629969,75066.8731375586,56812.2479605574,"persistence","Fmean","WGOA","Rpath","pcod_rec"
2052,"ATF",1668341.49365364,608656.073250701,23276.1604773873,"persistence","Fmean","WGOA","Rpath","pcod_rec"
2053,"POL",2798103.21838176,1659467.80584936,133521.085273793,"persistence","Fmean","WGOA","Rpath","pcod_rec"
2053,"COD",296661.919627191,75096.2094606156,56704.2846463787,"persistence","Fmean","WGOA","Rpath","pcod_rec"
2053,"ATF",1667476.95174369,608131.316371556,23264.2892208143,"persistence","Fmean","WGOA","Rpath","pcod_rec"
2054,"POL",2793091.30769723,1656359.97684171,133251.070468025,"persistence","Fmean","WGOA","Rpath","pcod_rec"
2054,"COD",296212.324649272,75047.5211189234,56603.2141395833,"persistence","Fmean","WGOA","Rpath","pcod_rec"
2054,"ATF",1666561.78693897,607607.552418677,23251.7210076313,"persistence","Fmean","WGOA","Rpath","pcod_rec"
2055,"POL",2788168.81242992,1653299.18818441,132984.389450353,"persistence","Fmean","WGOA","Rpath","pcod_rec"
2055,"COD",295805.051636375,74932.1636527635,56514.0372088103,"persistence","Fmean","WGOA","Rpath","pcod_rec"
2055,"ATF",1665594.80922,607076.474234874,23238.4337339412,"persistence","Fmean","WGOA","Rpath","pcod_rec"
2056,"POL",2783371.70488474,1650306.19186473,132723.192909814,"persistence","Fmean","WGOA","Rpath","pcod_rec"
2056,"COD",295428.501988062,74789.6700821118,56436.7129163585,"persistence","Fmean","WGOA","Rpath","pcod_rec"
2056,"ATF",1664576.19458738,606533.640419488,23224.4238885029,"persistence","Fmean","WGOA","Rpath","pcod_rec"
2057,"POL",2778723.35801551,1647395.10926229,132469.188471453,"persistence","Fmean","WGOA","Rpath","pcod_rec"
2057,"COD",295066.408249084,74663.6121288474,56367.222178967,"persistence","Fmean","WGOA","Rpath","pcod_rec"
2057,"ATF",1663507.0412073,605978.995560441,23209.7004723324,"persistence","Fmean","WGOA","Rpath","pcod_rec"
2058,"POL",2774229.45512062,1644570.11674265,132223.273198223,"persistence","Fmean","WGOA","Rpath","pcod_rec"
2058,"COD",294705.747247711,74581.0219170605,56300.1875167041,"persistence","Fmean","WGOA","Rpath","pcod_rec"
2058,"ATF",1662389.02176325,605415.504347357,23194.2803518135,"persistence","Fmean","WGOA","Rpath","pcod_rec"
2059,"POL",2769875.17710613,1641822.61777499,131985.269043223,"persistence","Fmean","WGOA","Rpath","pcod_rec"
2059,"COD",294341.298750337,74543.8905590922,56231.5047132372,"persistence","Fmean","WGOA","Rpath","pcod_rec"
2059,"ATF",1661224.27880258,604847.112325627,23178.1871592421,"persistence","Fmean","WGOA","Rpath","pcod_rec"
2060,"POL",2765625.24524652,1639130.06643615,131753.80450368,"persistence","Fmean","WGOA","Rpath","pcod_rec"
2060,"COD",293975.516897797,74533.8176511656,56159.7810822826,"persistence","Fmean","WGOA","Rpath","pcod_rec"
2060,"ATF",1660015.3082702,604276.978822901,23161.4516803253,"persistence","Fmean","WGOA","Rpath","pcod_rec"
2061,"POL",2761427.87065222,1636457.9627363,131526.412461584,"persistence","Fmean","WGOA","Rpath","pcod_rec"
2061,"COD",293614.874178464,74524.7942235537,56086.2008457448,"persistence","Fmean","WGOA","Rpath","pcod_rec"
2061,"ATF",1658764.75887868,603706.676736928,23144.1100999172,"persistence","Fmean","WGOA","Rpath","pcod_rec"
2062,"POL",2757224.08024999,1633766.43815861,131299.921855844,"persistence","Fmean","WGOA","Rpath","pcod_rec"
2062,"COD",293265.201037092,74496.5682699334,56013.2446479762,"persistence","Fmean","WGOA","Rpath","pcod_rec"
2062,"ATF",1657475.07475541,603136.366759316,23126.2000302358,"persistence","Fmean","WGOA","Rpath","pcod_rec"
2063,"POL",2752962.64653392,1631021.22669409,131071.184582172,"persistence","Fmean","WGOA","Rpath","pcod_rec"
2063,"COD",292928.441364556,74442.4267163263,55943.1161790643,"persistence","Fmean","WGOA","Rpath","pcod_rec"
2063,"ATF",1656147.86495208,602565.260113227,23107.7523949211,"persistence","Fmean","WGOA","Rpath","pcod_rec"
2064,"POL",2748616.42641807,1628205.35083178,130837.99945397,"persistence","Fmean","WGOA","Rpath","pcod_rec"
2064,"COD",292602.054471581,74369.1294096676,55876.6727581742,"persistence","Fmean","WGOA","Rpath","pcod_rec"
2064,"ATF",1654783.54947079,601992.131916812,23088.7826884788,"persistence","Fmean","WGOA","Rpath","pcod_rec"
2065,"POL",2744192.0970168,1625325.52461706,130599.857101389,"persistence","Fmean","WGOA","Rpath","pcod_rec"
2065,"COD",292280.756192571,74290.8060281911,55813.2421500457,"persistence","Fmean","WGOA","Rpath","pcod_rec"
2065,"ATF",1653381.66003266,601415.809426727,23069.2902219406,"persistence","Fmean","WGOA","Rpath","pcod_rec"
2066,"POL",2739727.86623823,1622409.74434439,130358.115469845,"persistence","Fmean","WGOA","Rpath","pcod_rec"
2066,"COD",291959.262870893,74220.9593724265,55751.2056916077,"persistence","Fmean","WGOA","Rpath","pcod_rec"
2066,"ATF",1651941.37102694,600835.27577374,23049.264704408,"persistence","Fmean","WGOA","Rpath","pcod_rec"
2067,"POL",2735281.24296678,1619498.13840906,130115.538059594,"persistence","Fmean","WGOA","Rpath","pcod_rec"
2067,"COD",291634.547623032,74166.6150417377,55688.9038559667,"persistence","Fmean","WGOA","Rpath","pcod_rec"
2067,"ATF",1650462.09212659,600249.614525097,23028.6948762073,"persistence","Fmean","WGOA","Rpath","pcod_rec"
2068,"POL",2730913.66734536,1616632.23327645,129875.489280563,"persistence","Fmean","WGOA","Rpath","pcod_rec"
2068,"COD",291306.689282549,74126.7417101708,55625.3775837276,"persistence","Fmean","WGOA","Rpath","pcod_rec"
2068,"ATF",1648943.94159086,599658.012654212,23007.5769018128,"persistence","Fmean","WGOA","Rpath","pcod_rec"
2069,"POL",2726677.98906604,1613846.7563895,129641.15788336,"persistence","Fmean","WGOA","Rpath","pcod_rec"
2069,"COD",290978.240626081,74094.6488023074,55560.6467844803,"persistence","Fmean","WGOA","Rpath","pcod_rec"
2069,"ATF",1647387.97500481,599059.907590165,22985.9195257969,"persistence","Fmean","WGOA","Rpath","pcod_rec"
2070,"POL",2722611.01579113,1611165.1265766,129415.019694191,"persistence","Fmean","WGOA","Rpath","pcod_rec"
2070,"COD",290652.705419593,74062.3481094378,55495.5026919308,"persistence","Fmean","WGOA","Rpath","pcod_rec"
2070,"ATF",1645796.24093846,598455.313964976,22963.7458316322,"persistence","Fmean","WGOA","Rpath","pcod_rec"
2071,"POL",2718730.29239365,1608597.68990862,129198.5567232,"persistence","Fmean","WGOA","Rpath","pcod_rec"
2071,"COD",290332.959006315,74024.4458775425,55431.0106852565,"persistence","Fmean","WGOA","Rpath","pcod_rec"
2071,"ATF",1644171.62481372,597845.084820464,22941.0919458736,"persistence","Fmean","WGOA","Rpath","pcod_rec"
2072,"POL",2715033.14701783,1606141.21881792,128992.147790738,"persistence","Fmean","WGOA","Rpath","pcod_rec"
2072,"COD",290020.271942512,73979.9045916666,55368.0026415109,"persistence","Fmean","WGOA","Rpath","pcod_rec"
2072,"ATF",1642517.61546807,597231.01464357,22918.0035506357,"persistence","Fmean","WGOA","Rpath","pcod_rec"
2073,"POL",2711496.67790025,1603778.85579418,128795.039362743,"persistence","Fmean","WGOA","Rpath","pcod_rec"
2073,"COD",289714.179661756,73931.3666305135,55306.7783162916,"persistence","Fmean","WGOA","Rpath","pcod_rec"
2073,"ATF",1640838.10699982,596615.758150905,22894.5323787772,"persistence","Fmean","WGOA","Rpath","pcod_rec"
2074,"POL",2708078.89773523,1601480.9107191,128605.370263039,"persistence","Fmean","WGOA","Rpath","pcod_rec"
2074,"COD",289413.026601876,73882.9209937194,55247.0933076113,"persistence","Fmean","WGOA","Rpath","pcod_rec"
2074,"ATF",1639137.21765425,596002.538112538,22870.7337507523,"persistence","Fmean","WGOA","Rpath","pcod_rec"
2075,"POL",2704723.11173169,1599208.23238516,128420.325690714,"persistence","Fmean","WGOA","Rpath","pcod_rec"
2075,"COD",289114.792478958,73837.7136999053,55188.3702813217,"persistence","Fmean","WGOA","Rpath","pcod_rec"
2075,"ATF",1637418.89287009,595394.536496826,22846.6631883297,"persistence","Fmean","WGOA","Rpath","pcod_rec"
2076,"POL",2701368.77654589,1596920.31158534,128236.579537068,"persistence","Fmean","WGOA","Rpath","pcod_rec"
2076,"COD",288817.835958832,73796.5690423111,55129.9945493321,"persistence","Fmean","WGOA","Rpath","pcod_rec"
2076,"ATF",1635686.24932541,594794.052870324,22822.3695131516,"persistence","Fmean","WGOA","Rpath","pcod_rec"
2077,"POL",2697969.12359,1594587.70348546,128051.122179176,"persistence","Fmean","WGOA","Rpath","pcod_rec"
2077,"COD",288521.350637633,73758.0699702387,55071.559861144,"persistence","Fmean","WGOA","Rpath","pcod_rec"
2077,"ATF",1633941.01755335,594201.762909731,22797.8862304657,"persistence","Fmean","WGOA","Rpath","pcod_rec"
2078,"POL",2694508.50155081,1592203.36005115,127862.262360971,"persistence","Fmean","WGOA","Rpath","pcod_rec"
2078,"COD",288225.463442916,73719.7582794468,55012.9829947328,"persistence","Fmean","WGOA","Rpath","pcod_rec"
2078,"ATF",1632183.55792488,593616.507344742,22773.2274944497,"persistence","Fmean","WGOA","Rpath","pcod_rec"
2079,"POL",2691009.1257395,1589785.91937194,127670.285547813,"persistence","Fmean","WGOA","Rpath","pcod_rec"
2079,"COD",287931.003361858,73679.6387401001,54954.4689379612,"persistence","Fmean","WGOA","Rpath","pcod_rec"
2079,"ATF",1630413.4856042,593035.759027762,22748.3928118877,"persistence","Fmean","WGOA","Rpath","pcod_rec"
2080,"POL",2687523.57946322,1587373.23866961,127477.379200063,"persistence","Fmean","WGOA","Rpath","pcod_rec"
2080,"COD",287639.089665385,73637.1869857464,54896.368823758,"persistence","Fmean","WGOA","Rpath","pcod_rec"
2080,"ATF",1628630.49850228,592456.535081387,22723.3776278098,"persistence","Fmean","WGOA","Rpath","pcod_rec"
2081,"POL",2684118.6147879,1585010.80318527,127286.923341753,"persistence","Fmean","WGOA","Rpath","pcod_rec"
2081,"COD",287350.768881798,73593.4634559203,54839.0156189871,"persistence","Fmean","WGOA","Rpath","pcod_rec"
2081,"ATF",1626834.99107134,591876.364621457,22698.1836167065,"persistence","Fmean","WGOA","Rpath","pcod_rec"
2082,"POL",2680858.7558046,1582741.02766884,127102.578372486,"persistence","Fmean","WGOA","Rpath","pcod_rec"
2082,"COD",287066.869313687,73550.4424135699,54782.6216509135,"persistence","Fmean","WGOA","Rpath","pcod_rec"
2082,"ATF",1625028.27170031,591293.982851453,22672.8242530969,"persistence","Fmean","WGOA","Rpath","pcod_rec"
2083,"POL",2677794.76336497,1580596.39640893,126927.534144666,"persistence","Fmean","WGOA","Rpath","pcod_rec"
2083,"COD",286788.072943993,73510.0122159099,54727.2734335323,"persistence","Fmean","WGOA","Rpath","pcod_rec"
2083,"ATF",1623212.48012849,590709.616079188,22647.3252245649,"persistence","Fmean","WGOA","Rpath","pcod_rec"
2084,"POL",2674957.62255522,1578596.18526689,126764.04510775,"persistence","Fmean","WGOA","Rpath","pcod_rec"
2084,"COD",286515.065367608,73473.1662314194,54672.9984297729,"persistence","Fmean","WGOA","Rpath","pcod_rec"
2084,"ATF",1621390.40797546,590124.891208852,22621.722084165,"persistence","Fmean","WGOA","Rpath","pcod_rec"
2085,"POL",2672356.18623897,1576745.12349299,126613.203019015,"persistence","Fmean","WGOA","Rpath","pcod_rec"
2085,"COD",286248.603359483,73439.7139222128,54619.8441023587,"persistence","Fmean","WGOA","Rpath","pcod_rec"
2085,"ATF",1619565.35225451,589542.487896755,22596.0577404989,"persistence","Fmean","WGOA","Rpath","pcod_rec"
2086,"POL",2669976.38600699,1575032.65124873,126474.841918337,"persistence","Fmean","WGOA","Rpath","pcod_rec"
2086,"COD",285989.420191805,73408.5381742642,54567.9159723587,"persistence","Fmean","WGOA","Rpath","pcod_rec"
2086,"ATF",1617741.00606751,588965.669918173,22570.3807198577,"persistence","Fmean","WGOA","Rpath","pcod_rec"
2087,"POL",2667781.24384694,1573432.56866905,126347.503076556,"persistence","Fmean","WGOA","Rpath","pcod_rec"
2087,"COD",285737.986327982,73379.0924159397,54517.3529668757,"persistence","Fmean","WGOA","Rpath","pcod_rec"
2087,"ATF",1615921.37019327,588397.839331194,22544.7439294959,"persistence","Fmean","WGOA","Rpath","pcod_rec"
2088,"POL",2665712.76524337,1571904.35600493,126228.477782085,"persistence","Fmean","WGOA","Rpath","pcod_rec"
2088,"COD",285494.374076714,73350.1429306163,54468.254891345,"persistence","Fmean","WGOA","Rpath","pcod_rec"
2088,"ATF",1614110.54851119,587842.13500006,22519.2031163324,"persistence","Fmean","WGOA","Rpath","pcod_rec"
2089,"POL",2663699.22996688,1570398.90007101,126114.073939132,"persistence","Fmean","WGOA","Rpath","pcod_rec"
2089,"COD",285258.053081793,73319.9337964981,54420.6073295671,"persistence","Fmean","WGOA","Rpath","pcod_rec"
2089,"ATF",1612312.1725453,587307.075277158,22493.8119486277,"persistence","Fmean","WGOA","Rpath","pcod_rec"
2090,"POL",2661671.82650502,1568870.81861365,126000.318407792,"persistence","Fmean","WGOA","Rpath","pcod_rec"
2090,"COD",285027.881626582,73288.2176627017,54374.3061132101,"persistence","Fmean","WGOA","Rpath","pcod_rec"
2090,"ATF",1610528.64225457,586787.997692811,22468.6119542508,"persistence","Fmean","WGOA","Rpath","pcod_rec"
2091,"POL",2659587.5095031,1567294.34328594,125884.107066338,"persistence","Fmean","WGOA","Rpath","pcod_rec"
2091,"COD",284802.716204143,73255.1979541071,54329.1794161635,"persistence","Fmean","WGOA","Rpath","pcod_rec"
2091,"ATF",1608760.63159486,586283.739490719,22443.6234079198,"persistence","Fmean","WGOA","Rpath","pcod_rec"
2092,"POL",2657445.63525119,1565673.6791416,125764.328581831,"persistence","Fmean","WGOA","Rpath","pcod_rec"
2092,"COD",284581.802227828,73221.5343679918,54285.0362771642,"persistence","Fmean","WGOA","Rpath","pcod_rec"
2092,"ATF",1607007.50318647,585791.742848693,22418.8472347022,"persistence","Fmean","WGOA","Rpath","pcod_rec"
2093,"POL",2655287.64003699,1564040.93170479,125642.270082031,"persistence","Fmean","WGOA","Rpath","pcod_rec"
2093,"COD",284365.061130864,73188.3013503955,54241.7824053616,"persistence","Fmean","WGOA","Rpath","pcod_rec"
2093,"ATF",1605268.21510592,585308.549216039,22394.2716058744,"persistence","Fmean","WGOA","Rpath","pcod_rec"
2094,"POL",2653181.26160704,1562443.89422913,125521.085962116,"persistence","Fmean","WGOA","Rpath","pcod_rec"
2094,"COD",284153.074370929,73156.5588304307,54199.4464320826,"persistence","Fmean","WGOA","Rpath","pcod_rec"
2094,"ATF",1603542.21043391,584830.840983763,22369.8857305345,"persistence","Fmean","WGOA","Rpath","pcod_rec"
2095,"POL",2651200.08534809,1560931.93824439,125404.74710369,"persistence","Fmean","WGOA","Rpath","pcod_rec"
2095,"COD",283946.858446908,73127.076028603,54158.1563342844,"persistence","Fmean","WGOA","Rpath","pcod_rec"
2095,"ATF",1601829.85812771,584356.293384247,22345.6897267907,"persistence","Fmean","WGOA","Rpath","pcod_rec"
2096,"POL",2649407.2849988,1559545.92716926,125297.042853811,"persistence","Fmean","WGOA","Rpath","pcod_rec"
2096,"COD",283747.603521196,73100.2517716136,54118.1012817048,"persistence","Fmean","WGOA","Rpath","pcod_rec"
2096,"ATF",1600132.46799028,583884.145288739,22321.6972374422,"persistence","Fmean","WGOA","Rpath","pcod_rec"
2097,"POL",2647846.23894707,1558313.0390395,125200.90819691,"persistence","Fmean","WGOA","Rpath","pcod_rec"
2097,"COD",283556.47090404,73076.0831971453,54079.4927639391,"persistence","Fmean","WGOA","Rpath","pcod_rec"
2097,"ATF",1598452.07399376,583415.429709686,22297.9333693316,"persistence","Fmean","WGOA","Rpath","pcod_rec"
2098,"POL",2646536.85677678,1557244.97549907,125118.081349726,"persistence","Fmean","WGOA","Rpath","pcod_rec"
2098,"COD",283374.445566246,73054.2367949289,54042.5327416051,"persistence","Fmean","WGOA","Rpath","pcod_rec"
2098,"ATF",1596791.21162243,582952.475074129,22274.4310057048,"persistence","Fmean","WGOA","Rpath","pcod_rec"
2099,"POL",2645474.50753463,1556337.28946385,125048.971954128,"persistence","Fmean","WGOA","Rpath","pcod_rec"
2099,"COD",283202.213775179,73034.1920934413,54007.3891473874,"persistence","Fmean","WGOA","Rpath","pcod_rec"
2099,"ATF",1595152.78011257,582498.441454363,22251.2280707746,"persistence","Fmean","WGOA","Rpath","pcod_rec"
1991,"POL",2884927.16511783,1690895.40603404,87828.010002781,"ssp126","Fmean","WGOA","Rpath","pcod_rec"
1991,"COD",399280.293878193,93224.2373585632,64466.829990571,"ssp126","Fmean","WGOA","Rpath","pcod_rec"
1991,"ATF",1554327.80462664,597326.97740596,16958.380011156,"ssp126","Fmean","WGOA","Rpath","pcod_rec"
1992,"POL",2892495.91324268,1696087.27813365,90585.189961806,"ssp126","Fmean","WGOA","Rpath","pcod_rec"
1992,"COD",371842.900083054,88999.2287874369,78966.500089317,"ssp126","Fmean","WGOA","Rpath","pcod_rec"
1992,"ATF",1551901.37581743,598021.211707819,20482.180062468,"ssp126","Fmean","WGOA","Rpath","pcod_rec"
1993,"POL",2886917.46017875,1690078.21042351,108230.180085742,"ssp126","Fmean","WGOA","Rpath","pcod_rec"
1993,"COD",375328.175429555,91984.46817467,45849.170066118,"ssp126","Fmean","WGOA","Rpath","pcod_rec"
1993,"ATF",1551566.34683954,599298.159270716,18294.449920618,"ssp126","Fmean","WGOA","Rpath","pcod_rec"
1994,"POL",2891612.89701311,1691340.87032149,100412.359942985,"ssp126","Fmean","WGOA","Rpath","pcod_rec"
1994,"COD",374238.505424238,92168.0244909248,45610.579965874,"ssp126","Fmean","WGOA","Rpath","pcod_rec"
1994,"ATF",1547453.431915,598480.508802417,21993.239976229,"ssp126","Fmean","WGOA","Rpath","pcod_rec"
1995,"POL",2920445.2429594,1709974.75171492,69168.129925675,"ssp126","Fmean","WGOA","Rpath","pcod_rec"
1995,"COD",354241.118245692,88060.9264831689,67907.179992219,"ssp126","Fmean","WGOA","Rpath","pcod_rec"
1995,"ATF",1548788.07321952,599203.455585779,17415.490044603,"ssp126","Fmean","WGOA","Rpath","pcod_rec"
1996,"POL",2949537.49989699,1727520.76771419,49825.8700384,"ssp126","Fmean","WGOA","Rpath","pcod_rec"
1996,"COD",348901.269856949,89289.8998161644,55391.660096973,"ssp126","Fmean","WGOA","Rpath","pcod_rec"
1996,"ATF",1545296.54167072,597141.15385086,21555.609900557,"ssp126","Fmean","WGOA","Rpath","pcod_rec"
1997,"POL",2946193.76182491,1722365.56372477,84179.649971753,"ssp126","Fmean","WGOA","Rpath","pcod_rec"
1997,"COD",339607.871812025,88455.8466619866,58920.579990637,"ssp126","Fmean","WGOA","Rpath","pcod_rec"
1997,"ATF",1547340.93937387,596389.731746862,14758.279890696,"ssp126","Fmean","WGOA","Rpath","pcod_rec"
1998,"POL",3007840.54757787,1762267.82292695,5428.379997642,"ssp126","Fmean","WGOA","Rpath","pcod_rec"
1998,"COD",338402.008126062,87897.0996300377,50218.950113863,"ssp126","Fmean","WGOA","Rpath","pcod_rec"
1998,"ATF",1552042.17068945,596282.511778416,12377.190009373,"ssp126","Fmean","WGOA","Rpath","pcod_rec"
1999,"POL",2993956.26360435,1751820.3586859,90556.900062537,"ssp126","Fmean","WGOA","Rpath","pcod_rec"
1999,"COD",323385.504513683,83134.3281978233,66264.67009813,"ssp126","Fmean","WGOA","Rpath","pcod_rec"
1999,"ATF",1556822.57219736,596729.653748177,14649.229924965,"ssp126","Fmean","WGOA","Rpath","pcod_rec"
2000,"POL",3049484.66889728,1789601.2235707,5552.830105466,"ssp126","Fmean","WGOA","Rpath","pcod_rec"
2000,"COD",321234.70478313,82993.6306736087,53384.869944958,"ssp126","Fmean","WGOA","Rpath","pcod_rec"
2000,"ATF",1555589.60333769,595731.530286997,22993.75009338,"ssp126","Fmean","WGOA","Rpath","pcod_rec"
2001,"POL",3082953.38628358,1808450.38491623,3452.299978517,"ssp126","Fmean","WGOA","Rpath","pcod_rec"
2001,"COD",327836.052151014,85350.6677932879,40517.409954733,"ssp126","Fmean","WGOA","Rpath","pcod_rec"
2001,"ATF",1559150.39699574,597017.281545479,17416.199986059,"ssp126","Fmean","WGOA","Rpath","pcod_rec"
2002,"POL",3117695.91098478,1828996.8919311,1698.029945361,"ssp126","Fmean","WGOA","Rpath","pcod_rec"
2002,"COD",329657.199807253,86672.396799144,41567.989960821,"ssp126","Fmean","WGOA","Rpath","pcod_rec"
2002,"ATF",1561074.36729579,598208.760306624,20173.560012907,"ssp126","Fmean","WGOA","Rpath","pcod_rec"
2003,"POL",3105660.59060301,1817041.08768011,48590.077011908,"ssp126","Fmean","WGOA","Rpath","pcod_rec"
2003,"COD",321002.232869284,86072.6548698382,52365.755088864,"ssp126","Fmean","WGOA","Rpath","pcod_rec"
2003,"ATF",1552272.45436907,595288.634146958,30169.771891001,"ssp126","Fmean","WGOA","Rpath","pcod_rec"
2004,"POL",3100496.17999595,1811816.72016729,62434.439922489,"ssp126","Fmean","WGOA","Rpath","pcod_rec"
2004,"COD",310907.346053104,86861.6844619175,56450.241969657,"ssp126","Fmean","WGOA","Rpath","pcod_rec"
2004,"ATF",1557805.52630999,597533.747722124,15634.908041003,"ssp126","Fmean","WGOA","Rpath","pcod_rec"
2005,"POL",3085140.75609541,1801622.59658072,78302.791927256,"ssp126","Fmean","WGOA","Rpath","pcod_rec"
2005,"COD",308747.712383036,89355.0329510825,47523.779925577,"ssp126","Fmean","WGOA","Rpath","pcod_rec"
2005,"ATF",1557456.93296847,596651.527725103,19923.573051558,"ssp126","Fmean","WGOA","Rpath","pcod_rec"
2006,"POL",3088115.70042571,1805154.79373703,68928.307992488,"ssp126","Fmean","WGOA","Rpath","pcod_rec"
2006,"COD",305285.425387622,89662.8420266119,47767.079961499,"ssp126","Fmean","WGOA","Rpath","pcod_rec"
2006,"ATF",1552052.55675712,593803.972010943,27622.698918064,"ssp126","Fmean","WGOA","Rpath","pcod_rec"
2007,"POL",3108388.6659623,1820162.18935033,51572.307003871,"ssp126","Fmean","WGOA","Rpath","pcod_rec"
2007,"COD",298656.827987615,86970.5841575916,51812.178003779,"ssp126","Fmean","WGOA","Rpath","pcod_rec"
2007,"ATF",1552833.11070127,593773.096946291,25346.986980543,"ssp126","Fmean","WGOA","Rpath","pcod_rec"
2008,"POL",3122657.32782491,1829614.82622622,50786.206014733,"ssp126","Fmean","WGOA","Rpath","pcod_rec"
2008,"COD",288014.19715692,83738.4257426123,58386.384025578,"ssp126","Fmean","WGOA","Rpath","pcod_rec"
2008,"ATF",1551453.5168298,592951.977723493,29205.939969489,"ssp126","Fmean","WGOA","Rpath","pcod_rec"
2009,"POL",3143273.39859891,1841984.8200306,41549.503075916,"ssp126","Fmean","WGOA","Rpath","pcod_rec"
2009,"COD",284535.848347064,83301.5655360441,51788.980009351,"ssp126","Fmean","WGOA","Rpath","pcod_rec"
2009,"ATF",1555113.02563569,594046.266118116,24831.742038702,"ssp126","Fmean","WGOA","Rpath","pcod_rec"
2010,"POL",3136117.03112817,1835292.14585186,73443.384226643,"ssp126","Fmean","WGOA","Rpath","pcod_rec"
2010,"COD",260387.074378808,76717.5680514182,76954.154598455,"ssp126","Fmean","WGOA","Rpath","pcod_rec"
2010,"ATF",1558263.17274182,594362.564843561,24339.446470918,"ssp126","Fmean","WGOA","Rpath","pcod_rec"
2011,"POL",3141056.08768375,1838289.75061505,77694.479623666,"ssp126","Fmean","WGOA","Rpath","pcod_rec"
2011,"COD",234318.516143285,69543.3060352226,83710.475394165,"ssp126","Fmean","WGOA","Rpath","pcod_rec"
2011,"ATF",1557071.61028742,592792.103233455,30911.821764055,"ssp126","Fmean","WGOA","Rpath","pcod_rec"
2012,"POL",3133568.47204365,1833854.71164897,98934.691224094,"ssp126","Fmean","WGOA","Rpath","pcod_rec"
2012,"COD",216652.39880077,64116.8215124414,76871.109994854,"ssp126","Fmean","WGOA","Rpath","pcod_rec"
2012,"ATF",1567597.98995377,595605.767059271,20761.909908427,"ssp126","Fmean","WGOA","Rpath","pcod_rec"
2013,"POL",3129803.3271359,1832301.64727678,90796.631609659,"ssp126","Fmean","WGOA","Rpath","pcod_rec"
2013,"COD",207097.746004189,61173.0549874287,66829.781618954,"ssp126","Fmean","WGOA","Rpath","pcod_rec"
2013,"ATF",1575636.64297929,596480.791969859,21809.3123161,"ssp126","Fmean","WGOA","Rpath","pcod_rec"
2014,"POL",3087331.43236134,1803398.13573914,138948.061996125,"ssp126","Fmean","WGOA","Rpath","pcod_rec"
2014,"COD",180191.44732662,54326.1747660013,83491.72820457,"ssp126","Fmean","WGOA","Rpath","pcod_rec"
2014,"ATF",1567912.16262094,590069.752717628,36524.501530691,"ssp126","Fmean","WGOA","Rpath","pcod_rec"
2015,"POL",3045526.28555765,1775739.07919012,162807.64603073,"ssp126","Fmean","WGOA","Rpath","pcod_rec"
2015,"COD",157932.722055918,48934.4411406065,77689.992014231,"ssp126","Fmean","WGOA","Rpath","pcod_rec"
2015,"ATF",1577268.81804826,588791.535950363,19296.587221708,"ssp126","Fmean","WGOA","Rpath","pcod_rec"
2016,"POL",3007798.29217938,1753763.79832681,173086.352394527,"ssp126","Fmean","WGOA","Rpath","pcod_rec"
2016,"COD",147656.615382295,47339.0097704077,62867.327429592,"ssp126","Fmean","WGOA","Rpath","pcod_rec"
2016,"ATF",1586289.94323646,586210.878732567,19976.294186812,"ssp126","Fmean","WGOA","Rpath","pcod_rec"
2017,"POL",2976739.35759481,1738811.22499638,184220.028529305,"ssp126","Fmean","WGOA","Rpath","pcod_rec"
2017,"COD",147736.144697943,50239.6743054142,48204.214674581,"ssp126","Fmean","WGOA","Rpath","pcod_rec"
2017,"ATF",1591593.27599985,581990.660087748,27053.508990172,"ssp126","Fmean","WGOA","Rpath","pcod_rec"
2018,"POL",2968841.33230651,1740812.46211736,150815.192171791,"ssp126","Fmean","WGOA","Rpath","pcod_rec"
2018,"COD",174522.229212124,61112.9039308985,14681.29819652,"ssp126","Fmean","WGOA","Rpath","pcod_rec"
2018,"ATF",1607270.2111573,582229.748408732,18870.25094355,"ssp126","Fmean","WGOA","Rpath","pcod_rec"
2019,"POL",2976191.20523764,1750709.51749398,110649.271555557,"ssp126","Fmean","WGOA","Rpath","pcod_rec"
2019,"COD",197788.813002527,66355.8766877763,15200.420583165,"ssp126","Fmean","WGOA","Rpath","pcod_rec"
2019,"ATF",1614692.32773615,580069.536802079,24567.051964421,"ssp126","Fmean","WGOA","Rpath","pcod_rec"
2020,"POL",2989833.34622581,1764765.16813834,99971.064888454,"ssp126","Fmean","WGOA","Rpath","pcod_rec"
2020,"COD",227902.927042669,75553.6190205848,6085.249338733,"ssp126","Fmean","WGOA","Rpath","pcod_rec"
2020,"ATF",1626341.19012492,581530.168090412,21115.899302007,"ssp126","Fmean","WGOA","Rpath","pcod_rec"
2021,"POL",2895010.17635964,1704120.60371756,234924.785191783,"ssp126","Fmean","WGOA","Rpath","pcod_rec"
2021,"COD",210752.386735519,68660.9558455401,59699.4049133149,"ssp126","Fmean","WGOA","Rpath","pcod_rec"
2021,"ATF",1625126.81615526,580530.671627596,32534.2617605635,"ssp126","Fmean","WGOA","Rpath","pcod_rec"
2022,"POL",2820245.50911436,1657717.36351202,259779.933938369,"ssp126","Fmean","WGOA","Rpath","pcod_rec"
2022,"COD",198408.551692091,61837.9355680313,63487.5224227085,"ssp126","Fmean","WGOA","Rpath","pcod_rec"
2022,"ATF",1622507.00535392,581000.927882293,34187.0405636918,"ssp126","Fmean","WGOA","Rpath","pcod_rec"
2023,"POL",2769621.37203775,1627756.55855894,257872.195889279,"ssp126","Fmean","WGOA","Rpath","pcod_rec"
2023,"COD",194989.863153821,56735.8287715008,57928.114836689,"ssp126","Fmean","WGOA","Rpath","pcod_rec"
2023,"ATF",1623233.37340363,584416.202110963,31749.2901532714,"ssp126","Fmean","WGOA","Rpath","pcod_rec"
2024,"POL",2816116.7902055,1664388.13710096,133117.512488395,"ssp126","Fmean","WGOA","Rpath","pcod_rec"
2024,"COD",210033.864596243,59921.5868475099,38122.6689793478,"ssp126","Fmean","WGOA","Rpath","pcod_rec"
2024,"ATF",1632426.14609509,591528.775076464,22702.8135803702,"ssp126","Fmean","WGOA","Rpath","pcod_rec"
2025,"POL",2838903.30771911,1680379.55233462,134972.691005997,"ssp126","Fmean","WGOA","Rpath","pcod_rec"
2025,"COD",220424.063077046,63760.53681827,40502.0751987884,"ssp126","Fmean","WGOA","Rpath","pcod_rec"
2025,"ATF",1639005.23500193,596625.595566343,22810.6735550124,"ssp126","Fmean","WGOA","Rpath","pcod_rec"
2026,"POL",2852647.41645303,1688530.00129397,135865.532067551,"ssp126","Fmean","WGOA","Rpath","pcod_rec"
2026,"COD",229481.605742439,66145.4417410998,42518.8826561042,"ssp126","Fmean","WGOA","Rpath","pcod_rec"
2026,"ATF",1643966.02114129,599656.494531185,22895.8879207094,"ssp126","Fmean","WGOA","Rpath","pcod_rec"
2027,"POL",2869853.4665867,1699191.77007574,136619.226493013,"ssp126","Fmean","WGOA","Rpath","pcod_rec"
2027,"COD",239615.668842983,66980.7328122884,44179.1048167521,"ssp126","Fmean","WGOA","Rpath","pcod_rec"
2027,"ATF",1649373.22069867,601806.810565568,22964.1508161728,"ssp126","Fmean","WGOA","Rpath","pcod_rec"
2028,"POL",2886466.97199275,1711008.80695342,137517.460212866,"ssp126","Fmean","WGOA","Rpath","pcod_rec"
2028,"COD",249373.795984775,67741.4767898138,45750.7109808742,"ssp126","Fmean","WGOA","Rpath","pcod_rec"
2028,"ATF",1656546.63663422,604687.748760518,23050.6601088809,"ssp126","Fmean","WGOA","Rpath","pcod_rec"
2029,"POL",2888286.83279615,1711622.95154345,138064.970785208,"ssp126","Fmean","WGOA","Rpath","pcod_rec"
2029,"COD",257778.37802365,67078.0642137646,47825.6060568221,"ssp126","Fmean","WGOA","Rpath","pcod_rec"
2029,"ATF",1661115.22665993,606533.881533647,23143.6590517307,"ssp126","Fmean","WGOA","Rpath","pcod_rec"
2030,"POL",2889422.0736323,1710701.82271858,138108.965177217,"ssp126","Fmean","WGOA","Rpath","pcod_rec"
2030,"COD",264243.604734852,65269.4564987526,49751.4273906122,"ssp126","Fmean","WGOA","Rpath","pcod_rec"
2030,"ATF",1662879.27243315,606969.914418137,23189.5756467776,"ssp126","Fmean","WGOA","Rpath","pcod_rec"
2031,"POL",2891606.70222125,1711550.59351621,138234.968061751,"ssp126","Fmean","WGOA","Rpath","pcod_rec"
2031,"COD",269464.690589328,66038.3546148429,51123.0024169982,"ssp126","Fmean","WGOA","Rpath","pcod_rec"
2031,"ATF",1664421.85736629,607410.101099269,23212.9941813066,"ssp126","Fmean","WGOA","Rpath","pcod_rec"
2032,"POL",2899732.067284,1718154.5304552,138428.769385885,"ssp126","Fmean","WGOA","Rpath","pcod_rec"
2032,"COD",274454.532745364,70274.1423010795,51853.488791451,"ssp126","Fmean","WGOA","Rpath","pcod_rec"
2032,"ATF",1668171.85955404,609295.622960737,23239.4287766288,"ssp126","Fmean","WGOA","Rpath","pcod_rec"
2033,"POL",2896330.53669193,1716781.02506367,138690.612289594,"ssp126","Fmean","WGOA","Rpath","pcod_rec"
2033,"COD",278624.143043531,73491.0816013221,52495.7481028257,"ssp126","Fmean","WGOA","Rpath","pcod_rec"
2033,"ATF",1670971.26912069,611200.136615205,23298.140029973,"ssp126","Fmean","WGOA","Rpath","pcod_rec"
2034,"POL",2894797.34572169,1716218.69999517,138548.510135772,"ssp126","Fmean","WGOA","Rpath","pcod_rec"
2034,"COD",282981.393748568,74103.9824374727,53229.0475277103,"ssp126","Fmean","WGOA","Rpath","pcod_rec"
2034,"ATF",1672665.78354985,612573.284861584,23325.4530281981,"ssp126","Fmean","WGOA","Rpath","pcod_rec"
2035,"POL",2891284.65139353,1714404.32184636,138402.61460918,"ssp126","Fmean","WGOA","Rpath","pcod_rec"
2035,"COD",287146.486178313,72121.1753177837,54025.4215536948,"ssp126","Fmean","WGOA","Rpath","pcod_rec"
2035,"ATF",1674091.88821331,613713.897637448,23344.7083960118,"ssp126","Fmean","WGOA","Rpath","pcod_rec"
2036,"POL",2888173.50408983,1713182.48087372,138275.407132354,"ssp126","Fmean","WGOA","Rpath","pcod_rec"
2036,"COD",290486.19944641,70815.0075937468,54907.2074528038,"ssp126","Fmean","WGOA","Rpath","pcod_rec"
2036,"ATF",1675750.74227332,614861.581467935,23369.0112631625,"ssp126","Fmean","WGOA","Rpath","pcod_rec"
2037,"POL",2880939.02382943,1708622.15151399,138021.175975163,"ssp126","Fmean","WGOA","Rpath","pcod_rec"
2037,"COD",292163.756794755,70140.9288709281,55712.5583871902,"ssp126","Fmean","WGOA","Rpath","pcod_rec"
2037,"ATF",1676309.38109563,615235.535867445,23384.8234520997,"ssp126","Fmean","WGOA","Rpath","pcod_rec"
2038,"POL",2874205.80063533,1703983.78636678,137635.842453226,"ssp126","Fmean","WGOA","Rpath","pcod_rec"
2038,"COD",292683.745791732,71108.4154386652,56180.3136434599,"ssp126","Fmean","WGOA","Rpath","pcod_rec"
2038,"ATF",1676120.866604,614977.901465885,23386.7949987255,"ssp126","Fmean","WGOA","Rpath","pcod_rec"
2039,"POL",2866461.98821548,1698807.16888431,137337.044127073,"ssp126","Fmean","WGOA","Rpath","pcod_rec"
2039,"COD",292570.077963365,73572.4123174707,56190.532098183,"ssp126","Fmean","WGOA","Rpath","pcod_rec"
2039,"ATF",1674771.28947255,613899.225414849,23382.1715921231,"ssp126","Fmean","WGOA","Rpath","pcod_rec"
2040,"POL",2864178.64861506,1697738.01534945,136969.574808764,"ssp126","Fmean","WGOA","Rpath","pcod_rec"
2040,"COD",291582.529437345,76513.7758287567,55966.7634595663,"ssp126","Fmean","WGOA","Rpath","pcod_rec"
2040,"ATF",1673957.76196075,612839.23498443,23355.9531939164,"ssp126","Fmean","WGOA","Rpath","pcod_rec"
2041,"POL",2856619.90281527,1693381.75426338,136831.023068205,"ssp126","Fmean","WGOA","Rpath","pcod_rec"
2041,"COD",288845.047459961,77832.7217482959,55810.6069481642,"ssp126","Fmean","WGOA","Rpath","pcod_rec"
2041,"ATF",1673760.12456028,612201.55556243,23358.1683061233,"ssp126","Fmean","WGOA","Rpath","pcod_rec"
2042,"POL",2845473.38187983,1684476.00921719,136282.115485234,"ssp126","Fmean","WGOA","Rpath","pcod_rec"
2042,"COD",285213.553842533,77659.9376890225,55547.8865026034,"ssp126","Fmean","WGOA","Rpath","pcod_rec"
2042,"ATF",1670504.15935212,609740.920884999,23335.5112315221,"ssp126","Fmean","WGOA","Rpath","pcod_rec"
2043,"POL",2842183.95864271,1682193.89082894,135897.436896127,"ssp126","Fmean","WGOA","Rpath","pcod_rec"
2043,"COD",283354.394142533,78446.8883662812,54847.872558572,"ssp126","Fmean","WGOA","Rpath","pcod_rec"
2043,"ATF",1668383.92187598,607673.923488143,23294.551857745,"ssp126","Fmean","WGOA","Rpath","pcod_rec"
2044,"POL",2848235.18052075,1688826.65955937,135939.452291052,"ssp126","Fmean","WGOA","Rpath","pcod_rec"
2044,"COD",282736.723247205,80820.8207562808,53975.8866275954,"ssp126","Fmean","WGOA","Rpath","pcod_rec"
2044,"ATF",1670839.66854063,608126.773588862,23285.9618260405,"ssp126","Fmean","WGOA","Rpath","pcod_rec"
2045,"POL",2838163.8578241,1683158.56293915,135967.12264725,"ssp126","Fmean","WGOA","Rpath","pcod_rec"
2045,"COD",281676.07269308,80810.6010976223,53692.4776048713,"ssp126","Fmean","WGOA","Rpath","pcod_rec"
2045,"ATF",1671833.95056596,608260.885977995,23326.11283762,"ssp126","Fmean","WGOA","Rpath","pcod_rec"
2046,"POL",2827776.67343348,1675158.03322617,135360.082430972,"ssp126","Fmean","WGOA","Rpath","pcod_rec"
2046,"COD",281199.621617809,77261.7102943211,53822.7719994618,"ssp126","Fmean","WGOA","Rpath","pcod_rec"
2046,"ATF",1669777.84093874,606771.67533443,23316.578393118,"ssp126","Fmean","WGOA","Rpath","pcod_rec"
2047,"POL",2823160.82139913,1671848.35802316,134966.355627017,"ssp126","Fmean","WGOA","Rpath","pcod_rec"
2047,"COD",281377.145662992,74039.6574610149,53818.0393051279,"ssp126","Fmean","WGOA","Rpath","pcod_rec"
2047,"ATF",1667875.71751207,605318.039554395,23287.6030016071,"ssp126","Fmean","WGOA","Rpath","pcod_rec"
2048,"POL",2823002.19116365,1672989.24968898,134805.859375482,"ssp126","Fmean","WGOA","Rpath","pcod_rec"
2048,"COD",281727.056911244,74089.1285424805,53817.4696491979,"ssp126","Fmean","WGOA","Rpath","pcod_rec"
2048,"ATF",1668281.96033587,605192.624541082,23269.8529112858,"ssp126","Fmean","WGOA","Rpath","pcod_rec"
2049,"POL",2816141.73699019,1669083.5044778,134698.898389411,"ssp126","Fmean","WGOA","Rpath","pcod_rec"
2049,"COD",281502.958120135,75184.8060770968,53857.998183464,"ssp126","Fmean","WGOA","Rpath","pcod_rec"
2049,"ATF",1668194.69535523,605162.819049134,23282.2536946986,"ssp126","Fmean","WGOA","Rpath","pcod_rec"
2050,"POL",2810338.00741116,1664910.75244961,134261.0217515,"ssp126","Fmean","WGOA","Rpath","pcod_rec"
2050,"COD",281297.96373066,75254.0200953601,53906.1233499314,"ssp126","Fmean","WGOA","Rpath","pcod_rec"
2050,"ATF",1667157.10232069,604668.944434541,23266.9660463273,"ssp126","Fmean","WGOA","Rpath","pcod_rec"
2051,"POL",2810337.35980377,1666063.55514185,134128.270185928,"ssp126","Fmean","WGOA","Rpath","pcod_rec"
2051,"COD",280471.90504037,75677.0326241119,53778.6736871577,"ssp126","Fmean","WGOA","Rpath","pcod_rec"
2051,"ATF",1668559.33648268,605620.485510167,23267.3000062025,"ssp126","Fmean","WGOA","Rpath","pcod_rec"
2052,"POL",2800162.24464879,1658934.31446303,133897.519285536,"ssp126","Fmean","WGOA","Rpath","pcod_rec"
2052,"COD",278604.851712362,75701.1843613078,53789.0460751501,"ssp126","Fmean","WGOA","Rpath","pcod_rec"
2052,"ATF",1667868.03335895,605607.731710899,23279.0508495243,"ssp126","Fmean","WGOA","Rpath","pcod_rec"
2053,"POL",2798865.42293635,1658384.01088902,133537.83101932,"ssp126","Fmean","WGOA","Rpath","pcod_rec"
2053,"COD",278481.268582403,76790.8923667475,53454.4394137859,"ssp126","Fmean","WGOA","Rpath","pcod_rec"
2053,"ATF",1667864.34653079,605804.758195839,23266.8990750308,"ssp126","Fmean","WGOA","Rpath","pcod_rec"
2054,"POL",2794071.95517412,1655913.44844576,133450.352222065,"ssp126","Fmean","WGOA","Rpath","pcod_rec"
2054,"COD",277616.223164082,77515.7021832335,53012.8828604466,"ssp126","Fmean","WGOA","Rpath","pcod_rec"
2054,"ATF",1667618.50620807,605765.398396999,23270.1013162228,"ssp126","Fmean","WGOA","Rpath","pcod_rec"
2055,"POL",2785235.05564871,1649374.19727601,133053.560231726,"ssp126","Fmean","WGOA","Rpath","pcod_rec"
2055,"COD",276127.349585821,77685.0739032193,53024.5385392248,"ssp126","Fmean","WGOA","Rpath","pcod_rec"
2055,"ATF",1665147.11487504,604211.282562668,23251.4163254942,"ssp126","Fmean","WGOA","Rpath","pcod_rec"
2056,"POL",2779244.46655401,1644916.25891294,132661.04664219,"ssp126","Fmean","WGOA","Rpath","pcod_rec"
2056,"COD",275853.932707372,75697.007225158,52958.5050929259,"ssp126","Fmean","WGOA","Rpath","pcod_rec"
2056,"ATF",1662434.83914368,602209.640759372,23215.7966378767,"ssp126","Fmean","WGOA","Rpath","pcod_rec"
2057,"POL",2779954.59982691,1646491.47769571,132480.728328799,"ssp126","Fmean","WGOA","Rpath","pcod_rec"
2057,"COD",275884.143915026,75464.4788187375,52658.2213452434,"ssp126","Fmean","WGOA","Rpath","pcod_rec"
2057,"ATF",1662248.58188793,601399.599201575,23187.4493707746,"ssp126","Fmean","WGOA","Rpath","pcod_rec"
2058,"POL",2771570.71535157,1641129.83054344,132386.828398191,"ssp126","Fmean","WGOA","Rpath","pcod_rec"
2058,"COD",274730.54573968,76029.4031166831,52673.1405100373,"ssp126","Fmean","WGOA","Rpath","pcod_rec"
2058,"ATF",1661016.05549458,600242.470485542,23191.4682279298,"ssp126","Fmean","WGOA","Rpath","pcod_rec"
2059,"POL",2764337.0713742,1635350.31696073,131858.173934572,"ssp126","Fmean","WGOA","Rpath","pcod_rec"
2059,"COD",274518.519037625,75460.6535428139,52716.4624088786,"ssp126","Fmean","WGOA","Rpath","pcod_rec"
2059,"ATF",1657990.47826255,598111.220075595,23154.5227903238,"ssp126","Fmean","WGOA","Rpath","pcod_rec"
2060,"POL",2764873.4062005,1636441.42060011,131665.918912479,"ssp126","Fmean","WGOA","Rpath","pcod_rec"
2060,"COD",273780.232995317,75224.1415183258,52433.3538137666,"ssp126","Fmean","WGOA","Rpath","pcod_rec"
2060,"ATF",1657510.17013211,597561.238699081,23125.8139072415,"ssp126","Fmean","WGOA","Rpath","pcod_rec"
2061,"POL",2758024.47366708,1632125.75782227,131564.348559808,"ssp126","Fmean","WGOA","Rpath","pcod_rec"
2061,"COD",271354.489209287,75775.9105346576,52470.1436150218,"ssp126","Fmean","WGOA","Rpath","pcod_rec"
2061,"ATF",1656989.75199594,597454.098989158,23124.8087567699,"ssp126","Fmean","WGOA","Rpath","pcod_rec"
2062,"POL",2754871.69528519,1629828.16583962,131215.098688761,"ssp126","Fmean","WGOA","Rpath","pcod_rec"
2062,"COD",270750.041505554,76313.7498301031,52243.1519239452,"ssp126","Fmean","WGOA","Rpath","pcod_rec"
2062,"ATF",1656381.83361669,597502.157251358,23111.7158770649,"ssp126","Fmean","WGOA","Rpath","pcod_rec"
2063,"POL",2754572.95415745,1630803.37082541,131171.836234282,"ssp126","Fmean","WGOA","Rpath","pcod_rec"
2063,"COD",271179.365546302,77255.5661533547,51625.164714619,"ssp126","Fmean","WGOA","Rpath","pcod_rec"
2063,"ATF",1657175.84864369,598465.781398572,23112.9351213254,"ssp126","Fmean","WGOA","Rpath","pcod_rec"
2064,"POL",2750051.10178211,1628549.82343213,131056.242511764,"ssp126","Fmean","WGOA","Rpath","pcod_rec"
2064,"COD",272328.770422793,78447.0887758314,51450.2914153502,"ssp126","Fmean","WGOA","Rpath","pcod_rec"
2064,"ATF",1657027.57773236,598948.284904757,23118.9727613456,"ssp126","Fmean","WGOA","Rpath","pcod_rec"
2065,"POL",2744430.9917554,1624966.89191503,130754.199681803,"ssp126","Fmean","WGOA","Rpath","pcod_rec"
2065,"COD",274290.441103706,75598.1034081712,51748.9235816655,"ssp126","Fmean","WGOA","Rpath","pcod_rec"
2065,"ATF",1655927.33481194,598774.726174422,23109.3968067075,"ssp126","Fmean","WGOA","Rpath","pcod_rec"
2066,"POL",2736179.26252833,1619389.93089743,130435.782602522,"ssp126","Fmean","WGOA","Rpath","pcod_rec"
2066,"COD",275834.992599387,71687.916506339,52295.1899409845,"ssp126","Fmean","WGOA","Rpath","pcod_rec"
2066,"ATF",1653990.40077311,597989.713423959,23091.7788454303,"ssp126","Fmean","WGOA","Rpath","pcod_rec"
2067,"POL",2727344.84293649,1612363.59131656,129955.316714088,"ssp126","Fmean","WGOA","Rpath","pcod_rec"
2067,"COD",276279.105751665,69844.2330329775,52868.8757480721,"ssp126","Fmean","WGOA","Rpath","pcod_rec"
2067,"ATF",1650098.04225775,595878.948432774,23053.3282745544,"ssp126","Fmean","WGOA","Rpath","pcod_rec"
2068,"POL",2725261.81950458,1611036.39229447,129601.875680463,"ssp126","Fmean","WGOA","Rpath","pcod_rec"
2068,"COD",276267.401439046,70720.567172737,53116.3093588013,"ssp126","Fmean","WGOA","Rpath","pcod_rec"
2068,"ATF",1648022.97237838,594571.371100983,23003.0974619328,"ssp126","Fmean","WGOA","Rpath","pcod_rec"
2069,"POL",2723590.38863518,1610751.73202288,129511.874411097,"ssp126","Fmean","WGOA","Rpath","pcod_rec"
2069,"COD",275571.031022298,73593.8803982724,52981.9632139229,"ssp126","Fmean","WGOA","Rpath","pcod_rec"
2069,"ATF",1647852.4136742,594534.962171586,22988.118942091,"ssp126","Fmean","WGOA","Rpath","pcod_rec"
2070,"POL",2719190.26099821,1608212.63698829,129373.242039415,"ssp126","Fmean","WGOA","Rpath","pcod_rec"
2070,"COD",274957.66621519,76423.6385252509,52735.7000014161,"ssp126","Fmean","WGOA","Rpath","pcod_rec"
2070,"ATF",1647473.48758862,594727.556152134,22987.4193438642,"ssp126","Fmean","WGOA","Rpath","pcod_rec"
2071,"POL",2719058.11527858,1608827.83839439,129227.280679897,"ssp126","Fmean","WGOA","Rpath","pcod_rec"
2071,"COD",274384.761160391,77611.7834744665,52395.2383861746,"ssp126","Fmean","WGOA","Rpath","pcod_rec"
2071,"ATF",1647790.09809666,595487.689161151,22982.8896337123,"ssp126","Fmean","WGOA","Rpath","pcod_rec"
2072,"POL",2709231.55848842,1601711.7086477,129002.134569148,"ssp126","Fmean","WGOA","Rpath","pcod_rec"
2072,"COD",273701.852918062,76472.7379585265,52331.2228718863,"ssp126","Fmean","WGOA","Rpath","pcod_rec"
2072,"ATF",1645612.98732584,595004.70291864,22976.8999939686,"ssp126","Fmean","WGOA","Rpath","pcod_rec"
2073,"POL",2705128.3368614,1598270.67584416,128569.297013725,"ssp126","Fmean","WGOA","Rpath","pcod_rec"
2073,"COD",272865.673217886,75156.119266424,52253.7966740118,"ssp126","Fmean","WGOA","Rpath","pcod_rec"
2073,"ATF",1642612.62375749,593769.406927854,22934.9033970796,"ssp126","Fmean","WGOA","Rpath","pcod_rec"
2074,"POL",2698557.52292501,1593092.15094355,128322.791923628,"ssp126","Fmean","WGOA","Rpath","pcod_rec"
2074,"COD",270602.267150511,73703.227774189,52291.1613849286,"ssp126","Fmean","WGOA","Rpath","pcod_rec"
2074,"ATF",1638966.07347186,591962.818660197,22892.2449151008,"ssp126","Fmean","WGOA","Rpath","pcod_rec"
2075,"POL",2695981.9696975,1590926.40032739,128035.591107556,"ssp126","Fmean","WGOA","Rpath","pcod_rec"
2075,"COD",270044.08377184,74699.8174902966,52067.6508359599,"ssp126","Fmean","WGOA","Rpath","pcod_rec"
2075,"ATF",1635700.25996989,590062.732903464,22841.0132448897,"ssp126","Fmean","WGOA","Rpath","pcod_rec"
2076,"POL",2701246.49294606,1596002.03162313,128067.388522845,"ssp126","Fmean","WGOA","Rpath","pcod_rec"
2076,"COD",270520.234023332,76410.7086249914,51478.0453661668,"ssp126","Fmean","WGOA","Rpath","pcod_rec"
2076,"ATF",1636223.01685807,590135.870601128,22813.7980451368,"ssp126","Fmean","WGOA","Rpath","pcod_rec"
2077,"POL",2698709.54463207,1595961.85839978,128212.750695552,"ssp126","Fmean","WGOA","Rpath","pcod_rec"
2077,"COD",271311.308289802,77769.4579813365,51323.912856491,"ssp126","Fmean","WGOA","Rpath","pcod_rec"
2077,"ATF",1637911.61861144,591216.532394047,22834.5818198382,"ssp126","Fmean","WGOA","Rpath","pcod_rec"
2078,"POL",2687579.48048892,1587741.42370055,127876.265742222,"ssp126","Fmean","WGOA","Rpath","pcod_rec"
2078,"COD",272931.098506666,75089.3876975681,51596.0190231152,"ssp126","Fmean","WGOA","Rpath","pcod_rec"
2078,"ATF",1635811.81951585,590492.747781043,22840.9853805817,"ssp126","Fmean","WGOA","Rpath","pcod_rec"
2079,"POL",2683980.98988194,1584540.30621525,127392.064924306,"ssp126","Fmean","WGOA","Rpath","pcod_rec"
2079,"COD",274202.16026227,71618.568880416,51957.3305392512,"ssp126","Fmean","WGOA","Rpath","pcod_rec"
2079,"ATF",1632789.10511488,589165.218354189,22795.9556522352,"ssp126","Fmean","WGOA","Rpath","pcod_rec"
2080,"POL",2678098.98532235,1580289.0856179,127172.965547437,"ssp126","Fmean","WGOA","Rpath","pcod_rec"
2080,"COD",274316.908197638,69923.243408442,52509.5131579436,"ssp126","Fmean","WGOA","Rpath","pcod_rec"
2080,"ATF",1629948.97743741,588047.909228312,22758.6850219174,"ssp126","Fmean","WGOA","Rpath","pcod_rec"
2081,"POL",2674722.27042888,1577682.27357313,126919.163886507,"ssp126","Fmean","WGOA","Rpath","pcod_rec"
2081,"COD",273218.294467591,70659.0392467826,52728.0340577986,"ssp126","Fmean","WGOA","Rpath","pcod_rec"
2081,"ATF",1627320.51001837,587109.137235916,22721.0690936,"ssp126","Fmean","WGOA","Rpath","pcod_rec"
2082,"POL",2667530.06289957,1571577.64538011,126634.198781081,"ssp126","Fmean","WGOA","Rpath","pcod_rec"
2082,"COD",269542.246674031,72880.161234164,52574.8971317015,"ssp126","Fmean","WGOA","Rpath","pcod_rec"
2082,"ATF",1623294.82998707,585488.167484803,22678.2380416673,"ssp126","Fmean","WGOA","Rpath","pcod_rec"
2083,"POL",2665159.54006561,1568928.86290372,126299.85521544,"ssp126","Fmean","WGOA","Rpath","pcod_rec"
2083,"COD",267108.937295968,76778.4712842443,52019.8341454255,"ssp126","Fmean","WGOA","Rpath","pcod_rec"
2083,"ATF",1619589.49614456,583917.640835478,22617.4116289154,"ssp126","Fmean","WGOA","Rpath","pcod_rec"
2084,"POL",2671613.01329568,1574819.65230231,126419.587009913,"ssp126","Fmean","WGOA","Rpath","pcod_rec"
2084,"COD",266802.319060492,80294.4926097096,50939.9887647543,"ssp126","Fmean","WGOA","Rpath","pcod_rec"
2084,"ATF",1619921.26841626,584542.206649456,22588.4328154554,"ssp126","Fmean","WGOA","Rpath","pcod_rec"
2085,"POL",2675396.35234897,1579594.99850481,126703.586359164,"ssp126","Fmean","WGOA","Rpath","pcod_rec"
2085,"COD",267523.700273794,81166.6515549951,50370.9613414064,"ssp126","Fmean","WGOA","Rpath","pcod_rec"
2085,"ATF",1622694.63888252,586725.8567915,22607.725964021,"ssp126","Fmean","WGOA","Rpath","pcod_rec"
2086,"POL",2668072.1468095,1575127.22486781,126676.160122627,"ssp126","Fmean","WGOA","Rpath","pcod_rec"
2086,"COD",269457.09633383,76952.4292503548,50625.4446407361,"ssp126","Fmean","WGOA","Rpath","pcod_rec"
2086,"ATF",1623350.73528057,587916.905770969,22641.5207837728,"ssp126","Fmean","WGOA","Rpath","pcod_rec"
2087,"POL",2660404.35046401,1568694.6812515,126220.396381755,"ssp126","Fmean","WGOA","Rpath","pcod_rec"
2087,"COD",271373.964403296,70568.5900445092,51268.4294634258,"ssp126","Fmean","WGOA","Rpath","pcod_rec"
2087,"ATF",1620920.69050824,587114.788593494,22627.0421057614,"ssp126","Fmean","WGOA","Rpath","pcod_rec"
2088,"POL",2655856.62207664,1564710.3149774,125931.985799365,"ssp126","Fmean","WGOA","Rpath","pcod_rec"
2088,"COD",272085.79448026,67702.352481978,51963.2387795349,"ssp126","Fmean","WGOA","Rpath","pcod_rec"
2088,"ATF",1617518.32318976,585493.401952299,22589.4710615589,"ssp126","Fmean","WGOA","Rpath","pcod_rec"
2089,"POL",2653853.81116696,1562649.61688827,125670.466494324,"ssp126","Fmean","WGOA","Rpath","pcod_rec"
2089,"COD",270959.248784633,68433.2563780519,52366.9683293,"ssp126","Fmean","WGOA","Rpath","pcod_rec"
2089,"ATF",1614242.25302507,583733.000175843,22535.3827832407,"ssp126","Fmean","WGOA","Rpath","pcod_rec"
2090,"POL",2651510.47472262,1560934.81865939,125606.518522541,"ssp126","Fmean","WGOA","Rpath","pcod_rec"
2090,"COD",269485.863557958,72077.0065770061,52242.9335050639,"ssp126","Fmean","WGOA","Rpath","pcod_rec"
2090,"ATF",1612008.2901559,582663.744127323,22502.2723626269,"ssp126","Fmean","WGOA","Rpath","pcod_rec"
2091,"POL",2653376.79914136,1562416.16661284,125510.535458347,"ssp126","Fmean","WGOA","Rpath","pcod_rec"
2091,"COD",268515.568482629,76690.2328303834,51599.8566950822,"ssp126","Fmean","WGOA","Rpath","pcod_rec"
2091,"ATF",1610889.37452605,582260.502460047,22470.7136346032,"ssp126","Fmean","WGOA","Rpath","pcod_rec"
2092,"POL",2651062.72415204,1561373.04367814,125597.070293962,"ssp126","Fmean","WGOA","Rpath","pcod_rec"
2092,"COD",266909.945424215,79351.0671611144,51031.9885398668,"ssp126","Fmean","WGOA","Rpath","pcod_rec"
2092,"ATF",1610094.5601176,582288.46102836,22465.6286066147,"ssp126","Fmean","WGOA","Rpath","pcod_rec"
2093,"POL",2642509.11706631,1554347.88990014,125298.101718567,"ssp126","Fmean","WGOA","Rpath","pcod_rec"
2093,"COD",265548.427531057,77823.011211451,50874.5696325187,"ssp126","Fmean","WGOA","Rpath","pcod_rec"
2093,"ATF",1606194.45742444,580656.360902863,22436.54743783,"ssp126","Fmean","WGOA","Rpath","pcod_rec"
2094,"POL",2640738.90872601,1552242.0609086,124955.730312471,"ssp126","Fmean","WGOA","Rpath","pcod_rec"
2094,"COD",265642.117025652,74845.7023564544,50694.3581775864,"ssp126","Fmean","WGOA","Rpath","pcod_rec"
2094,"ATF",1602268.45703056,578750.769495724,22375.7071651992,"ssp126","Fmean","WGOA","Rpath","pcod_rec"
2095,"POL",2644055.79264972,1555452.02259239,124977.934249756,"ssp126","Fmean","WGOA","Rpath","pcod_rec"
2095,"COD",266258.01713727,73444.5630888649,50598.2657103176,"ssp126","Fmean","WGOA","Rpath","pcod_rec"
2095,"ATF",1601747.43765798,578608.769389695,22338.0441771169,"ssp126","Fmean","WGOA","Rpath","pcod_rec"
2096,"POL",2641252.39798809,1554161.96874344,125068.533755667,"ssp126","Fmean","WGOA","Rpath","pcod_rec"
2096,"COD",265888.388125438,73209.7338324755,50774.9016539234,"ssp126","Fmean","WGOA","Rpath","pcod_rec"
2096,"ATF",1601608.26657768,578922.670212195,22342.8062328759,"ssp126","Fmean","WGOA","Rpath","pcod_rec"
2097,"POL",2632480.10660113,1546350.93728112,124740.707469801,"ssp126","Fmean","WGOA","Rpath","pcod_rec"
2097,"COD",263993.42458825,72086.4994474303,51027.4929721457,"ssp126","Fmean","WGOA","Rpath","pcod_rec"
2097,"ATF",1597673.79487554,577270.564980833,22320.1415571263,"ssp126","Fmean","WGOA","Rpath","pcod_rec"
2098,"POL",2631727.72117925,1544303.94705986,124387.867116141,"ssp126","Fmean","WGOA","Rpath","pcod_rec"
2098,"COD",262376.11249981,72764.9526651785,50844.2897411088,"ssp126","Fmean","WGOA","Rpath","pcod_rec"
2098,"ATF",1593606.01289336,575402.413811112,22255.3299875914,"ssp126","Fmean","WGOA","Rpath","pcod_rec"
2099,"POL",2635318.62938404,1547415.41992791,124503.158178165,"ssp126","Fmean","WGOA","Rpath","pcod_rec"
2099,"COD",261743.833669432,75552.5424264537,50282.6773482298,"ssp126","Fmean","WGOA","Rpath","pcod_rec"
2099,"ATF",1592582.95650695,575282.494368913,22217.2326627252,"ssp126","Fmean","WGOA","Rpath","pcod_rec"
1991,"POL",2884927.16511783,1690895.40603404,87828.010002781,"ssp245","Fmean","WGOA","Rpath","pcod_rec"
1991,"COD",399280.293878193,93224.2373585632,64466.829990571,"ssp245","Fmean","WGOA","Rpath","pcod_rec"
1991,"ATF",1554327.80462664,597326.97740596,16958.380011156,"ssp245","Fmean","WGOA","Rpath","pcod_rec"
1992,"POL",2892495.91324268,1696087.27813365,90585.189961806,"ssp245","Fmean","WGOA","Rpath","pcod_rec"
1992,"COD",371842.900083054,88999.2287874369,78966.500089317,"ssp245","Fmean","WGOA","Rpath","pcod_rec"
1992,"ATF",1551901.37581743,598021.211707819,20482.180062468,"ssp245","Fmean","WGOA","Rpath","pcod_rec"
1993,"POL",2886917.46017875,1690078.21042351,108230.180085742,"ssp245","Fmean","WGOA","Rpath","pcod_rec"
1993,"COD",375328.175429555,91984.46817467,45849.170066118,"ssp245","Fmean","WGOA","Rpath","pcod_rec"
1993,"ATF",1551566.34683954,599298.159270716,18294.449920618,"ssp245","Fmean","WGOA","Rpath","pcod_rec"
1994,"POL",2891612.89701311,1691340.87032149,100412.359942985,"ssp245","Fmean","WGOA","Rpath","pcod_rec"
1994,"COD",374238.505424238,92168.0244909248,45610.579965874,"ssp245","Fmean","WGOA","Rpath","pcod_rec"
1994,"ATF",1547453.431915,598480.508802417,21993.239976229,"ssp245","Fmean","WGOA","Rpath","pcod_rec"
1995,"POL",2920445.2429594,1709974.75171492,69168.129925675,"ssp245","Fmean","WGOA","Rpath","pcod_rec"
1995,"COD",354241.118245692,88060.9264831689,67907.179992219,"ssp245","Fmean","WGOA","Rpath","pcod_rec"
1995,"ATF",1548788.07321952,599203.455585779,17415.490044603,"ssp245","Fmean","WGOA","Rpath","pcod_rec"
1996,"POL",2949537.49989699,1727520.76771419,49825.8700384,"ssp245","Fmean","WGOA","Rpath","pcod_rec"
1996,"COD",348901.269856949,89289.8998161644,55391.660096973,"ssp245","Fmean","WGOA","Rpath","pcod_rec"
1996,"ATF",1545296.54167072,597141.15385086,21555.609900557,"ssp245","Fmean","WGOA","Rpath","pcod_rec"
1997,"POL",2946193.76182491,1722365.56372477,84179.649971753,"ssp245","Fmean","WGOA","Rpath","pcod_rec"
1997,"COD",339607.871812025,88455.8466619866,58920.579990637,"ssp245","Fmean","WGOA","Rpath","pcod_rec"
1997,"ATF",1547340.93937387,596389.731746862,14758.279890696,"ssp245","Fmean","WGOA","Rpath","pcod_rec"
1998,"POL",3007840.54757787,1762267.82292695,5428.379997642,"ssp245","Fmean","WGOA","Rpath","pcod_rec"
1998,"COD",338402.008126062,87897.0996300377,50218.950113863,"ssp245","Fmean","WGOA","Rpath","pcod_rec"
1998,"ATF",1552042.17068945,596282.511778416,12377.190009373,"ssp245","Fmean","WGOA","Rpath","pcod_rec"
1999,"POL",2993956.26360435,1751820.3586859,90556.900062537,"ssp245","Fmean","WGOA","Rpath","pcod_rec"
1999,"COD",323385.504513683,83134.3281978233,66264.67009813,"ssp245","Fmean","WGOA","Rpath","pcod_rec"
1999,"ATF",1556822.57219736,596729.653748177,14649.229924965,"ssp245","Fmean","WGOA","Rpath","pcod_rec"
2000,"POL",3049484.66889728,1789601.2235707,5552.830105466,"ssp245","Fmean","WGOA","Rpath","pcod_rec"
2000,"COD",321234.70478313,82993.6306736087,53384.869944958,"ssp245","Fmean","WGOA","Rpath","pcod_rec"
2000,"ATF",1555589.60333769,595731.530286997,22993.75009338,"ssp245","Fmean","WGOA","Rpath","pcod_rec"
2001,"POL",3082953.38628358,1808450.38491623,3452.299978517,"ssp245","Fmean","WGOA","Rpath","pcod_rec"
2001,"COD",327836.052151014,85350.6677932879,40517.409954733,"ssp245","Fmean","WGOA","Rpath","pcod_rec"
2001,"ATF",1559150.39699574,597017.281545479,17416.199986059,"ssp245","Fmean","WGOA","Rpath","pcod_rec"
2002,"POL",3117695.91098478,1828996.8919311,1698.029945361,"ssp245","Fmean","WGOA","Rpath","pcod_rec"
2002,"COD",329657.199807253,86672.396799144,41567.989960821,"ssp245","Fmean","WGOA","Rpath","pcod_rec"
2002,"ATF",1561074.36729579,598208.760306624,20173.560012907,"ssp245","Fmean","WGOA","Rpath","pcod_rec"
2003,"POL",3105660.59060301,1817041.08768011,48590.077011908,"ssp245","Fmean","WGOA","Rpath","pcod_rec"
2003,"COD",321002.232869284,86072.6548698382,52365.755088864,"ssp245","Fmean","WGOA","Rpath","pcod_rec"
2003,"ATF",1552272.45436907,595288.634146958,30169.771891001,"ssp245","Fmean","WGOA","Rpath","pcod_rec"
2004,"POL",3100496.17999595,1811816.72016729,62434.439922489,"ssp245","Fmean","WGOA","Rpath","pcod_rec"
2004,"COD",310907.346053104,86861.6844619175,56450.241969657,"ssp245","Fmean","WGOA","Rpath","pcod_rec"
2004,"ATF",1557805.52630999,597533.747722124,15634.908041003,"ssp245","Fmean","WGOA","Rpath","pcod_rec"
2005,"POL",3085140.75609541,1801622.59658072,78302.791927256,"ssp245","Fmean","WGOA","Rpath","pcod_rec"
2005,"COD",308747.712383036,89355.0329510825,47523.779925577,"ssp245","Fmean","WGOA","Rpath","pcod_rec"
2005,"ATF",1557456.93296847,596651.527725103,19923.573051558,"ssp245","Fmean","WGOA","Rpath","pcod_rec"
2006,"POL",3088115.70042571,1805154.79373703,68928.307992488,"ssp245","Fmean","WGOA","Rpath","pcod_rec"
2006,"COD",305285.425387622,89662.8420266119,47767.079961499,"ssp245","Fmean","WGOA","Rpath","pcod_rec"
2006,"ATF",1552052.55675712,593803.972010943,27622.698918064,"ssp245","Fmean","WGOA","Rpath","pcod_rec"
2007,"POL",3108388.6659623,1820162.18935033,51572.307003871,"ssp245","Fmean","WGOA","Rpath","pcod_rec"
2007,"COD",298656.827987615,86970.5841575916,51812.178003779,"ssp245","Fmean","WGOA","Rpath","pcod_rec"
2007,"ATF",1552833.11070127,593773.096946291,25346.986980543,"ssp245","Fmean","WGOA","Rpath","pcod_rec"
2008,"POL",3122657.32782491,1829614.82622622,50786.206014733,"ssp245","Fmean","WGOA","Rpath","pcod_rec"
2008,"COD",288014.19715692,83738.4257426123,58386.384025578,"ssp245","Fmean","WGOA","Rpath","pcod_rec"
2008,"ATF",1551453.5168298,592951.977723493,29205.939969489,"ssp245","Fmean","WGOA","Rpath","pcod_rec"
2009,"POL",3143273.39859891,1841984.8200306,41549.503075916,"ssp245","Fmean","WGOA","Rpath","pcod_rec"
2009,"COD",284535.848347064,83301.5655360441,51788.980009351,"ssp245","Fmean","WGOA","Rpath","pcod_rec"
2009,"ATF",1555113.02563569,594046.266118116,24831.742038702,"ssp245","Fmean","WGOA","Rpath","pcod_rec"
2010,"POL",3136117.03112817,1835292.14585186,73443.384226643,"ssp245","Fmean","WGOA","Rpath","pcod_rec"
2010,"COD",260387.074378808,76717.5680514182,76954.154598455,"ssp245","Fmean","WGOA","Rpath","pcod_rec"
2010,"ATF",1558263.17274182,594362.564843561,24339.446470918,"ssp245","Fmean","WGOA","Rpath","pcod_rec"
2011,"POL",3141056.08768375,1838289.75061505,77694.479623666,"ssp245","Fmean","WGOA","Rpath","pcod_rec"
2011,"COD",234318.516143285,69543.3060352226,83710.475394165,"ssp245","Fmean","WGOA","Rpath","pcod_rec"
2011,"ATF",1557071.61028742,592792.103233455,30911.821764055,"ssp245","Fmean","WGOA","Rpath","pcod_rec"
2012,"POL",3133568.47204365,1833854.71164897,98934.691224094,"ssp245","Fmean","WGOA","Rpath","pcod_rec"
2012,"COD",216652.39880077,64116.8215124414,76871.109994854,"ssp245","Fmean","WGOA","Rpath","pcod_rec"
2012,"ATF",1567597.98995377,595605.767059271,20761.909908427,"ssp245","Fmean","WGOA","Rpath","pcod_rec"
2013,"POL",3129803.3271359,1832301.64727678,90796.631609659,"ssp245","Fmean","WGOA","Rpath","pcod_rec"
2013,"COD",207097.746004189,61173.0549874287,66829.781618954,"ssp245","Fmean","WGOA","Rpath","pcod_rec"
2013,"ATF",1575636.64297929,596480.791969859,21809.3123161,"ssp245","Fmean","WGOA","Rpath","pcod_rec"
2014,"POL",3087331.43236134,1803398.13573914,138948.061996125,"ssp245","Fmean","WGOA","Rpath","pcod_rec"
2014,"COD",180191.44732662,54326.1747660013,83491.72820457,"ssp245","Fmean","WGOA","Rpath","pcod_rec"
2014,"ATF",1567912.16262094,590069.752717628,36524.501530691,"ssp245","Fmean","WGOA","Rpath","pcod_rec"
2015,"POL",3045526.28555765,1775739.07919012,162807.64603073,"ssp245","Fmean","WGOA","Rpath","pcod_rec"
2015,"COD",157932.722055918,48934.4411406065,77689.992014231,"ssp245","Fmean","WGOA","Rpath","pcod_rec"
2015,"ATF",1577268.81804826,588791.535950363,19296.587221708,"ssp245","Fmean","WGOA","Rpath","pcod_rec"
2016,"POL",3007798.29217938,1753763.79832681,173086.352394527,"ssp245","Fmean","WGOA","Rpath","pcod_rec"
2016,"COD",147656.615382295,47339.0097704077,62867.327429592,"ssp245","Fmean","WGOA","Rpath","pcod_rec"
2016,"ATF",1586289.94323646,586210.878732567,19976.294186812,"ssp245","Fmean","WGOA","Rpath","pcod_rec"
2017,"POL",2976739.35759481,1738811.22499638,184220.028529305,"ssp245","Fmean","WGOA","Rpath","pcod_rec"
2017,"COD",147736.144697943,50239.6743054142,48204.214674581,"ssp245","Fmean","WGOA","Rpath","pcod_rec"
2017,"ATF",1591593.27599985,581990.660087748,27053.508990172,"ssp245","Fmean","WGOA","Rpath","pcod_rec"
2018,"POL",2968841.33230651,1740812.46211736,150815.192171791,"ssp245","Fmean","WGOA","Rpath","pcod_rec"
2018,"COD",174522.229212124,61112.9039308985,14681.29819652,"ssp245","Fmean","WGOA","Rpath","pcod_rec"
2018,"ATF",1607270.2111573,582229.748408732,18870.25094355,"ssp245","Fmean","WGOA","Rpath","pcod_rec"
2019,"POL",2976191.20523764,1750709.51749398,110649.271555557,"ssp245","Fmean","WGOA","Rpath","pcod_rec"
2019,"COD",197788.813002527,66355.8766877763,15200.420583165,"ssp245","Fmean","WGOA","Rpath","pcod_rec"
2019,"ATF",1614692.32773615,580069.536802079,24567.051964421,"ssp245","Fmean","WGOA","Rpath","pcod_rec"
2020,"POL",2989895.2520935,1764767.02629929,99971.064888454,"ssp245","Fmean","WGOA","Rpath","pcod_rec"
2020,"COD",227504.737928574,75552.6208206696,6085.249338733,"ssp245","Fmean","WGOA","Rpath","pcod_rec"
2020,"ATF",1626347.35110332,581533.713573081,21115.899302007,"ssp245","Fmean","WGOA","Rpath","pcod_rec"
2021,"POL",2905440.23641507,1712367.43482848,235101.083609721,"ssp245","Fmean","WGOA","Rpath","pcod_rec"
2021,"COD",210667.054471651,68697.4002491198,59717.8417281808,"ssp245","Fmean","WGOA","Rpath","pcod_rec"
2021,"ATF",1628312.33023208,582257.936959457,32545.4208659652,"ssp245","Fmean","WGOA","Rpath","pcod_rec"
2022,"POL",2819494.70099642,1658467.85104895,260116.020438291,"ssp245","Fmean","WGOA","Rpath","pcod_rec"
2022,"COD",199920.060791638,62242.9538176126,63377.6038953067,"ssp245","Fmean","WGOA","Rpath","pcod_rec"
2022,"ATF",1626060.02696627,583239.129471387,34241.3666273287,"ssp245","Fmean","WGOA","Rpath","pcod_rec"
2023,"POL",2762382.41673661,1622849.91841489,257699.589641385,"ssp245","Fmean","WGOA","Rpath","pcod_rec"
2023,"COD",198214.402196767,57054.755050628,57767.820908525,"ssp245","Fmean","WGOA","Rpath","pcod_rec"
2023,"ATF",1623870.36301034,585032.906133983,31781.1014029969,"ssp245","Fmean","WGOA","Rpath","pcod_rec"
2024,"POL",2803901.5725012,1655065.38424349,132687.556011143,"ssp245","Fmean","WGOA","Rpath","pcod_rec"
2024,"COD",214785.457554345,57941.0824935125,38611.4686253248,"ssp245","Fmean","WGOA","Rpath","pcod_rec"
2024,"ATF",1628829.028798,589543.487892434,22688.3542319185,"ssp245","Fmean","WGOA","Rpath","pcod_rec"
2025,"POL",2831577.38543008,1674953.70679037,134496.433124897,"ssp245","Fmean","WGOA","Rpath","pcod_rec"
2025,"COD",227608.500451601,59411.2087146105,41629.2719012388,"ssp245","Fmean","WGOA","Rpath","pcod_rec"
2025,"ATF",1633830.13340357,593401.08008351,22749.7182114306,"ssp245","Fmean","WGOA","Rpath","pcod_rec"
2026,"POL",2852927.96903269,1690128.47990772,135726.257257146,"ssp245","Fmean","WGOA","Rpath","pcod_rec"
2026,"COD",238491.889816417,63018.1621884133,43830.3054032213,"ssp245","Fmean","WGOA","Rpath","pcod_rec"
2026,"ATF",1640704.64473632,597436.245865701,22836.7274783339,"ssp245","Fmean","WGOA","Rpath","pcod_rec"
2027,"POL",2867739.65347412,1699156.22669594,136583.832634864,"ssp245","Fmean","WGOA","Rpath","pcod_rec"
2027,"COD",248775.388900768,65881.9555387453,45853.0631888247,"ssp245","Fmean","WGOA","Rpath","pcod_rec"
2027,"ATF",1647006.46098247,600539.012073188,22928.7572927027,"ssp245","Fmean","WGOA","Rpath","pcod_rec"
2028,"POL",2878610.5609908,1705597.61357225,137253.448837737,"ssp245","Fmean","WGOA","Rpath","pcod_rec"
2028,"COD",258688.935357966,66588.0053245755,47712.8485432309,"ssp245","Fmean","WGOA","Rpath","pcod_rec"
2028,"ATF",1652744.76823305,603414.866754435,23014.3621095213,"ssp245","Fmean","WGOA","Rpath","pcod_rec"
2029,"POL",2887727.64027622,1711171.39010556,137734.025286901,"ssp245","Fmean","WGOA","Rpath","pcod_rec"
2029,"COD",267745.081284157,66565.1285223482,49561.0507253359,"ssp245","Fmean","WGOA","Rpath","pcod_rec"
2029,"ATF",1657767.86580764,606377.470754136,23086.6781979558,"ssp245","Fmean","WGOA","Rpath","pcod_rec"
2030,"POL",2891971.27656583,1713910.97211048,138158.24180687,"ssp245","Fmean","WGOA","Rpath","pcod_rec"
2030,"COD",275693.341105704,66246.7000762222,51405.8281348849,"ssp245","Fmean","WGOA","Rpath","pcod_rec"
2030,"ATF",1662033.87880078,609319.497492422,23156.9569354974,"ssp245","Fmean","WGOA","Rpath","pcod_rec"
2031,"POL",2896841.57474772,1717218.5546346,138380.878225701,"ssp245","Fmean","WGOA","Rpath","pcod_rec"
2031,"COD",282247.218385924,66435.7210876687,52974.5775375544,"ssp245","Fmean","WGOA","Rpath","pcod_rec"
2031,"ATF",1665737.79796774,611933.706111254,23210.0980381784,"ssp245","Fmean","WGOA","Rpath","pcod_rec"
2032,"POL",2896200.63646629,1716828.70844185,138581.766329284,"ssp245","Fmean","WGOA","Rpath","pcod_rec"
2032,"COD",286938.950499883,67698.8299550708,54240.2574433708,"ssp245","Fmean","WGOA","Rpath","pcod_rec"
2032,"ATF",1668285.15186072,613861.492792179,23260.1719909478,"ssp245","Fmean","WGOA","Rpath","pcod_rec"
2033,"POL",2894964.27086037,1715476.68004564,138462.867413389,"ssp245","Fmean","WGOA","Rpath","pcod_rec"
2033,"COD",290296.75628853,69758.7356754436,55148.7614089769,"ssp245","Fmean","WGOA","Rpath","pcod_rec"
2033,"ATF",1669251.95693096,614622.733162875,23279.2650179575,"ssp245","Fmean","WGOA","Rpath","pcod_rec"
2034,"POL",2895334.68604968,1716079.25339652,138503.361130299,"ssp245","Fmean","WGOA","Rpath","pcod_rec"
2034,"COD",291422.315566443,71862.4694059742,55699.9359571493,"ssp245","Fmean","WGOA","Rpath","pcod_rec"
2034,"ATF",1670640.03174027,615390.684527671,23297.94770537,"ssp245","Fmean","WGOA","Rpath","pcod_rec"
2035,"POL",2886511.28350137,1709156.43516893,138301.20527162,"ssp245","Fmean","WGOA","Rpath","pcod_rec"
2035,"COD",290295.449061433,73536.3724452726,56102.4746734027,"ssp245","Fmean","WGOA","Rpath","pcod_rec"
2035,"ATF",1669404.66324715,614429.317663995,23303.0719430128,"ssp245","Fmean","WGOA","Rpath","pcod_rec"
2036,"POL",2883710.30188664,1706992.80129874,137981.598662143,"ssp245","Fmean","WGOA","Rpath","pcod_rec"
2036,"COD",289545.149142964,75660.4497070657,55930.918831456,"ssp245","Fmean","WGOA","Rpath","pcod_rec"
2036,"ATF",1668628.83479152,613250.968758092,23284.4866954966,"ssp245","Fmean","WGOA","Rpath","pcod_rec"
2037,"POL",2883004.18171477,1707621.20623278,137925.244315442,"ssp245","Fmean","WGOA","Rpath","pcod_rec"
2037,"COD",288735.692310929,78250.8307472371,55404.2588045434,"ssp245","Fmean","WGOA","Rpath","pcod_rec"
2037,"ATF",1669498.0294464,612712.865121296,23283.2056132346,"ssp245","Fmean","WGOA","Rpath","pcod_rec"
2038,"POL",2877906.67671435,1705176.77114001,137841.225479382,"ssp245","Fmean","WGOA","Rpath","pcod_rec"
2038,"COD",287492.100876264,79992.1944733236,55093.8340709697,"ssp245","Fmean","WGOA","Rpath","pcod_rec"
2038,"ATF",1670235.64004635,612086.750337497,23299.5546201872,"ssp245","Fmean","WGOA","Rpath","pcod_rec"
2039,"POL",2871166.13055066,1700681.10019831,137494.095928486,"ssp245","Fmean","WGOA","Rpath","pcod_rec"
2039,"COD",286279.864589746,78497.9758616425,54982.9588890997,"ssp245","Fmean","WGOA","Rpath","pcod_rec"
2039,"ATF",1669871.28917781,610833.427427429,23300.9402505923,"ssp245","Fmean","WGOA","Rpath","pcod_rec"
2040,"POL",2864602.67303443,1696510.26692857,137183.147662613,"ssp245","Fmean","WGOA","Rpath","pcod_rec"
2040,"COD",285152.589016135,76624.1420766225,54816.4011048441,"ssp245","Fmean","WGOA","Rpath","pcod_rec"
2040,"ATF",1669395.80299874,609584.48480869,23297.5371257734,"ssp245","Fmean","WGOA","Rpath","pcod_rec"
2041,"POL",2858771.69406799,1692845.89254869,136847.320020361,"ssp245","Fmean","WGOA","Rpath","pcod_rec"
2041,"COD",284520.977764329,76163.9587195238,54638.9644407698,"ssp245","Fmean","WGOA","Rpath","pcod_rec"
2041,"ATF",1668772.55221035,608343.20128971,23288.5035632889,"ssp245","Fmean","WGOA","Rpath","pcod_rec"
2042,"POL",2857431.45862879,1693251.82502839,136636.119460626,"ssp245","Fmean","WGOA","Rpath","pcod_rec"
2042,"COD",285202.122273701,77030.1074660142,54365.4153289085,"ssp245","Fmean","WGOA","Rpath","pcod_rec"
2042,"ATF",1669700.28909544,608151.749455926,23286.8727314181,"ssp245","Fmean","WGOA","Rpath","pcod_rec"
2043,"POL",2853325.81225898,1691920.51651831,136528.018802354,"ssp245","Fmean","WGOA","Rpath","pcod_rec"
2043,"COD",285806.396451936,76992.0840665085,54274.6471552886,"ssp245","Fmean","WGOA","Rpath","pcod_rec"
2043,"ATF",1671085.91779092,608573.003497625,23305.6152847979,"ssp245","Fmean","WGOA","Rpath","pcod_rec"
2044,"POL",2844210.04892953,1686028.15263807,136181.912060269,"ssp245","Fmean","WGOA","Rpath","pcod_rec"
2044,"COD",286612.096364125,75648.9165035552,54548.8865454647,"ssp245","Fmean","WGOA","Rpath","pcod_rec"
2044,"ATF",1670898.29156772,608407.655680784,23316.8248196609,"ssp245","Fmean","WGOA","Rpath","pcod_rec"
2045,"POL",2839335.0674305,1682954.33507248,135778.463513313,"ssp245","Fmean","WGOA","Rpath","pcod_rec"
2045,"COD",287602.587279195,73689.1176817106,54771.4469190477,"ssp245","Fmean","WGOA","Rpath","pcod_rec"
2045,"ATF",1670426.49350964,608158.333791601,23309.3546978508,"ssp245","Fmean","WGOA","Rpath","pcod_rec"
2046,"POL",2834054.74916669,1679877.12092869,135524.012705746,"ssp245","Fmean","WGOA","Rpath","pcod_rec"
2046,"COD",287342.618883048,73057.0462364087,54998.7475524756,"ssp245","Fmean","WGOA","Rpath","pcod_rec"
2046,"ATF",1670191.37147319,608131.727253045,23304.3480731043,"ssp245","Fmean","WGOA","Rpath","pcod_rec"
2047,"POL",2824428.07872333,1673031.48060317,135204.317406347,"ssp245","Fmean","WGOA","Rpath","pcod_rec"
2047,"COD",286677.186751865,73738.0042077833,55177.9190994069,"ssp245","Fmean","WGOA","Rpath","pcod_rec"
2047,"ATF",1668238.76224096,607240.102369248,23298.5156900966,"ssp245","Fmean","WGOA","Rpath","pcod_rec"
2048,"POL",2823398.25173793,1672432.82728164,134816.630815033,"ssp245","Fmean","WGOA","Rpath","pcod_rec"
2048,"COD",285109.259442608,75197.8028199781,54930.2837134113,"ssp245","Fmean","WGOA","Rpath","pcod_rec"
2048,"ATF",1666953.01204372,606476.923556293,23263.9318365505,"ssp245","Fmean","WGOA","Rpath","pcod_rec"
2049,"POL",2816092.10488189,1667612.33083233,134657.281070021,"ssp245","Fmean","WGOA","Rpath","pcod_rec"
2049,"COD",281804.220417003,76874.3636506049,54715.7906090499,"ssp245","Fmean","WGOA","Rpath","pcod_rec"
2049,"ATF",1666016.03093486,605944.952181922,23253.9665419868,"ssp245","Fmean","WGOA","Rpath","pcod_rec"
2050,"POL",2812573.77064126,1665215.72790487,134296.533935206,"ssp245","Fmean","WGOA","Rpath","pcod_rec"
2050,"COD",280339.951767638,78621.4430053007,54205.1126758948,"ssp245","Fmean","WGOA","Rpath","pcod_rec"
2050,"ATF",1665385.7400133,605428.180934226,23237.3364223529,"ssp245","Fmean","WGOA","Rpath","pcod_rec"
2051,"POL",2814239.4401049,1668102.21080012,134298.881198737,"ssp245","Fmean","WGOA","Rpath","pcod_rec"
2051,"COD",279715.663466028,79951.871623292,53382.2519132967,"ssp245","Fmean","WGOA","Rpath","pcod_rec"
2051,"ATF",1667244.67888481,606232.918952537,23244.7268116153,"ssp245","Fmean","WGOA","Rpath","pcod_rec"
2052,"POL",2805641.04710162,1662759.02317053,134150.39264447,"ssp245","Fmean","WGOA","Rpath","pcod_rec"
2052,"COD",278111.906145852,80047.7981078421,53136.1899497122,"ssp245","Fmean","WGOA","Rpath","pcod_rec"
2052,"ATF",1667136.09768522,605985.702938551,23262.5201748298,"ssp245","Fmean","WGOA","Rpath","pcod_rec"
2053,"POL",2795490.17805513,1655015.06343746,133640.653304781,"ssp245","Fmean","WGOA","Rpath","pcod_rec"
2053,"COD",277794.811285812,76816.0239114931,53272.7075754726,"ssp245","Fmean","WGOA","Rpath","pcod_rec"
2053,"ATF",1664681.48590763,604244.334059507,23246.86553244,"ssp245","Fmean","WGOA","Rpath","pcod_rec"
2054,"POL",2794172.8174386,1654542.444253,133311.936639089,"ssp245","Fmean","WGOA","Rpath","pcod_rec"
2054,"COD",277991.021341747,74437.8934897984,53058.6045475621,"ssp245","Fmean","WGOA","Rpath","pcod_rec"
2054,"ATF",1663431.86038818,602907.400951704,23215.3275771999,"ssp245","Fmean","WGOA","Rpath","pcod_rec"
2055,"POL",2788056.644553,1650792.40112171,133129.142345759,"ssp245","Fmean","WGOA","Rpath","pcod_rec"
2055,"COD",275814.517996091,74487.762017431,53146.5957479588,"ssp245","Fmean","WGOA","Rpath","pcod_rec"
2055,"ATF",1662487.455957,601805.249353834,23201.9890722349,"ssp245","Fmean","WGOA","Rpath","pcod_rec"
2056,"POL",2780394.33566411,1644870.10954198,132725.982670187,"ssp245","Fmean","WGOA","Rpath","pcod_rec"
2056,"COD",273008.00203039,75158.929334045,53219.3223728459,"ssp245","Fmean","WGOA","Rpath","pcod_rec"
2056,"ATF",1660569.10555435,600280.733032698,23183.896706852,"ssp245","Fmean","WGOA","Rpath","pcod_rec"
2057,"POL",2775491.8134662,1641217.32215936,132394.183279824,"ssp245","Fmean","WGOA","Rpath","pcod_rec"
2057,"COD",271420.357569391,76265.9724024537,52620.6431247159,"ssp245","Fmean","WGOA","Rpath","pcod_rec"
2057,"ATF",1658620.55252158,598834.76996419,23156.3555122142,"ssp245","Fmean","WGOA","Rpath","pcod_rec"
2058,"POL",2776199.61383708,1643101.43008968,132298.105386162,"ssp245","Fmean","WGOA","Rpath","pcod_rec"
2058,"COD",271371.109286728,80260.1711431745,51761.5244259149,"ssp245","Fmean","WGOA","Rpath","pcod_rec"
2058,"ATF",1658818.41895349,598709.558294719,23139.4507185642,"ssp245","Fmean","WGOA","Rpath","pcod_rec"
2059,"POL",2775829.42858832,1644471.95627296,132267.929038504,"ssp245","Fmean","WGOA","Rpath","pcod_rec"
2059,"COD",271302.910299639,81010.0484058026,51386.4687058443,"ssp245","Fmean","WGOA","Rpath","pcod_rec"
2059,"ATF",1660281.05353704,599549.311149344,23147.1359412302,"ssp245","Fmean","WGOA","Rpath","pcod_rec"
2060,"POL",2764252.46980465,1636515.12813819,132050.888844383,"ssp245","Fmean","WGOA","Rpath","pcod_rec"
2060,"COD",271268.561822052,76806.6705308807,51737.219620155,"ssp245","Fmean","WGOA","Rpath","pcod_rec"
2060,"ATF",1659218.77456481,599316.326588306,23163.6510712082,"ssp245","Fmean","WGOA","Rpath","pcod_rec"
2061,"POL",2758372.65848175,1631662.80808209,131534.562718647,"ssp245","Fmean","WGOA","Rpath","pcod_rec"
2061,"COD",271376.224601137,72461.9130745984,52005.2834884728,"ssp245","Fmean","WGOA","Rpath","pcod_rec"
2061,"ATF",1656718.87010444,598103.411246955,23134.7049562317,"ssp245","Fmean","WGOA","Rpath","pcod_rec"
2062,"POL",2753720.98147806,1627993.15461468,131236.913000379,"ssp245","Fmean","WGOA","Rpath","pcod_rec"
2062,"COD",269445.755367634,71924.8870373595,52108.2414561051,"ssp245","Fmean","WGOA","Rpath","pcod_rec"
2062,"ATF",1654187.93859419,596721.438966329,23098.8249598307,"ssp245","Fmean","WGOA","Rpath","pcod_rec"
2063,"POL",2749597.41129156,1624858.09237169,130968.001883565,"ssp245","Fmean","WGOA","Rpath","pcod_rec"
2063,"COD",266125.452893832,74515.9864513853,52041.5639120071,"ssp245","Fmean","WGOA","Rpath","pcod_rec"
2063,"ATF",1652396.0984528,595703.533739693,23065.8758323549,"ssp245","Fmean","WGOA","Rpath","pcod_rec"
2064,"POL",2744857.30336221,1621564.85273848,130771.595116053,"ssp245","Fmean","WGOA","Rpath","pcod_rec"
2064,"COD",264197.025761263,77644.5000134892,51393.329976885,"ssp245","Fmean","WGOA","Rpath","pcod_rec"
2064,"ATF",1650919.82979348,594954.486017787,23046.9949357718,"ssp245","Fmean","WGOA","Rpath","pcod_rec"
2065,"POL",2747147.7289657,1624257.78545627,130649.934753768,"ssp245","Fmean","WGOA","Rpath","pcod_rec"
2065,"COD",264150.871330367,81584.8067933666,50361.8446560441,"ssp245","Fmean","WGOA","Rpath","pcod_rec"
2065,"ATF",1651092.30195988,595049.630057134,23028.9398743296,"ssp245","Fmean","WGOA","Rpath","pcod_rec"
2066,"POL",2745278.72025259,1624940.9734329,130705.23706902,"ssp245","Fmean","WGOA","Rpath","pcod_rec"
2066,"COD",264686.07158495,81839.6145146546,49905.3551753514,"ssp245","Fmean","WGOA","Rpath","pcod_rec"
2066,"ATF",1652861.43886475,596136.868066363,23042.9469687982,"ssp245","Fmean","WGOA","Rpath","pcod_rec"
2067,"POL",2737260.93120813,1620007.29011433,130423.599319542,"ssp245","Fmean","WGOA","Rpath","pcod_rec"
2067,"COD",266884.844772903,76728.6887143399,50309.5599961865,"ssp245","Fmean","WGOA","Rpath","pcod_rec"
2067,"ATF",1653297.76222081,596566.257596223,23060.1836080079,"ssp245","Fmean","WGOA","Rpath","pcod_rec"
2068,"POL",2732271.62727619,1617031.79879086,130069.702856478,"ssp245","Fmean","WGOA","Rpath","pcod_rec"
2068,"COD",269595.46535456,71033.8100062103,50846.6123478449,"ssp245","Fmean","WGOA","Rpath","pcod_rec"
2068,"ATF",1653351.99142862,596717.378388958,23063.1851446654,"ssp245","Fmean","WGOA","Rpath","pcod_rec"
2069,"POL",2722603.33443151,1610141.85340349,129731.187576792,"ssp245","Fmean","WGOA","Rpath","pcod_rec"
2069,"COD",270768.667870903,68796.6702986619,51577.1660879832,"ssp245","Fmean","WGOA","Rpath","pcod_rec"
2069,"ATF",1651204.30789683,595646.715382972,23055.2103806263,"ssp245","Fmean","WGOA","Rpath","pcod_rec"
2070,"POL",2717028.08300305,1605732.176367,129267.028425152,"ssp245","Fmean","WGOA","Rpath","pcod_rec"
2070,"COD",271382.094703124,69705.0128079267,52108.4985361146,"ssp245","Fmean","WGOA","Rpath","pcod_rec"
2070,"ATF",1648093.36738056,593929.742892405,23015.4758692567,"ssp245","Fmean","WGOA","Rpath","pcod_rec"
2071,"POL",2715343.33273357,1604906.54369591,129037.221169793,"ssp245","Fmean","WGOA","Rpath","pcod_rec"
2071,"COD",270100.908294328,71926.5151091803,52129.25595912,"ssp245","Fmean","WGOA","Rpath","pcod_rec"
2071,"ATF",1646581.95953042,593183.83345526,22978.1621101677,"ssp245","Fmean","WGOA","Rpath","pcod_rec"
2072,"POL",2706335.88912126,1598298.21415592,128823.664111246,"ssp245","Fmean","WGOA","Rpath","pcod_rec"
2072,"COD",267679.350924527,75420.3843500164,51984.799040618,"ssp245","Fmean","WGOA","Rpath","pcod_rec"
2072,"ATF",1643745.82408948,592034.296524834,22957.8833599246,"ssp245","Fmean","WGOA","Rpath","pcod_rec"
2073,"POL",2705442.18772042,1597560.43676612,128448.667514623,"ssp245","Fmean","WGOA","Rpath","pcod_rec"
2073,"COD",266915.489181991,78142.5381965792,51373.118887177,"ssp245","Fmean","WGOA","Rpath","pcod_rec"
2073,"ATF",1641718.72459309,591235.492557133,22911.4066249483,"ssp245","Fmean","WGOA","Rpath","pcod_rec"
2074,"POL",2705603.56280361,1599102.83479362,128492.32958225,"ssp245","Fmean","WGOA","Rpath","pcod_rec"
2074,"COD",266066.530356324,79617.1713340727,50708.1262935003,"ssp245","Fmean","WGOA","Rpath","pcod_rec"
2074,"ATF",1642171.14610469,591908.12077918,22902.0217713751,"ssp245","Fmean","WGOA","Rpath","pcod_rec"
2075,"POL",2698422.78714088,1594322.53089893,128342.586892624,"ssp245","Fmean","WGOA","Rpath","pcod_rec"
2075,"COD",264776.220306889,78313.1859775884,50672.2741459514,"ssp245","Fmean","WGOA","Rpath","pcod_rec"
2075,"ATF",1640977.51695891,591760.649986014,22902.6998085477,"ssp245","Fmean","WGOA","Rpath","pcod_rec"
2076,"POL",2691918.5755849,1589188.64675688,127957.673205554,"ssp245","Fmean","WGOA","Rpath","pcod_rec"
2076,"COD",265391.755498804,74783.8444704825,50735.8219708963,"ssp245","Fmean","WGOA","Rpath","pcod_rec"
2076,"ATF",1638166.27091405,590537.825617855,22874.7284771062,"ssp245","Fmean","WGOA","Rpath","pcod_rec"
2077,"POL",2691931.14297823,1589738.29459556,127760.019949547,"ssp245","Fmean","WGOA","Rpath","pcod_rec"
2077,"COD",267338.724633939,73427.6122601984,50553.8379563878,"ssp245","Fmean","WGOA","Rpath","pcod_rec"
2077,"ATF",1636648.02528087,589773.832814781,22839.2787426094,"ssp245","Fmean","WGOA","Rpath","pcod_rec"
2078,"POL",2688539.93601457,1588088.34522099,127665.755050627,"ssp245","Fmean","WGOA","Rpath","pcod_rec"
2078,"COD",268232.54680513,73722.8113343237,50778.3385899521,"ssp245","Fmean","WGOA","Rpath","pcod_rec"
2078,"ATF",1635356.51690112,589131.553871547,22820.4155108861,"ssp245","Fmean","WGOA","Rpath","pcod_rec"
2079,"POL",2682277.51637465,1583662.0253134,127372.038761336,"ssp245","Fmean","WGOA","Rpath","pcod_rec"
2079,"COD",267733.444461246,72112.834370546,51406.7236281059,"ssp245","Fmean","WGOA","Rpath","pcod_rec"
2079,"ATF",1634114.71226696,588666.400483493,22801.7680247292,"ssp245","Fmean","WGOA","Rpath","pcod_rec"
2080,"POL",2676387.95318312,1579140.97283627,127067.069597706,"ssp245","Fmean","WGOA","Rpath","pcod_rec"
2080,"COD",267773.761752935,70894.105232755,51617.046046245,"ssp245","Fmean","WGOA","Rpath","pcod_rec"
2080,"ATF",1632510.1472729,588219.851292674,22785.9140419999,"ssp245","Fmean","WGOA","Rpath","pcod_rec"
2081,"POL",2674545.01596535,1577749.95747181,126833.159015429,"ssp245","Fmean","WGOA","Rpath","pcod_rec"
2081,"COD",266187.862472257,73558.3248864506,51245.6909893148,"ssp245","Fmean","WGOA","Rpath","pcod_rec"
2081,"ATF",1630666.60096654,587708.644703273,22758.830922901,"ssp245","Fmean","WGOA","Rpath","pcod_rec"
2082,"POL",2665590.38889896,1570419.18995318,126600.461046734,"ssp245","Fmean","WGOA","Rpath","pcod_rec"
2082,"COD",261180.877696606,76516.2798638691,51109.1003966726,"ssp245","Fmean","WGOA","Rpath","pcod_rec"
2082,"ATF",1626546.58050003,586073.236497871,22725.3913601462,"ssp245","Fmean","WGOA","Rpath","pcod_rec"
2083,"POL",2660353.47651539,1564893.53504255,126162.21207448,"ssp245","Fmean","WGOA","Rpath","pcod_rec"
2083,"COD",257794.783731758,77711.324910025,50596.4304497474,"ssp245","Fmean","WGOA","Rpath","pcod_rec"
2083,"ATF",1620895.23280529,583382.459813938,22656.4521635906,"ssp245","Fmean","WGOA","Rpath","pcod_rec"
2084,"POL",2663234.86013638,1567313.16895382,126096.874965721,"ssp245","Fmean","WGOA","Rpath","pcod_rec"
2084,"COD",255650.163755561,79750.6744781598,49356.9190124058,"ssp245","Fmean","WGOA","Rpath","pcod_rec"
2084,"ATF",1618170.73387446,581969.951621966,22590.2192712804,"ssp245","Fmean","WGOA","Rpath","pcod_rec"
2085,"POL",2661825.29786969,1567171.54953137,126142.543080488,"ssp245","Fmean","WGOA","Rpath","pcod_rec"
2085,"COD",253456.960862556,82144.8455123524,48569.1913861988,"ssp245","Fmean","WGOA","Rpath","pcod_rec"
2085,"ATF",1616842.18459006,581216.737219196,22560.6725579496,"ssp245","Fmean","WGOA","Rpath","pcod_rec"
2086,"POL",2658459.68754827,1565104.19885335,125992.158361469,"ssp245","Fmean","WGOA","Rpath","pcod_rec"
2086,"COD",253375.457752226,79261.5472366426,48323.2333818092,"ssp245","Fmean","WGOA","Rpath","pcod_rec"
2086,"ATF",1615848.2133002,580572.194900973,22543.959108833,"ssp245","Fmean","WGOA","Rpath","pcod_rec"
2087,"POL",2656701.63113768,1564218.16276049,125882.398126499,"ssp245","Fmean","WGOA","Rpath","pcod_rec"
2087,"COD",253818.273955829,74743.8462840493,48205.4465162845,"ssp245","Fmean","WGOA","Rpath","pcod_rec"
2087,"ATF",1615225.57093724,580175.049877355,22535.492981017,"ssp245","Fmean","WGOA","Rpath","pcod_rec"
2088,"POL",2650445.61097454,1558845.2795889,125700.076685345,"ssp245","Fmean","WGOA","Rpath","pcod_rec"
2088,"COD",251959.358784271,72307.1353186391,48543.2188466773,"ssp245","Fmean","WGOA","Rpath","pcod_rec"
2088,"ATF",1611890.40758028,578446.578029431,22516.5347661044,"ssp245","Fmean","WGOA","Rpath","pcod_rec"
2089,"POL",2643496.46394201,1551574.52730062,125291.848733902,"ssp245","Fmean","WGOA","Rpath","pcod_rec"
2089,"COD",248074.307347132,71341.5225891499,48845.1854491832,"ssp245","Fmean","WGOA","Rpath","pcod_rec"
2089,"ATF",1605795.1278201,575201.086314227,22452.1722768727,"ssp245","Fmean","WGOA","Rpath","pcod_rec"
2090,"POL",2644075.50542598,1550728.17908819,125036.537711389,"ssp245","Fmean","WGOA","Rpath","pcod_rec"
2090,"COD",245116.212989053,73780.0769875386,48295.5353204576,"ssp245","Fmean","WGOA","Rpath","pcod_rec"
2090,"ATF",1601730.72250479,573028.265006857,22371.3404797195,"ssp245","Fmean","WGOA","Rpath","pcod_rec"
2091,"POL",2650760.16096909,1556465.69454904,125214.910595635,"ssp245","Fmean","WGOA","Rpath","pcod_rec"
2091,"COD",241691.867349994,80454.4807838374,47103.3740404095,"ssp245","Fmean","WGOA","Rpath","pcod_rec"
2091,"ATF",1602396.8238298,573677.546024268,22341.0796194015,"ssp245","Fmean","WGOA","Rpath","pcod_rec"
2092,"POL",2648043.22160173,1555308.06476095,125396.829031683,"ssp245","Fmean","WGOA","Rpath","pcod_rec"
2092,"COD",237615.490702888,83516.5476448242,46253.5936018179,"ssp245","Fmean","WGOA","Rpath","pcod_rec"
2092,"ATF",1603492.14621028,574975.69257952,22359.9784225413,"ssp245","Fmean","WGOA","Rpath","pcod_rec"
2093,"POL",2646562.06509422,1554184.79568275,125246.637364961,"ssp245","Fmean","WGOA","Rpath","pcod_rec"
2093,"COD",236506.793230232,81336.3298070504,45503.0725834101,"ssp245","Fmean","WGOA","Rpath","pcod_rec"
2093,"ATF",1603751.56288549,575793.830248536,22367.1379670872,"ssp245","Fmean","WGOA","Rpath","pcod_rec"
2094,"POL",2646565.91468002,1554674.35190542,125205.025603125,"ssp245","Fmean","WGOA","Rpath","pcod_rec"
2094,"COD",236195.834166162,78053.8956665809,44863.5390766055,"ssp245","Fmean","WGOA","Rpath","pcod_rec"
2094,"ATF",1604092.71068026,576387.635066949,22368.0314399068,"ssp245","Fmean","WGOA","Rpath","pcod_rec"
2095,"POL",2641614.24317732,1551469.99416901,125124.004452732,"ssp245","Fmean","WGOA","Rpath","pcod_rec"
2095,"COD",237662.723342268,75050.2328855674,45035.4104610501,"ssp245","Fmean","WGOA","Rpath","pcod_rec"
2095,"ATF",1603221.65570891,576058.46368459,22369.2701219718,"ssp245","Fmean","WGOA","Rpath","pcod_rec"
2096,"POL",2643460.61132944,1553779.88003782,124979.327571108,"ssp245","Fmean","WGOA","Rpath","pcod_rec"
2096,"COD",241731.467481153,71479.6818056229,45350.5849197384,"ssp245","Fmean","WGOA","Rpath","pcod_rec"
2096,"ATF",1604048.49223991,576285.926090769,22360.2599131013,"ssp245","Fmean","WGOA","Rpath","pcod_rec"
2097,"POL",2641253.77132798,1553454.50936247,125028.257896084,"ssp245","Fmean","WGOA","Rpath","pcod_rec"
2097,"COD",244013.783224695,69734.4022758276,45902.7591540171,"ssp245","Fmean","WGOA","Rpath","pcod_rec"
2097,"ATF",1605272.69613843,576776.098342686,22380.4089083168,"ssp245","Fmean","WGOA","Rpath","pcod_rec"
2098,"POL",2631149.26477939,1545587.20589568,124680.361416587,"ssp245","Fmean","WGOA","Rpath","pcod_rec"
2098,"COD",246143.320246148,68557.0086354502,47015.0344184107,"ssp245","Fmean","WGOA","Rpath","pcod_rec"
2098,"ATF",1603234.3677272,575632.990020252,22379.516562383,"ssp245","Fmean","WGOA","Rpath","pcod_rec"
2099,"POL",2636061.5548202,1549629.10772434,124472.14571333,"ssp245","Fmean","WGOA","Rpath","pcod_rec"
2099,"COD",250132.1101576,68748.6627804931,47331.6853710106,"ssp245","Fmean","WGOA","Rpath","pcod_rec"
2099,"ATF",1603615.36990707,575895.219014985,22358.2843487945,"ssp245","Fmean","WGOA","Rpath","pcod_rec"
1991,"POL",2884927.16511783,1690895.40603404,87828.010002781,"ssp585","Fmean","WGOA","Rpath","pcod_rec"
1991,"COD",399280.293878193,93224.2373585632,64466.829990571,"ssp585","Fmean","WGOA","Rpath","pcod_rec"
1991,"ATF",1554327.80462664,597326.97740596,16958.380011156,"ssp585","Fmean","WGOA","Rpath","pcod_rec"
1992,"POL",2892495.91324268,1696087.27813365,90585.189961806,"ssp585","Fmean","WGOA","Rpath","pcod_rec"
1992,"COD",371842.900083054,88999.2287874369,78966.500089317,"ssp585","Fmean","WGOA","Rpath","pcod_rec"
1992,"ATF",1551901.37581743,598021.211707819,20482.180062468,"ssp585","Fmean","WGOA","Rpath","pcod_rec"
1993,"POL",2886917.46017875,1690078.21042351,108230.180085742,"ssp585","Fmean","WGOA","Rpath","pcod_rec"
1993,"COD",375328.175429555,91984.46817467,45849.170066118,"ssp585","Fmean","WGOA","Rpath","pcod_rec"
1993,"ATF",1551566.34683954,599298.159270716,18294.449920618,"ssp585","Fmean","WGOA","Rpath","pcod_rec"
1994,"POL",2891612.89701311,1691340.87032149,100412.359942985,"ssp585","Fmean","WGOA","Rpath","pcod_rec"
1994,"COD",374238.505424238,92168.0244909248,45610.579965874,"ssp585","Fmean","WGOA","Rpath","pcod_rec"
1994,"ATF",1547453.431915,598480.508802417,21993.239976229,"ssp585","Fmean","WGOA","Rpath","pcod_rec"
1995,"POL",2920445.2429594,1709974.75171492,69168.129925675,"ssp585","Fmean","WGOA","Rpath","pcod_rec"
1995,"COD",354241.118245692,88060.9264831689,67907.179992219,"ssp585","Fmean","WGOA","Rpath","pcod_rec"
1995,"ATF",1548788.07321952,599203.455585779,17415.490044603,"ssp585","Fmean","WGOA","Rpath","pcod_rec"
1996,"POL",2949537.49989699,1727520.76771419,49825.8700384,"ssp585","Fmean","WGOA","Rpath","pcod_rec"
1996,"COD",348901.269856949,89289.8998161644,55391.660096973,"ssp585","Fmean","WGOA","Rpath","pcod_rec"
1996,"ATF",1545296.54167072,597141.15385086,21555.609900557,"ssp585","Fmean","WGOA","Rpath","pcod_rec"
1997,"POL",2946193.76182491,1722365.56372477,84179.649971753,"ssp585","Fmean","WGOA","Rpath","pcod_rec"
1997,"COD",339607.871812025,88455.8466619866,58920.579990637,"ssp585","Fmean","WGOA","Rpath","pcod_rec"
1997,"ATF",1547340.93937387,596389.731746862,14758.279890696,"ssp585","Fmean","WGOA","Rpath","pcod_rec"
1998,"POL",3007840.54757787,1762267.82292695,5428.379997642,"ssp585","Fmean","WGOA","Rpath","pcod_rec"
1998,"COD",338402.008126062,87897.0996300377,50218.950113863,"ssp585","Fmean","WGOA","Rpath","pcod_rec"
1998,"ATF",1552042.17068945,596282.511778416,12377.190009373,"ssp585","Fmean","WGOA","Rpath","pcod_rec"
1999,"POL",2993956.26360435,1751820.3586859,90556.900062537,"ssp585","Fmean","WGOA","Rpath","pcod_rec"
1999,"COD",323385.504513683,83134.3281978233,66264.67009813,"ssp585","Fmean","WGOA","Rpath","pcod_rec"
1999,"ATF",1556822.57219736,596729.653748177,14649.229924965,"ssp585","Fmean","WGOA","Rpath","pcod_rec"
2000,"POL",3049484.66889728,1789601.2235707,5552.830105466,"ssp585","Fmean","WGOA","Rpath","pcod_rec"
2000,"COD",321234.70478313,82993.6306736087,53384.869944958,"ssp585","Fmean","WGOA","Rpath","pcod_rec"
2000,"ATF",1555589.60333769,595731.530286997,22993.75009338,"ssp585","Fmean","WGOA","Rpath","pcod_rec"
2001,"POL",3082953.38628358,1808450.38491623,3452.299978517,"ssp585","Fmean","WGOA","Rpath","pcod_rec"
2001,"COD",327836.052151014,85350.6677932879,40517.409954733,"ssp585","Fmean","WGOA","Rpath","pcod_rec"
2001,"ATF",1559150.39699574,597017.281545479,17416.199986059,"ssp585","Fmean","WGOA","Rpath","pcod_rec"
2002,"POL",3117695.91098478,1828996.8919311,1698.029945361,"ssp585","Fmean","WGOA","Rpath","pcod_rec"
2002,"COD",329657.199807253,86672.396799144,41567.989960821,"ssp585","Fmean","WGOA","Rpath","pcod_rec"
2002,"ATF",1561074.36729579,598208.760306624,20173.560012907,"ssp585","Fmean","WGOA","Rpath","pcod_rec"
2003,"POL",3105660.59060301,1817041.08768011,48590.077011908,"ssp585","Fmean","WGOA","Rpath","pcod_rec"
2003,"COD",321002.232869284,86072.6548698382,52365.755088864,"ssp585","Fmean","WGOA","Rpath","pcod_rec"
2003,"ATF",1552272.45436907,595288.634146958,30169.771891001,"ssp585","Fmean","WGOA","Rpath","pcod_rec"
2004,"POL",3100496.17999595,1811816.72016729,62434.439922489,"ssp585","Fmean","WGOA","Rpath","pcod_rec"
2004,"COD",310907.346053104,86861.6844619175,56450.241969657,"ssp585","Fmean","WGOA","Rpath","pcod_rec"
2004,"ATF",1557805.52630999,597533.747722124,15634.908041003,"ssp585","Fmean","WGOA","Rpath","pcod_rec"
2005,"POL",3085140.75609541,1801622.59658072,78302.791927256,"ssp585","Fmean","WGOA","Rpath","pcod_rec"
2005,"COD",308747.712383036,89355.0329510825,47523.779925577,"ssp585","Fmean","WGOA","Rpath","pcod_rec"
2005,"ATF",1557456.93296847,596651.527725103,19923.573051558,"ssp585","Fmean","WGOA","Rpath","pcod_rec"
2006,"POL",3088115.70042571,1805154.79373703,68928.307992488,"ssp585","Fmean","WGOA","Rpath","pcod_rec"
2006,"COD",305285.425387622,89662.8420266119,47767.079961499,"ssp585","Fmean","WGOA","Rpath","pcod_rec"
2006,"ATF",1552052.55675712,593803.972010943,27622.698918064,"ssp585","Fmean","WGOA","Rpath","pcod_rec"
2007,"POL",3108388.6659623,1820162.18935033,51572.307003871,"ssp585","Fmean","WGOA","Rpath","pcod_rec"
2007,"COD",298656.827987615,86970.5841575916,51812.178003779,"ssp585","Fmean","WGOA","Rpath","pcod_rec"
2007,"ATF",1552833.11070127,593773.096946291,25346.986980543,"ssp585","Fmean","WGOA","Rpath","pcod_rec"
2008,"POL",3122657.32782491,1829614.82622622,50786.206014733,"ssp585","Fmean","WGOA","Rpath","pcod_rec"
2008,"COD",288014.19715692,83738.4257426123,58386.384025578,"ssp585","Fmean","WGOA","Rpath","pcod_rec"
2008,"ATF",1551453.5168298,592951.977723493,29205.939969489,"ssp585","Fmean","WGOA","Rpath","pcod_rec"
2009,"POL",3143273.39859891,1841984.8200306,41549.503075916,"ssp585","Fmean","WGOA","Rpath","pcod_rec"
2009,"COD",284535.848347064,83301.5655360441,51788.980009351,"ssp585","Fmean","WGOA","Rpath","pcod_rec"
2009,"ATF",1555113.02563569,594046.266118116,24831.742038702,"ssp585","Fmean","WGOA","Rpath","pcod_rec"
2010,"POL",3136117.03112817,1835292.14585186,73443.384226643,"ssp585","Fmean","WGOA","Rpath","pcod_rec"
2010,"COD",260387.074378808,76717.5680514182,76954.154598455,"ssp585","Fmean","WGOA","Rpath","pcod_rec"
2010,"ATF",1558263.17274182,594362.564843561,24339.446470918,"ssp585","Fmean","WGOA","Rpath","pcod_rec"
2011,"POL",3141056.08768375,1838289.75061505,77694.479623666,"ssp585","Fmean","WGOA","Rpath","pcod_rec"
2011,"COD",234318.516143285,69543.3060352226,83710.475394165,"ssp585","Fmean","WGOA","Rpath","pcod_rec"
2011,"ATF",1557071.61028742,592792.103233455,30911.821764055,"ssp585","Fmean","WGOA","Rpath","pcod_rec"
2012,"POL",3133568.47204365,1833854.71164897,98934.691224094,"ssp585","Fmean","WGOA","Rpath","pcod_rec"
2012,"COD",216652.39880077,64116.8215124414,76871.109994854,"ssp585","Fmean","WGOA","Rpath","pcod_rec"
2012,"ATF",1567597.98995377,595605.767059271,20761.909908427,"ssp585","Fmean","WGOA","Rpath","pcod_rec"
2013,"POL",3129803.3271359,1832301.64727678,90796.631609659,"ssp585","Fmean","WGOA","Rpath","pcod_rec"
2013,"COD",207097.746004189,61173.0549874287,66829.781618954,"ssp585","Fmean","WGOA","Rpath","pcod_rec"
2013,"ATF",1575636.64297929,596480.791969859,21809.3123161,"ssp585","Fmean","WGOA","Rpath","pcod_rec"
2014,"POL",3087331.43236134,1803398.13573914,138948.061996125,"ssp585","Fmean","WGOA","Rpath","pcod_rec"
2014,"COD",180191.44732662,54326.1747660013,83491.72820457,"ssp585","Fmean","WGOA","Rpath","pcod_rec"
2014,"ATF",1567912.16262094,590069.752717628,36524.501530691,"ssp585","Fmean","WGOA","Rpath","pcod_rec"
2015,"POL",3045526.28555765,1775739.07919012,162807.64603073,"ssp585","Fmean","WGOA","Rpath","pcod_rec"
2015,"COD",157932.722055918,48934.4411406065,77689.992014231,"ssp585","Fmean","WGOA","Rpath","pcod_rec"
2015,"ATF",1577268.81804826,588791.535950363,19296.587221708,"ssp585","Fmean","WGOA","Rpath","pcod_rec"
2016,"POL",3007798.29217938,1753763.79832681,173086.352394527,"ssp585","Fmean","WGOA","Rpath","pcod_rec"
2016,"COD",147656.615382295,47339.0097704077,62867.327429592,"ssp585","Fmean","WGOA","Rpath","pcod_rec"
2016,"ATF",1586289.94323646,586210.878732567,19976.294186812,"ssp585","Fmean","WGOA","Rpath","pcod_rec"
2017,"POL",2976739.35759481,1738811.22499638,184220.028529305,"ssp585","Fmean","WGOA","Rpath","pcod_rec"
2017,"COD",147736.144697943,50239.6743054142,48204.214674581,"ssp585","Fmean","WGOA","Rpath","pcod_rec"
2017,"ATF",1591593.27599985,581990.660087748,27053.508990172,"ssp585","Fmean","WGOA","Rpath","pcod_rec"
2018,"POL",2968841.33230651,1740812.46211736,150815.192171791,"ssp585","Fmean","WGOA","Rpath","pcod_rec"
2018,"COD",174522.229212124,61112.9039308985,14681.29819652,"ssp585","Fmean","WGOA","Rpath","pcod_rec"
2018,"ATF",1607270.2111573,582229.748408732,18870.25094355,"ssp585","Fmean","WGOA","Rpath","pcod_rec"
2019,"POL",2976191.20523764,1750709.51749398,110649.271555557,"ssp585","Fmean","WGOA","Rpath","pcod_rec"
2019,"COD",197788.813002527,66355.8766877763,15200.420583165,"ssp585","Fmean","WGOA","Rpath","pcod_rec"
2019,"ATF",1614692.32773615,580069.536802079,24567.051964421,"ssp585","Fmean","WGOA","Rpath","pcod_rec"
2020,"POL",2989817.05917328,1764764.68129275,99971.064888454,"ssp585","Fmean","WGOA","Rpath","pcod_rec"
2020,"COD",228008.227043977,75553.8835635291,6085.249338733,"ssp585","Fmean","WGOA","Rpath","pcod_rec"
2020,"ATF",1626339.56280138,581529.231463313,21115.899302007,"ssp585","Fmean","WGOA","Rpath","pcod_rec"
2021,"POL",2900460.26143276,1708595.1491271,235025.655063448,"ssp585","Fmean","WGOA","Rpath","pcod_rec"
2021,"COD",211370.019145477,68698.3329319776,59699.3344270948,"ssp585","Fmean","WGOA","Rpath","pcod_rec"
2021,"ATF",1626843.12518411,581459.72684841,32540.4506819452,"ssp585","Fmean","WGOA","Rpath","pcod_rec"
2022,"POL",2816101.11933516,1655480.42472851,259897.842851209,"ssp585","Fmean","WGOA","Rpath","pcod_rec"
2022,"COD",200495.173948951,61791.9529355855,63513.3356093058,"ssp585","Fmean","WGOA","Rpath","pcod_rec"
2022,"ATF",1623634.55648662,581788.191178549,34213.456240051,"ssp585","Fmean","WGOA","Rpath","pcod_rec"
2023,"POL",2762421.54263096,1622561.71254806,257601.299452936,"ssp585","Fmean","WGOA","Rpath","pcod_rec"
2023,"COD",198224.435501353,56330.0055991927,58040.4910359606,"ssp585","Fmean","WGOA","Rpath","pcod_rec"
2023,"ATF",1621979.7703918,583838.607516027,31750.8638811636,"ssp585","Fmean","WGOA","Rpath","pcod_rec"
2024,"POL",2814919.95492244,1663629.97925535,132891.785763081,"ssp585","Fmean","WGOA","Rpath","pcod_rec"
2024,"COD",213957.86589579,58060.2978472603,38768.4863403035,"ssp585","Fmean","WGOA","Rpath","pcod_rec"
2024,"ATF",1630848.7451411,590635.215921863,22680.2606256176,"ssp585","Fmean","WGOA","Rpath","pcod_rec"
2025,"POL",2837737.12906769,1680361.98187525,134923.985168454,"ssp585","Fmean","WGOA","Rpath","pcod_rec"
2025,"COD",225750.817502468,61059.9756452011,41499.0875928584,"ssp585","Fmean","WGOA","Rpath","pcod_rec"
2025,"ATF",1638028.94459847,596156.631018287,22793.7569697793,"ssp585","Fmean","WGOA","Rpath","pcod_rec"
2026,"POL",2852329.46560863,1689489.74918637,135869.815555356,"ssp585","Fmean","WGOA","Rpath","pcod_rec"
2026,"COD",235813.591400616,65111.862736059,43425.6582635912,"ssp585","Fmean","WGOA","Rpath","pcod_rec"
2026,"ATF",1643789.91287017,599912.692907888,22891.1346033314,"ssp585","Fmean","WGOA","Rpath","pcod_rec"
2027,"POL",2870898.33753864,1700736.29996019,136592.109143314,"ssp585","Fmean","WGOA","Rpath","pcod_rec"
2027,"COD",245600.076919352,67584.5865628587,45236.8467895515,"ssp585","Fmean","WGOA","Rpath","pcod_rec"
2027,"ATF",1649393.92328776,602546.326118139,22960.9535279402,"ssp585","Fmean","WGOA","Rpath","pcod_rec"
2028,"POL",2879491.42241113,1705968.67656591,137411.519175277,"ssp585","Fmean","WGOA","Rpath","pcod_rec"
2028,"COD",254714.446300592,67010.6244732944,47115.0234163402,"ssp585","Fmean","WGOA","Rpath","pcod_rec"
2028,"ATF",1654647.96378491,604914.687612772,23046.3544883922,"ssp585","Fmean","WGOA","Rpath","pcod_rec"
2029,"POL",2885269.87584641,1708763.2270255,137764.676526323,"ssp585","Fmean","WGOA","Rpath","pcod_rec"
2029,"COD",263585.334122574,66548.0645416295,48930.5908986156,"ssp585","Fmean","WGOA","Rpath","pcod_rec"
2029,"ATF",1657869.6079885,606322.927952143,23106.0394205712,"ssp585","Fmean","WGOA","Rpath","pcod_rec"
2030,"POL",2891604.03926522,1712865.35973788,138083.794915745,"ssp585","Fmean","WGOA","Rpath","pcod_rec"
2030,"COD",271090.190919244,66388.0693279689,50562.5134888244,"ssp585","Fmean","WGOA","Rpath","pcod_rec"
2030,"ATF",1661185.84884927,607846.23424668,23149.9426630075,"ssp585","Fmean","WGOA","Rpath","pcod_rec"
2031,"POL",2891447.85714148,1712263.46767292,138301.861087442,"ssp585","Fmean","WGOA","Rpath","pcod_rec"
2031,"COD",276006.349002327,67221.8795493829,52149.3765898762,"ssp585","Fmean","WGOA","Rpath","pcod_rec"
2031,"ATF",1663031.05076834,608643.027173294,23192.6485923895,"ssp585","Fmean","WGOA","Rpath","pcod_rec"
2032,"POL",2890644.31395071,1710756.25486681,138210.539903043,"ssp585","Fmean","WGOA","Rpath","pcod_rec"
2032,"COD",279101.278895022,68205.5383673528,53346.6610031065,"ssp585","Fmean","WGOA","Rpath","pcod_rec"
2032,"ATF",1663737.48671349,608864.458929126,23206.1872662494,"ssp585","Fmean","WGOA","Rpath","pcod_rec"
2033,"POL",2894073.02355572,1713714.10544296,138322.331864045,"ssp585","Fmean","WGOA","Rpath","pcod_rec"
2033,"COD",282026.792767674,71136.1334652583,53823.097406198,"ssp585","Fmean","WGOA","Rpath","pcod_rec"
2033,"ATF",1666232.51386516,610271.636632015,23227.4132842474,"ssp585","Fmean","WGOA","Rpath","pcod_rec"
2034,"POL",2898908.81150001,1718614.60812864,138536.386199437,"ssp585","Fmean","WGOA","Rpath","pcod_rec"
2034,"COD",284505.843523486,75045.9710568047,53973.9060114953,"ssp585","Fmean","WGOA","Rpath","pcod_rec"
2034,"ATF",1670328.16834357,612753.318551593,23269.431692644,"ssp585","Fmean","WGOA","Rpath","pcod_rec"
2035,"POL",2900658.69428854,1721491.73291511,138738.682248709,"ssp585","Fmean","WGOA","Rpath","pcod_rec"
2035,"COD",286777.081935355,76725.552117024,54311.7772546369,"ssp585","Fmean","WGOA","Rpath","pcod_rec"
2035,"ATF",1675075.78527782,615755.566686343,23332.4523175184,"ssp585","Fmean","WGOA","Rpath","pcod_rec"
2036,"POL",2890895.57566982,1715050.97770707,138601.460052451,"ssp585","Fmean","WGOA","Rpath","pcod_rec"
2036,"COD",288462.912236011,75157.2377988459,54760.3421948787,"ssp585","Fmean","WGOA","Rpath","pcod_rec"
2036,"ATF",1676832.26180314,617068.263969804,23385.2181286006,"ssp585","Fmean","WGOA","Rpath","pcod_rec"
2037,"POL",2878732.70264738,1705382.10362532,138077.520694237,"ssp585","Fmean","WGOA","Rpath","pcod_rec"
2037,"COD",288258.844192331,73039.7296577995,55235.1588672458,"ssp585","Fmean","WGOA","Rpath","pcod_rec"
2037,"ATF",1674535.41173728,615671.548509984,23387.7225477268,"ssp585","Fmean","WGOA","Rpath","pcod_rec"
2038,"POL",2872348.18455591,1699926.60647336,137493.532625129,"ssp585","Fmean","WGOA","Rpath","pcod_rec"
2038,"COD",287408.954888646,72650.196019451,55534.4143113592,"ssp585","Fmean","WGOA","Rpath","pcod_rec"
2038,"ATF",1671178.03119435,612963.156172252,23338.3383185337,"ssp585","Fmean","WGOA","Rpath","pcod_rec"
2039,"POL",2872153.43820204,1701149.73819555,137372.118978775,"ssp585","Fmean","WGOA","Rpath","pcod_rec"
2039,"COD",286264.285771038,74814.2069669948,55267.0527908244,"ssp585","Fmean","WGOA","Rpath","pcod_rec"
2039,"ATF",1671239.8806614,611783.144385997,23314.1723443652,"ssp585","Fmean","WGOA","Rpath","pcod_rec"
2040,"POL",2866253.22797628,1698338.00676073,137260.047157203,"ssp585","Fmean","WGOA","Rpath","pcod_rec"
2040,"COD",284948.16935539,77968.104707708,54892.9952951903,"ssp585","Fmean","WGOA","Rpath","pcod_rec"
2040,"ATF",1671816.95027153,610915.134204971,23322.0596159644,"ssp585","Fmean","WGOA","Rpath","pcod_rec"
2041,"POL",2863840.85821644,1697940.72728737,137018.294808131,"ssp585","Fmean","WGOA","Rpath","pcod_rec"
2041,"COD",285261.621978536,80172.102516501,54391.0276706058,"ssp585","Fmean","WGOA","Rpath","pcod_rec"
2041,"ATF",1672971.09181207,610453.135822533,23332.0217982974,"ssp585","Fmean","WGOA","Rpath","pcod_rec"
2042,"POL",2855599.20321688,1693054.70393136,136794.148478395,"ssp585","Fmean","WGOA","Rpath","pcod_rec"
2042,"COD",284878.564854835,79052.3586821576,54139.7340155633,"ssp585","Fmean","WGOA","Rpath","pcod_rec"
2042,"ATF",1672884.98771778,609578.238976026,23345.0612112356,"ssp585","Fmean","WGOA","Rpath","pcod_rec"
2043,"POL",2844835.52737276,1685208.39055849,136271.164681017,"ssp585","Fmean","WGOA","Rpath","pcod_rec"
2043,"COD",283434.767265851,76235.5541146949,54469.4784750242,"ssp585","Fmean","WGOA","Rpath","pcod_rec"
2043,"ATF",1670907.3044227,607878.503571926,23331.05351032,"ssp585","Fmean","WGOA","Rpath","pcod_rec"
2044,"POL",2836557.29648823,1678886.01038927,135762.071799739,"ssp585","Fmean","WGOA","Rpath","pcod_rec"
2044,"COD",282434.522542996,73504.1290907625,54582.9332903638,"ssp585","Fmean","WGOA","Rpath","pcod_rec"
2044,"ATF",1668146.12417791,605901.932171597,23299.7303494919,"ssp585","Fmean","WGOA","Rpath","pcod_rec"
2045,"POL",2834899.84080788,1678353.45856588,135477.75281838,"ssp585","Fmean","WGOA","Rpath","pcod_rec"
2045,"COD",282204.688686768,74650.6583866687,54194.1855792073,"ssp585","Fmean","WGOA","Rpath","pcod_rec"
2045,"ATF",1666800.15080446,604771.710224332,23266.5730457625,"ssp585","Fmean","WGOA","Rpath","pcod_rec"
2046,"POL",2837425.4267216,1682329.36493157,135476.118152933,"ssp585","Fmean","WGOA","Rpath","pcod_rec"
2046,"COD",282548.258987254,77985.7730138022,53828.0576955524,"ssp585","Fmean","WGOA","Rpath","pcod_rec"
2046,"ATF",1669068.51435118,605862.006507727,23265.8840344368,"ssp585","Fmean","WGOA","Rpath","pcod_rec"
2047,"POL",2834900.17038811,1682484.30659527,135491.193046998,"ssp585","Fmean","WGOA","Rpath","pcod_rec"
2047,"COD",283567.1101124,78491.7362637931,53764.9852381118,"ssp585","Fmean","WGOA","Rpath","pcod_rec"
2047,"ATF",1672341.89323755,607977.818767396,23307.6098459454,"ssp585","Fmean","WGOA","Rpath","pcod_rec"
2048,"POL",2826341.93487935,1677054.96794885,135220.853181788,"ssp585","Fmean","WGOA","Rpath","pcod_rec"
2048,"COD",283774.656311096,75932.7982914124,53967.3198438782,"ssp585","Fmean","WGOA","Rpath","pcod_rec"
2048,"ATF",1673644.49111358,609291.755294672,23343.2587093234,"ssp585","Fmean","WGOA","Rpath","pcod_rec"
2049,"POL",2812884.29693443,1666442.03006073,134696.003443408,"ssp585","Fmean","WGOA","Rpath","pcod_rec"
2049,"COD",282544.676070123,73113.1080375928,54394.8538880828,"ssp585","Fmean","WGOA","Rpath","pcod_rec"
2049,"ATF",1670854.02992453,608294.965208882,23341.5494337475,"ssp585","Fmean","WGOA","Rpath","pcod_rec"
2050,"POL",2808539.13972476,1662647.71414441,134135.657865385,"ssp585","Fmean","WGOA","Rpath","pcod_rec"
2050,"COD",281673.758066539,72800.6403237455,54413.1765655717,"ssp585","Fmean","WGOA","Rpath","pcod_rec"
2050,"ATF",1667670.66031891,606562.050890399,23289.571661145,"ssp585","Fmean","WGOA","Rpath","pcod_rec"
2051,"POL",2807133.79815488,1662661.08077562,134022.737916353,"ssp585","Fmean","WGOA","Rpath","pcod_rec"
2051,"COD",280690.409801709,75365.0189928024,53997.4404396,"ssp585","Fmean","WGOA","Rpath","pcod_rec"
2051,"ATF",1666664.57269609,605742.075022053,23259.5673291084,"ssp585","Fmean","WGOA","Rpath","pcod_rec"
2052,"POL",2803380.23680673,1661069.53579433,133892.969033158,"ssp585","Fmean","WGOA","Rpath","pcod_rec"
2052,"COD",279233.952551031,78621.5855449731,53619.5021157499,"ssp585","Fmean","WGOA","Rpath","pcod_rec"
2052,"ATF",1666396.96685956,605200.359578784,23250.8253071112,"ssp585","Fmean","WGOA","Rpath","pcod_rec"
2053,"POL",2795602.09205194,1655704.45164763,133597.513135979,"ssp585","Fmean","WGOA","Rpath","pcod_rec"
2053,"COD",277259.725751363,78777.593270366,53362.5436207206,"ssp585","Fmean","WGOA","Rpath","pcod_rec"
2053,"ATF",1665065.76137699,603997.410352887,23244.3723709971,"ssp585","Fmean","WGOA","Rpath","pcod_rec"
2054,"POL",2789238.26278492,1650732.89028179,133155.565376561,"ssp585","Fmean","WGOA","Rpath","pcod_rec"
2054,"COD",275201.930217729,77394.7864172808,53110.8425799276,"ssp585","Fmean","WGOA","Rpath","pcod_rec"
2054,"ATF",1662815.02231401,602124.778492186,23215.2190437408,"ssp585","Fmean","WGOA","Rpath","pcod_rec"
2055,"POL",2784741.33107995,1648127.75280979,132946.8051713,"ssp585","Fmean","WGOA","Rpath","pcod_rec"
2055,"COD",274293.975560327,76924.784235553,52757.7718563913,"ssp585","Fmean","WGOA","Rpath","pcod_rec"
2055,"ATF",1661662.4486357,600908.881451785,23194.9086058596,"ssp585","Fmean","WGOA","Rpath","pcod_rec"
2056,"POL",2782501.01456603,1647132.45069598,132698.104103153,"ssp585","Fmean","WGOA","Rpath","pcod_rec"
2056,"COD",273762.975657616,77629.3945628752,52317.7080040273,"ssp585","Fmean","WGOA","Rpath","pcod_rec"
2056,"ATF",1660766.96520901,599926.025696635,23175.5816973232,"ssp585","Fmean","WGOA","Rpath","pcod_rec"
2057,"POL",2777283.9793936,1644411.38904633,132555.718956419,"ssp585","Fmean","WGOA","Rpath","pcod_rec"
2057,"COD",273811.672151831,77304.4106925824,52235.5459931054,"ssp585","Fmean","WGOA","Rpath","pcod_rec"
2057,"ATF",1660472.62359154,599541.339932197,23170.856328844,"ssp585","Fmean","WGOA","Rpath","pcod_rec"
2058,"POL",2772437.04782833,1641114.99959976,132246.361127811,"ssp585","Fmean","WGOA","Rpath","pcod_rec"
2058,"COD",273738.74714122,75912.7256921236,52226.3513222338,"ssp585","Fmean","WGOA","Rpath","pcod_rec"
2058,"ATF",1659126.273946,598739.363765951,23160.1253372526,"ssp585","Fmean","WGOA","Rpath","pcod_rec"
2059,"POL",2764412.1526628,1635165.57497595,131928.370770297,"ssp585","Fmean","WGOA","Rpath","pcod_rec"
2059,"COD",273154.902708382,73863.7451355008,52444.8396789524,"ssp585","Fmean","WGOA","Rpath","pcod_rec"
2059,"ATF",1656669.87103029,597478.65914297,23136.6330279923,"ssp585","Fmean","WGOA","Rpath","pcod_rec"
2060,"POL",2764094.48289935,1635224.57093548,131635.229282042,"ssp585","Fmean","WGOA","Rpath","pcod_rec"
2060,"COD",272127.774453403,74218.6120596438,52399.4524577846,"ssp585","Fmean","WGOA","Rpath","pcod_rec"
2060,"ATF",1655796.08994955,597132.752411897,23105.1788651055,"ssp585","Fmean","WGOA","Rpath","pcod_rec"
2061,"POL",2753192.03969282,1626759.45007951,131458.616451699,"ssp585","Fmean","WGOA","Rpath","pcod_rec"
2061,"COD",269015.915477899,74678.9712575852,52329.6622249909,"ssp585","Fmean","WGOA","Rpath","pcod_rec"
2061,"ATF",1652351.4494699,595642.376169202,23092.4646106976,"ssp585","Fmean","WGOA","Rpath","pcod_rec"
2062,"POL",2753808.62545456,1626840.94279717,131001.59566388,"ssp585","Fmean","WGOA","Rpath","pcod_rec"
2062,"COD",267557.712949697,77485.7709034346,51842.3588882703,"ssp585","Fmean","WGOA","Rpath","pcod_rec"
2062,"ATF",1650121.22945268,594547.867785671,23032.4336995853,"ssp585","Fmean","WGOA","Rpath","pcod_rec"
2063,"POL",2755414.05613196,1629497.91969768,131108.514723907,"ssp585","Fmean","WGOA","Rpath","pcod_rec"
2063,"COD",265871.006591168,79222.6459705294,51089.9519022823,"ssp585","Fmean","WGOA","Rpath","pcod_rec"
2063,"ATF",1651638.35623664,595647.332911583,23028.1115972419,"ssp585","Fmean","WGOA","Rpath","pcod_rec"
2064,"POL",2748368.67853662,1625185.39254895,131068.123380112,"ssp585","Fmean","WGOA","Rpath","pcod_rec"
2064,"COD",263162.389943676,80361.3352379925,50740.743346327,"ssp585","Fmean","WGOA","Rpath","pcod_rec"
2064,"ATF",1651790.22246173,596170.334987139,23050.5069875115,"ssp585","Fmean","WGOA","Rpath","pcod_rec"
2065,"POL",2737811.57369316,1616076.70741313,130549.655097746,"ssp585","Fmean","WGOA","Rpath","pcod_rec"
2065,"COD",260358.304261612,77695.5168137976,50542.0819057044,"ssp585","Fmean","WGOA","Rpath","pcod_rec"
2065,"ATF",1647678.5855514,594094.143494992,23025.2951586423,"ssp585","Fmean","WGOA","Rpath","pcod_rec"
2066,"POL",2735293.96116822,1613632.40872424,130159.182588742,"ssp585","Fmean","WGOA","Rpath","pcod_rec"
2066,"COD",257260.574576392,76721.3189653048,50030.5965543683,"ssp585","Fmean","WGOA","Rpath","pcod_rec"
2066,"ATF",1644297.7403208,591922.782424637,22966.075757649,"ssp585","Fmean","WGOA","Rpath","pcod_rec"
2067,"POL",2729004.0539877,1608671.35751485,129981.363061838,"ssp585","Fmean","WGOA","Rpath","pcod_rec"
2067,"COD",252691.320452518,77688.2916351243,49541.7965115639,"ssp585","Fmean","WGOA","Rpath","pcod_rec"
2067,"ATF",1640709.6082114,589424.476022118,22923.9495994414,"ssp585","Fmean","WGOA","Rpath","pcod_rec"
2068,"POL",2726471.21002925,1606669.13255745,129662.908391171,"ssp585","Fmean","WGOA","Rpath","pcod_rec"
2068,"COD",250331.686262912,79714.2762263286,48798.4698837003,"ssp585","Fmean","WGOA","Rpath","pcod_rec"
2068,"ATF",1638036.67913972,587197.393895782,22872.2898746215,"ssp585","Fmean","WGOA","Rpath","pcod_rec"
2069,"POL",2727788.90186297,1608888.52826156,129654.377305091,"ssp585","Fmean","WGOA","Rpath","pcod_rec"
2069,"COD",247323.023655697,81210.9301776642,47760.2159016869,"ssp585","Fmean","WGOA","Rpath","pcod_rec"
2069,"ATF",1638577.46120041,586757.373934927,22854.7836214055,"ssp585","Fmean","WGOA","Rpath","pcod_rec"
2070,"POL",2720749.58462578,1603942.81493461,129491.836940175,"ssp585","Fmean","WGOA","Rpath","pcod_rec"
2070,"COD",243470.38487279,80713.3114956744,47411.1799630935,"ssp585","Fmean","WGOA","Rpath","pcod_rec"
2070,"ATF",1638155.99230683,586064.840560415,22859.0411012265,"ssp585","Fmean","WGOA","Rpath","pcod_rec"
2071,"POL",2719669.67150949,1603607.92507728,129245.48164756,"ssp585","Fmean","WGOA","Rpath","pcod_rec"
2071,"COD",242884.880307957,78228.3558305928,46927.5931406278,"ssp585","Fmean","WGOA","Rpath","pcod_rec"
2071,"ATF",1638854.79945242,586144.980722326,22857.3601064934,"ssp585","Fmean","WGOA","Rpath","pcod_rec"
2072,"POL",2718576.77649785,1603936.48046459,129237.178984088,"ssp585","Fmean","WGOA","Rpath","pcod_rec"
2072,"COD",241435.631942626,77527.1797905905,46254.7010863762,"ssp585","Fmean","WGOA","Rpath","pcod_rec"
2072,"ATF",1640107.9150646,586783.00477694,22872.6171120026,"ssp585","Fmean","WGOA","Rpath","pcod_rec"
2073,"POL",2709605.58159551,1597053.68641636,128985.653290352,"ssp585","Fmean","WGOA","Rpath","pcod_rec"
2073,"COD",238066.679114908,77294.0027162114,46321.1835961941,"ssp585","Fmean","WGOA","Rpath","pcod_rec"
2073,"ATF",1638300.60750772,585917.946382696,22875.0762358601,"ssp585","Fmean","WGOA","Rpath","pcod_rec"
2074,"POL",2705378.50244554,1592825.40237425,128535.053390007,"ssp585","Fmean","WGOA","Rpath","pcod_rec"
2074,"COD",234627.361309668,74905.4620490551,46221.8044513603,"ssp585","Fmean","WGOA","Rpath","pcod_rec"
2074,"ATF",1635821.03246807,584488.506391943,22839.1929329428,"ssp585","Fmean","WGOA","Rpath","pcod_rec"
2075,"POL",2702854.29313319,1590858.48353691,128402.189613555,"ssp585","Fmean","WGOA","Rpath","pcod_rec"
2075,"COD",232503.882166323,76593.6657029904,45471.8685857145,"ssp585","Fmean","WGOA","Rpath","pcod_rec"
2075,"ATF",1634033.57771396,583302.089408128,22812.627832503,"ssp585","Fmean","WGOA","Rpath","pcod_rec"
2076,"POL",2706240.48738567,1594935.62188223,128407.950688081,"ssp585","Fmean","WGOA","Rpath","pcod_rec"
2076,"COD",232224.143091351,81277.1384554028,44482.8801182317,"ssp585","Fmean","WGOA","Rpath","pcod_rec"
2076,"ATF",1635233.32441899,583541.704020929,22798.4267836193,"ssp585","Fmean","WGOA","Rpath","pcod_rec"
2077,"POL",2700607.88867707,1592377.70938902,128443.304015759,"ssp585","Fmean","WGOA","Rpath","pcod_rec"
2077,"COD",232284.5603911,80949.7385758335,43991.7001516858,"ssp585","Fmean","WGOA","Rpath","pcod_rec"
2077,"ATF",1635801.68735561,583557.20567159,22821.0268036646,"ssp585","Fmean","WGOA","Rpath","pcod_rec"
2078,"POL",2691598.88375265,1585819.40306277,127993.723000313,"ssp585","Fmean","WGOA","Rpath","pcod_rec"
2078,"COD",232791.856062531,75534.6444846554,44323.2783577212,"ssp585","Fmean","WGOA","Rpath","pcod_rec"
2078,"ATF",1633995.20869319,582210.081627332,22810.3573865861,"ssp585","Fmean","WGOA","Rpath","pcod_rec"
2079,"POL",2685570.61762055,1581307.2985152,127585.585102681,"ssp585","Fmean","WGOA","Rpath","pcod_rec"
2079,"COD",232980.634819952,70555.5781205613,44803.5821673314,"ssp585","Fmean","WGOA","Rpath","pcod_rec"
2079,"ATF",1632056.87157613,580757.928908755,22785.475575218,"ssp585","Fmean","WGOA","Rpath","pcod_rec"
2080,"POL",2679730.11845153,1576708.78572073,127244.185204005,"ssp585","Fmean","WGOA","Rpath","pcod_rec"
2080,"COD",231813.37798249,70328.3356672604,45070.7547347765,"ssp585","Fmean","WGOA","Rpath","pcod_rec"
2080,"ATF",1629534.73254973,579074.107169649,22756.2359198371,"ssp585","Fmean","WGOA","Rpath","pcod_rec"
2081,"POL",2676266.0029712,1574456.23095425,126997.048722949,"ssp585","Fmean","WGOA","Rpath","pcod_rec"
2081,"COD",229969.502981059,73810.6782705656,44924.1524400995,"ssp585","Fmean","WGOA","Rpath","pcod_rec"
2081,"ATF",1628071.50381306,578147.111048531,22726.2651854585,"ssp585","Fmean","WGOA","Rpath","pcod_rec"
2082,"POL",2670674.74173834,1570390.51882898,126762.646226214,"ssp585","Fmean","WGOA","Rpath","pcod_rec"
2082,"COD",227491.694004416,77449.8917538843,44398.8762257455,"ssp585","Fmean","WGOA","Rpath","pcod_rec"
2082,"ATF",1626128.95791847,577298.969810952,22705.923282529,"ssp585","Fmean","WGOA","Rpath","pcod_rec"
2083,"POL",2667940.3085408,1568765.84163683,126498.783850504,"ssp585","Fmean","WGOA","Rpath","pcod_rec"
2083,"COD",227183.724543625,79709.8205227225,43731.1518518827,"ssp585","Fmean","WGOA","Rpath","pcod_rec"
2083,"ATF",1624636.90294623,576858.006320727,22676.0216450292,"ssp585","Fmean","WGOA","Rpath","pcod_rec"
2084,"POL",2667843.1658477,1570492.53145562,126486.98380215,"ssp585","Fmean","WGOA","Rpath","pcod_rec"
2084,"COD",228529.404385019,79352.3934130984,43109.4827231451,"ssp585","Fmean","WGOA","Rpath","pcod_rec"
2084,"ATF",1625278.48602486,577706.580063638,22669.2395190106,"ssp585","Fmean","WGOA","Rpath","pcod_rec"
2085,"POL",2662011.29500461,1567185.65613517,126315.645017109,"ssp585","Fmean","WGOA","Rpath","pcod_rec"
2085,"COD",228700.854539141,75557.6768176871,43335.1372132758,"ssp585","Fmean","WGOA","Rpath","pcod_rec"
2085,"ATF",1625113.41734938,578175.364074922,22672.7537269843,"ssp585","Fmean","WGOA","Rpath","pcod_rec"
2086,"POL",2652811.04499831,1559770.3926111,125899.464980262,"ssp585","Fmean","WGOA","Rpath","pcod_rec"
2086,"COD",227945.040549909,70064.5381896186,44231.7581112183,"ssp585","Fmean","WGOA","Rpath","pcod_rec"
2086,"ATF",1622941.97963874,577481.265281056,22661.8986709437,"ssp585","Fmean","WGOA","Rpath","pcod_rec"
2087,"POL",2647846.66647733,1554889.88074182,125523.79350503,"ssp585","Fmean","WGOA","Rpath","pcod_rec"
2087,"COD",226870.042338723,68906.1539898706,44383.0140182263,"ssp585","Fmean","WGOA","Rpath","pcod_rec"
2087,"ATF",1619039.51799591,575601.913303539,22624.5811528111,"ssp585","Fmean","WGOA","Rpath","pcod_rec"
2088,"POL",2647564.37921878,1554225.31912702,125312.893409525,"ssp585","Fmean","WGOA","Rpath","pcod_rec"
2088,"COD",223773.700198683,74426.5819337768,43927.8922540784,"ssp585","Fmean","WGOA","Rpath","pcod_rec"
2088,"ATF",1615939.19643563,573888.923407619,22565.5094248246,"ssp585","Fmean","WGOA","Rpath","pcod_rec"
2089,"POL",2643417.56670617,1551135.87475814,125216.315080649,"ssp585","Fmean","WGOA","Rpath","pcod_rec"
2089,"COD",219975.245323993,79410.6166995653,43316.0961475801,"ssp585","Fmean","WGOA","Rpath","pcod_rec"
2089,"ATF",1613467.10920287,572593.339718302,22529.1503948536,"ssp585","Fmean","WGOA","Rpath","pcod_rec"
2090,"POL",2643397.35939024,1551194.74421061,125077.490171504,"ssp585","Fmean","WGOA","Rpath","pcod_rec"
2090,"COD",215962.282794961,80613.9490590498,42418.2251214996,"ssp585","Fmean","WGOA","Rpath","pcod_rec"
2090,"ATF",1612676.46247168,572213.5164299,22500.6700825078,"ssp585","Fmean","WGOA","Rpath","pcod_rec"
2091,"POL",2638444.31422757,1546873.78317717,124997.220555818,"ssp585","Fmean","WGOA","Rpath","pcod_rec"
2091,"COD",210982.285608727,80342.1029432788,41570.790997721,"ssp585","Fmean","WGOA","Rpath","pcod_rec"
2091,"ATF",1610103.39403579,570905.790921878,22488.5665159732,"ssp585","Fmean","WGOA","Rpath","pcod_rec"
2092,"POL",2635844.35399801,1543881.96943781,124732.047245147,"ssp585","Fmean","WGOA","Rpath","pcod_rec"
2092,"COD",206180.632273518,78903.2481293334,40808.8440029339,"ssp585","Fmean","WGOA","Rpath","pcod_rec"
2092,"ATF",1606695.58664635,568723.423940973,22440.5814899938,"ssp585","Fmean","WGOA","Rpath","pcod_rec"
2093,"POL",2636869.58795825,1544460.12909856,124649.355360841,"ssp585","Fmean","WGOA","Rpath","pcod_rec"
2093,"COD",202264.815764065,78217.9900934817,39903.1536000043,"ssp585","Fmean","WGOA","Rpath","pcod_rec"
2093,"ATF",1605581.1011473,567398.920932938,22402.5189874997,"ssp585","Fmean","WGOA","Rpath","pcod_rec"
2094,"POL",2636844.85723451,1545275.19170364,124716.233264159,"ssp585","Fmean","WGOA","Rpath","pcod_rec"
2094,"COD",200283.564185167,78648.0011097477,38979.6364615949,"ssp585","Fmean","WGOA","Rpath","pcod_rec"
2094,"ATF",1606561.80031542,567146.858810841,22403.3977237876,"ssp585","Fmean","WGOA","Rpath","pcod_rec"
2095,"POL",2640300.56584437,1549578.35545108,124788.087257585,"ssp585","Fmean","WGOA","Rpath","pcod_rec"
2095,"COD",200031.083372457,77833.9370346054,38239.5546681036,"ssp585","Fmean","WGOA","Rpath","pcod_rec"
2095,"ATF",1610440.17750184,568487.050253504,22429.0342196404,"ssp585","Fmean","WGOA","Rpath","pcod_rec"
2096,"POL",2634194.74545715,1546751.63373372,124832.287580958,"ssp585","Fmean","WGOA","Rpath","pcod_rec"
2096,"COD",203722.677307156,74463.3487575971,38131.4195531098,"ssp585","Fmean","WGOA","Rpath","pcod_rec"
2096,"ATF",1612879.93042145,569393.961908585,22486.3769874298,"ssp585","Fmean","WGOA","Rpath","pcod_rec"
2097,"POL",2637945.02817475,1551639.14723777,124645.915156612,"ssp585","Fmean","WGOA","Rpath","pcod_rec"
2097,"COD",210006.326670306,70396.6945364412,38464.0425482492,"ssp585","Fmean","WGOA","Rpath","pcod_rec"
2097,"ATF",1616913.89663043,571183.523613306,22513.4447384545,"ssp585","Fmean","WGOA","Rpath","pcod_rec"
2098,"POL",2629264.86797696,1547355.0912776,124675.943637824,"ssp585","Fmean","WGOA","Rpath","pcod_rec"
2098,"COD",214184.034126411,65840.0157906308,39866.1688528809,"ssp585","Fmean","WGOA","Rpath","pcod_rec"
2098,"ATF",1619922.91515276,573078.312502977,22579.3173356386,"ssp585","Fmean","WGOA","Rpath","pcod_rec"
2099,"POL",2609607.84069319,1530781.97954779,123920.770798087,"ssp585","Fmean","WGOA","Rpath","pcod_rec"
2099,"COD",218995.789575378,61907.0267724719,41834.383128145,"ssp585","Fmean","WGOA","Rpath","pcod_rec"
2099,"ATF",1613265.84934652,570123.513645462,22575.2510107822,"ssp585","Fmean","WGOA","Rpath","pcod_rec"
1991,"POL",2884927.16511783,1690895.40603404,87828.010002781,"persistence","F0","WGOA","Rpath","pcod_rec_pp"
1991,"COD",399280.293878193,93224.2373585632,64466.829990571,"persistence","F0","WGOA","Rpath","pcod_rec_pp"
1991,"ATF",1554327.80462664,597326.97740596,16958.380011156,"persistence","F0","WGOA","Rpath","pcod_rec_pp"
1992,"POL",2892495.91324268,1696087.27813365,90585.189961806,"persistence","F0","WGOA","Rpath","pcod_rec_pp"
1992,"COD",371842.900083054,88999.2287874369,78966.500089317,"persistence","F0","WGOA","Rpath","pcod_rec_pp"
1992,"ATF",1551901.37581743,598021.211707819,20482.180062468,"persistence","F0","WGOA","Rpath","pcod_rec_pp"
1993,"POL",2886917.46017875,1690078.21042351,108230.180085742,"persistence","F0","WGOA","Rpath","pcod_rec_pp"
1993,"COD",375328.175429555,91984.46817467,45849.170066118,"persistence","F0","WGOA","Rpath","pcod_rec_pp"
1993,"ATF",1551566.34683954,599298.159270716,18294.449920618,"persistence","F0","WGOA","Rpath","pcod_rec_pp"
1994,"POL",2891612.89701311,1691340.87032149,100412.359942985,"persistence","F0","WGOA","Rpath","pcod_rec_pp"
1994,"COD",374238.505424238,92168.0244909248,45610.579965874,"persistence","F0","WGOA","Rpath","pcod_rec_pp"
1994,"ATF",1547453.431915,598480.508802417,21993.239976229,"persistence","F0","WGOA","Rpath","pcod_rec_pp"
1995,"POL",2920445.2429594,1709974.75171492,69168.129925675,"persistence","F0","WGOA","Rpath","pcod_rec_pp"
1995,"COD",354241.118245692,88060.9264831689,67907.179992219,"persistence","F0","WGOA","Rpath","pcod_rec_pp"
1995,"ATF",1548788.07321952,599203.455585779,17415.490044603,"persistence","F0","WGOA","Rpath","pcod_rec_pp"
1996,"POL",2949537.49989699,1727520.76771419,49825.8700384,"persistence","F0","WGOA","Rpath","pcod_rec_pp"
1996,"COD",348901.269856949,89289.8998161644,55391.660096973,"persistence","F0","WGOA","Rpath","pcod_rec_pp"
1996,"ATF",1545296.54167072,597141.15385086,21555.609900557,"persistence","F0","WGOA","Rpath","pcod_rec_pp"
1997,"POL",2946193.76182491,1722365.56372477,84179.649971753,"persistence","F0","WGOA","Rpath","pcod_rec_pp"
1997,"COD",339607.871812025,88455.8466619866,58920.579990637,"persistence","F0","WGOA","Rpath","pcod_rec_pp"
1997,"ATF",1547340.93937387,596389.731746862,14758.279890696,"persistence","F0","WGOA","Rpath","pcod_rec_pp"
1998,"POL",3007840.54757787,1762267.82292695,5428.379997642,"persistence","F0","WGOA","Rpath","pcod_rec_pp"
1998,"COD",338402.008126062,87897.0996300377,50218.950113863,"persistence","F0","WGOA","Rpath","pcod_rec_pp"
1998,"ATF",1552042.17068945,596282.511778416,12377.190009373,"persistence","F0","WGOA","Rpath","pcod_rec_pp"
1999,"POL",2993956.26360435,1751820.3586859,90556.900062537,"persistence","F0","WGOA","Rpath","pcod_rec_pp"
1999,"COD",323385.504513683,83134.3281978233,66264.67009813,"persistence","F0","WGOA","Rpath","pcod_rec_pp"
1999,"ATF",1556822.57219736,596729.653748177,14649.229924965,"persistence","F0","WGOA","Rpath","pcod_rec_pp"
2000,"POL",3049484.66889728,1789601.2235707,5552.830105466,"persistence","F0","WGOA","Rpath","pcod_rec_pp"
2000,"COD",321234.70478313,82993.6306736087,53384.869944958,"persistence","F0","WGOA","Rpath","pcod_rec_pp"
2000,"ATF",1555589.60333769,595731.530286997,22993.75009338,"persistence","F0","WGOA","Rpath","pcod_rec_pp"
2001,"POL",3082953.38628358,1808450.38491623,3452.299978517,"persistence","F0","WGOA","Rpath","pcod_rec_pp"
2001,"COD",327836.052151014,85350.6677932879,40517.409954733,"persistence","F0","WGOA","Rpath","pcod_rec_pp"
2001,"ATF",1559150.39699574,597017.281545479,17416.199986059,"persistence","F0","WGOA","Rpath","pcod_rec_pp"
2002,"POL",3117695.91098478,1828996.8919311,1698.029945361,"persistence","F0","WGOA","Rpath","pcod_rec_pp"
2002,"COD",329657.199807253,86672.396799144,41567.989960821,"persistence","F0","WGOA","Rpath","pcod_rec_pp"
2002,"ATF",1561074.36729579,598208.760306624,20173.560012907,"persistence","F0","WGOA","Rpath","pcod_rec_pp"
2003,"POL",3105660.59060301,1817041.08768011,48590.077011908,"persistence","F0","WGOA","Rpath","pcod_rec_pp"
2003,"COD",321002.232869284,86072.6548698382,52365.755088864,"persistence","F0","WGOA","Rpath","pcod_rec_pp"
2003,"ATF",1552272.45436907,595288.634146958,30169.771891001,"persistence","F0","WGOA","Rpath","pcod_rec_pp"
2004,"POL",3100496.17999595,1811816.72016729,62434.439922489,"persistence","F0","WGOA","Rpath","pcod_rec_pp"
2004,"COD",310907.346053104,86861.6844619175,56450.241969657,"persistence","F0","WGOA","Rpath","pcod_rec_pp"
2004,"ATF",1557805.52630999,597533.747722124,15634.908041003,"persistence","F0","WGOA","Rpath","pcod_rec_pp"
2005,"POL",3085140.75609541,1801622.59658072,78302.791927256,"persistence","F0","WGOA","Rpath","pcod_rec_pp"
2005,"COD",308747.712383036,89355.0329510825,47523.779925577,"persistence","F0","WGOA","Rpath","pcod_rec_pp"
2005,"ATF",1557456.93296847,596651.527725103,19923.573051558,"persistence","F0","WGOA","Rpath","pcod_rec_pp"
2006,"POL",3088115.70042571,1805154.79373703,68928.307992488,"persistence","F0","WGOA","Rpath","pcod_rec_pp"
2006,"COD",305285.425387622,89662.8420266119,47767.079961499,"persistence","F0","WGOA","Rpath","pcod_rec_pp"
2006,"ATF",1552052.55675712,593803.972010943,27622.698918064,"persistence","F0","WGOA","Rpath","pcod_rec_pp"
2007,"POL",3108388.6659623,1820162.18935033,51572.307003871,"persistence","F0","WGOA","Rpath","pcod_rec_pp"
2007,"COD",298656.827987615,86970.5841575916,51812.178003779,"persistence","F0","WGOA","Rpath","pcod_rec_pp"
2007,"ATF",1552833.11070127,593773.096946291,25346.986980543,"persistence","F0","WGOA","Rpath","pcod_rec_pp"
2008,"POL",3122657.32782491,1829614.82622622,50786.206014733,"persistence","F0","WGOA","Rpath","pcod_rec_pp"
2008,"COD",288014.19715692,83738.4257426123,58386.384025578,"persistence","F0","WGOA","Rpath","pcod_rec_pp"
2008,"ATF",1551453.5168298,592951.977723493,29205.939969489,"persistence","F0","WGOA","Rpath","pcod_rec_pp"
2009,"POL",3143273.39859891,1841984.8200306,41549.503075916,"persistence","F0","WGOA","Rpath","pcod_rec_pp"
2009,"COD",284535.848347064,83301.5655360441,51788.980009351,"persistence","F0","WGOA","Rpath","pcod_rec_pp"
2009,"ATF",1555113.02563569,594046.266118116,24831.742038702,"persistence","F0","WGOA","Rpath","pcod_rec_pp"
2010,"POL",3136117.03112817,1835292.14585186,73443.384226643,"persistence","F0","WGOA","Rpath","pcod_rec_pp"
2010,"COD",260387.074378808,76717.5680514182,76954.154598455,"persistence","F0","WGOA","Rpath","pcod_rec_pp"
2010,"ATF",1558263.17274182,594362.564843561,24339.446470918,"persistence","F0","WGOA","Rpath","pcod_rec_pp"
2011,"POL",3141056.08768375,1838289.75061505,77694.479623666,"persistence","F0","WGOA","Rpath","pcod_rec_pp"
2011,"COD",234318.516143285,69543.3060352226,83710.475394165,"persistence","F0","WGOA","Rpath","pcod_rec_pp"
2011,"ATF",1557071.61028742,592792.103233455,30911.821764055,"persistence","F0","WGOA","Rpath","pcod_rec_pp"
2012,"POL",3133568.47204365,1833854.71164897,98934.691224094,"persistence","F0","WGOA","Rpath","pcod_rec_pp"
2012,"COD",216652.39880077,64116.8215124414,76871.109994854,"persistence","F0","WGOA","Rpath","pcod_rec_pp"
2012,"ATF",1567597.98995377,595605.767059271,20761.909908427,"persistence","F0","WGOA","Rpath","pcod_rec_pp"
2013,"POL",3129803.3271359,1832301.64727678,90796.631609659,"persistence","F0","WGOA","Rpath","pcod_rec_pp"
2013,"COD",207097.746004189,61173.0549874287,66829.781618954,"persistence","F0","WGOA","Rpath","pcod_rec_pp"
2013,"ATF",1575636.64297929,596480.791969859,21809.3123161,"persistence","F0","WGOA","Rpath","pcod_rec_pp"
2014,"POL",3087331.43236134,1803398.13573914,138948.061996125,"persistence","F0","WGOA","Rpath","pcod_rec_pp"
2014,"COD",180191.44732662,54326.1747660013,83491.72820457,"persistence","F0","WGOA","Rpath","pcod_rec_pp"
2014,"ATF",1567912.16262094,590069.752717628,36524.501530691,"persistence","F0","WGOA","Rpath","pcod_rec_pp"
2015,"POL",3045526.28555765,1775739.07919012,162807.64603073,"persistence","F0","WGOA","Rpath","pcod_rec_pp"
2015,"COD",157932.722055918,48934.4411406065,77689.992014231,"persistence","F0","WGOA","Rpath","pcod_rec_pp"
2015,"ATF",1577268.81804826,588791.535950363,19296.587221708,"persistence","F0","WGOA","Rpath","pcod_rec_pp"
2016,"POL",3007798.29217938,1753763.79832681,173086.352394527,"persistence","F0","WGOA","Rpath","pcod_rec_pp"
2016,"COD",147656.615382295,47339.0097704077,62867.327429592,"persistence","F0","WGOA","Rpath","pcod_rec_pp"
2016,"ATF",1586289.94323646,586210.878732567,19976.294186812,"persistence","F0","WGOA","Rpath","pcod_rec_pp"
2017,"POL",2976739.35759481,1738811.22499638,184220.028529305,"persistence","F0","WGOA","Rpath","pcod_rec_pp"
2017,"COD",147736.144697943,50239.6743054142,48204.214674581,"persistence","F0","WGOA","Rpath","pcod_rec_pp"
2017,"ATF",1591593.27599985,581990.660087748,27053.508990172,"persistence","F0","WGOA","Rpath","pcod_rec_pp"
2018,"POL",2968841.33230651,1740812.46211736,150815.192171791,"persistence","F0","WGOA","Rpath","pcod_rec_pp"
2018,"COD",174522.229212124,61112.9039308985,14681.29819652,"persistence","F0","WGOA","Rpath","pcod_rec_pp"
2018,"ATF",1607270.2111573,582229.748408732,18870.25094355,"persistence","F0","WGOA","Rpath","pcod_rec_pp"
2019,"POL",2976191.20523764,1750709.51749398,110649.271555557,"persistence","F0","WGOA","Rpath","pcod_rec_pp"
2019,"COD",197788.813002527,66355.8766877763,15200.420583165,"persistence","F0","WGOA","Rpath","pcod_rec_pp"
2019,"ATF",1614692.32773615,580069.536802079,24567.051964421,"persistence","F0","WGOA","Rpath","pcod_rec_pp"
2020,"POL",2989800.23372154,1764764.17925614,99971.064888454,"persistence","F0","WGOA","Rpath","pcod_rec_pp"
2020,"COD",228117.246163443,75554.157695705,6085.249338733,"persistence","F0","WGOA","Rpath","pcod_rec_pp"
2020,"ATF",1626337.87888343,581528.262199006,21115.899302007,"persistence","F0","WGOA","Rpath","pcod_rec_pp"
2021,"POL",2995471.3546608,1772438.50533179,93869.858770329,"persistence","F0","WGOA","Rpath","pcod_rec_pp"
2021,"COD",246074.372704438,80181.0093527916,18686.812307248,"persistence","F0","WGOA","Rpath","pcod_rec_pp"
2021,"ATF",1646164.5108165,588168.300651634,9846.300133144,"persistence","F0","WGOA","Rpath","pcod_rec_pp"
2022,"POL",2974120.54637082,1761962.33876902,123494.034078862,"persistence","F0","WGOA","Rpath","pcod_rec_pp"
2022,"COD",260979.527182403,80696.1334094475,25387.705315903,"persistence","F0","WGOA","Rpath","pcod_rec_pp"
2022,"ATF",1660853.23878419,595237.30180729,11531.831681252,"persistence","F0","WGOA","Rpath","pcod_rec_pp"
2023,"POL",2954851.4251591,1752685.58953514,124964.845430032,"persistence","F0","WGOA","Rpath","pcod_rec_pp"
2023,"COD",281428.087578789,80437.5383892256,21018.296907485,"persistence","F0","WGOA","Rpath","pcod_rec_pp"
2023,"ATF",1673786.77105883,603767.515260688,9114.887408711,"persistence","F0","WGOA","Rpath","pcod_rec_pp"
2024,"POL",3027028.35631,1805008.94036254,0,"persistence","F0","WGOA","Rpath","pcod_rec_pp"
2024,"COD",318578.534465951,85647.4554465362,0,"persistence","F0","WGOA","Rpath","pcod_rec_pp"
2024,"ATF",1692346.58774087,615925.943545487,0,"persistence","F0","WGOA","Rpath","pcod_rec_pp"
2025,"POL",3068557.401258,1833252.36666854,0,"persistence","F0","WGOA","Rpath","pcod_rec_pp"
2025,"COD",349935.24311271,89592.9910891047,0,"persistence","F0","WGOA","Rpath","pcod_rec_pp"
2025,"ATF",1707692.8545646,627451.87178386,0,"persistence","F0","WGOA","Rpath","pcod_rec_pp"
2026,"POL",3097588.97780897,1852722.44320427,0,"persistence","F0","WGOA","Rpath","pcod_rec_pp"
2026,"COD",376995.838863023,94557.9193395354,0,"persistence","F0","WGOA","Rpath","pcod_rec_pp"
2026,"ATF",1720938.16202722,638088.365606934,0,"persistence","F0","WGOA","Rpath","pcod_rec_pp"
2027,"POL",3117209.92725462,1865125.83877122,0,"persistence","F0","WGOA","Rpath","pcod_rec_pp"
2027,"COD",400357.926571329,100868.647158978,0,"persistence","F0","WGOA","Rpath","pcod_rec_pp"
2027,"ATF",1731484.86836131,646680.372023669,0,"persistence","F0","WGOA","Rpath","pcod_rec_pp"
2028,"POL",3130108.19121412,1873207.3101505,0,"persistence","F0","WGOA","Rpath","pcod_rec_pp"
2028,"COD",420459.310992738,107598.081399179,0,"persistence","F0","WGOA","Rpath","pcod_rec_pp"
2028,"ATF",1739505.20209643,652927.280124416,0,"persistence","F0","WGOA","Rpath","pcod_rec_pp"
2029,"POL",3138679.44574954,1878931.31001819,0,"persistence","F0","WGOA","Rpath","pcod_rec_pp"
2029,"COD",437738.283646009,113727.903078503,0,"persistence","F0","WGOA","Rpath","pcod_rec_pp"
2029,"ATF",1745554.15246428,657061.494130494,0,"persistence","F0","WGOA","Rpath","pcod_rec_pp"
2030,"POL",3144504.99761519,1883372.03209908,0,"persistence","F0","WGOA","Rpath","pcod_rec_pp"
2030,"COD",452631.906638656,118853.193274221,0,"persistence","F0","WGOA","Rpath","pcod_rec_pp"
2030,"ATF",1750274.74343932,659326.084141001,0,"persistence","F0","WGOA","Rpath","pcod_rec_pp"
2031,"POL",3148589.31356843,1887019.23202229,0,"persistence","F0","WGOA","Rpath","pcod_rec_pp"
2031,"COD",465594.360462529,122853.427027821,0,"persistence","F0","WGOA","Rpath","pcod_rec_pp"
2031,"ATF",1754190.20946573,660076.721436302,0,"persistence","F0","WGOA","Rpath","pcod_rec_pp"
2032,"POL",3151642.48149923,1890141.27678452,0,"persistence","F0","WGOA","Rpath","pcod_rec_pp"
2032,"COD",477041.970436055,125616.572172772,0,"persistence","F0","WGOA","Rpath","pcod_rec_pp"
2032,"ATF",1757644.35328327,659898.732354093,0,"persistence","F0","WGOA","Rpath","pcod_rec_pp"
2033,"POL",3154214.16121652,1892947.85066427,0,"persistence","F0","WGOA","Rpath","pcod_rec_pp"
2033,"COD",487292.506575681,127291.798878812,0,"persistence","F0","WGOA","Rpath","pcod_rec_pp"
2033,"ATF",1760824.80955892,659389.609114523,0,"persistence","F0","WGOA","Rpath","pcod_rec_pp"
2034,"POL",3156729.72053073,1895618.32044104,0,"persistence","F0","WGOA","Rpath","pcod_rec_pp"
2034,"COD",496572.422883472,128217.60787492,0,"persistence","F0","WGOA","Rpath","pcod_rec_pp"
2034,"ATF",1763810.93444743,659032.430013028,0,"persistence","F0","WGOA","Rpath","pcod_rec_pp"
2035,"POL",3159509.77694579,1898301.73206941,0,"persistence","F0","WGOA","Rpath","pcod_rec_pp"
2035,"COD",505038.655219184,128754.553290354,0,"persistence","F0","WGOA","Rpath","pcod_rec_pp"
2035,"ATF",1766619.31798499,659126.008858201,0,"persistence","F0","WGOA","Rpath","pcod_rec_pp"
2036,"POL",3162801.41315724,1901129.12528539,0,"persistence","F0","WGOA","Rpath","pcod_rec_pp"
2036,"COD",512800.660554282,129169.47956821,0,"persistence","F0","WGOA","Rpath","pcod_rec_pp"
2036,"ATF",1769240.95830905,659784.7378189,0,"persistence","F0","WGOA","Rpath","pcod_rec_pp"
2037,"POL",3166806.02046159,1904226.68863828,0,"persistence","F0","WGOA","Rpath","pcod_rec_pp"
2037,"COD",519940.83924319,129650.825480045,0,"persistence","F0","WGOA","Rpath","pcod_rec_pp"
2037,"ATF",1771668.71443916,660977.8710303,0,"persistence","F0","WGOA","Rpath","pcod_rec_pp"
2038,"POL",3171686.99182522,1907714.76218623,0,"persistence","F0","WGOA","Rpath","pcod_rec_pp"
2038,"COD",526532.759542665,130219.391899216,0,"persistence","F0","WGOA","Rpath","pcod_rec_pp"
2038,"ATF",1773913.75459236,662574.134566521,0,"persistence","F0","WGOA","Rpath","pcod_rec_pp"
2039,"POL",3177559.43601122,1911693.91993151,0,"persistence","F0","WGOA","Rpath","pcod_rec_pp"
2039,"COD",532650.410488438,130854.792068224,0,"persistence","F0","WGOA","Rpath","pcod_rec_pp"
2039,"ATF",1776010.87687445,664397.869559278,0,"persistence","F0","WGOA","Rpath","pcod_rec_pp"
2040,"POL",3184476.79277756,1916229.65946653,0,"persistence","F0","WGOA","Rpath","pcod_rec_pp"
2040,"COD",538370.878118222,131477.699788382,0,"persistence","F0","WGOA","Rpath","pcod_rec_pp"
2040,"ATF",1778014.72064304,666256.013875782,0,"persistence","F0","WGOA","Rpath","pcod_rec_pp"
2041,"POL",3192425.32881603,1921343.25645885,0,"persistence","F0","WGOA","Rpath","pcod_rec_pp"
2041,"COD",543767.26914618,131987.766071728,0,"persistence","F0","WGOA","Rpath","pcod_rec_pp"
2041,"ATF",1779990.21914966,668005.395759065,0,"persistence","F0","WGOA","Rpath","pcod_rec_pp"
2042,"POL",3201325.94839607,1927009.48031148,0,"persistence","F0","WGOA","Rpath","pcod_rec_pp"
2042,"COD",548902.667317841,132318.18208193,0,"persistence","F0","WGOA","Rpath","pcod_rec_pp"
2042,"ATF",1782001.15604175,669563.398948392,0,"persistence","F0","WGOA","Rpath","pcod_rec_pp"
2043,"POL",3211041.41921926,1933158.71263084,0,"persistence","F0","WGOA","Rpath","pcod_rec_pp"
2043,"COD",553822.407828616,132465.693826635,0,"persistence","F0","WGOA","Rpath","pcod_rec_pp"
2043,"ATF",1784100.07909443,670910.1065893,0,"persistence","F0","WGOA","Rpath","pcod_rec_pp"
2044,"POL",3221384.29702093,1939682.20193388,0,"persistence","F0","WGOA","Rpath","pcod_rec_pp"
2044,"COD",558554.457095182,132427.667297836,0,"persistence","F0","WGOA","Rpath","pcod_rec_pp"
2044,"ATF",1786321.45933638,672076.51170172,0,"persistence","F0","WGOA","Rpath","pcod_rec_pp"
2045,"POL",3232129.83445466,1946441.28662591,0,"persistence","F0","WGOA","Rpath","pcod_rec_pp"
2045,"COD",563105.03108761,132301.977257937,0,"persistence","F0","WGOA","Rpath","pcod_rec_pp"
2045,"ATF",1788678.91616366,673124.96433473,0,"persistence","F0","WGOA","Rpath","pcod_rec_pp"
2046,"POL",3243038.89815594,1953285.20659492,0,"persistence","F0","WGOA","Rpath","pcod_rec_pp"
2046,"COD",567469.443806087,132132.227558909,0,"persistence","F0","WGOA","Rpath","pcod_rec_pp"
2046,"ATF",1791165.98236696,674127.577500616,0,"persistence","F0","WGOA","Rpath","pcod_rec_pp"
2047,"POL",3253899.02698841,1960080.96989681,0,"persistence","F0","WGOA","Rpath","pcod_rec_pp"
2047,"COD",571632.642410459,131983.521423647,0,"persistence","F0","WGOA","Rpath","pcod_rec_pp"
2047,"ATF",1793759.75190101,675147.333192512,0,"persistence","F0","WGOA","Rpath","pcod_rec_pp"
2048,"POL",3264566.71748003,1966741.80233102,0,"persistence","F0","WGOA","Rpath","pcod_rec_pp"
2048,"COD",575581.988371376,131931.75766415,0,"persistence","F0","WGOA","Rpath","pcod_rec_pp"
2048,"ATF",1796427.53649411,676225.595367577,0,"persistence","F0","WGOA","Rpath","pcod_rec_pp"
2049,"POL",3274984.5987135,1973237.83699131,0,"persistence","F0","WGOA","Rpath","pcod_rec_pp"
2049,"COD",579314.403518599,131961.328752136,0,"persistence","F0","WGOA","Rpath","pcod_rec_pp"
2049,"ATF",1799134.20283709,677377.756730328,0,"persistence","F0","WGOA","Rpath","pcod_rec_pp"
2050,"POL",3285166.03765318,1979583.86729819,0,"persistence","F0","WGOA","Rpath","pcod_rec_pp"
2050,"COD",582829.510134582,132062.350800019,0,"persistence","F0","WGOA","Rpath","pcod_rec_pp"
2050,"ATF",1801848.61560346,678596.030505162,0,"persistence","F0","WGOA","Rpath","pcod_rec_pp"
2051,"POL",3295159.36302152,1985814.67416532,0,"persistence","F0","WGOA","Rpath","pcod_rec_pp"
2051,"COD",586137.833132283,132230.420279157,0,"persistence","F0","WGOA","Rpath","pcod_rec_pp"
2051,"ATF",1804547.90533286,679856.956332233,0,"persistence","F0","WGOA","Rpath","pcod_rec_pp"
2052,"POL",3305013.45653437,1991963.59172196,0,"persistence","F0","WGOA","Rpath","pcod_rec_pp"
2052,"COD",589258.053718065,132407.364711826,0,"persistence","F0","WGOA","Rpath","pcod_rec_pp"
2052,"ATF",1807218.36442313,681130.169731946,0,"persistence","F0","WGOA","Rpath","pcod_rec_pp"
2053,"POL",3314753.38543877,1998047.52990852,0,"persistence","F0","WGOA","Rpath","pcod_rec_pp"
2053,"COD",592209.804984882,132557.996957206,0,"persistence","F0","WGOA","Rpath","pcod_rec_pp"
2053,"ATF",1809854.03346874,682386.431874436,0,"persistence","F0","WGOA","Rpath","pcod_rec_pp"
2054,"POL",3324364.00060412,2004055.97582943,0,"persistence","F0","WGOA","Rpath","pcod_rec_pp"
2054,"COD",595010.578743507,132661.099902592,0,"persistence","F0","WGOA","Rpath","pcod_rec_pp"
2054,"ATF",1812454.25735516,683603.569301747,0,"persistence","F0","WGOA","Rpath","pcod_rec_pp"
2055,"POL",3333785.19510865,2009949.0964008,0,"persistence","F0","WGOA","Rpath","pcod_rec_pp"
2055,"COD",597672.11875891,132721.870160339,0,"persistence","F0","WGOA","Rpath","pcod_rec_pp"
2055,"ATF",1815020.43865882,684769.064822243,0,"persistence","F0","WGOA","Rpath","pcod_rec_pp"
2056,"POL",3342916.00849266,2015661.47832785,0,"persistence","F0","WGOA","Rpath","pcod_rec_pp"
2056,"COD",600200.670635656,132745.630131489,0,"persistence","F0","WGOA","Rpath","pcod_rec_pp"
2056,"ATF",1817553.13635294,685879.751630871,0,"persistence","F0","WGOA","Rpath","pcod_rec_pp"
2057,"POL",3351630.66382986,2021113.041975,0,"persistence","F0","WGOA","Rpath","pcod_rec_pp"
2057,"COD",602597.412961279,132738.782455531,0,"persistence","F0","WGOA","Rpath","pcod_rec_pp"
2057,"ATF",1820049.80447707,686939.184738316,0,"persistence","F0","WGOA","Rpath","pcod_rec_pp"
2058,"POL",3359812.74848384,2026231.55429753,0,"persistence","F0","WGOA","Rpath","pcod_rec_pp"
2058,"COD",604858.653160593,132721.099850879,0,"persistence","F0","WGOA","Rpath","pcod_rec_pp"
2058,"ATF",1822503.719781,687953.954001124,0,"persistence","F0","WGOA","Rpath","pcod_rec_pp"
2059,"POL",3367394.63896052,2030977.96768549,0,"persistence","F0","WGOA","Rpath","pcod_rec_pp"
2059,"COD",606980.883512672,132710.911627092,0,"persistence","F0","WGOA","Rpath","pcod_rec_pp"
2059,"ATF",1824904.58225502,688930.442896602,0,"persistence","F0","WGOA","Rpath","pcod_rec_pp"
2060,"POL",3374379.99272818,2035359.46496805,0,"persistence","F0","WGOA","Rpath","pcod_rec_pp"
2060,"COD",608963.555814581,132720.672824477,0,"persistence","F0","WGOA","Rpath","pcod_rec_pp"
2060,"ATF",1827240.43553824,689872.791411795,0,"persistence","F0","WGOA","Rpath","pcod_rec_pp"
2061,"POL",3380836.25624207,2039422.51710303,0,"persistence","F0","WGOA","Rpath","pcod_rec_pp"
2061,"COD",610810.451051152,132769.888825797,0,"persistence","F0","WGOA","Rpath","pcod_rec_pp"
2061,"ATF",1829500.22805258,690782.497481597,0,"persistence","F0","WGOA","Rpath","pcod_rec_pp"
2062,"POL",3386865.32619334,2043232.73249176,0,"persistence","F0","WGOA","Rpath","pcod_rec_pp"
2062,"COD",612530.164208745,132838.461714619,0,"persistence","F0","WGOA","Rpath","pcod_rec_pp"
2062,"ATF",1831675.92262621,691659.286332675,0,"persistence","F0","WGOA","Rpath","pcod_rec_pp"
2063,"POL",3392571.0176122,2046853.92138959,0,"persistence","F0","WGOA","Rpath","pcod_rec_pp"
2063,"COD",614132.646563546,132918.844849146,0,"persistence","F0","WGOA","Rpath","pcod_rec_pp"
2063,"ATF",1833763.21607078,692502.196837803,0,"persistence","F0","WGOA","Rpath","pcod_rec_pp"
2064,"POL",3398033.9869769,2050333.0447418,0,"persistence","F0","WGOA","Rpath","pcod_rec_pp"
2064,"COD",615628.889042355,133000.390289611,0,"persistence","F0","WGOA","Rpath","pcod_rec_pp"
2064,"ATF",1835761.233813,693310.627641962,0,"persistence","F0","WGOA","Rpath","pcod_rec_pp"
2065,"POL",3403296.64251318,2053691.96187292,0,"persistence","F0","WGOA","Rpath","pcod_rec_pp"
2065,"COD",617029.591685183,133072.764710249,0,"persistence","F0","WGOA","Rpath","pcod_rec_pp"
2065,"ATF",1837671.62438891,694085.1194577,0,"persistence","F0","WGOA","Rpath","pcod_rec_pp"
2066,"POL",3408357.02809247,2056924.48638526,0,"persistence","F0","WGOA","Rpath","pcod_rec_pp"
2066,"COD",618343.498907463,133128.607463072,0,"persistence","F0","WGOA","Rpath","pcod_rec_pp"
2066,"ATF",1839497.15378742,694827.35814525,0,"persistence","F0","WGOA","Rpath","pcod_rec_pp"
2067,"POL",3413171.40995001,2059998.71720921,0,"persistence","F0","WGOA","Rpath","pcod_rec_pp"
2067,"COD",619576.437871858,133164.757012333,0,"persistence","F0","WGOA","Rpath","pcod_rec_pp"
2067,"ATF",1841240.36253514,695539.686516737,0,"persistence","F0","WGOA","Rpath","pcod_rec_pp"
2068,"POL",3417669.06269085,2062867.19771167,0,"persistence","F0","WGOA","Rpath","pcod_rec_pp"
2068,"COD",620731.311783734,133182.612208538,0,"persistence","F0","WGOA","Rpath","pcod_rec_pp"
2068,"ATF",1842902.46097922,696224.292080373,0,"persistence","F0","WGOA","Rpath","pcod_rec_pp"
2069,"POL",3421779.70780304,2065485.08983051,0,"persistence","F0","WGOA","Rpath","pcod_rec_pp"
2069,"COD",621809.022984452,133187.805766661,0,"persistence","F0","WGOA","Rpath","pcod_rec_pp"
2069,"ATF",1844482.5732115,696882.177462525,0,"persistence","F0","WGOA","Rpath","pcod_rec_pp"
2070,"POL",3425465.55354028,2067830.60728347,0,"persistence","F0","WGOA","Rpath","pcod_rec_pp"
2070,"COD",622810.165197157,133194.90488399,0,"persistence","F0","WGOA","Rpath","pcod_rec_pp"
2070,"ATF",1845978.00623045,697512.688658806,0,"persistence","F0","WGOA","Rpath","pcod_rec_pp"
2071,"POL",3428741.20400052,2069916.58161546,0,"persistence","F0","WGOA","Rpath","pcod_rec_pp"
2071,"COD",623736.870991808,133201.435754466,0,"persistence","F0","WGOA","Rpath","pcod_rec_pp"
2071,"ATF",1847385.46276312,698113.824293324,0,"persistence","F0","WGOA","Rpath","pcod_rec_pp"
2072,"POL",3431671.09309723,2071786.94978212,0,"persistence","F0","WGOA","Rpath","pcod_rec_pp"
2072,"COD",624592.361891152,133212.321644593,0,"persistence","F0","WGOA","Rpath","pcod_rec_pp"
2072,"ATF",1848702.50351508,698683.076580948,0,"persistence","F0","WGOA","Rpath","pcod_rec_pp"
2073,"POL",3434348.48942954,2073501.93022333,0,"persistence","F0","WGOA","Rpath","pcod_rec_pp"
2073,"COD",625381.570393648,133229.868543528,0,"persistence","F0","WGOA","Rpath","pcod_rec_pp"
2073,"ATF",1849928.72336043,699218.56505403,0,"persistence","F0","WGOA","Rpath","pcod_rec_pp"
2074,"POL",3436868.77451057,2075120.78769219,0,"persistence","F0","WGOA","Rpath","pcod_rec_pp"
2074,"COD",626110.685032781,133254.056796036,0,"persistence","F0","WGOA","Rpath","pcod_rec_pp"
2074,"ATF",1851066.14187517,699719.959418096,0,"persistence","F0","WGOA","Rpath","pcod_rec_pp"
2075,"POL",3439307.6262812,2076688.63535618,0,"persistence","F0","WGOA","Rpath","pcod_rec_pp"
2075,"COD",626786.186829227,133282.923526674,0,"persistence","F0","WGOA","Rpath","pcod_rec_pp"
2075,"ATF",1852118.79319141,700188.854339663,0,"persistence","F0","WGOA","Rpath","pcod_rec_pp"
2076,"POL",3441707.28647067,2078228.64555038,0,"persistence","F0","WGOA","Rpath","pcod_rec_pp"
2076,"COD",627413.97381833,133313.277271843,0,"persistence","F0","WGOA","Rpath","pcod_rec_pp"
2076,"ATF",1853091.88260198,700628.608046554,0,"persistence","F0","WGOA","Rpath","pcod_rec_pp"
2077,"POL",3444070.7883872,2079739.13695832,0,"persistence","F0","WGOA","Rpath","pcod_rec_pp"
2077,"COD",627998.728061155,133341.765545951,0,"persistence","F0","WGOA","Rpath","pcod_rec_pp"
2077,"ATF",1853990.82852933,701043.734903977,0,"persistence","F0","WGOA","Rpath","pcod_rec_pp"
2078,"POL",3446364.66586384,2081195.9029654,0,"persistence","F0","WGOA","Rpath","pcod_rec_pp"
2078,"COD",628543.61289057,133365.849344119,0,"persistence","F0","WGOA","Rpath","pcod_rec_pp"
2078,"ATF",1854820.32369709,701438.964040202,0,"persistence","F0","WGOA","Rpath","pcod_rec_pp"
2079,"POL",3448531.12895751,2082560.54109477,0,"persistence","F0","WGOA","Rpath","pcod_rec_pp"
2079,"COD",629050.349157763,133383.723312253,0,"persistence","F0","WGOA","Rpath","pcod_rec_pp"
2079,"ATF",1855583.57463003,701818.180924606,0,"persistence","F0","WGOA","Rpath","pcod_rec_pp"
2080,"POL",3450510.20636846,2083795.07461311,0,"persistence","F0","WGOA","Rpath","pcod_rec_pp"
2080,"COD",629519.686014806,133394.66469605,0,"persistence","F0","WGOA","Rpath","pcod_rec_pp"
2080,"ATF",1856281.87685619,702183.510626641,0,"persistence","F0","WGOA","Rpath","pcod_rec_pp"
2081,"POL",3452264.97180631,2084877.99353621,0,"persistence","F0","WGOA","Rpath","pcod_rec_pp"
2081,"COD",629952.199796892,133399.204482644,0,"persistence","F0","WGOA","Rpath","pcod_rec_pp"
2081,"ATF",1856914.85954257,702534.940391771,0,"persistence","F0","WGOA","Rpath","pcod_rec_pp"
2082,"POL",3453798.63157093,2085814.31845731,0,"persistence","F0","WGOA","Rpath","pcod_rec_pp"
2082,"COD",630349.082213473,133399.023242069,0,"persistence","F0","WGOA","Rpath","pcod_rec_pp"
2082,"ATF",1857481.41354903,702870.671146891,0,"persistence","F0","WGOA","Rpath","pcod_rec_pp"
2083,"POL",3455154.61384572,2086634.34761632,0,"persistence","F0","WGOA","Rpath","pcod_rec_pp"
2083,"COD",630712.52867368,133396.57917055,0,"persistence","F0","WGOA","Rpath","pcod_rec_pp"
2083,"ATF",1857980.92437762,703188.068345977,0,"persistence","F0","WGOA","Rpath","pcod_rec_pp"
2084,"POL",3456401.87081976,2087383.22686185,0,"persistence","F0","WGOA","Rpath","pcod_rec_pp"
2084,"COD",631045.630008654,133394.547066337,0,"persistence","F0","WGOA","Rpath","pcod_rec_pp"
2084,"ATF",1858414.2415808,703484.805289988,0,"persistence","F0","WGOA","Rpath","pcod_rec_pp"
2085,"POL",3457613.85940682,2088107.26980836,0,"persistence","F0","WGOA","Rpath","pcod_rec_pp"
2085,"COD",631351.920634994,133395.222635024,0,"persistence","F0","WGOA","Rpath","pcod_rec_pp"
2085,"ATF",1858784.03930461,703759.796145661,0,"persistence","F0","WGOA","Rpath","pcod_rec_pp"
2086,"POL",3458849.88481792,2088842.4748401,0,"persistence","F0","WGOA","Rpath","pcod_rec_pp"
2086,"COD",631634.858238354,133400.052971849,0,"persistence","F0","WGOA","Rpath","pcod_rec_pp"
2086,"ATF",1859094.55028467,704013.66162734,0,"persistence","F0","WGOA","Rpath","pcod_rec_pp"
2087,"POL",3460142.44535123,2089607.17714101,0,"persistence","F0","WGOA","Rpath","pcod_rec_pp"
2087,"COD",631897.391284195,133409.350954055,0,"persistence","F0","WGOA","Rpath","pcod_rec_pp"
2087,"ATF",1859350.89963175,704248.679209941,0,"persistence","F0","WGOA","Rpath","pcod_rec_pp"
2088,"POL",3461491.72077733,2090399.16907243,0,"persistence","F0","WGOA","Rpath","pcod_rec_pp"
2088,"COD",632141.679432528,133422.259261154,0,"persistence","F0","WGOA","Rpath","pcod_rec_pp"
2088,"ATF",1859558.29245513,704468.286840774,0,"persistence","F0","WGOA","Rpath","pcod_rec_pp"
2089,"POL",3462867.27139352,2091197.28710228,0,"persistence","F0","WGOA","Rpath","pcod_rec_pp"
2089,"COD",632368.974361335,133436.968580475,0,"persistence","F0","WGOA","Rpath","pcod_rec_pp"
2089,"ATF",1859721.24622986,704676.291548257,0,"persistence","F0","WGOA","Rpath","pcod_rec_pp"
2090,"POL",3464217.93536285,2091968.18009543,0,"persistence","F0","WGOA","Rpath","pcod_rec_pp"
2090,"COD",632579.718719512,133451.161267997,0,"persistence","F0","WGOA","Rpath","pcod_rec_pp"
2090,"ATF",1859842.9512751,704875.944915152,0,"persistence","F0","WGOA","Rpath","pcod_rec_pp"
2091,"POL",3465489.37852393,2092677.8339132,0,"persistence","F0","WGOA","Rpath","pcod_rec_pp"
2091,"COD",632773.896129223,133462.600865961,0,"persistence","F0","WGOA","Rpath","pcod_rec_pp"
2091,"ATF",1859924.92678181,705069.139174776,0,"persistence","F0","WGOA","Rpath","pcod_rec_pp"
2092,"POL",3466643.96574103,2093304.18575197,0,"persistence","F0","WGOA","Rpath","pcod_rec_pp"
2092,"COD",632951.543733464,133469.727246464,0,"persistence","F0","WGOA","Rpath","pcod_rec_pp"
2092,"ATF",1859967.21732198,705256.043465005,0,"persistence","F0","WGOA","Rpath","pcod_rec_pp"
2093,"POL",3467675.24420652,2093845.77807513,0,"persistence","F0","WGOA","Rpath","pcod_rec_pp"
2093,"COD",633113.235099309,133472.093481179,0,"persistence","F0","WGOA","Rpath","pcod_rec_pp"
2093,"ATF",1859969.08480397,705435.2997448,0,"persistence","F0","WGOA","Rpath","pcod_rec_pp"
2094,"POL",3468609.76411919,2094321.92781923,0,"persistence","F0","WGOA","Rpath","pcod_rec_pp"
2094,"COD",633260.282964972,133470.495492988,0,"persistence","F0","WGOA","Rpath","pcod_rec_pp"
2094,"ATF",1859929.99183704,705604.734271677,0,"persistence","F0","WGOA","Rpath","pcod_rec_pp"
2095,"POL",3469496.85326484,2094765.39314434,0,"persistence","F0","WGOA","Rpath","pcod_rec_pp"
2095,"COD",633394.592187257,133466.744099744,0,"persistence","F0","WGOA","Rpath","pcod_rec_pp"
2095,"ATF",1859850.43416021,705762.277041829,0,"persistence","F0","WGOA","Rpath","pcod_rec_pp"
2096,"POL",3470392.3956564,2095211.75634783,0,"persistence","F0","WGOA","Rpath","pcod_rec_pp"
2096,"COD",633518.295283061,133463.161187247,0,"persistence","F0","WGOA","Rpath","pcod_rec_pp"
2096,"ATF",1859732.30093534,705906.742371754,0,"persistence","F0","WGOA","Rpath","pcod_rec_pp"
2097,"POL",3471342.94323112,2095689.54285648,0,"persistence","F0","WGOA","Rpath","pcod_rec_pp"
2097,"COD",633633.349722814,133461.951403051,0,"persistence","F0","WGOA","Rpath","pcod_rec_pp"
2097,"ATF",1859578.75649414,706038.27475373,0,"persistence","F0","WGOA","Rpath","pcod_rec_pp"
2098,"POL",3472374.26621729,2096213.4887242,0,"persistence","F0","WGOA","Rpath","pcod_rec_pp"
2098,"COD",633741.233460155,133464.623515558,0,"persistence","F0","WGOA","Rpath","pcod_rec_pp"
2098,"ATF",1859393.75251808,706158.368844338,0,"persistence","F0","WGOA","Rpath","pcod_rec_pp"
2099,"POL",3473485.95515278,2096781.64511431,0,"persistence","F0","WGOA","Rpath","pcod_rec_pp"
2099,"COD",633842.787798141,133471.607789685,0,"persistence","F0","WGOA","Rpath","pcod_rec_pp"
2099,"ATF",1859181.36462861,706269.49945985,0,"persistence","F0","WGOA","Rpath","pcod_rec_pp"
1991,"POL",2884927.16511783,1690895.40603404,87828.010002781,"ssp126","F0","WGOA","Rpath","pcod_rec_pp"
1991,"COD",399280.293878193,93224.2373585632,64466.829990571,"ssp126","F0","WGOA","Rpath","pcod_rec_pp"
1991,"ATF",1554327.80462664,597326.97740596,16958.380011156,"ssp126","F0","WGOA","Rpath","pcod_rec_pp"
1992,"POL",2892495.91324268,1696087.27813365,90585.189961806,"ssp126","F0","WGOA","Rpath","pcod_rec_pp"
1992,"COD",371842.900083054,88999.2287874369,78966.500089317,"ssp126","F0","WGOA","Rpath","pcod_rec_pp"
1992,"ATF",1551901.37581743,598021.211707819,20482.180062468,"ssp126","F0","WGOA","Rpath","pcod_rec_pp"
1993,"POL",2886917.46017875,1690078.21042351,108230.180085742,"ssp126","F0","WGOA","Rpath","pcod_rec_pp"
1993,"COD",375328.175429555,91984.46817467,45849.170066118,"ssp126","F0","WGOA","Rpath","pcod_rec_pp"
1993,"ATF",1551566.34683954,599298.159270716,18294.449920618,"ssp126","F0","WGOA","Rpath","pcod_rec_pp"
1994,"POL",2891612.89701311,1691340.87032149,100412.359942985,"ssp126","F0","WGOA","Rpath","pcod_rec_pp"
1994,"COD",374238.505424238,92168.0244909248,45610.579965874,"ssp126","F0","WGOA","Rpath","pcod_rec_pp"
1994,"ATF",1547453.431915,598480.508802417,21993.239976229,"ssp126","F0","WGOA","Rpath","pcod_rec_pp"
1995,"POL",2920445.2429594,1709974.75171492,69168.129925675,"ssp126","F0","WGOA","Rpath","pcod_rec_pp"
1995,"COD",354241.118245692,88060.9264831689,67907.179992219,"ssp126","F0","WGOA","Rpath","pcod_rec_pp"
1995,"ATF",1548788.07321952,599203.455585779,17415.490044603,"ssp126","F0","WGOA","Rpath","pcod_rec_pp"
1996,"POL",2949537.49989699,1727520.76771419,49825.8700384,"ssp126","F0","WGOA","Rpath","pcod_rec_pp"
1996,"COD",348901.269856949,89289.8998161644,55391.660096973,"ssp126","F0","WGOA","Rpath","pcod_rec_pp"
1996,"ATF",1545296.54167072,597141.15385086,21555.609900557,"ssp126","F0","WGOA","Rpath","pcod_rec_pp"
1997,"POL",2946193.76182491,1722365.56372477,84179.649971753,"ssp126","F0","WGOA","Rpath","pcod_rec_pp"
1997,"COD",339607.871812025,88455.8466619866,58920.579990637,"ssp126","F0","WGOA","Rpath","pcod_rec_pp"
1997,"ATF",1547340.93937387,596389.731746862,14758.279890696,"ssp126","F0","WGOA","Rpath","pcod_rec_pp"
1998,"POL",3007840.54757787,1762267.82292695,5428.379997642,"ssp126","F0","WGOA","Rpath","pcod_rec_pp"
1998,"COD",338402.008126062,87897.0996300377,50218.950113863,"ssp126","F0","WGOA","Rpath","pcod_rec_pp"
1998,"ATF",1552042.17068945,596282.511778416,12377.190009373,"ssp126","F0","WGOA","Rpath","pcod_rec_pp"
1999,"POL",2993956.26360435,1751820.3586859,90556.900062537,"ssp126","F0","WGOA","Rpath","pcod_rec_pp"
1999,"COD",323385.504513683,83134.3281978233,66264.67009813,"ssp126","F0","WGOA","Rpath","pcod_rec_pp"
1999,"ATF",1556822.57219736,596729.653748177,14649.229924965,"ssp126","F0","WGOA","Rpath","pcod_rec_pp"
2000,"POL",3049484.66889728,1789601.2235707,5552.830105466,"ssp126","F0","WGOA","Rpath","pcod_rec_pp"
2000,"COD",321234.70478313,82993.6306736087,53384.869944958,"ssp126","F0","WGOA","Rpath","pcod_rec_pp"
2000,"ATF",1555589.60333769,595731.530286997,22993.75009338,"ssp126","F0","WGOA","Rpath","pcod_rec_pp"
2001,"POL",3082953.38628358,1808450.38491623,3452.299978517,"ssp126","F0","WGOA","Rpath","pcod_rec_pp"
2001,"COD",327836.052151014,85350.6677932879,40517.409954733,"ssp126","F0","WGOA","Rpath","pcod_rec_pp"
2001,"ATF",1559150.39699574,597017.281545479,17416.199986059,"ssp126","F0","WGOA","Rpath","pcod_rec_pp"
2002,"POL",3117695.91098478,1828996.8919311,1698.029945361,"ssp126","F0","WGOA","Rpath","pcod_rec_pp"
2002,"COD",329657.199807253,86672.396799144,41567.989960821,"ssp126","F0","WGOA","Rpath","pcod_rec_pp"
2002,"ATF",1561074.36729579,598208.760306624,20173.560012907,"ssp126","F0","WGOA","Rpath","pcod_rec_pp"
2003,"POL",3105660.59060301,1817041.08768011,48590.077011908,"ssp126","F0","WGOA","Rpath","pcod_rec_pp"
2003,"COD",321002.232869284,86072.6548698382,52365.755088864,"ssp126","F0","WGOA","Rpath","pcod_rec_pp"
2003,"ATF",1552272.45436907,595288.634146958,30169.771891001,"ssp126","F0","WGOA","Rpath","pcod_rec_pp"
2004,"POL",3100496.17999595,1811816.72016729,62434.439922489,"ssp126","F0","WGOA","Rpath","pcod_rec_pp"
2004,"COD",310907.346053104,86861.6844619175,56450.241969657,"ssp126","F0","WGOA","Rpath","pcod_rec_pp"
2004,"ATF",1557805.52630999,597533.747722124,15634.908041003,"ssp126","F0","WGOA","Rpath","pcod_rec_pp"
2005,"POL",3085140.75609541,1801622.59658072,78302.791927256,"ssp126","F0","WGOA","Rpath","pcod_rec_pp"
2005,"COD",308747.712383036,89355.0329510825,47523.779925577,"ssp126","F0","WGOA","Rpath","pcod_rec_pp"
2005,"ATF",1557456.93296847,596651.527725103,19923.573051558,"ssp126","F0","WGOA","Rpath","pcod_rec_pp"
2006,"POL",3088115.70042571,1805154.79373703,68928.307992488,"ssp126","F0","WGOA","Rpath","pcod_rec_pp"
2006,"COD",305285.425387622,89662.8420266119,47767.079961499,"ssp126","F0","WGOA","Rpath","pcod_rec_pp"
2006,"ATF",1552052.55675712,593803.972010943,27622.698918064,"ssp126","F0","WGOA","Rpath","pcod_rec_pp"
2007,"POL",3108388.6659623,1820162.18935033,51572.307003871,"ssp126","F0","WGOA","Rpath","pcod_rec_pp"
2007,"COD",298656.827987615,86970.5841575916,51812.178003779,"ssp126","F0","WGOA","Rpath","pcod_rec_pp"
2007,"ATF",1552833.11070127,593773.096946291,25346.986980543,"ssp126","F0","WGOA","Rpath","pcod_rec_pp"
2008,"POL",3122657.32782491,1829614.82622622,50786.206014733,"ssp126","F0","WGOA","Rpath","pcod_rec_pp"
2008,"COD",288014.19715692,83738.4257426123,58386.384025578,"ssp126","F0","WGOA","Rpath","pcod_rec_pp"
2008,"ATF",1551453.5168298,592951.977723493,29205.939969489,"ssp126","F0","WGOA","Rpath","pcod_rec_pp"
2009,"POL",3143273.39859891,1841984.8200306,41549.503075916,"ssp126","F0","WGOA","Rpath","pcod_rec_pp"
2009,"COD",284535.848347064,83301.5655360441,51788.980009351,"ssp126","F0","WGOA","Rpath","pcod_rec_pp"
2009,"ATF",1555113.02563569,594046.266118116,24831.742038702,"ssp126","F0","WGOA","Rpath","pcod_rec_pp"
2010,"POL",3136117.03112817,1835292.14585186,73443.384226643,"ssp126","F0","WGOA","Rpath","pcod_rec_pp"
2010,"COD",260387.074378808,76717.5680514182,76954.154598455,"ssp126","F0","WGOA","Rpath","pcod_rec_pp"
2010,"ATF",1558263.17274182,594362.564843561,24339.446470918,"ssp126","F0","WGOA","Rpath","pcod_rec_pp"
2011,"POL",3141056.08768375,1838289.75061505,77694.479623666,"ssp126","F0","WGOA","Rpath","pcod_rec_pp"
2011,"COD",234318.516143285,69543.3060352226,83710.475394165,"ssp126","F0","WGOA","Rpath","pcod_rec_pp"
2011,"ATF",1557071.61028742,592792.103233455,30911.821764055,"ssp126","F0","WGOA","Rpath","pcod_rec_pp"
2012,"POL",3133568.47204365,1833854.71164897,98934.691224094,"ssp126","F0","WGOA","Rpath","pcod_rec_pp"
2012,"COD",216652.39880077,64116.8215124414,76871.109994854,"ssp126","F0","WGOA","Rpath","pcod_rec_pp"
2012,"ATF",1567597.98995377,595605.767059271,20761.909908427,"ssp126","F0","WGOA","Rpath","pcod_rec_pp"
2013,"POL",3129803.3271359,1832301.64727678,90796.631609659,"ssp126","F0","WGOA","Rpath","pcod_rec_pp"
2013,"COD",207097.746004189,61173.0549874287,66829.781618954,"ssp126","F0","WGOA","Rpath","pcod_rec_pp"
2013,"ATF",1575636.64297929,596480.791969859,21809.3123161,"ssp126","F0","WGOA","Rpath","pcod_rec_pp"
2014,"POL",3087331.43236134,1803398.13573914,138948.061996125,"ssp126","F0","WGOA","Rpath","pcod_rec_pp"
2014,"COD",180191.44732662,54326.1747660013,83491.72820457,"ssp126","F0","WGOA","Rpath","pcod_rec_pp"
2014,"ATF",1567912.16262094,590069.752717628,36524.501530691,"ssp126","F0","WGOA","Rpath","pcod_rec_pp"
2015,"POL",3045526.28555765,1775739.07919012,162807.64603073,"ssp126","F0","WGOA","Rpath","pcod_rec_pp"
2015,"COD",157932.722055918,48934.4411406065,77689.992014231,"ssp126","F0","WGOA","Rpath","pcod_rec_pp"
2015,"ATF",1577268.81804826,588791.535950363,19296.587221708,"ssp126","F0","WGOA","Rpath","pcod_rec_pp"
2016,"POL",3007798.29217938,1753763.79832681,173086.352394527,"ssp126","F0","WGOA","Rpath","pcod_rec_pp"
2016,"COD",147656.615382295,47339.0097704077,62867.327429592,"ssp126","F0","WGOA","Rpath","pcod_rec_pp"
2016,"ATF",1586289.94323646,586210.878732567,19976.294186812,"ssp126","F0","WGOA","Rpath","pcod_rec_pp"
2017,"POL",2976739.35759481,1738811.22499638,184220.028529305,"ssp126","F0","WGOA","Rpath","pcod_rec_pp"
2017,"COD",147736.144697943,50239.6743054142,48204.214674581,"ssp126","F0","WGOA","Rpath","pcod_rec_pp"
2017,"ATF",1591593.27599985,581990.660087748,27053.508990172,"ssp126","F0","WGOA","Rpath","pcod_rec_pp"
2018,"POL",2968841.33230651,1740812.46211736,150815.192171791,"ssp126","F0","WGOA","Rpath","pcod_rec_pp"
2018,"COD",174522.229212124,61112.9039308985,14681.29819652,"ssp126","F0","WGOA","Rpath","pcod_rec_pp"
2018,"ATF",1607270.2111573,582229.748408732,18870.25094355,"ssp126","F0","WGOA","Rpath","pcod_rec_pp"
2019,"POL",2976191.20523764,1750709.51749398,110649.271555557,"ssp126","F0","WGOA","Rpath","pcod_rec_pp"
2019,"COD",197788.813002527,66355.8766877763,15200.420583165,"ssp126","F0","WGOA","Rpath","pcod_rec_pp"
2019,"ATF",1614692.32773615,580069.536802079,24567.051964421,"ssp126","F0","WGOA","Rpath","pcod_rec_pp"
2020,"POL",2989833.34622581,1764765.16813834,99971.064888454,"ssp126","F0","WGOA","Rpath","pcod_rec_pp"
2020,"COD",227902.927042669,75553.6190205848,6085.249338733,"ssp126","F0","WGOA","Rpath","pcod_rec_pp"
2020,"ATF",1626341.19012492,581530.168090412,21115.899302007,"ssp126","F0","WGOA","Rpath","pcod_rec_pp"
2021,"POL",2760965.30404015,1605313.88464695,93869.858770329,"ssp126","F0","WGOA","Rpath","pcod_rec_pp"
2021,"COD",242354.860289829,78912.3600323952,18686.812307248,"ssp126","F0","WGOA","Rpath","pcod_rec_pp"
2021,"ATF",1615709.6185438,572243.063079151,9846.300133144,"ssp126","F0","WGOA","Rpath","pcod_rec_pp"
2022,"POL",2580522.68933702,1448780.46667396,123494.034078862,"ssp126","F0","WGOA","Rpath","pcod_rec_pp"
2022,"COD",248423.409832597,75156.405004922,25387.705315903,"ssp126","F0","WGOA","Rpath","pcod_rec_pp"
2022,"ATF",1556932.59862796,535892.942898063,11531.831681252,"ssp126","F0","WGOA","Rpath","pcod_rec_pp"
2023,"POL",2808239.57633514,1622574.77198871,124964.845430032,"ssp126","F0","WGOA","Rpath","pcod_rec_pp"
2023,"COD",265845.859617063,72457.6338147996,21018.296907485,"ssp126","F0","WGOA","Rpath","pcod_rec_pp"
2023,"ATF",1559495.98683007,531438.33230757,9114.887408711,"ssp126","F0","WGOA","Rpath","pcod_rec_pp"
2024,"POL",3151397.19846298,1913003.96417816,0,"ssp126","F0","WGOA","Rpath","pcod_rec_pp"
2024,"COD",308871.691902756,79631.8561284717,0,"ssp126","F0","WGOA","Rpath","pcod_rec_pp"
2024,"ATF",1637006.14185539,573410.045132105,0,"ssp126","F0","WGOA","Rpath","pcod_rec_pp"
2025,"POL",3163874.89277719,1932567.42073933,0,"ssp126","F0","WGOA","Rpath","pcod_rec_pp"
2025,"COD",345294.727222246,88361.5237923803,0,"ssp126","F0","WGOA","Rpath","pcod_rec_pp"
2025,"ATF",1700751.47971527,618728.868306031,0,"ssp126","F0","WGOA","Rpath","pcod_rec_pp"
2026,"POL",3132355.78563816,1882895.73254327,0,"ssp126","F0","WGOA","Rpath","pcod_rec_pp"
2026,"COD",372344.734332906,97343.925593139,0,"ssp126","F0","WGOA","Rpath","pcod_rec_pp"
2026,"ATF",1721618.51489325,642984.868472207,0,"ssp126","F0","WGOA","Rpath","pcod_rec_pp"
2027,"POL",3286943.0730399,1977522.96099162,0,"ssp126","F0","WGOA","Rpath","pcod_rec_pp"
2027,"COD",398393.197933271,108428.44315901,0,"ssp126","F0","WGOA","Rpath","pcod_rec_pp"
2027,"ATF",1748545.27094104,669506.822649639,0,"ssp126","F0","WGOA","Rpath","pcod_rec_pp"
2028,"POL",3368721.25965031,2050804.74756114,0,"ssp126","F0","WGOA","Rpath","pcod_rec_pp"
2028,"COD",423699.867807137,120829.572331889,0,"ssp126","F0","WGOA","Rpath","pcod_rec_pp"
2028,"ATF",1790825.5919897,705512.860884705,0,"ssp126","F0","WGOA","Rpath","pcod_rec_pp"
2029,"POL",3333024.9379508,2025592.56791733,0,"ssp126","F0","WGOA","Rpath","pcod_rec_pp"
2029,"COD",441425.970608899,129285.415526296,0,"ssp126","F0","WGOA","Rpath","pcod_rec_pp"
2029,"ATF",1811903.90229348,725253.685953572,0,"ssp126","F0","WGOA","Rpath","pcod_rec_pp"
2030,"POL",3270749.41917055,1965556.56470792,0,"ssp126","F0","WGOA","Rpath","pcod_rec_pp"
2030,"COD",451002.200635723,132799.51923185,0,"ssp126","F0","WGOA","Rpath","pcod_rec_pp"
2030,"ATF",1805540.52940623,719534.715251799,0,"ssp126","F0","WGOA","Rpath","pcod_rec_pp"
2031,"POL",3307145.07570565,1994235.86651732,0,"ssp126","F0","WGOA","Rpath","pcod_rec_pp"
2031,"COD",460900.105497882,135006.583499351,0,"ssp126","F0","WGOA","Rpath","pcod_rec_pp"
2031,"ATF",1810826.19759971,712100.17173207,0,"ssp126","F0","WGOA","Rpath","pcod_rec_pp"
2032,"POL",3301192.97362771,1991003.66659613,0,"ssp126","F0","WGOA","Rpath","pcod_rec_pp"
2032,"COD",468327.590929859,137688.846560851,0,"ssp126","F0","WGOA","Rpath","pcod_rec_pp"
2032,"ATF",1812375.08875459,699142.017154468,0,"ssp126","F0","WGOA","Rpath","pcod_rec_pp"
2033,"POL",3346568.72656078,2038829.17716689,0,"ssp126","F0","WGOA","Rpath","pcod_rec_pp"
2033,"COD",476790.599750798,142774.023991549,0,"ssp126","F0","WGOA","Rpath","pcod_rec_pp"
2033,"ATF",1832612.98453576,696739.971972932,0,"ssp126","F0","WGOA","Rpath","pcod_rec_pp"
2034,"POL",3260786.16509442,1978936.99312669,0,"ssp126","F0","WGOA","Rpath","pcod_rec_pp"
2034,"COD",482527.558135198,145154.962699996,0,"ssp126","F0","WGOA","Rpath","pcod_rec_pp"
2034,"ATF",1835528.28690076,687196.88457913,0,"ssp126","F0","WGOA","Rpath","pcod_rec_pp"
2035,"POL",3325607.3708986,2028787.89972099,0,"ssp126","F0","WGOA","Rpath","pcod_rec_pp"
2035,"COD",488701.246057383,146056.881600505,0,"ssp126","F0","WGOA","Rpath","pcod_rec_pp"
2035,"ATF",1849134.78467249,685450.085530236,0,"ssp126","F0","WGOA","Rpath","pcod_rec_pp"
2036,"POL",3070793.14846759,1843651.4543533,0,"ssp126","F0","WGOA","Rpath","pcod_rec_pp"
2036,"COD",488711.99374377,142726.471779534,0,"ssp126","F0","WGOA","Rpath","pcod_rec_pp"
2036,"ATF",1825292.2281985,668629.059910306,0,"ssp126","F0","WGOA","Rpath","pcod_rec_pp"
2037,"POL",3040359.85051453,1807424.93106078,0,"ssp126","F0","WGOA","Rpath","pcod_rec_pp"
2037,"COD",485870.162560966,137157.113987029,0,"ssp126","F0","WGOA","Rpath","pcod_rec_pp"
2037,"ATF",1791993.8656825,646529.48799041,0,"ssp126","F0","WGOA","Rpath","pcod_rec_pp"
2038,"POL",3253101.28564611,1976973.49735177,0,"ssp126","F0","WGOA","Rpath","pcod_rec_pp"
2038,"COD",492610.421936282,135873.011292156,0,"ssp126","F0","WGOA","Rpath","pcod_rec_pp"
2038,"ATF",1808936.80814143,654140.137024779,0,"ssp126","F0","WGOA","Rpath","pcod_rec_pp"
2039,"POL",3261577.15915327,2011221.89253061,0,"ssp126","F0","WGOA","Rpath","pcod_rec_pp"
2039,"COD",505156.044411038,138840.166069373,0,"ssp126","F0","WGOA","Rpath","pcod_rec_pp"
2039,"ATF",1844212.05055095,678812.419363365,0,"ssp126","F0","WGOA","Rpath","pcod_rec_pp"
2040,"POL",3168216.77843789,1919505.37589471,0,"ssp126","F0","WGOA","Rpath","pcod_rec_pp"
2040,"COD",508076.561722683,138604.211285856,0,"ssp126","F0","WGOA","Rpath","pcod_rec_pp"
2040,"ATF",1829488.64521256,676656.297437311,0,"ssp126","F0","WGOA","Rpath","pcod_rec_pp"
2041,"POL",3235597.14937625,1967202.61857647,0,"ssp126","F0","WGOA","Rpath","pcod_rec_pp"
2041,"COD",510248.63598635,139593.302452683,0,"ssp126","F0","WGOA","Rpath","pcod_rec_pp"
2041,"ATF",1838464.29895519,687530.993916571,0,"ssp126","F0","WGOA","Rpath","pcod_rec_pp"
2042,"POL",3311335.0101262,2028822.74791895,0,"ssp126","F0","WGOA","Rpath","pcod_rec_pp"
2042,"COD",514454.008526991,143240.17099624,0,"ssp126","F0","WGOA","Rpath","pcod_rec_pp"
2042,"ATF",1857450.47605082,704575.520811824,0,"ssp126","F0","WGOA","Rpath","pcod_rec_pp"
2043,"POL",3318076.04073841,2031883.17111201,0,"ssp126","F0","WGOA","Rpath","pcod_rec_pp"
2043,"COD",520145.076985229,148635.060425674,0,"ssp126","F0","WGOA","Rpath","pcod_rec_pp"
2043,"ATF",1869264.42643285,717432.971258466,0,"ssp126","F0","WGOA","Rpath","pcod_rec_pp"
2044,"POL",3417337.95195968,2105261.54828714,0,"ssp126","F0","WGOA","Rpath","pcod_rec_pp"
2044,"COD",526881.017957255,155614.282530294,0,"ssp126","F0","WGOA","Rpath","pcod_rec_pp"
2044,"ATF",1894030.18208658,735273.841736278,0,"ssp126","F0","WGOA","Rpath","pcod_rec_pp"
2045,"POL",3434337.12145278,2120531.17802088,0,"ssp126","F0","WGOA","Rpath","pcod_rec_pp"
2045,"COD",530257.12544941,162102.979107274,0,"ssp126","F0","WGOA","Rpath","pcod_rec_pp"
2045,"ATF",1916809.09618789,749578.51479681,0,"ssp126","F0","WGOA","Rpath","pcod_rec_pp"
2046,"POL",3196284.36144958,1935659.1554604,0,"ssp126","F0","WGOA","Rpath","pcod_rec_pp"
2046,"COD",525214.611058238,161870.585244421,0,"ssp126","F0","WGOA","Rpath","pcod_rec_pp"
2046,"ATF",1890245.35714199,732834.478921312,0,"ssp126","F0","WGOA","Rpath","pcod_rec_pp"
2047,"POL",3243089.58005185,1951895.04332603,0,"ssp126","F0","WGOA","Rpath","pcod_rec_pp"
2047,"COD",521155.826562562,156965.752777488,0,"ssp126","F0","WGOA","Rpath","pcod_rec_pp"
2047,"ATF",1864941.19607986,710602.102109939,0,"ssp126","F0","WGOA","Rpath","pcod_rec_pp"
2048,"POL",3358201.35933732,2054518.68358401,0,"ssp126","F0","WGOA","Rpath","pcod_rec_pp"
2048,"COD",525183.890167563,153292.479955182,0,"ssp126","F0","WGOA","Rpath","pcod_rec_pp"
2048,"ATF",1881695.14324878,710938.908912413,0,"ssp126","F0","WGOA","Rpath","pcod_rec_pp"
2049,"POL",3245176.97162432,1987948.17339306,0,"ssp126","F0","WGOA","Rpath","pcod_rec_pp"
2049,"COD",527834.279904651,149847.982391598,0,"ssp126","F0","WGOA","Rpath","pcod_rec_pp"
2049,"ATF",1887360.09148587,707768.761719032,0,"ssp126","F0","WGOA","Rpath","pcod_rec_pp"
2050,"POL",3065117.86177615,1825809.24354688,0,"ssp126","F0","WGOA","Rpath","pcod_rec_pp"
2050,"COD",521735.249850651,141731.492807599,0,"ssp126","F0","WGOA","Rpath","pcod_rec_pp"
2050,"ATF",1835816.06012206,672142.082720096,0,"ssp126","F0","WGOA","Rpath","pcod_rec_pp"
2051,"POL",3087267.30414469,1833570.7903146,0,"ssp126","F0","WGOA","Rpath","pcod_rec_pp"
2051,"COD",518730.110932916,134359.602057814,0,"ssp126","F0","WGOA","Rpath","pcod_rec_pp"
2051,"ATF",1805546.35767156,647677.824951019,0,"ssp126","F0","WGOA","Rpath","pcod_rec_pp"
2052,"POL",3152580.41128151,1895235.58767508,0,"ssp126","F0","WGOA","Rpath","pcod_rec_pp"
2052,"COD",520984.597208275,129372.407694024,0,"ssp126","F0","WGOA","Rpath","pcod_rec_pp"
2052,"ATF",1802399.0559406,641332.030656682,0,"ssp126","F0","WGOA","Rpath","pcod_rec_pp"
2053,"POL",3245459.95518669,1969440.19329391,0,"ssp126","F0","WGOA","Rpath","pcod_rec_pp"
2053,"COD",528563.587420822,128087.89295375,0,"ssp126","F0","WGOA","Rpath","pcod_rec_pp"
2053,"ATF",1814214.40271764,648635.512486217,0,"ssp126","F0","WGOA","Rpath","pcod_rec_pp"
2054,"POL",3629343.66184895,2275464.16318549,0,"ssp126","F0","WGOA","Rpath","pcod_rec_pp"
2054,"COD",546462.435690347,134713.72677558,0,"ssp126","F0","WGOA","Rpath","pcod_rec_pp"
2054,"ATF",1894579.43908617,701004.880205528,0,"ssp126","F0","WGOA","Rpath","pcod_rec_pp"
2055,"POL",3524775.70276836,2208292.28216781,0,"ssp126","F0","WGOA","Rpath","pcod_rec_pp"
2055,"COD",560809.751489168,144007.626821599,0,"ssp126","F0","WGOA","Rpath","pcod_rec_pp"
2055,"ATF",1948160.90754536,748159.622966675,0,"ssp126","F0","WGOA","Rpath","pcod_rec_pp"
2056,"POL",3287146.04507128,1992389.35064581,0,"ssp126","F0","WGOA","Rpath","pcod_rec_pp"
2056,"COD",559348.335316863,147377.352881101,0,"ssp126","F0","WGOA","Rpath","pcod_rec_pp"
2056,"ATF",1914365.00114472,742262.266721839,0,"ssp126","F0","WGOA","Rpath","pcod_rec_pp"
2057,"POL",3487611.46316169,2124437.42400757,0,"ssp126","F0","WGOA","Rpath","pcod_rec_pp"
2057,"COD",561544.866095062,153316.129244095,0,"ssp126","F0","WGOA","Rpath","pcod_rec_pp"
2057,"ATF",1916752.26286185,750540.056735583,0,"ssp126","F0","WGOA","Rpath","pcod_rec_pp"
2058,"POL",3612089.08935865,2237311.7239675,0,"ssp126","F0","WGOA","Rpath","pcod_rec_pp"
2058,"COD",566727.474955739,159807.26396122,0,"ssp126","F0","WGOA","Rpath","pcod_rec_pp"
2058,"ATF",1951391.84151987,774837.109031542,0,"ssp126","F0","WGOA","Rpath","pcod_rec_pp"
2059,"POL",3643734.2776802,2269064.6203198,0,"ssp126","F0","WGOA","Rpath","pcod_rec_pp"
2059,"COD",571687.128193807,165141.589520208,0,"ssp126","F0","WGOA","Rpath","pcod_rec_pp"
2059,"ATF",1981385.03787985,791850.406297558,0,"ssp126","F0","WGOA","Rpath","pcod_rec_pp"
2060,"POL",3529814.36678741,2172620.71284264,0,"ssp126","F0","WGOA","Rpath","pcod_rec_pp"
2060,"COD",569220.608410677,166023.54921062,0,"ssp126","F0","WGOA","Rpath","pcod_rec_pp"
2060,"ATF",1978351.71608556,784137.655540746,0,"ssp126","F0","WGOA","Rpath","pcod_rec_pp"
2061,"POL",3398184.80785545,2068097.41753247,0,"ssp126","F0","WGOA","Rpath","pcod_rec_pp"
2061,"COD",560574.375926996,161788.589752996,0,"ssp126","F0","WGOA","Rpath","pcod_rec_pp"
2061,"ATF",1958164.88470901,761297.545488251,0,"ssp126","F0","WGOA","Rpath","pcod_rec_pp"
2062,"POL",3432718.54565539,2090577.90567349,0,"ssp126","F0","WGOA","Rpath","pcod_rec_pp"
2062,"COD",554319.164849796,158174.736284618,0,"ssp126","F0","WGOA","Rpath","pcod_rec_pp"
2062,"ATF",1945859.13492737,740288.709556104,0,"ssp126","F0","WGOA","Rpath","pcod_rec_pp"
2063,"POL",3518679.51355836,2166366.3337588,0,"ssp126","F0","WGOA","Rpath","pcod_rec_pp"
2063,"COD",554127.471594579,159460.481462085,0,"ssp126","F0","WGOA","Rpath","pcod_rec_pp"
2063,"ATF",1958141.5809693,735536.799228112,0,"ssp126","F0","WGOA","Rpath","pcod_rec_pp"
2064,"POL",3396267.0541449,2076025.58264909,0,"ssp126","F0","WGOA","Rpath","pcod_rec_pp"
2064,"COD",551160.430682729,157465.996123545,0,"ssp126","F0","WGOA","Rpath","pcod_rec_pp"
2064,"ATF",1947071.73634003,721544.864591432,0,"ssp126","F0","WGOA","Rpath","pcod_rec_pp"
2065,"POL",3628108.25935045,2256295.94154295,0,"ssp126","F0","WGOA","Rpath","pcod_rec_pp"
2065,"COD",555520.853126249,156648.174606762,0,"ssp126","F0","WGOA","Rpath","pcod_rec_pp"
2065,"ATF",1979320.38731382,733135.742847719,0,"ssp126","F0","WGOA","Rpath","pcod_rec_pp"
2066,"POL",3483760.05884266,2164336.24239346,0,"ssp126","F0","WGOA","Rpath","pcod_rec_pp"
2066,"COD",559847.016654112,156387.665943659,0,"ssp126","F0","WGOA","Rpath","pcod_rec_pp"
2066,"ATF",1997803.88432284,745602.395869089,0,"ssp126","F0","WGOA","Rpath","pcod_rec_pp"
2067,"POL",3399444.77929165,2084153.35918415,0,"ssp126","F0","WGOA","Rpath","pcod_rec_pp"
2067,"COD",557510.34607592,150772.858200601,0,"ssp126","F0","WGOA","Rpath","pcod_rec_pp"
2067,"ATF",1978643.38653095,738438.813444654,0,"ssp126","F0","WGOA","Rpath","pcod_rec_pp"
2068,"POL",3332984.5511002,2020681.2904407,0,"ssp126","F0","WGOA","Rpath","pcod_rec_pp"
2068,"COD",554568.744713388,145596.557616105,0,"ssp126","F0","WGOA","Rpath","pcod_rec_pp"
2068,"ATF",1945932.11745353,723263.113203267,0,"ssp126","F0","WGOA","Rpath","pcod_rec_pp"
2069,"POL",3495265.96057494,2146620.89091368,0,"ssp126","F0","WGOA","Rpath","pcod_rec_pp"
2069,"COD",557010.320466258,144927.051849899,0,"ssp126","F0","WGOA","Rpath","pcod_rec_pp"
2069,"ATF",1951880.05150916,728716.515212568,0,"ssp126","F0","WGOA","Rpath","pcod_rec_pp"
2070,"POL",3533304.75400183,2195422.84213928,0,"ssp126","F0","WGOA","Rpath","pcod_rec_pp"
2070,"COD",563517.175238951,148437.649085687,0,"ssp126","F0","WGOA","Rpath","pcod_rec_pp"
2070,"ATF",1980977.38578645,749920.443086378,0,"ssp126","F0","WGOA","Rpath","pcod_rec_pp"
2071,"POL",3641522.36675362,2275234.92471512,0,"ssp126","F0","WGOA","Rpath","pcod_rec_pp"
2071,"COD",568293.230823077,152150.935487894,0,"ssp126","F0","WGOA","Rpath","pcod_rec_pp"
2071,"ATF",2012055.38131284,772574.702182018,0,"ssp126","F0","WGOA","Rpath","pcod_rec_pp"
2072,"POL",3687789.60005273,2315363.28695374,0,"ssp126","F0","WGOA","Rpath","pcod_rec_pp"
2072,"COD",574718.224795965,157322.048661193,0,"ssp126","F0","WGOA","Rpath","pcod_rec_pp"
2072,"ATF",2049249.06616979,799642.841989964,0,"ssp126","F0","WGOA","Rpath","pcod_rec_pp"
2073,"POL",3713170.65980329,2333342.44167448,0,"ssp126","F0","WGOA","Rpath","pcod_rec_pp"
2073,"COD",578805.188879963,163498.505958526,0,"ssp126","F0","WGOA","Rpath","pcod_rec_pp"
2073,"ATF",2077380.48312461,821081.557550078,0,"ssp126","F0","WGOA","Rpath","pcod_rec_pp"
2074,"POL",3514449.87532326,2167151.80684965,0,"ssp126","F0","WGOA","Rpath","pcod_rec_pp"
2074,"COD",571642.009995652,166439.311709778,0,"ssp126","F0","WGOA","Rpath","pcod_rec_pp"
2074,"ATF",2051351.59259157,808733.580566427,0,"ssp126","F0","WGOA","Rpath","pcod_rec_pp"
2075,"POL",3339708.89931004,2023998.42472064,0,"ssp126","F0","WGOA","Rpath","pcod_rec_pp"
2075,"COD",561717.092735476,166119.854815761,0,"ssp126","F0","WGOA","Rpath","pcod_rec_pp"
2075,"ATF",2001836.34027871,776419.462287126,0,"ssp126","F0","WGOA","Rpath","pcod_rec_pp"
2076,"POL",3474692.23836984,2119124.65363595,0,"ssp126","F0","WGOA","Rpath","pcod_rec_pp"
2076,"COD",555813.955931946,166056.742202275,0,"ssp126","F0","WGOA","Rpath","pcod_rec_pp"
2076,"ATF",1981533.78564926,753878.370855554,0,"ssp126","F0","WGOA","Rpath","pcod_rec_pp"
2077,"POL",3574995.79789656,2221912.78223249,0,"ssp126","F0","WGOA","Rpath","pcod_rec_pp"
2077,"COD",557732.335817381,167258.507649744,0,"ssp126","F0","WGOA","Rpath","pcod_rec_pp"
2077,"ATF",2006311.58872318,757432.47969212,0,"ssp126","F0","WGOA","Rpath","pcod_rec_pp"
2078,"POL",3609566.2061081,2270037.68683584,0,"ssp126","F0","WGOA","Rpath","pcod_rec_pp"
2078,"COD",564081.684956806,166274.341489847,0,"ssp126","F0","WGOA","Rpath","pcod_rec_pp"
2078,"ATF",2042988.8933374,771755.961228249,0,"ssp126","F0","WGOA","Rpath","pcod_rec_pp"
2079,"POL",3148388.98004841,1900440.45454327,0,"ssp126","F0","WGOA","Rpath","pcod_rec_pp"
2079,"COD",554631.566338738,155535.39754213,0,"ssp126","F0","WGOA","Rpath","pcod_rec_pp"
2079,"ATF",1970984.20806999,728365.045951803,0,"ssp126","F0","WGOA","Rpath","pcod_rec_pp"
2080,"POL",3329887.81664551,2012357.68380875,0,"ssp126","F0","WGOA","Rpath","pcod_rec_pp"
2080,"COD",549607.05169407,143293.525799329,0,"ssp126","F0","WGOA","Rpath","pcod_rec_pp"
2080,"ATF",1938390.24413586,703132.048032484,0,"ssp126","F0","WGOA","Rpath","pcod_rec_pp"
2081,"POL",3414112.11581398,2100626.76245194,0,"ssp126","F0","WGOA","Rpath","pcod_rec_pp"
2081,"COD",553934.189867905,138339.734010464,0,"ssp126","F0","WGOA","Rpath","pcod_rec_pp"
2081,"ATF",1952381.84118565,710078.988339588,0,"ssp126","F0","WGOA","Rpath","pcod_rec_pp"
2082,"POL",3258354.49980232,1986426.95366906,0,"ssp126","F0","WGOA","Rpath","pcod_rec_pp"
2082,"COD",551201.924384899,135268.43234916,0,"ssp126","F0","WGOA","Rpath","pcod_rec_pp"
2082,"ATF",1932814.53508817,703970.999272312,0,"ssp126","F0","WGOA","Rpath","pcod_rec_pp"
2083,"POL",3124574.63357331,1870528.49178327,0,"ssp126","F0","WGOA","Rpath","pcod_rec_pp"
2083,"COD",546240.17573876,132212.274640257,0,"ssp126","F0","WGOA","Rpath","pcod_rec_pp"
2083,"ATF",1887459.68801681,683224.895047707,0,"ssp126","F0","WGOA","Rpath","pcod_rec_pp"
2084,"POL",3137290.87092104,1865029.39234727,0,"ssp126","F0","WGOA","Rpath","pcod_rec_pp"
2084,"COD",544163.684176211,131222.473178757,0,"ssp126","F0","WGOA","Rpath","pcod_rec_pp"
2084,"ATF",1847598.68273293,663380.635235198,0,"ssp126","F0","WGOA","Rpath","pcod_rec_pp"
2085,"POL",3500495.11806387,2157256.77001177,0,"ssp126","F0","WGOA","Rpath","pcod_rec_pp"
2085,"COD",554549.539064111,136882.524664493,0,"ssp126","F0","WGOA","Rpath","pcod_rec_pp"
2085,"ATF",1887841.19820049,689405.422102009,0,"ssp126","F0","WGOA","Rpath","pcod_rec_pp"
2086,"POL",3545425.10450677,2213823.57610459,0,"ssp126","F0","WGOA","Rpath","pcod_rec_pp"
2086,"COD",568715.878620771,143689.982311763,0,"ssp126","F0","WGOA","Rpath","pcod_rec_pp"
2086,"ATF",1941951.54034224,732967.898966064,0,"ssp126","F0","WGOA","Rpath","pcod_rec_pp"
2087,"POL",3590073.67442978,2238328.42934397,0,"ssp126","F0","WGOA","Rpath","pcod_rec_pp"
2087,"COD",580355.246985373,147128.734414844,0,"ssp126","F0","WGOA","Rpath","pcod_rec_pp"
2087,"ATF",1976238.75792092,767211.690607,0,"ssp126","F0","WGOA","Rpath","pcod_rec_pp"
2088,"POL",3436660.5451244,2116269.34608265,0,"ssp126","F0","WGOA","Rpath","pcod_rec_pp"
2088,"COD",586100.094738948,146192.751575356,0,"ssp126","F0","WGOA","Rpath","pcod_rec_pp"
2088,"ATF",1975861.37913148,779440.071172731,0,"ssp126","F0","WGOA","Rpath","pcod_rec_pp"
2089,"POL",3295967.17380079,1966846.8708329,0,"ssp126","F0","WGOA","Rpath","pcod_rec_pp"
2089,"COD",577431.579813414,138349.387028475,0,"ssp126","F0","WGOA","Rpath","pcod_rec_pp"
2089,"ATF",1913039.64899426,746796.923369501,0,"ssp126","F0","WGOA","Rpath","pcod_rec_pp"
2090,"POL",3379482.12147912,2035187.3945763,0,"ssp126","F0","WGOA","Rpath","pcod_rec_pp"
2090,"COD",577284.987847567,136837.712328431,0,"ssp126","F0","WGOA","Rpath","pcod_rec_pp"
2090,"ATF",1898623.48669098,736310.22311103,0,"ssp126","F0","WGOA","Rpath","pcod_rec_pp"
2091,"POL",3591841.09817661,2204500.85654717,0,"ssp126","F0","WGOA","Rpath","pcod_rec_pp"
2091,"COD",582891.804515864,139402.739122715,0,"ssp126","F0","WGOA","Rpath","pcod_rec_pp"
2091,"ATF",1918190.78364627,741518.573272459,0,"ssp126","F0","WGOA","Rpath","pcod_rec_pp"
2092,"POL",3502670.19807509,2151865.35133574,0,"ssp126","F0","WGOA","Rpath","pcod_rec_pp"
2092,"COD",586750.239131279,142987.017256751,0,"ssp126","F0","WGOA","Rpath","pcod_rec_pp"
2092,"ATF",1933792.23120928,745046.220474487,0,"ssp126","F0","WGOA","Rpath","pcod_rec_pp"
2093,"POL",3363255.9992374,2039384.31866321,0,"ssp126","F0","WGOA","Rpath","pcod_rec_pp"
2093,"COD",584113.703163462,142578.104928025,0,"ssp126","F0","WGOA","Rpath","pcod_rec_pp"
2093,"ATF",1915035.52669541,727720.08244468,0,"ssp126","F0","WGOA","Rpath","pcod_rec_pp"
2094,"POL",3238696.70160405,1920834.6261705,0,"ssp126","F0","WGOA","Rpath","pcod_rec_pp"
2094,"COD",576559.545022297,139210.710165566,0,"ssp126","F0","WGOA","Rpath","pcod_rec_pp"
2094,"ATF",1863542.87486354,691021.149949276,0,"ssp126","F0","WGOA","Rpath","pcod_rec_pp"
2095,"POL",3463088.25872918,2090682.6690226,0,"ssp126","F0","WGOA","Rpath","pcod_rec_pp"
2095,"COD",577595.77165137,138791.126696915,0,"ssp126","F0","WGOA","Rpath","pcod_rec_pp"
2095,"ATF",1864674.94285137,684341.149278575,0,"ssp126","F0","WGOA","Rpath","pcod_rec_pp"
2096,"POL",3608963.97769213,2230957.89154961,0,"ssp126","F0","WGOA","Rpath","pcod_rec_pp"
2096,"COD",586507.454141622,142435.084523592,0,"ssp126","F0","WGOA","Rpath","pcod_rec_pp"
2096,"ATF",1910620.72439581,710921.069815876,0,"ssp126","F0","WGOA","Rpath","pcod_rec_pp"
2097,"POL",3557122.98593534,2197693.52948869,0,"ssp126","F0","WGOA","Rpath","pcod_rec_pp"
2097,"COD",590874.134426036,145144.060837896,0,"ssp126","F0","WGOA","Rpath","pcod_rec_pp"
2097,"ATF",1935495.25005469,731747.02131228,0,"ssp126","F0","WGOA","Rpath","pcod_rec_pp"
2098,"POL",3449008.02014484,2095511.11659339,0,"ssp126","F0","WGOA","Rpath","pcod_rec_pp"
2098,"COD",589724.992984317,145623.022920049,0,"ssp126","F0","WGOA","Rpath","pcod_rec_pp"
2098,"ATF",1921230.75608417,730436.184717754,0,"ssp126","F0","WGOA","Rpath","pcod_rec_pp"
2099,"POL",3421048.58143678,2061853.08612735,0,"ssp126","F0","WGOA","Rpath","pcod_rec_pp"
2099,"COD",588253.644059659,145483.866533834,0,"ssp126","F0","WGOA","Rpath","pcod_rec_pp"
2099,"ATF",1902271.12125321,724486.506189634,0,"ssp126","F0","WGOA","Rpath","pcod_rec_pp"
1991,"POL",2884927.16511783,1690895.40603404,87828.010002781,"ssp245","F0","WGOA","Rpath","pcod_rec_pp"
1991,"COD",399280.293878193,93224.2373585632,64466.829990571,"ssp245","F0","WGOA","Rpath","pcod_rec_pp"
1991,"ATF",1554327.80462664,597326.97740596,16958.380011156,"ssp245","F0","WGOA","Rpath","pcod_rec_pp"
1992,"POL",2892495.91324268,1696087.27813365,90585.189961806,"ssp245","F0","WGOA","Rpath","pcod_rec_pp"
1992,"COD",371842.900083054,88999.2287874369,78966.500089317,"ssp245","F0","WGOA","Rpath","pcod_rec_pp"
1992,"ATF",1551901.37581743,598021.211707819,20482.180062468,"ssp245","F0","WGOA","Rpath","pcod_rec_pp"
1993,"POL",2886917.46017875,1690078.21042351,108230.180085742,"ssp245","F0","WGOA","Rpath","pcod_rec_pp"
1993,"COD",375328.175429555,91984.46817467,45849.170066118,"ssp245","F0","WGOA","Rpath","pcod_rec_pp"
1993,"ATF",1551566.34683954,599298.159270716,18294.449920618,"ssp245","F0","WGOA","Rpath","pcod_rec_pp"
1994,"POL",2891612.89701311,1691340.87032149,100412.359942985,"ssp245","F0","WGOA","Rpath","pcod_rec_pp"
1994,"COD",374238.505424238,92168.0244909248,45610.579965874,"ssp245","F0","WGOA","Rpath","pcod_rec_pp"
1994,"ATF",1547453.431915,598480.508802417,21993.239976229,"ssp245","F0","WGOA","Rpath","pcod_rec_pp"
1995,"POL",2920445.2429594,1709974.75171492,69168.129925675,"ssp245","F0","WGOA","Rpath","pcod_rec_pp"
1995,"COD",354241.118245692,88060.9264831689,67907.179992219,"ssp245","F0","WGOA","Rpath","pcod_rec_pp"
1995,"ATF",1548788.07321952,599203.455585779,17415.490044603,"ssp245","F0","WGOA","Rpath","pcod_rec_pp"
1996,"POL",2949537.49989699,1727520.76771419,49825.8700384,"ssp245","F0","WGOA","Rpath","pcod_rec_pp"
1996,"COD",348901.269856949,89289.8998161644,55391.660096973,"ssp245","F0","WGOA","Rpath","pcod_rec_pp"
1996,"ATF",1545296.54167072,597141.15385086,21555.609900557,"ssp245","F0","WGOA","Rpath","pcod_rec_pp"
1997,"POL",2946193.76182491,1722365.56372477,84179.649971753,"ssp245","F0","WGOA","Rpath","pcod_rec_pp"
1997,"COD",339607.871812025,88455.8466619866,58920.579990637,"ssp245","F0","WGOA","Rpath","pcod_rec_pp"
1997,"ATF",1547340.93937387,596389.731746862,14758.279890696,"ssp245","F0","WGOA","Rpath","pcod_rec_pp"
1998,"POL",3007840.54757787,1762267.82292695,5428.379997642,"ssp245","F0","WGOA","Rpath","pcod_rec_pp"
1998,"COD",338402.008126062,87897.0996300377,50218.950113863,"ssp245","F0","WGOA","Rpath","pcod_rec_pp"
1998,"ATF",1552042.17068945,596282.511778416,12377.190009373,"ssp245","F0","WGOA","Rpath","pcod_rec_pp"
1999,"POL",2993956.26360435,1751820.3586859,90556.900062537,"ssp245","F0","WGOA","Rpath","pcod_rec_pp"
1999,"COD",323385.504513683,83134.3281978233,66264.67009813,"ssp245","F0","WGOA","Rpath","pcod_rec_pp"
1999,"ATF",1556822.57219736,596729.653748177,14649.229924965,"ssp245","F0","WGOA","Rpath","pcod_rec_pp"
2000,"POL",3049484.66889728,1789601.2235707,5552.830105466,"ssp245","F0","WGOA","Rpath","pcod_rec_pp"
2000,"COD",321234.70478313,82993.6306736087,53384.869944958,"ssp245","F0","WGOA","Rpath","pcod_rec_pp"
2000,"ATF",1555589.60333769,595731.530286997,22993.75009338,"ssp245","F0","WGOA","Rpath","pcod_rec_pp"
2001,"POL",3082953.38628358,1808450.38491623,3452.299978517,"ssp245","F0","WGOA","Rpath","pcod_rec_pp"
2001,"COD",327836.052151014,85350.6677932879,40517.409954733,"ssp245","F0","WGOA","Rpath","pcod_rec_pp"
2001,"ATF",1559150.39699574,597017.281545479,17416.199986059,"ssp245","F0","WGOA","Rpath","pcod_rec_pp"
2002,"POL",3117695.91098478,1828996.8919311,1698.029945361,"ssp245","F0","WGOA","Rpath","pcod_rec_pp"
2002,"COD",329657.199807253,86672.396799144,41567.989960821,"ssp245","F0","WGOA","Rpath","pcod_rec_pp"
2002,"ATF",1561074.36729579,598208.760306624,20173.560012907,"ssp245","F0","WGOA","Rpath","pcod_rec_pp"
2003,"POL",3105660.59060301,1817041.08768011,48590.077011908,"ssp245","F0","WGOA","Rpath","pcod_rec_pp"
2003,"COD",321002.232869284,86072.6548698382,52365.755088864,"ssp245","F0","WGOA","Rpath","pcod_rec_pp"
2003,"ATF",1552272.45436907,595288.634146958,30169.771891001,"ssp245","F0","WGOA","Rpath","pcod_rec_pp"
2004,"POL",3100496.17999595,1811816.72016729,62434.439922489,"ssp245","F0","WGOA","Rpath","pcod_rec_pp"
2004,"COD",310907.346053104,86861.6844619175,56450.241969657,"ssp245","F0","WGOA","Rpath","pcod_rec_pp"
2004,"ATF",1557805.52630999,597533.747722124,15634.908041003,"ssp245","F0","WGOA","Rpath","pcod_rec_pp"
2005,"POL",3085140.75609541,1801622.59658072,78302.791927256,"ssp245","F0","WGOA","Rpath","pcod_rec_pp"
2005,"COD",308747.712383036,89355.0329510825,47523.779925577,"ssp245","F0","WGOA","Rpath","pcod_rec_pp"
2005,"ATF",1557456.93296847,596651.527725103,19923.573051558,"ssp245","F0","WGOA","Rpath","pcod_rec_pp"
2006,"POL",3088115.70042571,1805154.79373703,68928.307992488,"ssp245","F0","WGOA","Rpath","pcod_rec_pp"
2006,"COD",305285.425387622,89662.8420266119,47767.079961499,"ssp245","F0","WGOA","Rpath","pcod_rec_pp"
2006,"ATF",1552052.55675712,593803.972010943,27622.698918064,"ssp245","F0","WGOA","Rpath","pcod_rec_pp"
2007,"POL",3108388.6659623,1820162.18935033,51572.307003871,"ssp245","F0","WGOA","Rpath","pcod_rec_pp"
2007,"COD",298656.827987615,86970.5841575916,51812.178003779,"ssp245","F0","WGOA","Rpath","pcod_rec_pp"
2007,"ATF",1552833.11070127,593773.096946291,25346.986980543,"ssp245","F0","WGOA","Rpath","pcod_rec_pp"
2008,"POL",3122657.32782491,1829614.82622622,50786.206014733,"ssp245","F0","WGOA","Rpath","pcod_rec_pp"
2008,"COD",288014.19715692,83738.4257426123,58386.384025578,"ssp245","F0","WGOA","Rpath","pcod_rec_pp"
2008,"ATF",1551453.5168298,592951.977723493,29205.939969489,"ssp245","F0","WGOA","Rpath","pcod_rec_pp"
2009,"POL",3143273.39859891,1841984.8200306,41549.503075916,"ssp245","F0","WGOA","Rpath","pcod_rec_pp"
2009,"COD",284535.848347064,83301.5655360441,51788.980009351,"ssp245","F0","WGOA","Rpath","pcod_rec_pp"
2009,"ATF",1555113.02563569,594046.266118116,24831.742038702,"ssp245","F0","WGOA","Rpath","pcod_rec_pp"
2010,"POL",3136117.03112817,1835292.14585186,73443.384226643,"ssp245","F0","WGOA","Rpath","pcod_rec_pp"
2010,"COD",260387.074378808,76717.5680514182,76954.154598455,"ssp245","F0","WGOA","Rpath","pcod_rec_pp"
2010,"ATF",1558263.17274182,594362.564843561,24339.446470918,"ssp245","F0","WGOA","Rpath","pcod_rec_pp"
2011,"POL",3141056.08768375,1838289.75061505,77694.479623666,"ssp245","F0","WGOA","Rpath","pcod_rec_pp"
2011,"COD",234318.516143285,69543.3060352226,83710.475394165,"ssp245","F0","WGOA","Rpath","pcod_rec_pp"
2011,"ATF",1557071.61028742,592792.103233455,30911.821764055,"ssp245","F0","WGOA","Rpath","pcod_rec_pp"
2012,"POL",3133568.47204365,1833854.71164897,98934.691224094,"ssp245","F0","WGOA","Rpath","pcod_rec_pp"
2012,"COD",216652.39880077,64116.8215124414,76871.109994854,"ssp245","F0","WGOA","Rpath","pcod_rec_pp"
2012,"ATF",1567597.98995377,595605.767059271,20761.909908427,"ssp245","F0","WGOA","Rpath","pcod_rec_pp"
2013,"POL",3129803.3271359,1832301.64727678,90796.631609659,"ssp245","F0","WGOA","Rpath","pcod_rec_pp"
2013,"COD",207097.746004189,61173.0549874287,66829.781618954,"ssp245","F0","WGOA","Rpath","pcod_rec_pp"
2013,"ATF",1575636.64297929,596480.791969859,21809.3123161,"ssp245","F0","WGOA","Rpath","pcod_rec_pp"
2014,"POL",3087331.43236134,1803398.13573914,138948.061996125,"ssp245","F0","WGOA","Rpath","pcod_rec_pp"
2014,"COD",180191.44732662,54326.1747660013,83491.72820457,"ssp245","F0","WGOA","Rpath","pcod_rec_pp"
2014,"ATF",1567912.16262094,590069.752717628,36524.501530691,"ssp245","F0","WGOA","Rpath","pcod_rec_pp"
2015,"POL",3045526.28555765,1775739.07919012,162807.64603073,"ssp245","F0","WGOA","Rpath","pcod_rec_pp"
2015,"COD",157932.722055918,48934.4411406065,77689.992014231,"ssp245","F0","WGOA","Rpath","pcod_rec_pp"
2015,"ATF",1577268.81804826,588791.535950363,19296.587221708,"ssp245","F0","WGOA","Rpath","pcod_rec_pp"
2016,"POL",3007798.29217938,1753763.79832681,173086.352394527,"ssp245","F0","WGOA","Rpath","pcod_rec_pp"
2016,"COD",147656.615382295,47339.0097704077,62867.327429592,"ssp245","F0","WGOA","Rpath","pcod_rec_pp"
2016,"ATF",1586289.94323646,586210.878732567,19976.294186812,"ssp245","F0","WGOA","Rpath","pcod_rec_pp"
2017,"POL",2976739.35759481,1738811.22499638,184220.028529305,"ssp245","F0","WGOA","Rpath","pcod_rec_pp"
2017,"COD",147736.144697943,50239.6743054142,48204.214674581,"ssp245","F0","WGOA","Rpath","pcod_rec_pp"
2017,"ATF",1591593.27599985,581990.660087748,27053.508990172,"ssp245","F0","WGOA","Rpath","pcod_rec_pp"
2018,"POL",2968841.33230651,1740812.46211736,150815.192171791,"ssp245","F0","WGOA","Rpath","pcod_rec_pp"
2018,"COD",174522.229212124,61112.9039308985,14681.29819652,"ssp245","F0","WGOA","Rpath","pcod_rec_pp"
2018,"ATF",1607270.2111573,582229.748408732,18870.25094355,"ssp245","F0","WGOA","Rpath","pcod_rec_pp"
2019,"POL",2976191.20523764,1750709.51749398,110649.271555557,"ssp245","F0","WGOA","Rpath","pcod_rec_pp"
2019,"COD",197788.813002527,66355.8766877763,15200.420583165,"ssp245","F0","WGOA","Rpath","pcod_rec_pp"
2019,"ATF",1614692.32773615,580069.536802079,24567.051964421,"ssp245","F0","WGOA","Rpath","pcod_rec_pp"
2020,"POL",2989895.2520935,1764767.02629929,99971.064888454,"ssp245","F0","WGOA","Rpath","pcod_rec_pp"
2020,"COD",227504.737928574,75552.6208206696,6085.249338733,"ssp245","F0","WGOA","Rpath","pcod_rec_pp"
2020,"ATF",1626347.35110332,581533.713573081,21115.899302007,"ssp245","F0","WGOA","Rpath","pcod_rec_pp"
2021,"POL",3044658.54618388,1804473.00953352,93869.858770329,"ssp245","F0","WGOA","Rpath","pcod_rec_pp"
2021,"COD",245042.294614237,80221.448860334,18686.812307248,"ssp245","F0","WGOA","Rpath","pcod_rec_pp"
2021,"ATF",1650353.44967054,590299.235922112,9846.300133144,"ssp245","F0","WGOA","Rpath","pcod_rec_pp"
2022,"POL",2687631.90707593,1561425.0550631,123494.034078862,"ssp245","F0","WGOA","Rpath","pcod_rec_pp"
2022,"COD",256199.012402456,80125.4237180125,25387.705315903,"ssp245","F0","WGOA","Rpath","pcod_rec_pp"
2022,"ATF",1629935.29882956,579610.567382052,11531.831681252,"ssp245","F0","WGOA","Rpath","pcod_rec_pp"
2023,"POL",2533522.24585101,1416688.19999284,124964.845430032,"ssp245","F0","WGOA","Rpath","pcod_rec_pp"
2023,"COD",267004.5806296,75400.7538329731,21018.296907485,"ssp245","F0","WGOA","Rpath","pcod_rec_pp"
2023,"ATF",1563526.731865,540355.947101225,9114.887408711,"ssp245","F0","WGOA","Rpath","pcod_rec_pp"
2024,"POL",2802353.5768176,1614498.05583927,0,"ssp245","F0","WGOA","Rpath","pcod_rec_pp"
2024,"COD",301888.644147039,76766.7134587663,0,"ssp245","F0","WGOA","Rpath","pcod_rec_pp"
2024,"ATF",1563758.30463289,534720.935539561,0,"ssp245","F0","WGOA","Rpath","pcod_rec_pp"
2025,"POL",3014625.2769065,1803672.14620875,0,"ssp245","F0","WGOA","Rpath","pcod_rec_pp"
2025,"COD",340257.323936084,78825.1743000878,0,"ssp245","F0","WGOA","Rpath","pcod_rec_pp"
2025,"ATF",1612017.39436389,560693.832414041,0,"ssp245","F0","WGOA","Rpath","pcod_rec_pp"
2026,"POL",3036567.02686492,1822619.8132637,0,"ssp245","F0","WGOA","Rpath","pcod_rec_pp"
2026,"COD",374335.788037132,82665.8350554325,0,"ssp245","F0","WGOA","Rpath","pcod_rec_pp"
2026,"ATF",1648653.77021249,587475.043158599,0,"ssp245","F0","WGOA","Rpath","pcod_rec_pp"
2027,"POL",3208767.90548928,1933135.64359309,0,"ssp245","F0","WGOA","Rpath","pcod_rec_pp"
2027,"COD",404560.032110159,90074.2862909511,0,"ssp245","F0","WGOA","Rpath","pcod_rec_pp"
2027,"ATF",1689449.04632124,619880.933527718,0,"ssp245","F0","WGOA","Rpath","pcod_rec_pp"
2028,"POL",3154873.24219338,1891298.46748581,0,"ssp245","F0","WGOA","Rpath","pcod_rec_pp"
2028,"COD",430349.425378669,101219.699054833,0,"ssp245","F0","WGOA","Rpath","pcod_rec_pp"
2028,"ATF",1714845.67774099,647748.508436937,0,"ssp245","F0","WGOA","Rpath","pcod_rec_pp"
2029,"POL",3135032.16620544,1863404.82361359,0,"ssp245","F0","WGOA","Rpath","pcod_rec_pp"
2029,"COD",449256.123654163,110468.49095885,0,"ssp245","F0","WGOA","Rpath","pcod_rec_pp"
2029,"ATF",1717042.35015954,660969.869919369,0,"ssp245","F0","WGOA","Rpath","pcod_rec_pp"
2030,"POL",3056966.34385577,1798038.38047351,0,"ssp245","F0","WGOA","Rpath","pcod_rec_pp"
2030,"COD",462597.11504934,116722.240859841,0,"ssp245","F0","WGOA","Rpath","pcod_rec_pp"
2030,"ATF",1702556.09791833,660221.762106058,0,"ssp245","F0","WGOA","Rpath","pcod_rec_pp"
2031,"POL",3049946.8324207,1780387.73137063,0,"ssp245","F0","WGOA","Rpath","pcod_rec_pp"
2031,"COD",471705.726290694,118916.269876746,0,"ssp245","F0","WGOA","Rpath","pcod_rec_pp"
2031,"ATF",1678547.34391947,645415.163643853,0,"ssp245","F0","WGOA","Rpath","pcod_rec_pp"
2032,"POL",3289527.93196996,1976936.3404921,0,"ssp245","F0","WGOA","Rpath","pcod_rec_pp"
2032,"COD",488077.262611948,122590.338704678,0,"ssp245","F0","WGOA","Rpath","pcod_rec_pp"
2032,"ATF",1711466.63205632,657034.098328837,0,"ssp245","F0","WGOA","Rpath","pcod_rec_pp"
2033,"POL",3191305.97936064,1917639.72180472,0,"ssp245","F0","WGOA","Rpath","pcod_rec_pp"
2033,"COD",501688.15207849,124698.16375189,0,"ssp245","F0","WGOA","Rpath","pcod_rec_pp"
2033,"ATF",1728379.43748867,660288.304331109,0,"ssp245","F0","WGOA","Rpath","pcod_rec_pp"
2034,"POL",2926595.59353377,1707189.97922735,0,"ssp245","F0","WGOA","Rpath","pcod_rec_pp"
2034,"COD",502646.925836528,121750.854006162,0,"ssp245","F0","WGOA","Rpath","pcod_rec_pp"
2034,"ATF",1689239.02199436,630817.517790603,0,"ssp245","F0","WGOA","Rpath","pcod_rec_pp"
2035,"POL",2837835.55026924,1615350.19141583,0,"ssp245","F0","WGOA","Rpath","pcod_rec_pp"
2035,"COD",496420.291494417,115589.652953052,0,"ssp245","F0","WGOA","Rpath","pcod_rec_pp"
2035,"ATF",1633873.74152259,589753.422792697,0,"ssp245","F0","WGOA","Rpath","pcod_rec_pp"
2036,"POL",3081076.21758354,1810872.50629894,0,"ssp245","F0","WGOA","Rpath","pcod_rec_pp"
2036,"COD",503224.600588972,115428.876477221,0,"ssp245","F0","WGOA","Rpath","pcod_rec_pp"
2036,"ATF",1642444.72488787,584201.703201311,0,"ssp245","F0","WGOA","Rpath","pcod_rec_pp"
2037,"POL",3127780.79135167,1872222.45483575,0,"ssp245","F0","WGOA","Rpath","pcod_rec_pp"
2037,"COD",515529.161310603,121052.762954228,0,"ssp245","F0","WGOA","Rpath","pcod_rec_pp"
2037,"ATF",1670388.75540351,596925.075721087,0,"ssp245","F0","WGOA","Rpath","pcod_rec_pp"
2038,"POL",3198531.93414063,1924243.77979955,0,"ssp245","F0","WGOA","Rpath","pcod_rec_pp"
2038,"COD",525776.240054999,127092.035968779,0,"ssp245","F0","WGOA","Rpath","pcod_rec_pp"
2038,"ATF",1697383.69871854,614954.800498063,0,"ssp245","F0","WGOA","Rpath","pcod_rec_pp"
2039,"POL",3253471.63397002,1958631.18396637,0,"ssp245","F0","WGOA","Rpath","pcod_rec_pp"
2039,"COD",534251.820459256,133130.063402927,0,"ssp245","F0","WGOA","Rpath","pcod_rec_pp"
2039,"ATF",1723360.96200894,636646.018936456,0,"ssp245","F0","WGOA","Rpath","pcod_rec_pp"
2040,"POL",3070450.19706893,1813213.42938491,0,"ssp245","F0","WGOA","Rpath","pcod_rec_pp"
2040,"COD",535556.685391303,136784.642018343,0,"ssp245","F0","WGOA","Rpath","pcod_rec_pp"
2040,"ATF",1708879.16702697,638058.935073636,0,"ssp245","F0","WGOA","Rpath","pcod_rec_pp"
2041,"POL",2959382.64897301,1718910.27893983,0,"ssp245","F0","WGOA","Rpath","pcod_rec_pp"
2041,"COD",533699.548330896,136066.371736038,0,"ssp245","F0","WGOA","Rpath","pcod_rec_pp"
2041,"ATF",1675437.89504204,626025.205483864,0,"ssp245","F0","WGOA","Rpath","pcod_rec_pp"
2042,"POL",3106130.14690411,1815083.78259062,0,"ssp245","F0","WGOA","Rpath","pcod_rec_pp"
2042,"COD",536513.215183741,134199.338542202,0,"ssp245","F0","WGOA","Rpath","pcod_rec_pp"
2042,"ATF",1659652.52808449,619118.013384732,0,"ssp245","F0","WGOA","Rpath","pcod_rec_pp"
2043,"POL",3053558.15594943,1792292.61714825,0,"ssp245","F0","WGOA","Rpath","pcod_rec_pp"
2043,"COD",541765.636784701,131545.373669687,0,"ssp245","F0","WGOA","Rpath","pcod_rec_pp"
2043,"ATF",1654905.03182878,616832.487497323,0,"ssp245","F0","WGOA","Rpath","pcod_rec_pp"
2044,"POL",3108003.86695019,1829165.33928444,0,"ssp245","F0","WGOA","Rpath","pcod_rec_pp"
2044,"COD",546606.38479634,125215.571291554,0,"ssp245","F0","WGOA","Rpath","pcod_rec_pp"
2044,"ATF",1651359.60272989,611661.183545729,0,"ssp245","F0","WGOA","Rpath","pcod_rec_pp"
2045,"POL",3242086.96379983,1937612.49236996,0,"ssp245","F0","WGOA","Rpath","pcod_rec_pp"
2045,"COD",558901.295465478,120749.470778111,0,"ssp245","F0","WGOA","Rpath","pcod_rec_pp"
2045,"ATF",1678840.15936032,623887.633213693,0,"ssp245","F0","WGOA","Rpath","pcod_rec_pp"
2046,"POL",3170046.50687263,1882528.15081905,0,"ssp245","F0","WGOA","Rpath","pcod_rec_pp"
2046,"COD",567019.203583808,116549.225308765,0,"ssp245","F0","WGOA","Rpath","pcod_rec_pp"
2046,"ATF",1686281.22184385,627773.827515773,0,"ssp245","F0","WGOA","Rpath","pcod_rec_pp"
2047,"POL",3177934.28414502,1881747.56488159,0,"ssp245","F0","WGOA","Rpath","pcod_rec_pp"
2047,"COD",573707.652757713,113905.167458605,0,"ssp245","F0","WGOA","Rpath","pcod_rec_pp"
2047,"ATF",1690414.92079099,630923.630762259,0,"ssp245","F0","WGOA","Rpath","pcod_rec_pp"
2048,"POL",2984322.50624757,1722994.72151512,0,"ssp245","F0","WGOA","Rpath","pcod_rec_pp"
2048,"COD",571423.769463705,112575.863442298,0,"ssp245","F0","WGOA","Rpath","pcod_rec_pp"
2048,"ATF",1653679.00155167,611580.999877664,0,"ssp245","F0","WGOA","Rpath","pcod_rec_pp"
2049,"POL",2884046.48596178,1640718.32458329,0,"ssp245","F0","WGOA","Rpath","pcod_rec_pp"
2049,"COD",563498.286159361,111706.726939822,0,"ssp245","F0","WGOA","Rpath","pcod_rec_pp"
2049,"ATF",1612412.07658002,586994.173239658,0,"ssp245","F0","WGOA","Rpath","pcod_rec_pp"
2050,"POL",3017367.74716178,1733526.76900936,0,"ssp245","F0","WGOA","Rpath","pcod_rec_pp"
2050,"COD",561805.583036448,112933.95880098,0,"ssp245","F0","WGOA","Rpath","pcod_rec_pp"
2050,"ATF",1594568.81718427,572863.655194284,0,"ssp245","F0","WGOA","Rpath","pcod_rec_pp"
2051,"POL",3013545.55145223,1738407.37722868,0,"ssp245","F0","WGOA","Rpath","pcod_rec_pp"
2051,"COD",562771.263755409,116100.80156063,0,"ssp245","F0","WGOA","Rpath","pcod_rec_pp"
2051,"ATF",1585086.88442154,565135.001581095,0,"ssp245","F0","WGOA","Rpath","pcod_rec_pp"
2052,"POL",3128844.87923559,1835377.53504585,0,"ssp245","F0","WGOA","Rpath","pcod_rec_pp"
2052,"COD",567057.921269502,119388.65409396,0,"ssp245","F0","WGOA","Rpath","pcod_rec_pp"
2052,"ATF",1602024.84612358,573502.859333199,0,"ssp245","F0","WGOA","Rpath","pcod_rec_pp"
2053,"POL",3060871.64660648,1782651.18361259,0,"ssp245","F0","WGOA","Rpath","pcod_rec_pp"
2053,"COD",571112.342510679,119574.543735494,0,"ssp245","F0","WGOA","Rpath","pcod_rec_pp"
2053,"ATF",1601719.85521111,576026.35508954,0,"ssp245","F0","WGOA","Rpath","pcod_rec_pp"
2054,"POL",3176914.70910455,1855782.79242708,0,"ssp245","F0","WGOA","Rpath","pcod_rec_pp"
2054,"COD",578116.56822161,119548.995068575,0,"ssp245","F0","WGOA","Rpath","pcod_rec_pp"
2054,"ATF",1608455.89166378,583552.164479669,0,"ssp245","F0","WGOA","Rpath","pcod_rec_pp"
2055,"POL",3066520.67403357,1771085.37097093,0,"ssp245","F0","WGOA","Rpath","pcod_rec_pp"
2055,"COD",580995.945159452,117610.295007604,0,"ssp245","F0","WGOA","Rpath","pcod_rec_pp"
2055,"ATF",1599295.32330237,585069.867517783,0,"ssp245","F0","WGOA","Rpath","pcod_rec_pp"
2056,"POL",3021605.20621613,1722272.67533132,0,"ssp245","F0","WGOA","Rpath","pcod_rec_pp"
2056,"COD",578452.941054388,111493.633103325,0,"ssp245","F0","WGOA","Rpath","pcod_rec_pp"
2056,"ATF",1573848.29023729,575637.263309816,0,"ssp245","F0","WGOA","Rpath","pcod_rec_pp"
2057,"POL",2948930.16802383,1662958.46960304,0,"ssp245","F0","WGOA","Rpath","pcod_rec_pp"
2057,"COD",578503.855763033,107075.258553033,0,"ssp245","F0","WGOA","Rpath","pcod_rec_pp"
2057,"ATF",1545688.37391726,562625.990316865,0,"ssp245","F0","WGOA","Rpath","pcod_rec_pp"
2058,"POL",2951927.60165223,1653481.86320049,0,"ssp245","F0","WGOA","Rpath","pcod_rec_pp"
2058,"COD",579878.279976423,104189.892758593,0,"ssp245","F0","WGOA","Rpath","pcod_rec_pp"
2058,"ATF",1514379.22896339,544437.89794296,0,"ssp245","F0","WGOA","Rpath","pcod_rec_pp"
2059,"POL",3235411.53338411,1870154.6580101,0,"ssp245","F0","WGOA","Rpath","pcod_rec_pp"
2059,"COD",589231.864311153,103680.690548481,0,"ssp245","F0","WGOA","Rpath","pcod_rec_pp"
2059,"ATF",1534010.77425084,553012.830680294,0,"ssp245","F0","WGOA","Rpath","pcod_rec_pp"
2060,"POL",3161536.50298969,1847019.3255687,0,"ssp245","F0","WGOA","Rpath","pcod_rec_pp"
2060,"COD",601489.116712931,104668.103476172,0,"ssp245","F0","WGOA","Rpath","pcod_rec_pp"
2060,"ATF",1564776.66717832,572943.265104783,0,"ssp245","F0","WGOA","Rpath","pcod_rec_pp"
2061,"POL",2750881.09734335,1517222.14963963,0,"ssp245","F0","WGOA","Rpath","pcod_rec_pp"
2061,"COD",592877.613828433,99930.1283035389,0,"ssp245","F0","WGOA","Rpath","pcod_rec_pp"
2061,"ATF",1502925.78996361,540982.873665005,0,"ssp245","F0","WGOA","Rpath","pcod_rec_pp"
2062,"POL",2984400.87687779,1637688.62215393,0,"ssp245","F0","WGOA","Rpath","pcod_rec_pp"
2062,"COD",586133.837039131,94727.5214349101,0,"ssp245","F0","WGOA","Rpath","pcod_rec_pp"
2062,"ATF",1465083.42667054,516727.066762689,0,"ssp245","F0","WGOA","Rpath","pcod_rec_pp"
2063,"POL",3487721.52588666,2059698.8018606,0,"ssp245","F0","WGOA","Rpath","pcod_rec_pp"
2063,"COD",605107.227810352,99284.1458199365,0,"ssp245","F0","WGOA","Rpath","pcod_rec_pp"
2063,"ATF",1538309.13928409,557048.396554435,0,"ssp245","F0","WGOA","Rpath","pcod_rec_pp"
2064,"POL",3326677.53153675,1968510.39118951,0,"ssp245","F0","WGOA","Rpath","pcod_rec_pp"
2064,"COD",622364.385548797,107081.709557253,0,"ssp245","F0","WGOA","Rpath","pcod_rec_pp"
2064,"ATF",1583523.92881653,591668.675362322,0,"ssp245","F0","WGOA","Rpath","pcod_rec_pp"
2065,"POL",3120414.76374877,1754114.36881694,0,"ssp245","F0","WGOA","Rpath","pcod_rec_pp"
2065,"COD",618126.857644084,110208.264746124,0,"ssp245","F0","WGOA","Rpath","pcod_rec_pp"
2065,"ATF",1539468.99636427,572558.468694445,0,"ssp245","F0","WGOA","Rpath","pcod_rec_pp"
2066,"POL",3472690.38097077,2003400.31746148,0,"ssp245","F0","WGOA","Rpath","pcod_rec_pp"
2066,"COD",626564.396990857,117308.249348719,0,"ssp245","F0","WGOA","Rpath","pcod_rec_pp"
2066,"ATF",1568180.35650707,590148.644439532,0,"ssp245","F0","WGOA","Rpath","pcod_rec_pp"
2067,"POL",3771094.83159908,2263952.4965626,0,"ssp245","F0","WGOA","Rpath","pcod_rec_pp"
2067,"COD",648109.838129336,126077.040231604,0,"ssp245","F0","WGOA","Rpath","pcod_rec_pp"
2067,"ATF",1648492.83333832,640501.340463913,0,"ssp245","F0","WGOA","Rpath","pcod_rec_pp"
2068,"POL",3811900.73424514,2308245.24246201,0,"ssp245","F0","WGOA","Rpath","pcod_rec_pp"
2068,"COD",668440.870762577,134824.693071032,0,"ssp245","F0","WGOA","Rpath","pcod_rec_pp"
2068,"ATF",1716254.88046157,688450.338906798,0,"ssp245","F0","WGOA","Rpath","pcod_rec_pp"
2069,"POL",3320209.43929602,1924550.15530321,0,"ssp245","F0","WGOA","Rpath","pcod_rec_pp"
2069,"COD",665064.830026083,133039.278470395,0,"ssp245","F0","WGOA","Rpath","pcod_rec_pp"
2069,"ATF",1687314.31043112,675440.717173987,0,"ssp245","F0","WGOA","Rpath","pcod_rec_pp"
2070,"POL",3291879.66515013,1843379.41108933,0,"ssp245","F0","WGOA","Rpath","pcod_rec_pp"
2070,"COD",650644.606870714,121714.062587319,0,"ssp245","F0","WGOA","Rpath","pcod_rec_pp"
2070,"ATF",1628370.8452395,631750.667416571,0,"ssp245","F0","WGOA","Rpath","pcod_rec_pp"
2071,"POL",3680238.27609668,2153393.2849693,0,"ssp245","F0","WGOA","Rpath","pcod_rec_pp"
2071,"COD",654180.491089099,116768.519280086,0,"ssp245","F0","WGOA","Rpath","pcod_rec_pp"
2071,"ATF",1657417.23182164,633036.521466448,0,"ssp245","F0","WGOA","Rpath","pcod_rec_pp"
2072,"POL",3630689.40432324,2168485.89640781,0,"ssp245","F0","WGOA","Rpath","pcod_rec_pp"
2072,"COD",662061.767123284,119423.925610107,0,"ssp245","F0","WGOA","Rpath","pcod_rec_pp"
2072,"ATF",1705330.74210388,650504.457108818,0,"ssp245","F0","WGOA","Rpath","pcod_rec_pp"
2073,"POL",3272073.34472155,1896687.14338418,0,"ssp245","F0","WGOA","Rpath","pcod_rec_pp"
2073,"COD",653968.022117419,119544.870914888,0,"ssp245","F0","WGOA","Rpath","pcod_rec_pp"
2073,"ATF",1680757.89992601,627940.848471788,0,"ssp245","F0","WGOA","Rpath","pcod_rec_pp"
2074,"POL",3444070.63610805,1986914.15501347,0,"ssp245","F0","WGOA","Rpath","pcod_rec_pp"
2074,"COD",644751.801512831,119502.82027011,0,"ssp245","F0","WGOA","Rpath","pcod_rec_pp"
2074,"ATF",1664568.6223144,605934.702618997,0,"ssp245","F0","WGOA","Rpath","pcod_rec_pp"
2075,"POL",3500185.8279729,2061392.25855779,0,"ssp245","F0","WGOA","Rpath","pcod_rec_pp"
2075,"COD",643427.683801575,125123.727081824,0,"ssp245","F0","WGOA","Rpath","pcod_rec_pp"
2075,"ATF",1693643.58390918,614478.343070997,0,"ssp245","F0","WGOA","Rpath","pcod_rec_pp"
2076,"POL",3425793.44626108,2021619.67289368,0,"ssp245","F0","WGOA","Rpath","pcod_rec_pp"
2076,"COD",640032.861809688,130655.343162981,0,"ssp245","F0","WGOA","Rpath","pcod_rec_pp"
2076,"ATF",1705248.90191141,620790.400401729,0,"ssp245","F0","WGOA","Rpath","pcod_rec_pp"
2077,"POL",3358330.46143212,1959111.21960781,0,"ssp245","F0","WGOA","Rpath","pcod_rec_pp"
2077,"COD",634894.828286147,136328.350843027,0,"ssp245","F0","WGOA","Rpath","pcod_rec_pp"
2077,"ATF",1693436.04342107,616739.598464051,0,"ssp245","F0","WGOA","Rpath","pcod_rec_pp"
2078,"POL",3197302.77817034,1831527.59958577,0,"ssp245","F0","WGOA","Rpath","pcod_rec_pp"
2078,"COD",624075.318934358,135786.859805289,0,"ssp245","F0","WGOA","Rpath","pcod_rec_pp"
2078,"ATF",1660526.37075127,600060.450698573,0,"ssp245","F0","WGOA","Rpath","pcod_rec_pp"
2079,"POL",3299863.3869982,1906854.32868293,0,"ssp245","F0","WGOA","Rpath","pcod_rec_pp"
2079,"COD",616852.293606015,129992.339901264,0,"ssp245","F0","WGOA","Rpath","pcod_rec_pp"
2079,"ATF",1650635.69215056,593948.695548875,0,"ssp245","F0","WGOA","Rpath","pcod_rec_pp"
2080,"POL",3280126.85797397,1912044.31322738,0,"ssp245","F0","WGOA","Rpath","pcod_rec_pp"
2080,"COD",618371.581045611,125950.182580556,0,"ssp245","F0","WGOA","Rpath","pcod_rec_pp"
2080,"ATF",1655784.06941426,599091.124740108,0,"ssp245","F0","WGOA","Rpath","pcod_rec_pp"
2081,"POL",3102391.48489925,1768836.07174971,0,"ssp245","F0","WGOA","Rpath","pcod_rec_pp"
2081,"COD",611031.284949195,119293.852602221,0,"ssp245","F0","WGOA","Rpath","pcod_rec_pp"
2081,"ATF",1620288.77894815,581603.606453234,0,"ssp245","F0","WGOA","Rpath","pcod_rec_pp"
2082,"POL",3350970.09463346,1952364.32158974,0,"ssp245","F0","WGOA","Rpath","pcod_rec_pp"
2082,"COD",608477.729726315,113441.901588378,0,"ssp245","F0","WGOA","Rpath","pcod_rec_pp"
2082,"ATF",1632074.66728065,587777.159879392,0,"ssp245","F0","WGOA","Rpath","pcod_rec_pp"
2083,"POL",3404210.93967867,2009286.60731605,0,"ssp245","F0","WGOA","Rpath","pcod_rec_pp"
2083,"COD",614344.885234388,112301.937865743,0,"ssp245","F0","WGOA","Rpath","pcod_rec_pp"
2083,"ATF",1660112.12813084,606687.098245374,0,"ssp245","F0","WGOA","Rpath","pcod_rec_pp"
2084,"POL",3560177.78518255,2134723.46087668,0,"ssp245","F0","WGOA","Rpath","pcod_rec_pp"
2084,"COD",626263.510810327,119950.31734935,0,"ssp245","F0","WGOA","Rpath","pcod_rec_pp"
2084,"ATF",1704799.71194767,637646.682626893,0,"ssp245","F0","WGOA","Rpath","pcod_rec_pp"
2085,"POL",3541591.23244615,2108956.21858899,0,"ssp245","F0","WGOA","Rpath","pcod_rec_pp"
2085,"COD",631468.005552009,131118.865845846,0,"ssp245","F0","WGOA","Rpath","pcod_rec_pp"
2085,"ATF",1725396.95283767,657190.471384031,0,"ssp245","F0","WGOA","Rpath","pcod_rec_pp"
2086,"POL",3266818.22836641,1899613.63083264,0,"ssp245","F0","WGOA","Rpath","pcod_rec_pp"
2086,"COD",627361.837840364,137743.315674734,0,"ssp245","F0","WGOA","Rpath","pcod_rec_pp"
2086,"ATF",1705993.94245113,652075.40066625,0,"ssp245","F0","WGOA","Rpath","pcod_rec_pp"
2087,"POL",3532878.73560592,2070130.78513222,0,"ssp245","F0","WGOA","Rpath","pcod_rec_pp"
2087,"COD",624529.383579637,143809.128990671,0,"ssp245","F0","WGOA","Rpath","pcod_rec_pp"
2087,"ATF",1704795.60819586,649423.160853221,0,"ssp245","F0","WGOA","Rpath","pcod_rec_pp"
2088,"POL",3235946.57177803,1873282.24332409,0,"ssp245","F0","WGOA","Rpath","pcod_rec_pp"
2088,"COD",617362.138825629,146971.60316192,0,"ssp245","F0","WGOA","Rpath","pcod_rec_pp"
2088,"ATF",1689722.09491021,639987.271029076,0,"ssp245","F0","WGOA","Rpath","pcod_rec_pp"
2089,"POL",3161828.11287959,1794876.86619949,0,"ssp245","F0","WGOA","Rpath","pcod_rec_pp"
2089,"COD",598552.042220335,137478.22357041,0,"ssp245","F0","WGOA","Rpath","pcod_rec_pp"
2089,"ATF",1642198.2924155,605278.36434694,0,"ssp245","F0","WGOA","Rpath","pcod_rec_pp"
2090,"POL",3164806.50220832,1798401.49964394,0,"ssp245","F0","WGOA","Rpath","pcod_rec_pp"
2090,"COD",589064.04413188,129630.203521982,0,"ssp245","F0","WGOA","Rpath","pcod_rec_pp"
2090,"ATF",1619472.90072893,582008.920841426,0,"ssp245","F0","WGOA","Rpath","pcod_rec_pp"
2091,"POL",3438840.30793758,2021303.86521248,0,"ssp245","F0","WGOA","Rpath","pcod_rec_pp"
2091,"COD",591600.843663223,128005.248602181,0,"ssp245","F0","WGOA","Rpath","pcod_rec_pp"
2091,"ATF",1646318.23666903,586003.634350086,0,"ssp245","F0","WGOA","Rpath","pcod_rec_pp"
2092,"POL",3498598.70309948,2097087.60500378,0,"ssp245","F0","WGOA","Rpath","pcod_rec_pp"
2092,"COD",598510.022809945,130840.496229366,0,"ssp245","F0","WGOA","Rpath","pcod_rec_pp"
2092,"ATF",1696010.77126786,610579.111373004,0,"ssp245","F0","WGOA","Rpath","pcod_rec_pp"
2093,"POL",3387841.8427593,1995499.40183706,0,"ssp245","F0","WGOA","Rpath","pcod_rec_pp"
2093,"COD",598533.112622774,133534.739146177,0,"ssp245","F0","WGOA","Rpath","pcod_rec_pp"
2093,"ATF",1697394.00622272,614528.074332428,0,"ssp245","F0","WGOA","Rpath","pcod_rec_pp"
2094,"POL",3591176.74843946,2145997.26436102,0,"ssp245","F0","WGOA","Rpath","pcod_rec_pp"
2094,"COD",604849.383546743,141466.705639217,0,"ssp245","F0","WGOA","Rpath","pcod_rec_pp"
2094,"ATF",1734500.97832681,640919.361348201,0,"ssp245","F0","WGOA","Rpath","pcod_rec_pp"
2095,"POL",3211207.89320019,1854771.54320698,0,"ssp245","F0","WGOA","Rpath","pcod_rec_pp"
2095,"COD",598586.798061228,141754.014168041,0,"ssp245","F0","WGOA","Rpath","pcod_rec_pp"
2095,"ATF",1700722.12815561,630629.434501173,0,"ssp245","F0","WGOA","Rpath","pcod_rec_pp"
2096,"POL",3368454.80353839,1950863.31792386,0,"ssp245","F0","WGOA","Rpath","pcod_rec_pp"
2096,"COD",597498.649724926,138437.629087848,0,"ssp245","F0","WGOA","Rpath","pcod_rec_pp"
2096,"ATF",1685050.73206298,624688.355731318,0,"ssp245","F0","WGOA","Rpath","pcod_rec_pp"
2097,"POL",3539346.80336953,2100232.34796745,0,"ssp245","F0","WGOA","Rpath","pcod_rec_pp"
2097,"COD",605382.967662412,139172.237648698,0,"ssp245","F0","WGOA","Rpath","pcod_rec_pp"
2097,"ATF",1715114.48832161,644004.344224362,0,"ssp245","F0","WGOA","Rpath","pcod_rec_pp"
2098,"POL",3414310.45392995,2023919.8574394,0,"ssp245","F0","WGOA","Rpath","pcod_rec_pp"
2098,"COD",610526.817135864,134138.701322302,0,"ssp245","F0","WGOA","Rpath","pcod_rec_pp"
2098,"ATF",1726693.42827428,652261.289729382,0,"ssp245","F0","WGOA","Rpath","pcod_rec_pp"
2099,"POL",3348467.99364786,1952852.64677482,0,"ssp245","F0","WGOA","Rpath","pcod_rec_pp"
2099,"COD",613348.508870804,125681.339697434,0,"ssp245","F0","WGOA","Rpath","pcod_rec_pp"
2099,"ATF",1707675.01677332,638840.116138207,0,"ssp245","F0","WGOA","Rpath","pcod_rec_pp"
1991,"POL",2884927.16511783,1690895.40603404,87828.010002781,"ssp585","F0","WGOA","Rpath","pcod_rec_pp"
1991,"COD",399280.293878193,93224.2373585632,64466.829990571,"ssp585","F0","WGOA","Rpath","pcod_rec_pp"
1991,"ATF",1554327.80462664,597326.97740596,16958.380011156,"ssp585","F0","WGOA","Rpath","pcod_rec_pp"
1992,"POL",2892495.91324268,1696087.27813365,90585.189961806,"ssp585","F0","WGOA","Rpath","pcod_rec_pp"
1992,"COD",371842.900083054,88999.2287874369,78966.500089317,"ssp585","F0","WGOA","Rpath","pcod_rec_pp"
1992,"ATF",1551901.37581743,598021.211707819,20482.180062468,"ssp585","F0","WGOA","Rpath","pcod_rec_pp"
1993,"POL",2886917.46017875,1690078.21042351,108230.180085742,"ssp585","F0","WGOA","Rpath","pcod_rec_pp"
1993,"COD",375328.175429555,91984.46817467,45849.170066118,"ssp585","F0","WGOA","Rpath","pcod_rec_pp"
1993,"ATF",1551566.34683954,599298.159270716,18294.449920618,"ssp585","F0","WGOA","Rpath","pcod_rec_pp"
1994,"POL",2891612.89701311,1691340.87032149,100412.359942985,"ssp585","F0","WGOA","Rpath","pcod_rec_pp"
1994,"COD",374238.505424238,92168.0244909248,45610.579965874,"ssp585","F0","WGOA","Rpath","pcod_rec_pp"
1994,"ATF",1547453.431915,598480.508802417,21993.239976229,"ssp585","F0","WGOA","Rpath","pcod_rec_pp"
1995,"POL",2920445.2429594,1709974.75171492,69168.129925675,"ssp585","F0","WGOA","Rpath","pcod_rec_pp"
1995,"COD",354241.118245692,88060.9264831689,67907.179992219,"ssp585","F0","WGOA","Rpath","pcod_rec_pp"
1995,"ATF",1548788.07321952,599203.455585779,17415.490044603,"ssp585","F0","WGOA","Rpath","pcod_rec_pp"
1996,"POL",2949537.49989699,1727520.76771419,49825.8700384,"ssp585","F0","WGOA","Rpath","pcod_rec_pp"
1996,"COD",348901.269856949,89289.8998161644,55391.660096973,"ssp585","F0","WGOA","Rpath","pcod_rec_pp"
1996,"ATF",1545296.54167072,597141.15385086,21555.609900557,"ssp585","F0","WGOA","Rpath","pcod_rec_pp"
1997,"POL",2946193.76182491,1722365.56372477,84179.649971753,"ssp585","F0","WGOA","Rpath","pcod_rec_pp"
1997,"COD",339607.871812025,88455.8466619866,58920.579990637,"ssp585","F0","WGOA","Rpath","pcod_rec_pp"
1997,"ATF",1547340.93937387,596389.731746862,14758.279890696,"ssp585","F0","WGOA","Rpath","pcod_rec_pp"
1998,"POL",3007840.54757787,1762267.82292695,5428.379997642,"ssp585","F0","WGOA","Rpath","pcod_rec_pp"
1998,"COD",338402.008126062,87897.0996300377,50218.950113863,"ssp585","F0","WGOA","Rpath","pcod_rec_pp"
1998,"ATF",1552042.17068945,596282.511778416,12377.190009373,"ssp585","F0","WGOA","Rpath","pcod_rec_pp"
1999,"POL",2993956.26360435,1751820.3586859,90556.900062537,"ssp585","F0","WGOA","Rpath","pcod_rec_pp"
1999,"COD",323385.504513683,83134.3281978233,66264.67009813,"ssp585","F0","WGOA","Rpath","pcod_rec_pp"
1999,"ATF",1556822.57219736,596729.653748177,14649.229924965,"ssp585","F0","WGOA","Rpath","pcod_rec_pp"
2000,"POL",3049484.66889728,1789601.2235707,5552.830105466,"ssp585","F0","WGOA","Rpath","pcod_rec_pp"
2000,"COD",321234.70478313,82993.6306736087,53384.869944958,"ssp585","F0","WGOA","Rpath","pcod_rec_pp"
2000,"ATF",1555589.60333769,595731.530286997,22993.75009338,"ssp585","F0","WGOA","Rpath","pcod_rec_pp"
2001,"POL",3082953.38628358,1808450.38491623,3452.299978517,"ssp585","F0","WGOA","Rpath","pcod_rec_pp"
2001,"COD",327836.052151014,85350.6677932879,40517.409954733,"ssp585","F0","WGOA","Rpath","pcod_rec_pp"
2001,"ATF",1559150.39699574,597017.281545479,17416.199986059,"ssp585","F0","WGOA","Rpath","pcod_rec_pp"
2002,"POL",3117695.91098478,1828996.8919311,1698.029945361,"ssp585","F0","WGOA","Rpath","pcod_rec_pp"
2002,"COD",329657.199807253,86672.396799144,41567.989960821,"ssp585","F0","WGOA","Rpath","pcod_rec_pp"
2002,"ATF",1561074.36729579,598208.760306624,20173.560012907,"ssp585","F0","WGOA","Rpath","pcod_rec_pp"
2003,"POL",3105660.59060301,1817041.08768011,48590.077011908,"ssp585","F0","WGOA","Rpath","pcod_rec_pp"
2003,"COD",321002.232869284,86072.6548698382,52365.755088864,"ssp585","F0","WGOA","Rpath","pcod_rec_pp"
2003,"ATF",1552272.45436907,595288.634146958,30169.771891001,"ssp585","F0","WGOA","Rpath","pcod_rec_pp"
2004,"POL",3100496.17999595,1811816.72016729,62434.439922489,"ssp585","F0","WGOA","Rpath","pcod_rec_pp"
2004,"COD",310907.346053104,86861.6844619175,56450.241969657,"ssp585","F0","WGOA","Rpath","pcod_rec_pp"
2004,"ATF",1557805.52630999,597533.747722124,15634.908041003,"ssp585","F0","WGOA","Rpath","pcod_rec_pp"
2005,"POL",3085140.75609541,1801622.59658072,78302.791927256,"ssp585","F0","WGOA","Rpath","pcod_rec_pp"
2005,"COD",308747.712383036,89355.0329510825,47523.779925577,"ssp585","F0","WGOA","Rpath","pcod_rec_pp"
2005,"ATF",1557456.93296847,596651.527725103,19923.573051558,"ssp585","F0","WGOA","Rpath","pcod_rec_pp"
2006,"POL",3088115.70042571,1805154.79373703,68928.307992488,"ssp585","F0","WGOA","Rpath","pcod_rec_pp"
2006,"COD",305285.425387622,89662.8420266119,47767.079961499,"ssp585","F0","WGOA","Rpath","pcod_rec_pp"
2006,"ATF",1552052.55675712,593803.972010943,27622.698918064,"ssp585","F0","WGOA","Rpath","pcod_rec_pp"
2007,"POL",3108388.6659623,1820162.18935033,51572.307003871,"ssp585","F0","WGOA","Rpath","pcod_rec_pp"
2007,"COD",298656.827987615,86970.5841575916,51812.178003779,"ssp585","F0","WGOA","Rpath","pcod_rec_pp"
2007,"ATF",1552833.11070127,593773.096946291,25346.986980543,"ssp585","F0","WGOA","Rpath","pcod_rec_pp"
2008,"POL",3122657.32782491,1829614.82622622,50786.206014733,"ssp585","F0","WGOA","Rpath","pcod_rec_pp"
2008,"COD",288014.19715692,83738.4257426123,58386.384025578,"ssp585","F0","WGOA","Rpath","pcod_rec_pp"
2008,"ATF",1551453.5168298,592951.977723493,29205.939969489,"ssp585","F0","WGOA","Rpath","pcod_rec_pp"
2009,"POL",3143273.39859891,1841984.8200306,41549.503075916,"ssp585","F0","WGOA","Rpath","pcod_rec_pp"
2009,"COD",284535.848347064,83301.5655360441,51788.980009351,"ssp585","F0","WGOA","Rpath","pcod_rec_pp"
2009,"ATF",1555113.02563569,594046.266118116,24831.742038702,"ssp585","F0","WGOA","Rpath","pcod_rec_pp"
2010,"POL",3136117.03112817,1835292.14585186,73443.384226643,"ssp585","F0","WGOA","Rpath","pcod_rec_pp"
2010,"COD",260387.074378808,76717.5680514182,76954.154598455,"ssp585","F0","WGOA","Rpath","pcod_rec_pp"
2010,"ATF",1558263.17274182,594362.564843561,24339.446470918,"ssp585","F0","WGOA","Rpath","pcod_rec_pp"
2011,"POL",3141056.08768375,1838289.75061505,77694.479623666,"ssp585","F0","WGOA","Rpath","pcod_rec_pp"
2011,"COD",234318.516143285,69543.3060352226,83710.475394165,"ssp585","F0","WGOA","Rpath","pcod_rec_pp"
2011,"ATF",1557071.61028742,592792.103233455,30911.821764055,"ssp585","F0","WGOA","Rpath","pcod_rec_pp"
2012,"POL",3133568.47204365,1833854.71164897,98934.691224094,"ssp585","F0","WGOA","Rpath","pcod_rec_pp"
2012,"COD",216652.39880077,64116.8215124414,76871.109994854,"ssp585","F0","WGOA","Rpath","pcod_rec_pp"
2012,"ATF",1567597.98995377,595605.767059271,20761.909908427,"ssp585","F0","WGOA","Rpath","pcod_rec_pp"
2013,"POL",3129803.3271359,1832301.64727678,90796.631609659,"ssp585","F0","WGOA","Rpath","pcod_rec_pp"
2013,"COD",207097.746004189,61173.0549874287,66829.781618954,"ssp585","F0","WGOA","Rpath","pcod_rec_pp"
2013,"ATF",1575636.64297929,596480.791969859,21809.3123161,"ssp585","F0","WGOA","Rpath","pcod_rec_pp"
2014,"POL",3087331.43236134,1803398.13573914,138948.061996125,"ssp585","F0","WGOA","Rpath","pcod_rec_pp"
2014,"COD",180191.44732662,54326.1747660013,83491.72820457,"ssp585","F0","WGOA","Rpath","pcod_rec_pp"
2014,"ATF",1567912.16262094,590069.752717628,36524.501530691,"ssp585","F0","WGOA","Rpath","pcod_rec_pp"
2015,"POL",3045526.28555765,1775739.07919012,162807.64603073,"ssp585","F0","WGOA","Rpath","pcod_rec_pp"
2015,"COD",157932.722055918,48934.4411406065,77689.992014231,"ssp585","F0","WGOA","Rpath","pcod_rec_pp"
2015,"ATF",1577268.81804826,588791.535950363,19296.587221708,"ssp585","F0","WGOA","Rpath","pcod_rec_pp"
2016,"POL",3007798.29217938,1753763.79832681,173086.352394527,"ssp585","F0","WGOA","Rpath","pcod_rec_pp"
2016,"COD",147656.615382295,47339.0097704077,62867.327429592,"ssp585","F0","WGOA","Rpath","pcod_rec_pp"
2016,"ATF",1586289.94323646,586210.878732567,19976.294186812,"ssp585","F0","WGOA","Rpath","pcod_rec_pp"
2017,"POL",2976739.35759481,1738811.22499638,184220.028529305,"ssp585","F0","WGOA","Rpath","pcod_rec_pp"
2017,"COD",147736.144697943,50239.6743054142,48204.214674581,"ssp585","F0","WGOA","Rpath","pcod_rec_pp"
2017,"ATF",1591593.27599985,581990.660087748,27053.508990172,"ssp585","F0","WGOA","Rpath","pcod_rec_pp"
2018,"POL",2968841.33230651,1740812.46211736,150815.192171791,"ssp585","F0","WGOA","Rpath","pcod_rec_pp"
2018,"COD",174522.229212124,61112.9039308985,14681.29819652,"ssp585","F0","WGOA","Rpath","pcod_rec_pp"
2018,"ATF",1607270.2111573,582229.748408732,18870.25094355,"ssp585","F0","WGOA","Rpath","pcod_rec_pp"
2019,"POL",2976191.20523764,1750709.51749398,110649.271555557,"ssp585","F0","WGOA","Rpath","pcod_rec_pp"
2019,"COD",197788.813002527,66355.8766877763,15200.420583165,"ssp585","F0","WGOA","Rpath","pcod_rec_pp"
2019,"ATF",1614692.32773615,580069.536802079,24567.051964421,"ssp585","F0","WGOA","Rpath","pcod_rec_pp"
2020,"POL",2989817.05917328,1764764.68129275,99971.064888454,"ssp585","F0","WGOA","Rpath","pcod_rec_pp"
2020,"COD",228008.227043977,75553.8835635291,6085.249338733,"ssp585","F0","WGOA","Rpath","pcod_rec_pp"
2020,"ATF",1626339.56280138,581529.231463313,21115.899302007,"ssp585","F0","WGOA","Rpath","pcod_rec_pp"
2021,"POL",2873146.92981371,1679597.2679706,93869.858770329,"ssp585","F0","WGOA","Rpath","pcod_rec_pp"
2021,"COD",243246.74893498,79035.5329428773,18686.812307248,"ssp585","F0","WGOA","Rpath","pcod_rec_pp"
2021,"ATF",1626538.30147122,577597.515140095,9846.300133144,"ssp585","F0","WGOA","Rpath","pcod_rec_pp"
2022,"POL",2854426.18902035,1661321.53515705,123494.034078862,"ssp585","F0","WGOA","Rpath","pcod_rec_pp"
2022,"COD",254782.35284301,77651.9968418003,25387.705315903,"ssp585","F0","WGOA","Rpath","pcod_rec_pp"
2022,"ATF",1619062.62834578,570473.645458647,11531.831681252,"ssp585","F0","WGOA","Rpath","pcod_rec_pp"
2023,"POL",3144052.94849759,1897144.45532524,124964.845430032,"ssp585","F0","WGOA","Rpath","pcod_rec_pp"
2023,"COD",279121.230913604,79047.462976763,21018.296907485,"ssp585","F0","WGOA","Rpath","pcod_rec_pp"
2023,"ATF",1675683.41208411,600902.454188534,9114.887408711,"ssp585","F0","WGOA","Rpath","pcod_rec_pp"
2024,"POL",3257967.66184865,1996468.91876483,0,"ssp585","F0","WGOA","Rpath","pcod_rec_pp"
2024,"COD",321309.132101762,88233.2200763552,0,"ssp585","F0","WGOA","Rpath","pcod_rec_pp"
2024,"ATF",1744221.80044801,645299.778796468,0,"ssp585","F0","WGOA","Rpath","pcod_rec_pp"
2025,"POL",3239968.3280342,1972451.4991887,0,"ssp585","F0","WGOA","Rpath","pcod_rec_pp"
2025,"COD",353443.120855361,96817.6043882708,0,"ssp585","F0","WGOA","Rpath","pcod_rec_pp"
2025,"ATF",1780387.59700615,674980.68511644,0,"ssp585","F0","WGOA","Rpath","pcod_rec_pp"
2026,"POL",3188923.28304897,1924776.56641721,0,"ssp585","F0","WGOA","Rpath","pcod_rec_pp"
2026,"COD",377791.28473967,106697.761885837,0,"ssp585","F0","WGOA","Rpath","pcod_rec_pp"
2026,"ATF",1793513.22717636,690382.474355629,0,"ssp585","F0","WGOA","Rpath","pcod_rec_pp"
2027,"POL",3106506.74313277,1840343.04116646,0,"ssp585","F0","WGOA","Rpath","pcod_rec_pp"
2027,"COD",392981.440830192,114020.061486318,0,"ssp585","F0","WGOA","Rpath","pcod_rec_pp"
2027,"ATF",1768029.3217759,678191.122399671,0,"ssp585","F0","WGOA","Rpath","pcod_rec_pp"
2028,"POL",3217225.69461921,1928805.88556224,0,"ssp585","F0","WGOA","Rpath","pcod_rec_pp"
2028,"COD",409294.996604557,120036.623987841,0,"ssp585","F0","WGOA","Rpath","pcod_rec_pp"
2028,"ATF",1775362.93056894,679786.041566593,0,"ssp585","F0","WGOA","Rpath","pcod_rec_pp"
2029,"POL",2868994.85195929,1685300.19819915,0,"ssp585","F0","WGOA","Rpath","pcod_rec_pp"
2029,"COD",418697.031239291,120295.485803888,0,"ssp585","F0","WGOA","Rpath","pcod_rec_pp"
2029,"ATF",1736213.0457974,653532.350222963,0,"ssp585","F0","WGOA","Rpath","pcod_rec_pp"
2030,"POL",3020259.56333771,1776106.93833957,0,"ssp585","F0","WGOA","Rpath","pcod_rec_pp"
2030,"COD",427089.302367004,118262.102543895,0,"ssp585","F0","WGOA","Rpath","pcod_rec_pp"
2030,"ATF",1709553.89683452,626012.303029507,0,"ssp585","F0","WGOA","Rpath","pcod_rec_pp"
2031,"POL",3006423.68703296,1784607.20258027,0,"ssp585","F0","WGOA","Rpath","pcod_rec_pp"
2031,"COD",438304.889413104,117829.405793681,0,"ssp585","F0","WGOA","Rpath","pcod_rec_pp"
2031,"ATF",1707917.2579822,614059.061770317,0,"ssp585","F0","WGOA","Rpath","pcod_rec_pp"
2032,"POL",2857551.36549548,1665968.35237614,0,"ssp585","F0","WGOA","Rpath","pcod_rec_pp"
2032,"COD",442828.468176456,114507.262731009,0,"ssp585","F0","WGOA","Rpath","pcod_rec_pp"
2032,"ATF",1671611.04070382,586385.415951379,0,"ssp585","F0","WGOA","Rpath","pcod_rec_pp"
2033,"POL",2821827.69858209,1640808.55571613,0,"ssp585","F0","WGOA","Rpath","pcod_rec_pp"
2033,"COD",450535.147781509,112419.825476125,0,"ssp585","F0","WGOA","Rpath","pcod_rec_pp"
2033,"ATF",1649288.2264789,569346.26925914,0,"ssp585","F0","WGOA","Rpath","pcod_rec_pp"
2034,"POL",3014671.62618155,1780708.04893694,0,"ssp585","F0","WGOA","Rpath","pcod_rec_pp"
2034,"COD",461694.676869551,112112.401741411,0,"ssp585","F0","WGOA","Rpath","pcod_rec_pp"
2034,"ATF",1653845.20780985,570603.109794642,0,"ssp585","F0","WGOA","Rpath","pcod_rec_pp"
2035,"POL",3334314.63693265,2049966.64453616,0,"ssp585","F0","WGOA","Rpath","pcod_rec_pp"
2035,"COD",484832.160055996,119076.455187701,0,"ssp585","F0","WGOA","Rpath","pcod_rec_pp"
2035,"ATF",1730288.44474697,620155.118160576,0,"ssp585","F0","WGOA","Rpath","pcod_rec_pp"
2036,"POL",3342346.39948916,2063843.33966329,0,"ssp585","F0","WGOA","Rpath","pcod_rec_pp"
2036,"COD",505678.784654686,127840.586904502,0,"ssp585","F0","WGOA","Rpath","pcod_rec_pp"
2036,"ATF",1790709.14724425,672637.467067937,0,"ssp585","F0","WGOA","Rpath","pcod_rec_pp"
2037,"POL",3264111.19802901,1989052.12591856,0,"ssp585","F0","WGOA","Rpath","pcod_rec_pp"
2037,"COD",516915.139298507,133244.958305524,0,"ssp585","F0","WGOA","Rpath","pcod_rec_pp"
2037,"ATF",1809857.4097092,703228.832340873,0,"ssp585","F0","WGOA","Rpath","pcod_rec_pp"
2038,"POL",2947182.92455567,1722763.04639587,0,"ssp585","F0","WGOA","Rpath","pcod_rec_pp"
2038,"COD",513315.624508632,132205.97000025,0,"ssp585","F0","WGOA","Rpath","pcod_rec_pp"
2038,"ATF",1750235.4133736,680950.327999061,0,"ssp585","F0","WGOA","Rpath","pcod_rec_pp"
2039,"POL",3042622.78727136,1766127.44531596,0,"ssp585","F0","WGOA","Rpath","pcod_rec_pp"
2039,"COD",509740.47680968,131410.643760805,0,"ssp585","F0","WGOA","Rpath","pcod_rec_pp"
2039,"ATF",1706717.08172655,656520.229321958,0,"ssp585","F0","WGOA","Rpath","pcod_rec_pp"
2040,"POL",3234167.29601463,1931901.00799116,0,"ssp585","F0","WGOA","Rpath","pcod_rec_pp"
2040,"COD",516340.461430903,135239.673025248,0,"ssp585","F0","WGOA","Rpath","pcod_rec_pp"
2040,"ATF",1721894.62538003,660344.960338638,0,"ssp585","F0","WGOA","Rpath","pcod_rec_pp"
2041,"POL",3126207.76238547,1873272.69745375,0,"ssp585","F0","WGOA","Rpath","pcod_rec_pp"
2041,"COD",524825.539634348,137619.315220481,0,"ssp585","F0","WGOA","Rpath","pcod_rec_pp"
2041,"ATF",1729145.7631122,657688.284411812,0,"ssp585","F0","WGOA","Rpath","pcod_rec_pp"
2042,"POL",3024550.1110275,1778658.82979484,0,"ssp585","F0","WGOA","Rpath","pcod_rec_pp"
2042,"COD",524744.360029991,133551.771971899,0,"ssp585","F0","WGOA","Rpath","pcod_rec_pp"
2042,"ATF",1701293.30084738,631206.335109022,0,"ssp585","F0","WGOA","Rpath","pcod_rec_pp"
2043,"POL",2913843.31949084,1688680.16743095,0,"ssp585","F0","WGOA","Rpath","pcod_rec_pp"
2043,"COD",520434.028318369,125117.801516898,0,"ssp585","F0","WGOA","Rpath","pcod_rec_pp"
2043,"ATF",1667007.57925072,600774.144525015,0,"ssp585","F0","WGOA","Rpath","pcod_rec_pp"
2044,"POL",3074874.09370727,1807767.72031376,0,"ssp585","F0","WGOA","Rpath","pcod_rec_pp"
2044,"COD",523118.484137077,118107.058927373,0,"ssp585","F0","WGOA","Rpath","pcod_rec_pp"
2044,"ATF",1662911.15465049,588522.514379014,0,"ssp585","F0","WGOA","Rpath","pcod_rec_pp"
2045,"POL",3211072.64680865,1928274.31326662,0,"ssp585","F0","WGOA","Rpath","pcod_rec_pp"
2045,"COD",537311.567328122,119022.62678642,0,"ssp585","F0","WGOA","Rpath","pcod_rec_pp"
2045,"ATF",1693457.37054477,603183.072144747,0,"ssp585","F0","WGOA","Rpath","pcod_rec_pp"
2046,"POL",3331930.76378186,2021366.26595058,0,"ssp585","F0","WGOA","Rpath","pcod_rec_pp"
2046,"COD",553352.085785871,122381.050044963,0,"ssp585","F0","WGOA","Rpath","pcod_rec_pp"
2046,"ATF",1733247.71241933,630640.574614648,0,"ssp585","F0","WGOA","Rpath","pcod_rec_pp"
2047,"POL",3378203.53709438,2047699.05240516,0,"ssp585","F0","WGOA","Rpath","pcod_rec_pp"
2047,"COD",565873.923898929,127310.18025013,0,"ssp585","F0","WGOA","Rpath","pcod_rec_pp"
2047,"ATF",1765126.05209065,658569.695856786,0,"ssp585","F0","WGOA","Rpath","pcod_rec_pp"
2048,"POL",3445028.8016349,2098661.50469056,0,"ssp585","F0","WGOA","Rpath","pcod_rec_pp"
2048,"COD",576980.383363796,134527.971676714,0,"ssp585","F0","WGOA","Rpath","pcod_rec_pp"
2048,"ATF",1803248.66007129,693282.40418972,0,"ssp585","F0","WGOA","Rpath","pcod_rec_pp"
2049,"POL",3296130.00136734,1982397.11214668,0,"ssp585","F0","WGOA","Rpath","pcod_rec_pp"
2049,"COD",579767.430930628,138006.741298279,0,"ssp585","F0","WGOA","Rpath","pcod_rec_pp"
2049,"ATF",1802168.32469977,705161.317817777,0,"ssp585","F0","WGOA","Rpath","pcod_rec_pp"
2050,"POL",3396315.94403177,2029195.82510276,0,"ssp585","F0","WGOA","Rpath","pcod_rec_pp"
2050,"COD",580236.509807249,138601.46708703,0,"ssp585","F0","WGOA","Rpath","pcod_rec_pp"
2050,"ATF",1790958.58430595,703102.755753834,0,"ssp585","F0","WGOA","Rpath","pcod_rec_pp"
2051,"POL",3428944.5130361,2071965.07127305,0,"ssp585","F0","WGOA","Rpath","pcod_rec_pp"
2051,"COD",586898.842670797,143692.256706075,0,"ssp585","F0","WGOA","Rpath","pcod_rec_pp"
2051,"ATF",1810625.00691871,714413.665831815,0,"ssp585","F0","WGOA","Rpath","pcod_rec_pp"
2052,"POL",3359026.62658497,2011644.9235264,0,"ssp585","F0","WGOA","Rpath","pcod_rec_pp"
2052,"COD",584054.811922637,145285.220507405,0,"ssp585","F0","WGOA","Rpath","pcod_rec_pp"
2052,"ATF",1801167.89937636,702777.311816454,0,"ssp585","F0","WGOA","Rpath","pcod_rec_pp"
2053,"POL",3371441.29017713,2022747.41571419,0,"ssp585","F0","WGOA","Rpath","pcod_rec_pp"
2053,"COD",581539.165870992,146624.343939258,0,"ssp585","F0","WGOA","Rpath","pcod_rec_pp"
2053,"ATF",1802055.17981995,692829.885675836,0,"ssp585","F0","WGOA","Rpath","pcod_rec_pp"
2054,"POL",3193506.10794638,1877430.29484513,0,"ssp585","F0","WGOA","Rpath","pcod_rec_pp"
2054,"COD",571785.107992364,143400.872933421,0,"ssp585","F0","WGOA","Rpath","pcod_rec_pp"
2054,"ATF",1764554.35253577,660091.330058424,0,"ssp585","F0","WGOA","Rpath","pcod_rec_pp"
2055,"POL",3226538.90381468,1917912.29071313,0,"ssp585","F0","WGOA","Rpath","pcod_rec_pp"
2055,"COD",570251.859339951,140946.623873131,0,"ssp585","F0","WGOA","Rpath","pcod_rec_pp"
2055,"ATF",1763221.89048935,647011.186109458,0,"ssp585","F0","WGOA","Rpath","pcod_rec_pp"
2056,"POL",3239978.19211233,1918504.97772397,0,"ssp585","F0","WGOA","Rpath","pcod_rec_pp"
2056,"COD",566869.680762886,137373.014639221,0,"ssp585","F0","WGOA","Rpath","pcod_rec_pp"
2056,"ATF",1746138.92896779,628261.248016091,0,"ssp585","F0","WGOA","Rpath","pcod_rec_pp"
2057,"POL",3238804.43194611,1928244.68028935,0,"ssp585","F0","WGOA","Rpath","pcod_rec_pp"
2057,"COD",566665.325819632,134943.14807885,0,"ssp585","F0","WGOA","Rpath","pcod_rec_pp"
2057,"ATF",1748399.45576533,624860.925199374,0,"ssp585","F0","WGOA","Rpath","pcod_rec_pp"
2058,"POL",3178110.24150326,1882171.25450712,0,"ssp585","F0","WGOA","Rpath","pcod_rec_pp"
2058,"COD",564290.30895192,131351.896600243,0,"ssp585","F0","WGOA","Rpath","pcod_rec_pp"
2058,"ATF",1737584.87724418,618546.640496222,0,"ssp585","F0","WGOA","Rpath","pcod_rec_pp"
2059,"POL",3285561.21978738,1963439.85075648,0,"ssp585","F0","WGOA","Rpath","pcod_rec_pp"
2059,"COD",566825.401486453,128662.263379042,0,"ssp585","F0","WGOA","Rpath","pcod_rec_pp"
2059,"ATF",1747022.13050544,626734.696072252,0,"ssp585","F0","WGOA","Rpath","pcod_rec_pp"
2060,"POL",3510298.91019131,2143064.97905952,0,"ssp585","F0","WGOA","Rpath","pcod_rec_pp"
2060,"COD",578627.052519158,130414.76444523,0,"ssp585","F0","WGOA","Rpath","pcod_rec_pp"
2060,"ATF",1792252.22829222,660048.769462855,0,"ssp585","F0","WGOA","Rpath","pcod_rec_pp"
2061,"POL",3374049.80234277,2041704.11181497,0,"ssp585","F0","WGOA","Rpath","pcod_rec_pp"
2061,"COD",582589.752373762,132042.645915186,0,"ssp585","F0","WGOA","Rpath","pcod_rec_pp"
2061,"ATF",1804780.32646117,680239.927323883,0,"ssp585","F0","WGOA","Rpath","pcod_rec_pp"
2062,"POL",3485672.17987249,2102451.24678901,0,"ssp585","F0","WGOA","Rpath","pcod_rec_pp"
2062,"COD",586224.532928274,135766.471115994,0,"ssp585","F0","WGOA","Rpath","pcod_rec_pp"
2062,"ATF",1813585.43949574,694994.121987912,0,"ssp585","F0","WGOA","Rpath","pcod_rec_pp"
2063,"POL",3549078.01278951,2151330.35139214,0,"ssp585","F0","WGOA","Rpath","pcod_rec_pp"
2063,"COD",591852.189585683,143652.348094214,0,"ssp585","F0","WGOA","Rpath","pcod_rec_pp"
2063,"ATF",1836378.49651404,716013.362077313,0,"ssp585","F0","WGOA","Rpath","pcod_rec_pp"
2064,"POL",3545230.3036698,2155606.7172593,0,"ssp585","F0","WGOA","Rpath","pcod_rec_pp"
2064,"COD",593163.384318994,152479.385160487,0,"ssp585","F0","WGOA","Rpath","pcod_rec_pp"
2064,"ATF",1856698.41610962,732361.570421411,0,"ssp585","F0","WGOA","Rpath","pcod_rec_pp"
2065,"POL",3311455.95117182,1966521.61143818,0,"ssp585","F0","WGOA","Rpath","pcod_rec_pp"
2065,"COD",583077.030501131,153550.09881523,0,"ssp585","F0","WGOA","Rpath","pcod_rec_pp"
2065,"ATF",1824581.67204168,713157.366043364,0,"ssp585","F0","WGOA","Rpath","pcod_rec_pp"
2066,"POL",3250857.72221783,1903704.91601226,0,"ssp585","F0","WGOA","Rpath","pcod_rec_pp"
2066,"COD",570353.154858934,152181.277159005,0,"ssp585","F0","WGOA","Rpath","pcod_rec_pp"
2066,"ATF",1783604.94359039,680822.307954612,0,"ssp585","F0","WGOA","Rpath","pcod_rec_pp"
2067,"POL",3297049.61152662,1946159.71490513,0,"ssp585","F0","WGOA","Rpath","pcod_rec_pp"
2067,"COD",561661.487114128,149508.131819364,0,"ssp585","F0","WGOA","Rpath","pcod_rec_pp"
2067,"ATF",1769860.27025967,660004.31030126,0,"ssp585","F0","WGOA","Rpath","pcod_rec_pp"
2068,"POL",3435440.61184258,2064353.8198941,0,"ssp585","F0","WGOA","Rpath","pcod_rec_pp"
2068,"COD",562178.603305703,150101.144125589,0,"ssp585","F0","WGOA","Rpath","pcod_rec_pp"
2068,"ATF",1785336.86775768,656020.504071219,0,"ssp585","F0","WGOA","Rpath","pcod_rec_pp"
2069,"POL",3506366.63051062,2132560.6904182,0,"ssp585","F0","WGOA","Rpath","pcod_rec_pp"
2069,"COD",565177.083832954,154754.874464599,0,"ssp585","F0","WGOA","Rpath","pcod_rec_pp"
2069,"ATF",1818228.57249904,666808.225232995,0,"ssp585","F0","WGOA","Rpath","pcod_rec_pp"
2070,"POL",3485090.35395806,2115088.59964443,0,"ssp585","F0","WGOA","Rpath","pcod_rec_pp"
2070,"COD",562446.011234791,156143.103642719,0,"ssp585","F0","WGOA","Rpath","pcod_rec_pp"
2070,"ATF",1838062.88384666,675935.196417358,0,"ssp585","F0","WGOA","Rpath","pcod_rec_pp"
2071,"POL",3648149.73614319,2236152.33745429,0,"ssp585","F0","WGOA","Rpath","pcod_rec_pp"
2071,"COD",567015.245644641,159151.182647752,0,"ssp585","F0","WGOA","Rpath","pcod_rec_pp"
2071,"ATF",1877779.1126279,700813.979779219,0,"ssp585","F0","WGOA","Rpath","pcod_rec_pp"
2072,"POL",3600419.48854804,2203252.3480477,0,"ssp585","F0","WGOA","Rpath","pcod_rec_pp"
2072,"COD",568858.032396419,164987.212916367,0,"ssp585","F0","WGOA","Rpath","pcod_rec_pp"
2072,"ATF",1901879.43310222,723151.715043598,0,"ssp585","F0","WGOA","Rpath","pcod_rec_pp"
2073,"POL",3491369.65932799,2106046.10960739,0,"ssp585","F0","WGOA","Rpath","pcod_rec_pp"
2073,"COD",559878.549722166,164099.623867619,0,"ssp585","F0","WGOA","Rpath","pcod_rec_pp"
2073,"ATF",1888836.11161602,723459.097218939,0,"ssp585","F0","WGOA","Rpath","pcod_rec_pp"
2074,"POL",3468768.40614355,2078297.42948169,0,"ssp585","F0","WGOA","Rpath","pcod_rec_pp"
2074,"COD",549711.092873109,162724.200642757,0,"ssp585","F0","WGOA","Rpath","pcod_rec_pp"
2074,"ATF",1872090.9435969,716720.025724988,0,"ssp585","F0","WGOA","Rpath","pcod_rec_pp"
2075,"POL",3504790.17956896,2119179.250501,0,"ssp585","F0","WGOA","Rpath","pcod_rec_pp"
2075,"COD",547158.265679989,165631.519957079,0,"ssp585","F0","WGOA","Rpath","pcod_rec_pp"
2075,"ATF",1878171.32783625,718984.469952337,0,"ssp585","F0","WGOA","Rpath","pcod_rec_pp"
2076,"POL",3715379.84615386,2281265.14787076,0,"ssp585","F0","WGOA","Rpath","pcod_rec_pp"
2076,"COD",550368.719253864,169599.567236914,0,"ssp585","F0","WGOA","Rpath","pcod_rec_pp"
2076,"ATF",1907810.10454007,731167.376461986,0,"ssp585","F0","WGOA","Rpath","pcod_rec_pp"
2077,"POL",3740480.23115271,2321016.45123302,0,"ssp585","F0","WGOA","Rpath","pcod_rec_pp"
2077,"COD",554440.551805479,177490.786467441,0,"ssp585","F0","WGOA","Rpath","pcod_rec_pp"
2077,"ATF",1954735.25480353,755385.933948375,0,"ssp585","F0","WGOA","Rpath","pcod_rec_pp"
2078,"POL",3673102.60455952,2267533.40160517,0,"ssp585","F0","WGOA","Rpath","pcod_rec_pp"
2078,"COD",552013.332672684,179270.186023809,0,"ssp585","F0","WGOA","Rpath","pcod_rec_pp"
2078,"ATF",1972994.50500371,763255.53362322,0,"ssp585","F0","WGOA","Rpath","pcod_rec_pp"
2079,"POL",3532741.7264775,2148632.36495484,0,"ssp585","F0","WGOA","Rpath","pcod_rec_pp"
2079,"COD",544562.371990124,174655.857568095,0,"ssp585","F0","WGOA","Rpath","pcod_rec_pp"
2079,"ATF",1958026.96941785,751203.029468045,0,"ssp585","F0","WGOA","Rpath","pcod_rec_pp"
2080,"POL",3499678.35729041,2112710.98046468,0,"ssp585","F0","WGOA","Rpath","pcod_rec_pp"
2080,"COD",534809.42199485,167182.348488803,0,"ssp585","F0","WGOA","Rpath","pcod_rec_pp"
2080,"ATF",1935788.70139597,732641.934841326,0,"ssp585","F0","WGOA","Rpath","pcod_rec_pp"
2081,"POL",3432703.03373971,2066928.98684917,0,"ssp585","F0","WGOA","Rpath","pcod_rec_pp"
2081,"COD",525333.257359196,162536.99345962,0,"ssp585","F0","WGOA","Rpath","pcod_rec_pp"
2081,"ATF",1916326.13486084,715015.44149081,0,"ssp585","F0","WGOA","Rpath","pcod_rec_pp"
2082,"POL",3364247.14570482,2026791.49634567,0,"ssp585","F0","WGOA","Rpath","pcod_rec_pp"
2082,"COD",517442.112987386,161962.363235352,0,"ssp585","F0","WGOA","Rpath","pcod_rec_pp"
2082,"ATF",1900196.28279932,698981.75180293,0,"ssp585","F0","WGOA","Rpath","pcod_rec_pp"
2083,"POL",3341490.14303605,2001073.92694486,0,"ssp585","F0","WGOA","Rpath","pcod_rec_pp"
2083,"COD",512179.123158712,160706.539604319,0,"ssp585","F0","WGOA","Rpath","pcod_rec_pp"
2083,"ATF",1873986.79249563,677005.415348655,0,"ssp585","F0","WGOA","Rpath","pcod_rec_pp"
2084,"POL",3432972.89053517,2092560.73233918,0,"ssp585","F0","WGOA","Rpath","pcod_rec_pp"
2084,"COD",515884.884140286,162923.2702433,0,"ssp585","F0","WGOA","Rpath","pcod_rec_pp"
2084,"ATF",1891728.80546221,681635.669159614,0,"ssp585","F0","WGOA","Rpath","pcod_rec_pp"
2085,"POL",3433978.66406364,2097389.35215474,0,"ssp585","F0","WGOA","Rpath","pcod_rec_pp"
2085,"COD",515519.009656761,161243.11113938,0,"ssp585","F0","WGOA","Rpath","pcod_rec_pp"
2085,"ATF",1900419.34076648,686614.538177035,0,"ssp585","F0","WGOA","Rpath","pcod_rec_pp"
2086,"POL",3408980.47924277,2072796.28478867,0,"ssp585","F0","WGOA","Rpath","pcod_rec_pp"
2086,"COD",511761.293308777,154941.148081027,0,"ssp585","F0","WGOA","Rpath","pcod_rec_pp"
2086,"ATF",1900339.1962076,690914.525552628,0,"ssp585","F0","WGOA","Rpath","pcod_rec_pp"
2087,"POL",3417641.39736922,2074517.65296319,0,"ssp585","F0","WGOA","Rpath","pcod_rec_pp"
2087,"COD",510382.201802564,149752.398885219,0,"ssp585","F0","WGOA","Rpath","pcod_rec_pp"
2087,"ATF",1899501.69570492,697117.853751632,0,"ssp585","F0","WGOA","Rpath","pcod_rec_pp"
2088,"POL",3516200.23889354,2151475.99872536,0,"ssp585","F0","WGOA","Rpath","pcod_rec_pp"
2088,"COD",512607.961245857,149428.030044044,0,"ssp585","F0","WGOA","Rpath","pcod_rec_pp"
2088,"ATF",1914636.88962207,713127.935581491,0,"ssp585","F0","WGOA","Rpath","pcod_rec_pp"
2089,"POL",3418346.7228313,2082395.3242599,0,"ssp585","F0","WGOA","Rpath","pcod_rec_pp"
2089,"COD",512706.840941726,154360.16517651,0,"ssp585","F0","WGOA","Rpath","pcod_rec_pp"
2089,"ATF",1913800.11340941,721023.656547345,0,"ssp585","F0","WGOA","Rpath","pcod_rec_pp"
2090,"POL",3367517.81261089,2020170.08946557,0,"ssp585","F0","WGOA","Rpath","pcod_rec_pp"
2090,"COD",506247.182420171,159872.625099191,0,"ssp585","F0","WGOA","Rpath","pcod_rec_pp"
2090,"ATF",1884347.89993354,708167.641253654,0,"ssp585","F0","WGOA","Rpath","pcod_rec_pp"
2091,"POL",3555797.87137508,2168011.26899523,0,"ssp585","F0","WGOA","Rpath","pcod_rec_pp"
2091,"COD",504302.533510595,166705.111661721,0,"ssp585","F0","WGOA","Rpath","pcod_rec_pp"
2091,"ATF",1903061.24607027,719274.503513528,0,"ssp585","F0","WGOA","Rpath","pcod_rec_pp"
2092,"POL",3625487.20401433,2235683.40933021,0,"ssp585","F0","WGOA","Rpath","pcod_rec_pp"
2092,"COD",504326.927988666,174126.097599123,0,"ssp585","F0","WGOA","Rpath","pcod_rec_pp"
2092,"ATF",1935950.46975941,738911.367667945,0,"ssp585","F0","WGOA","Rpath","pcod_rec_pp"
2093,"POL",3582528.45554533,2196710.08881083,0,"ssp585","F0","WGOA","Rpath","pcod_rec_pp"
2093,"COD",501335.005036538,180235.285710535,0,"ssp585","F0","WGOA","Rpath","pcod_rec_pp"
2093,"ATF",1946240.89899929,745118.582934309,0,"ssp585","F0","WGOA","Rpath","pcod_rec_pp"
2094,"POL",3442991.48559745,2084643.99119495,0,"ssp585","F0","WGOA","Rpath","pcod_rec_pp"
2094,"COD",495830.994837195,182914.898109281,0,"ssp585","F0","WGOA","Rpath","pcod_rec_pp"
2094,"ATF",1933337.01015983,736387.529779032,0,"ssp585","F0","WGOA","Rpath","pcod_rec_pp"
2095,"POL",3605063.75078498,2197541.20961482,0,"ssp585","F0","WGOA","Rpath","pcod_rec_pp"
2095,"COD",492972.260044587,184872.342597116,0,"ssp585","F0","WGOA","Rpath","pcod_rec_pp"
2095,"ATF",1940202.24302928,734787.149642621,0,"ssp585","F0","WGOA","Rpath","pcod_rec_pp"
2096,"POL",3540473.36001634,2172719.52749298,0,"ssp585","F0","WGOA","Rpath","pcod_rec_pp"
2096,"COD",496834.392968835,184514.053334876,0,"ssp585","F0","WGOA","Rpath","pcod_rec_pp"
2096,"ATF",1957906.65254908,742016.448867589,0,"ssp585","F0","WGOA","Rpath","pcod_rec_pp"
2097,"POL",3709228.33390191,2290984.80544846,0,"ssp585","F0","WGOA","Rpath","pcod_rec_pp"
2097,"COD",503159.594537315,177933.921111428,0,"ssp585","F0","WGOA","Rpath","pcod_rec_pp"
2097,"ATF",1978606.33971467,749593.200862192,0,"ssp585","F0","WGOA","Rpath","pcod_rec_pp"
2098,"POL",3685985.67247014,2307034.27077551,0,"ssp585","F0","WGOA","Rpath","pcod_rec_pp"
2098,"COD",511336.75024686,170117.734505069,0,"ssp585","F0","WGOA","Rpath","pcod_rec_pp"
2098,"ATF",2027977.11603077,777569.813207183,0,"ssp585","F0","WGOA","Rpath","pcod_rec_pp"
2099,"POL",3458225.03607229,2105620.35611948,0,"ssp585","F0","WGOA","Rpath","pcod_rec_pp"
2099,"COD",510747.381072904,154228.135682216,0,"ssp585","F0","WGOA","Rpath","pcod_rec_pp"
2099,"ATF",1988994.89903981,754146.848322329,0,"ssp585","F0","WGOA","Rpath","pcod_rec_pp"
1991,"POL",2884927.16511783,1690895.40603404,87828.010002781,"persistence","Fmean","WGOA","Rpath","pcod_rec_pp"
1991,"COD",399280.293878193,93224.2373585632,64466.829990571,"persistence","Fmean","WGOA","Rpath","pcod_rec_pp"
1991,"ATF",1554327.80462664,597326.97740596,16958.380011156,"persistence","Fmean","WGOA","Rpath","pcod_rec_pp"
1992,"POL",2892495.91324268,1696087.27813365,90585.189961806,"persistence","Fmean","WGOA","Rpath","pcod_rec_pp"
1992,"COD",371842.900083054,88999.2287874369,78966.500089317,"persistence","Fmean","WGOA","Rpath","pcod_rec_pp"
1992,"ATF",1551901.37581743,598021.211707819,20482.180062468,"persistence","Fmean","WGOA","Rpath","pcod_rec_pp"
1993,"POL",2886917.46017875,1690078.21042351,108230.180085742,"persistence","Fmean","WGOA","Rpath","pcod_rec_pp"
1993,"COD",375328.175429555,91984.46817467,45849.170066118,"persistence","Fmean","WGOA","Rpath","pcod_rec_pp"
1993,"ATF",1551566.34683954,599298.159270716,18294.449920618,"persistence","Fmean","WGOA","Rpath","pcod_rec_pp"
1994,"POL",2891612.89701311,1691340.87032149,100412.359942985,"persistence","Fmean","WGOA","Rpath","pcod_rec_pp"
1994,"COD",374238.505424238,92168.0244909248,45610.579965874,"persistence","Fmean","WGOA","Rpath","pcod_rec_pp"
1994,"ATF",1547453.431915,598480.508802417,21993.239976229,"persistence","Fmean","WGOA","Rpath","pcod_rec_pp"
1995,"POL",2920445.2429594,1709974.75171492,69168.129925675,"persistence","Fmean","WGOA","Rpath","pcod_rec_pp"
1995,"COD",354241.118245692,88060.9264831689,67907.179992219,"persistence","Fmean","WGOA","Rpath","pcod_rec_pp"
1995,"ATF",1548788.07321952,599203.455585779,17415.490044603,"persistence","Fmean","WGOA","Rpath","pcod_rec_pp"
1996,"POL",2949537.49989699,1727520.76771419,49825.8700384,"persistence","Fmean","WGOA","Rpath","pcod_rec_pp"
1996,"COD",348901.269856949,89289.8998161644,55391.660096973,"persistence","Fmean","WGOA","Rpath","pcod_rec_pp"
1996,"ATF",1545296.54167072,597141.15385086,21555.609900557,"persistence","Fmean","WGOA","Rpath","pcod_rec_pp"
1997,"POL",2946193.76182491,1722365.56372477,84179.649971753,"persistence","Fmean","WGOA","Rpath","pcod_rec_pp"
1997,"COD",339607.871812025,88455.8466619866,58920.579990637,"persistence","Fmean","WGOA","Rpath","pcod_rec_pp"
1997,"ATF",1547340.93937387,596389.731746862,14758.279890696,"persistence","Fmean","WGOA","Rpath","pcod_rec_pp"
1998,"POL",3007840.54757787,1762267.82292695,5428.379997642,"persistence","Fmean","WGOA","Rpath","pcod_rec_pp"
1998,"COD",338402.008126062,87897.0996300377,50218.950113863,"persistence","Fmean","WGOA","Rpath","pcod_rec_pp"
1998,"ATF",1552042.17068945,596282.511778416,12377.190009373,"persistence","Fmean","WGOA","Rpath","pcod_rec_pp"
1999,"POL",2993956.26360435,1751820.3586859,90556.900062537,"persistence","Fmean","WGOA","Rpath","pcod_rec_pp"
1999,"COD",323385.504513683,83134.3281978233,66264.67009813,"persistence","Fmean","WGOA","Rpath","pcod_rec_pp"
1999,"ATF",1556822.57219736,596729.653748177,14649.229924965,"persistence","Fmean","WGOA","Rpath","pcod_rec_pp"
2000,"POL",3049484.66889728,1789601.2235707,5552.830105466,"persistence","Fmean","WGOA","Rpath","pcod_rec_pp"
2000,"COD",321234.70478313,82993.6306736087,53384.869944958,"persistence","Fmean","WGOA","Rpath","pcod_rec_pp"
2000,"ATF",1555589.60333769,595731.530286997,22993.75009338,"persistence","Fmean","WGOA","Rpath","pcod_rec_pp"
2001,"POL",3082953.38628358,1808450.38491623,3452.299978517,"persistence","Fmean","WGOA","Rpath","pcod_rec_pp"
2001,"COD",327836.052151014,85350.6677932879,40517.409954733,"persistence","Fmean","WGOA","Rpath","pcod_rec_pp"
2001,"ATF",1559150.39699574,597017.281545479,17416.199986059,"persistence","Fmean","WGOA","Rpath","pcod_rec_pp"
2002,"POL",3117695.91098478,1828996.8919311,1698.029945361,"persistence","Fmean","WGOA","Rpath","pcod_rec_pp"
2002,"COD",329657.199807253,86672.396799144,41567.989960821,"persistence","Fmean","WGOA","Rpath","pcod_rec_pp"
2002,"ATF",1561074.36729579,598208.760306624,20173.560012907,"persistence","Fmean","WGOA","Rpath","pcod_rec_pp"
2003,"POL",3105660.59060301,1817041.08768011,48590.077011908,"persistence","Fmean","WGOA","Rpath","pcod_rec_pp"
2003,"COD",321002.232869284,86072.6548698382,52365.755088864,"persistence","Fmean","WGOA","Rpath","pcod_rec_pp"
2003,"ATF",1552272.45436907,595288.634146958,30169.771891001,"persistence","Fmean","WGOA","Rpath","pcod_rec_pp"
2004,"POL",3100496.17999595,1811816.72016729,62434.439922489,"persistence","Fmean","WGOA","Rpath","pcod_rec_pp"
2004,"COD",310907.346053104,86861.6844619175,56450.241969657,"persistence","Fmean","WGOA","Rpath","pcod_rec_pp"
2004,"ATF",1557805.52630999,597533.747722124,15634.908041003,"persistence","Fmean","WGOA","Rpath","pcod_rec_pp"
2005,"POL",3085140.75609541,1801622.59658072,78302.791927256,"persistence","Fmean","WGOA","Rpath","pcod_rec_pp"
2005,"COD",308747.712383036,89355.0329510825,47523.779925577,"persistence","Fmean","WGOA","Rpath","pcod_rec_pp"
2005,"ATF",1557456.93296847,596651.527725103,19923.573051558,"persistence","Fmean","WGOA","Rpath","pcod_rec_pp"
2006,"POL",3088115.70042571,1805154.79373703,68928.307992488,"persistence","Fmean","WGOA","Rpath","pcod_rec_pp"
2006,"COD",305285.425387622,89662.8420266119,47767.079961499,"persistence","Fmean","WGOA","Rpath","pcod_rec_pp"
2006,"ATF",1552052.55675712,593803.972010943,27622.698918064,"persistence","Fmean","WGOA","Rpath","pcod_rec_pp"
2007,"POL",3108388.6659623,1820162.18935033,51572.307003871,"persistence","Fmean","WGOA","Rpath","pcod_rec_pp"
2007,"COD",298656.827987615,86970.5841575916,51812.178003779,"persistence","Fmean","WGOA","Rpath","pcod_rec_pp"
2007,"ATF",1552833.11070127,593773.096946291,25346.986980543,"persistence","Fmean","WGOA","Rpath","pcod_rec_pp"
2008,"POL",3122657.32782491,1829614.82622622,50786.206014733,"persistence","Fmean","WGOA","Rpath","pcod_rec_pp"
2008,"COD",288014.19715692,83738.4257426123,58386.384025578,"persistence","Fmean","WGOA","Rpath","pcod_rec_pp"
2008,"ATF",1551453.5168298,592951.977723493,29205.939969489,"persistence","Fmean","WGOA","Rpath","pcod_rec_pp"
2009,"POL",3143273.39859891,1841984.8200306,41549.503075916,"persistence","Fmean","WGOA","Rpath","pcod_rec_pp"
2009,"COD",284535.848347064,83301.5655360441,51788.980009351,"persistence","Fmean","WGOA","Rpath","pcod_rec_pp"
2009,"ATF",1555113.02563569,594046.266118116,24831.742038702,"persistence","Fmean","WGOA","Rpath","pcod_rec_pp"
2010,"POL",3136117.03112817,1835292.14585186,73443.384226643,"persistence","Fmean","WGOA","Rpath","pcod_rec_pp"
2010,"COD",260387.074378808,76717.5680514182,76954.154598455,"persistence","Fmean","WGOA","Rpath","pcod_rec_pp"
2010,"ATF",1558263.17274182,594362.564843561,24339.446470918,"persistence","Fmean","WGOA","Rpath","pcod_rec_pp"
2011,"POL",3141056.08768375,1838289.75061505,77694.479623666,"persistence","Fmean","WGOA","Rpath","pcod_rec_pp"
2011,"COD",234318.516143285,69543.3060352226,83710.475394165,"persistence","Fmean","WGOA","Rpath","pcod_rec_pp"
2011,"ATF",1557071.61028742,592792.103233455,30911.821764055,"persistence","Fmean","WGOA","Rpath","pcod_rec_pp"
2012,"POL",3133568.47204365,1833854.71164897,98934.691224094,"persistence","Fmean","WGOA","Rpath","pcod_rec_pp"
2012,"COD",216652.39880077,64116.8215124414,76871.109994854,"persistence","Fmean","WGOA","Rpath","pcod_rec_pp"
2012,"ATF",1567597.98995377,595605.767059271,20761.909908427,"persistence","Fmean","WGOA","Rpath","pcod_rec_pp"
2013,"POL",3129803.3271359,1832301.64727678,90796.631609659,"persistence","Fmean","WGOA","Rpath","pcod_rec_pp"
2013,"COD",207097.746004189,61173.0549874287,66829.781618954,"persistence","Fmean","WGOA","Rpath","pcod_rec_pp"
2013,"ATF",1575636.64297929,596480.791969859,21809.3123161,"persistence","Fmean","WGOA","Rpath","pcod_rec_pp"
2014,"POL",3087331.43236134,1803398.13573914,138948.061996125,"persistence","Fmean","WGOA","Rpath","pcod_rec_pp"
2014,"COD",180191.44732662,54326.1747660013,83491.72820457,"persistence","Fmean","WGOA","Rpath","pcod_rec_pp"
2014,"ATF",1567912.16262094,590069.752717628,36524.501530691,"persistence","Fmean","WGOA","Rpath","pcod_rec_pp"
2015,"POL",3045526.28555765,1775739.07919012,162807.64603073,"persistence","Fmean","WGOA","Rpath","pcod_rec_pp"
2015,"COD",157932.722055918,48934.4411406065,77689.992014231,"persistence","Fmean","WGOA","Rpath","pcod_rec_pp"
2015,"ATF",1577268.81804826,588791.535950363,19296.587221708,"persistence","Fmean","WGOA","Rpath","pcod_rec_pp"
2016,"POL",3007798.29217938,1753763.79832681,173086.352394527,"persistence","Fmean","WGOA","Rpath","pcod_rec_pp"
2016,"COD",147656.615382295,47339.0097704077,62867.327429592,"persistence","Fmean","WGOA","Rpath","pcod_rec_pp"
2016,"ATF",1586289.94323646,586210.878732567,19976.294186812,"persistence","Fmean","WGOA","Rpath","pcod_rec_pp"
2017,"POL",2976739.35759481,1738811.22499638,184220.028529305,"persistence","Fmean","WGOA","Rpath","pcod_rec_pp"
2017,"COD",147736.144697943,50239.6743054142,48204.214674581,"persistence","Fmean","WGOA","Rpath","pcod_rec_pp"
2017,"ATF",1591593.27599985,581990.660087748,27053.508990172,"persistence","Fmean","WGOA","Rpath","pcod_rec_pp"
2018,"POL",2968841.33230651,1740812.46211736,150815.192171791,"persistence","Fmean","WGOA","Rpath","pcod_rec_pp"
2018,"COD",174522.229212124,61112.9039308985,14681.29819652,"persistence","Fmean","WGOA","Rpath","pcod_rec_pp"
2018,"ATF",1607270.2111573,582229.748408732,18870.25094355,"persistence","Fmean","WGOA","Rpath","pcod_rec_pp"
2019,"POL",2976191.20523764,1750709.51749398,110649.271555557,"persistence","Fmean","WGOA","Rpath","pcod_rec_pp"
2019,"COD",197788.813002527,66355.8766877763,15200.420583165,"persistence","Fmean","WGOA","Rpath","pcod_rec_pp"
2019,"ATF",1614692.32773615,580069.536802079,24567.051964421,"persistence","Fmean","WGOA","Rpath","pcod_rec_pp"
2020,"POL",2989800.23372154,1764764.17925614,99971.064888454,"persistence","Fmean","WGOA","Rpath","pcod_rec_pp"
2020,"COD",228117.246163443,75554.157695705,6085.249338733,"persistence","Fmean","WGOA","Rpath","pcod_rec_pp"
2020,"ATF",1626337.87888343,581528.262199006,21115.899302007,"persistence","Fmean","WGOA","Rpath","pcod_rec_pp"
2021,"POL",2895986.76918547,1704616.09661021,234794.642041679,"persistence","Fmean","WGOA","Rpath","pcod_rec_pp"
2021,"COD",211867.500274443,68663.2070149424,59686.0561613451,"persistence","Fmean","WGOA","Rpath","pcod_rec_pp"
2021,"ATF",1625228.73737207,580512.113591112,32525.4799261467,"persistence","Fmean","WGOA","Rpath","pcod_rec_pp"
2022,"POL",2815689.97117089,1654975.16414609,259664.773270618,"persistence","Fmean","WGOA","Rpath","pcod_rec_pp"
2022,"COD",201770.695321023,61680.9113554434,63520.2256121953,"persistence","Fmean","WGOA","Rpath","pcod_rec_pp"
2022,"ATF",1622599.48417577,581039.457377539,34187.4966497165,"persistence","Fmean","WGOA","Rpath","pcod_rec_pp"
2023,"POL",2757029.51199184,1619047.20839772,257435.488734936,"persistence","Fmean","WGOA","Rpath","pcod_rec_pp"
2023,"COD",201108.065758737,55838.0930404049,58203.2639837456,"persistence","Fmean","WGOA","Rpath","pcod_rec_pp"
2023,"ATF",1620485.60267938,582891.976859497,31733.1084927779,"persistence","Fmean","WGOA","Rpath","pcod_rec_pp"
2024,"POL",2803699.80530185,1655397.96844378,132412.435513392,"persistence","Fmean","WGOA","Rpath","pcod_rec_pp"
2024,"COD",218361.64618225,56963.2999970509,39127.9675459549,"persistence","Fmean","WGOA","Rpath","pcod_rec_pp"
2024,"ATF",1626941.42595439,588368.464838892,22641.9550209167,"persistence","Fmean","WGOA","Rpath","pcod_rec_pp"
2025,"POL",2830359.236188,1674880.49273351,134391.315652263,"persistence","Fmean","WGOA","Rpath","pcod_rec_pp"
2025,"COD",231267.725030072,58979.7879929515,42309.363722159,"persistence","Fmean","WGOA","Rpath","pcod_rec_pp"
2025,"ATF",1633286.32239966,593466.701661901,22730.1783706509,"persistence","Fmean","WGOA","Rpath","pcod_rec_pp"
2026,"POL",2851741.23740308,1689606.34515192,135529.228911657,"persistence","Fmean","WGOA","Rpath","pcod_rec_pp"
2026,"COD",242204.520373909,62549.7349279397,44612.1918274779,"persistence","Fmean","WGOA","Rpath","pcod_rec_pp"
2026,"ATF",1640631.28416998,598340.147340273,22825.998769556,"persistence","Fmean","WGOA","Rpath","pcod_rec_pp"
2027,"POL",2868055.48347647,1699664.66438206,136458.631211698,"persistence","Fmean","WGOA","Rpath","pcod_rec_pp"
2027,"COD",252294.104171625,65774.9222104081,46565.0842743678,"persistence","Fmean","WGOA","Rpath","pcod_rec_pp"
2027,"ATF",1647653.358903,602454.254493266,22927.1849425708,"persistence","Fmean","WGOA","Rpath","pcod_rec_pp"
2028,"POL",2879911.51872551,1706675.93005738,137181.649823092,"persistence","Fmean","WGOA","Rpath","pcod_rec_pp"
2028,"COD",261914.205839343,67217.2879691219,48371.9233267839,"persistence","Fmean","WGOA","Rpath","pcod_rec_pp"
2028,"ATF",1653719.89252812,606015.257204183,23019.3023615872,"persistence","Fmean","WGOA","Rpath","pcod_rec_pp"
2029,"POL",2888255.29307,1711683.32776392,137722.534650717,"persistence","Fmean","WGOA","Rpath","pcod_rec_pp"
2029,"COD",270980.890635866,67214.5167136845,50162.5045019436,"persistence","Fmean","WGOA","Rpath","pcod_rec_pp"
2029,"ATF",1658700.41094724,609162.554620128,23097.1273923125,"persistence","Fmean","WGOA","Rpath","pcod_rec_pp"
2030,"POL",2893738.51059635,1715116.27009615,138104.552967903,"persistence","Fmean","WGOA","Rpath","pcod_rec_pp"
2030,"COD",279131.452160393,66666.7709531401,51935.6451867562,"persistence","Fmean","WGOA","Rpath","pcod_rec_pp"
2030,"ATF",1662713.69262857,611745.976300996,23160.5984185189,"persistence","Fmean","WGOA","Rpath","pcod_rec_pp"
2031,"POL",2896847.02881928,1717151.4839261,138348.886936551,"persistence","Fmean","WGOA","Rpath","pcod_rec_pp"
2031,"COD",285946.240208573,66433.3478305959,53566.8254670117,"persistence","Fmean","WGOA","Rpath","pcod_rec_pp"
2031,"ATF",1665922.38029207,613614.135010571,23211.6429527576,"persistence","Fmean","WGOA","Rpath","pcod_rec_pp"
2032,"POL",2898012.35551374,1717981.57888768,138478.959016709,"persistence","Fmean","WGOA","Rpath","pcod_rec_pp"
2032,"COD",291197.904137518,67138.6732540941,54921.1295776838,"persistence","Fmean","WGOA","Rpath","pcod_rec_pp"
2032,"ATF",1668462.83911334,614868.251035644,23252.3315358787,"persistence","Fmean","WGOA","Rpath","pcod_rec_pp"
2033,"POL",2897597.35039375,1717841.14425033,138517.505614284,"persistence","Fmean","WGOA","Rpath","pcod_rec_pp"
2033,"COD",294962.543765826,68766.2762567281,55926.4134308838,"persistence","Fmean","WGOA","Rpath","pcod_rec_pp"
2033,"ATF",1670443.11620723,615675.869327053,23284.3668948425,"persistence","Fmean","WGOA","Rpath","pcod_rec_pp"
2034,"POL",2895868.78559493,1716939.02479288,138482.130440559,"persistence","Fmean","WGOA","Rpath","pcod_rec_pp"
2034,"COD",297537.709830328,70878.3053384212,56592.2654020882,"persistence","Fmean","WGOA","Rpath","pcod_rec_pp"
2034,"ATF",1671953.9437971,616157.567882139,23309.1156736125,"persistence","Fmean","WGOA","Rpath","pcod_rec_pp"
2035,"POL",2893008.34435764,1715412.510758,138383.805000047,"persistence","Fmean","WGOA","Rpath","pcod_rec_pp"
2035,"COD",299302.096158504,72815.2787106039,56997.0076120318,"persistence","Fmean","WGOA","Rpath","pcod_rec_pp"
2035,"ATF",1673075.89585963,616365.046194846,23327.7808816108,"persistence","Fmean","WGOA","Rpath","pcod_rec_pp"
2036,"POL",2889157.78418407,1713336.37991812,138228.934475797,"persistence","Fmean","WGOA","Rpath","pcod_rec_pp"
2036,"COD",300579.190047579,74094.9929577852,57246.3414253066,"persistence","Fmean","WGOA","Rpath","pcod_rec_pp"
2036,"ATF",1673880.63509471,616323.442237131,23341.4735151297,"persistence","Fmean","WGOA","Rpath","pcod_rec_pp"
2037,"POL",2884466.64703146,1710764.98598444,138023.027917754,"persistence","Fmean","WGOA","Rpath","pcod_rec_pp"
2037,"COD",301567.628251355,74575.930864951,57431.0579767139,"persistence","Fmean","WGOA","Rpath","pcod_rec_pp"
2037,"ATF",1674428.56408931,616069.753279016,23351.174241999,"persistence","Fmean","WGOA","Rpath","pcod_rec_pp"
2038,"POL",2879120.68435876,1707772.91244386,137773.675953989,"persistence","Fmean","WGOA","Rpath","pcod_rec_pp"
2038,"COD",302325.065904339,74470.9522046797,57598.7970891404,"persistence","Fmean","WGOA","Rpath","pcod_rec_pp"
2038,"ATF",1674766.749054,615659.74306939,23357.6616464793,"persistence","Fmean","WGOA","Rpath","pcod_rec_pp"
2039,"POL",2873337.53228497,1704469.16479484,137491.415005699,"persistence","Fmean","WGOA","Rpath","pcod_rec_pp"
2039,"COD",302816.257280922,74171.4322063017,57752.1135888544,"persistence","Fmean","WGOA","Rpath","pcod_rec_pp"
2039,"ATF",1674929.29233628,615168.745034442,23361.4851872673,"persistence","Fmean","WGOA","Rpath","pcod_rec_pp"
2040,"POL",2867337.45645566,1700984.49249066,137188.562676821,"persistence","Fmean","WGOA","Rpath","pcod_rec_pp"
2040,"COD",302989.05988541,74028.9824075204,57865.4188840668,"persistence","Fmean","WGOA","Rpath","pcod_rec_pp"
2040,"ATF",1674939.86116613,614648.326802633,23363.0006680923,"persistence","Fmean","WGOA","Rpath","pcod_rec_pp"
2041,"POL",2861308.40034693,1697445.51836754,136877.034434348,"persistence","Fmean","WGOA","Rpath","pcod_rec_pp"
2041,"COD",302836.444987746,74213.3692459408,57910.4804463589,"persistence","Fmean","WGOA","Rpath","pcod_rec_pp"
2041,"ATF",1674815.14886868,614146.103508881,23362.4389822519,"persistence","Fmean","WGOA","Rpath","pcod_rec_pp"
2042,"POL",2855382.53445474,1693950.91111529,136566.318594245,"persistence","Fmean","WGOA","Rpath","pcod_rec_pp"
2042,"COD",302417.233033148,74664.3196361725,57876.0903636388,"persistence","Fmean","WGOA","Rpath","pcod_rec_pp"
2042,"ATF",1674568.81770025,613684.733369713,23359.9825711349,"persistence","Fmean","WGOA","Rpath","pcod_rec_pp"
2043,"POL",2849631.5839142,1690558.6540317,136262.409304814,"persistence","Fmean","WGOA","Rpath","pcod_rec_pp"
2043,"COD",301835.446800707,75196.7797782003,57774.427098338,"persistence","Fmean","WGOA","Rpath","pcod_rec_pp"
2043,"ATF",1674214.6434461,613259.388616198,23355.8185634893,"persistence","Fmean","WGOA","Rpath","pcod_rec_pp"
2044,"POL",2844076.7486725,1687286.48024171,135967.872331227,"persistence","Fmean","WGOA","Rpath","pcod_rec_pp"
2044,"COD",301203.54438318,75603.2882907156,57634.6416432678,"persistence","Fmean","WGOA","Rpath","pcod_rec_pp"
2044,"ATF",1673768.05870994,612845.614151369,23350.1713964072,"persistence","Fmean","WGOA","Rpath","pcod_rec_pp"
2045,"POL",2838705.04575991,1684121.96897157,135682.709510683,"persistence","Fmean","WGOA","Rpath","pcod_rec_pp"
2045,"COD",300605.335974098,75752.9766228826,57489.171527294,"persistence","Fmean","WGOA","Rpath","pcod_rec_pp"
2045,"ATF",1673245.62758326,612413.605195184,23343.2998334204,"persistence","Fmean","WGOA","Rpath","pcod_rec_pp"
2046,"POL",2833484.64689489,1681035.76255002,135405.426907906,"persistence","Fmean","WGOA","Rpath","pcod_rec_pp"
2046,"COD",300075.270724258,75648.9807135546,57361.5216143297,"persistence","Fmean","WGOA","Rpath","pcod_rec_pp"
2046,"ATF",1672663.26555144,611942.024087328,23335.4657831236,"persistence","Fmean","WGOA","Rpath","pcod_rec_pp"
2047,"POL",2828374.9347636,1677993.13157755,135133.887240591,"persistence","Fmean","WGOA","Rpath","pcod_rec_pp"
2047,"COD",299602.410965435,75396.9963864359,57259.6408650893,"persistence","Fmean","WGOA","Rpath","pcod_rec_pp"
2047,"ATF",1672034.21725024,611425.675860891,23326.8963457738,"persistence","Fmean","WGOA","Rpath","pcod_rec_pp"
2048,"POL",2823331.88830261,1674961.44887625,134865.810824511,"persistence","Fmean","WGOA","Rpath","pcod_rec_pp"
2048,"COD",299150.750825069,75135.9433825884,57176.9518135365,"persistence","Fmean","WGOA","Rpath","pcod_rec_pp"
2048,"ATF",1671367.44482555,610874.555400138,23317.7538656949,"persistence","Fmean","WGOA","Rpath","pcod_rec_pp"
2049,"POL",2818313.01181287,1671914.820623,134599.02375557,"persistence","Fmean","WGOA","Rpath","pcod_rec_pp"
2049,"COD",298685.003197272,74970.7219087881,57099.6711372601,"persistence","Fmean","WGOA","Rpath","pcod_rec_pp"
2049,"ATF",1670666.8603994,610307.231557656,23308.1222587116,"persistence","Fmean","WGOA","Rpath","pcod_rec_pp"
2050,"POL",2813285.01215209,1668837.89209075,134331.71425932,"persistence","Fmean","WGOA","Rpath","pcod_rec_pp"
2050,"COD",298189.105042416,74934.4287537359,57015.3493009512,"persistence","Fmean","WGOA","Rpath","pcod_rec_pp"
2050,"ATF",1669931.74569755,609742.203046748,23298.011761599,"persistence","Fmean","WGOA","Rpath","pcod_rec_pp"
2051,"POL",2808232.68031267,1665728.81847496,134062.806435505,"persistence","Fmean","WGOA","Rpath","pcod_rec_pp"
2051,"COD",297670.728248796,74990.6739114357,56918.6092780433,"persistence","Fmean","WGOA","Rpath","pcod_rec_pp"
2051,"ATF",1669158.28269425,609191.113400266,23287.3799410019,"persistence","Fmean","WGOA","Rpath","pcod_rec_pp"
2052,"POL",2803163.16793332,1662598.74095433,133792.260441519,"persistence","Fmean","WGOA","Rpath","pcod_rec_pp"
2052,"COD",297153.219629969,75066.8731375585,56812.2479605574,"persistence","Fmean","WGOA","Rpath","pcod_rec_pp"
2052,"ATF",1668341.49365364,608656.073250701,23276.1604773873,"persistence","Fmean","WGOA","Rpath","pcod_rec_pp"
2053,"POL",2798103.21838176,1659467.80584936,133521.085273793,"persistence","Fmean","WGOA","Rpath","pcod_rec_pp"
2053,"COD",296661.919627191,75096.2094606156,56704.2846463787,"persistence","Fmean","WGOA","Rpath","pcod_rec_pp"
2053,"ATF",1667476.9517437,608131.316371556,23264.2892208143,"persistence","Fmean","WGOA","Rpath","pcod_rec_pp"
2054,"POL",2793091.30769723,1656359.97684171,133251.070468025,"persistence","Fmean","WGOA","Rpath","pcod_rec_pp"
2054,"COD",296212.324649272,75047.5211189234,56603.2141395833,"persistence","Fmean","WGOA","Rpath","pcod_rec_pp"
2054,"ATF",1666561.78693897,607607.552418677,23251.7210076313,"persistence","Fmean","WGOA","Rpath","pcod_rec_pp"
2055,"POL",2788168.81242992,1653299.18818441,132984.389450353,"persistence","Fmean","WGOA","Rpath","pcod_rec_pp"
2055,"COD",295805.051636375,74932.1636527635,56514.0372088103,"persistence","Fmean","WGOA","Rpath","pcod_rec_pp"
2055,"ATF",1665594.80922,607076.474234874,23238.4337339412,"persistence","Fmean","WGOA","Rpath","pcod_rec_pp"
2056,"POL",2783371.70488474,1650306.19186473,132723.192909814,"persistence","Fmean","WGOA","Rpath","pcod_rec_pp"
2056,"COD",295428.501988062,74789.6700821118,56436.7129163585,"persistence","Fmean","WGOA","Rpath","pcod_rec_pp"
2056,"ATF",1664576.19458738,606533.640419488,23224.4238885029,"persistence","Fmean","WGOA","Rpath","pcod_rec_pp"
2057,"POL",2778723.35801551,1647395.10926229,132469.188471453,"persistence","Fmean","WGOA","Rpath","pcod_rec_pp"
2057,"COD",295066.408249084,74663.6121288474,56367.222178967,"persistence","Fmean","WGOA","Rpath","pcod_rec_pp"
2057,"ATF",1663507.0412073,605978.995560441,23209.7004723324,"persistence","Fmean","WGOA","Rpath","pcod_rec_pp"
2058,"POL",2774229.45512062,1644570.11674265,132223.273198223,"persistence","Fmean","WGOA","Rpath","pcod_rec_pp"
2058,"COD",294705.747247711,74581.0219170605,56300.1875167042,"persistence","Fmean","WGOA","Rpath","pcod_rec_pp"
2058,"ATF",1662389.02176325,605415.504347358,23194.2803518135,"persistence","Fmean","WGOA","Rpath","pcod_rec_pp"
2059,"POL",2769875.17710613,1641822.61777499,131985.269043223,"persistence","Fmean","WGOA","Rpath","pcod_rec_pp"
2059,"COD",294341.298750337,74543.8905590922,56231.5047132372,"persistence","Fmean","WGOA","Rpath","pcod_rec_pp"
2059,"ATF",1661224.27880258,604847.112325626,23178.1871592421,"persistence","Fmean","WGOA","Rpath","pcod_rec_pp"
2060,"POL",2765625.24524652,1639130.06643615,131753.80450368,"persistence","Fmean","WGOA","Rpath","pcod_rec_pp"
2060,"COD",293975.516897797,74533.8176511656,56159.7810822826,"persistence","Fmean","WGOA","Rpath","pcod_rec_pp"
2060,"ATF",1660015.3082702,604276.978822901,23161.4516803253,"persistence","Fmean","WGOA","Rpath","pcod_rec_pp"
2061,"POL",2761427.87065222,1636457.9627363,131526.412461584,"persistence","Fmean","WGOA","Rpath","pcod_rec_pp"
2061,"COD",293614.874178464,74524.7942235537,56086.2008457448,"persistence","Fmean","WGOA","Rpath","pcod_rec_pp"
2061,"ATF",1658764.75887868,603706.676736928,23144.1100999171,"persistence","Fmean","WGOA","Rpath","pcod_rec_pp"
2062,"POL",2757224.08024999,1633766.43815861,131299.921855844,"persistence","Fmean","WGOA","Rpath","pcod_rec_pp"
2062,"COD",293265.201037092,74496.5682699334,56013.2446479762,"persistence","Fmean","WGOA","Rpath","pcod_rec_pp"
2062,"ATF",1657475.07475541,603136.366759316,23126.2000302358,"persistence","Fmean","WGOA","Rpath","pcod_rec_pp"
2063,"POL",2752962.64653392,1631021.22669409,131071.184582172,"persistence","Fmean","WGOA","Rpath","pcod_rec_pp"
2063,"COD",292928.441364557,74442.4267163263,55943.1161790644,"persistence","Fmean","WGOA","Rpath","pcod_rec_pp"
2063,"ATF",1656147.86495209,602565.260113227,23107.7523949211,"persistence","Fmean","WGOA","Rpath","pcod_rec_pp"
2064,"POL",2748616.42641807,1628205.35083178,130837.99945397,"persistence","Fmean","WGOA","Rpath","pcod_rec_pp"
2064,"COD",292602.054471581,74369.1294096676,55876.6727581742,"persistence","Fmean","WGOA","Rpath","pcod_rec_pp"
2064,"ATF",1654783.54947079,601992.131916812,23088.7826884788,"persistence","Fmean","WGOA","Rpath","pcod_rec_pp"
2065,"POL",2744192.0970168,1625325.52461706,130599.857101389,"persistence","Fmean","WGOA","Rpath","pcod_rec_pp"
2065,"COD",292280.756192571,74290.8060281911,55813.2421500457,"persistence","Fmean","WGOA","Rpath","pcod_rec_pp"
2065,"ATF",1653381.66003266,601415.809426727,23069.2902219406,"persistence","Fmean","WGOA","Rpath","pcod_rec_pp"
2066,"POL",2739727.86623823,1622409.74434439,130358.115469845,"persistence","Fmean","WGOA","Rpath","pcod_rec_pp"
2066,"COD",291959.262870893,74220.9593724265,55751.2056916077,"persistence","Fmean","WGOA","Rpath","pcod_rec_pp"
2066,"ATF",1651941.37102694,600835.275773739,23049.264704408,"persistence","Fmean","WGOA","Rpath","pcod_rec_pp"
2067,"POL",2735281.24296678,1619498.13840906,130115.538059594,"persistence","Fmean","WGOA","Rpath","pcod_rec_pp"
2067,"COD",291634.547623032,74166.6150417377,55688.9038559668,"persistence","Fmean","WGOA","Rpath","pcod_rec_pp"
2067,"ATF",1650462.09212659,600249.614525097,23028.6948762073,"persistence","Fmean","WGOA","Rpath","pcod_rec_pp"
2068,"POL",2730913.66734536,1616632.23327645,129875.489280563,"persistence","Fmean","WGOA","Rpath","pcod_rec_pp"
2068,"COD",291306.689282549,74126.7417101709,55625.3775837276,"persistence","Fmean","WGOA","Rpath","pcod_rec_pp"
2068,"ATF",1648943.94159086,599658.012654212,23007.5769018128,"persistence","Fmean","WGOA","Rpath","pcod_rec_pp"
2069,"POL",2726677.98906605,1613846.7563895,129641.15788336,"persistence","Fmean","WGOA","Rpath","pcod_rec_pp"
2069,"COD",290978.240626081,74094.6488023074,55560.6467844803,"persistence","Fmean","WGOA","Rpath","pcod_rec_pp"
2069,"ATF",1647387.97500481,599059.907590165,22985.9195257969,"persistence","Fmean","WGOA","Rpath","pcod_rec_pp"
2070,"POL",2722611.01579113,1611165.12657661,129415.019694191,"persistence","Fmean","WGOA","Rpath","pcod_rec_pp"
2070,"COD",290652.705419593,74062.3481094379,55495.5026919308,"persistence","Fmean","WGOA","Rpath","pcod_rec_pp"
2070,"ATF",1645796.24093846,598455.313964976,22963.7458316322,"persistence","Fmean","WGOA","Rpath","pcod_rec_pp"
2071,"POL",2718730.29239365,1608597.68990862,129198.5567232,"persistence","Fmean","WGOA","Rpath","pcod_rec_pp"
2071,"COD",290332.959006315,74024.4458775425,55431.0106852565,"persistence","Fmean","WGOA","Rpath","pcod_rec_pp"
2071,"ATF",1644171.62481372,597845.084820464,22941.0919458736,"persistence","Fmean","WGOA","Rpath","pcod_rec_pp"
2072,"POL",2715033.14701783,1606141.21881792,128992.147790738,"persistence","Fmean","WGOA","Rpath","pcod_rec_pp"
2072,"COD",290020.271942512,73979.9045916667,55368.0026415109,"persistence","Fmean","WGOA","Rpath","pcod_rec_pp"
2072,"ATF",1642517.61546807,597231.01464357,22918.0035506357,"persistence","Fmean","WGOA","Rpath","pcod_rec_pp"
2073,"POL",2711496.67790025,1603778.85579418,128795.039362743,"persistence","Fmean","WGOA","Rpath","pcod_rec_pp"
2073,"COD",289714.179661756,73931.3666305136,55306.7783162916,"persistence","Fmean","WGOA","Rpath","pcod_rec_pp"
2073,"ATF",1640838.10699982,596615.758150905,22894.5323787772,"persistence","Fmean","WGOA","Rpath","pcod_rec_pp"
2074,"POL",2708078.89773523,1601480.9107191,128605.370263039,"persistence","Fmean","WGOA","Rpath","pcod_rec_pp"
2074,"COD",289413.026601876,73882.9209937194,55247.0933076113,"persistence","Fmean","WGOA","Rpath","pcod_rec_pp"
2074,"ATF",1639137.21765425,596002.538112538,22870.7337507523,"persistence","Fmean","WGOA","Rpath","pcod_rec_pp"
2075,"POL",2704723.11173169,1599208.23238516,128420.325690714,"persistence","Fmean","WGOA","Rpath","pcod_rec_pp"
2075,"COD",289114.792478958,73837.7136999053,55188.3702813216,"persistence","Fmean","WGOA","Rpath","pcod_rec_pp"
2075,"ATF",1637418.89287009,595394.536496825,22846.6631883297,"persistence","Fmean","WGOA","Rpath","pcod_rec_pp"
2076,"POL",2701368.77654589,1596920.31158534,128236.579537068,"persistence","Fmean","WGOA","Rpath","pcod_rec_pp"
2076,"COD",288817.835958832,73796.5690423111,55129.9945493321,"persistence","Fmean","WGOA","Rpath","pcod_rec_pp"
2076,"ATF",1635686.24932541,594794.052870324,22822.3695131516,"persistence","Fmean","WGOA","Rpath","pcod_rec_pp"
2077,"POL",2697969.12359,1594587.70348546,128051.122179176,"persistence","Fmean","WGOA","Rpath","pcod_rec_pp"
2077,"COD",288521.350637633,73758.0699702387,55071.559861144,"persistence","Fmean","WGOA","Rpath","pcod_rec_pp"
2077,"ATF",1633941.01755335,594201.762909731,22797.8862304657,"persistence","Fmean","WGOA","Rpath","pcod_rec_pp"
2078,"POL",2694508.50155081,1592203.36005115,127862.262360971,"persistence","Fmean","WGOA","Rpath","pcod_rec_pp"
2078,"COD",288225.463442916,73719.7582794468,55012.9829947328,"persistence","Fmean","WGOA","Rpath","pcod_rec_pp"
2078,"ATF",1632183.55792488,593616.507344743,22773.2274944497,"persistence","Fmean","WGOA","Rpath","pcod_rec_pp"
2079,"POL",2691009.1257395,1589785.91937194,127670.285547813,"persistence","Fmean","WGOA","Rpath","pcod_rec_pp"
2079,"COD",287931.003361858,73679.6387401001,54954.4689379612,"persistence","Fmean","WGOA","Rpath","pcod_rec_pp"
2079,"ATF",1630413.4856042,593035.759027762,22748.3928118877,"persistence","Fmean","WGOA","Rpath","pcod_rec_pp"
2080,"POL",2687523.57946322,1587373.23866961,127477.379200063,"persistence","Fmean","WGOA","Rpath","pcod_rec_pp"
2080,"COD",287639.089665385,73637.1869857465,54896.368823758,"persistence","Fmean","WGOA","Rpath","pcod_rec_pp"
2080,"ATF",1628630.49850228,592456.535081387,22723.3776278098,"persistence","Fmean","WGOA","Rpath","pcod_rec_pp"
2081,"POL",2684118.6147879,1585010.80318527,127286.923341753,"persistence","Fmean","WGOA","Rpath","pcod_rec_pp"
2081,"COD",287350.768881798,73593.4634559203,54839.0156189871,"persistence","Fmean","WGOA","Rpath","pcod_rec_pp"
2081,"ATF",1626834.99107134,591876.364621457,22698.1836167065,"persistence","Fmean","WGOA","Rpath","pcod_rec_pp"
2082,"POL",2680858.7558046,1582741.02766884,127102.578372486,"persistence","Fmean","WGOA","Rpath","pcod_rec_pp"
2082,"COD",287066.869313687,73550.4424135699,54782.6216509135,"persistence","Fmean","WGOA","Rpath","pcod_rec_pp"
2082,"ATF",1625028.27170031,591293.982851453,22672.8242530969,"persistence","Fmean","WGOA","Rpath","pcod_rec_pp"
2083,"POL",2677794.76336497,1580596.39640893,126927.534144666,"persistence","Fmean","WGOA","Rpath","pcod_rec_pp"
2083,"COD",286788.072943993,73510.0122159099,54727.2734335323,"persistence","Fmean","WGOA","Rpath","pcod_rec_pp"
2083,"ATF",1623212.48012849,590709.616079189,22647.3252245649,"persistence","Fmean","WGOA","Rpath","pcod_rec_pp"
2084,"POL",2674957.62255522,1578596.18526689,126764.04510775,"persistence","Fmean","WGOA","Rpath","pcod_rec_pp"
2084,"COD",286515.065367608,73473.1662314194,54672.9984297729,"persistence","Fmean","WGOA","Rpath","pcod_rec_pp"
2084,"ATF",1621390.40797546,590124.891208853,22621.722084165,"persistence","Fmean","WGOA","Rpath","pcod_rec_pp"
2085,"POL",2672356.18623897,1576745.12349299,126613.203019015,"persistence","Fmean","WGOA","Rpath","pcod_rec_pp"
2085,"COD",286248.603359483,73439.7139222128,54619.8441023586,"persistence","Fmean","WGOA","Rpath","pcod_rec_pp"
2085,"ATF",1619565.35225451,589542.487896755,22596.0577404989,"persistence","Fmean","WGOA","Rpath","pcod_rec_pp"
2086,"POL",2669976.38600698,1575032.65124873,126474.841918337,"persistence","Fmean","WGOA","Rpath","pcod_rec_pp"
2086,"COD",285989.420191805,73408.5381742641,54567.9159723587,"persistence","Fmean","WGOA","Rpath","pcod_rec_pp"
2086,"ATF",1617741.00606751,588965.669918173,22570.3807198577,"persistence","Fmean","WGOA","Rpath","pcod_rec_pp"
2087,"POL",2667781.24384693,1573432.56866905,126347.503076556,"persistence","Fmean","WGOA","Rpath","pcod_rec_pp"
2087,"COD",285737.986327982,73379.0924159397,54517.3529668757,"persistence","Fmean","WGOA","Rpath","pcod_rec_pp"
2087,"ATF",1615921.37019327,588397.839331194,22544.7439294959,"persistence","Fmean","WGOA","Rpath","pcod_rec_pp"
2088,"POL",2665712.76524337,1571904.35600493,126228.477782085,"persistence","Fmean","WGOA","Rpath","pcod_rec_pp"
2088,"COD",285494.374076714,73350.1429306163,54468.254891345,"persistence","Fmean","WGOA","Rpath","pcod_rec_pp"
2088,"ATF",1614110.54851119,587842.135000061,22519.2031163324,"persistence","Fmean","WGOA","Rpath","pcod_rec_pp"
2089,"POL",2663699.22996688,1570398.900071,126114.073939132,"persistence","Fmean","WGOA","Rpath","pcod_rec_pp"
2089,"COD",285258.053081793,73319.9337964981,54420.6073295671,"persistence","Fmean","WGOA","Rpath","pcod_rec_pp"
2089,"ATF",1612312.1725453,587307.075277158,22493.8119486277,"persistence","Fmean","WGOA","Rpath","pcod_rec_pp"
2090,"POL",2661671.82650502,1568870.81861365,126000.318407791,"persistence","Fmean","WGOA","Rpath","pcod_rec_pp"
2090,"COD",285027.881626581,73288.2176627018,54374.3061132101,"persistence","Fmean","WGOA","Rpath","pcod_rec_pp"
2090,"ATF",1610528.64225457,586787.997692811,22468.6119542509,"persistence","Fmean","WGOA","Rpath","pcod_rec_pp"
2091,"POL",2659587.5095031,1567294.34328594,125884.107066338,"persistence","Fmean","WGOA","Rpath","pcod_rec_pp"
2091,"COD",284802.716204143,73255.1979541071,54329.1794161635,"persistence","Fmean","WGOA","Rpath","pcod_rec_pp"
2091,"ATF",1608760.63159486,586283.739490719,22443.6234079198,"persistence","Fmean","WGOA","Rpath","pcod_rec_pp"
2092,"POL",2657445.63525119,1565673.6791416,125764.328581831,"persistence","Fmean","WGOA","Rpath","pcod_rec_pp"
2092,"COD",284581.802227828,73221.5343679917,54285.0362771641,"persistence","Fmean","WGOA","Rpath","pcod_rec_pp"
2092,"ATF",1607007.50318647,585791.742848693,22418.8472347022,"persistence","Fmean","WGOA","Rpath","pcod_rec_pp"
2093,"POL",2655287.64003699,1564040.93170479,125642.270082031,"persistence","Fmean","WGOA","Rpath","pcod_rec_pp"
2093,"COD",284365.061130864,73188.3013503954,54241.7824053616,"persistence","Fmean","WGOA","Rpath","pcod_rec_pp"
2093,"ATF",1605268.21510592,585308.549216039,22394.2716058745,"persistence","Fmean","WGOA","Rpath","pcod_rec_pp"
2094,"POL",2653181.26160704,1562443.89422913,125521.085962116,"persistence","Fmean","WGOA","Rpath","pcod_rec_pp"
2094,"COD",284153.074370929,73156.5588304306,54199.4464320826,"persistence","Fmean","WGOA","Rpath","pcod_rec_pp"
2094,"ATF",1603542.21043391,584830.840983763,22369.8857305346,"persistence","Fmean","WGOA","Rpath","pcod_rec_pp"
2095,"POL",2651200.08534809,1560931.93824439,125404.74710369,"persistence","Fmean","WGOA","Rpath","pcod_rec_pp"
2095,"COD",283946.858446908,73127.0760286029,54158.1563342844,"persistence","Fmean","WGOA","Rpath","pcod_rec_pp"
2095,"ATF",1601829.85812772,584356.293384246,22345.6897267907,"persistence","Fmean","WGOA","Rpath","pcod_rec_pp"
2096,"POL",2649407.2849988,1559545.92716926,125297.042853811,"persistence","Fmean","WGOA","Rpath","pcod_rec_pp"
2096,"COD",283747.603521196,73100.2517716136,54118.1012817048,"persistence","Fmean","WGOA","Rpath","pcod_rec_pp"
2096,"ATF",1600132.46799029,583884.145288739,22321.6972374422,"persistence","Fmean","WGOA","Rpath","pcod_rec_pp"
2097,"POL",2647846.23894707,1558313.0390395,125200.90819691,"persistence","Fmean","WGOA","Rpath","pcod_rec_pp"
2097,"COD",283556.47090404,73076.0831971453,54079.4927639391,"persistence","Fmean","WGOA","Rpath","pcod_rec_pp"
2097,"ATF",1598452.07399377,583415.429709686,22297.9333693316,"persistence","Fmean","WGOA","Rpath","pcod_rec_pp"
2098,"POL",2646536.85677678,1557244.97549907,125118.081349726,"persistence","Fmean","WGOA","Rpath","pcod_rec_pp"
2098,"COD",283374.445566245,73054.2367949289,54042.5327416051,"persistence","Fmean","WGOA","Rpath","pcod_rec_pp"
2098,"ATF",1596791.21162243,582952.475074129,22274.4310057048,"persistence","Fmean","WGOA","Rpath","pcod_rec_pp"
2099,"POL",2645474.50753463,1556337.28946385,125048.971954128,"persistence","Fmean","WGOA","Rpath","pcod_rec_pp"
2099,"COD",283202.213775178,73034.1920934412,54007.3891473874,"persistence","Fmean","WGOA","Rpath","pcod_rec_pp"
2099,"ATF",1595152.78011258,582498.441454363,22251.2280707746,"persistence","Fmean","WGOA","Rpath","pcod_rec_pp"
1991,"POL",2884927.16511783,1690895.40603404,87828.010002781,"ssp126","Fmean","WGOA","Rpath","pcod_rec_pp"
1991,"COD",399280.293878193,93224.2373585632,64466.829990571,"ssp126","Fmean","WGOA","Rpath","pcod_rec_pp"
1991,"ATF",1554327.80462664,597326.97740596,16958.380011156,"ssp126","Fmean","WGOA","Rpath","pcod_rec_pp"
1992,"POL",2892495.91324268,1696087.27813365,90585.189961806,"ssp126","Fmean","WGOA","Rpath","pcod_rec_pp"
1992,"COD",371842.900083054,88999.2287874369,78966.500089317,"ssp126","Fmean","WGOA","Rpath","pcod_rec_pp"
1992,"ATF",1551901.37581743,598021.211707819,20482.180062468,"ssp126","Fmean","WGOA","Rpath","pcod_rec_pp"
1993,"POL",2886917.46017875,1690078.21042351,108230.180085742,"ssp126","Fmean","WGOA","Rpath","pcod_rec_pp"
1993,"COD",375328.175429555,91984.46817467,45849.170066118,"ssp126","Fmean","WGOA","Rpath","pcod_rec_pp"
1993,"ATF",1551566.34683954,599298.159270716,18294.449920618,"ssp126","Fmean","WGOA","Rpath","pcod_rec_pp"
1994,"POL",2891612.89701311,1691340.87032149,100412.359942985,"ssp126","Fmean","WGOA","Rpath","pcod_rec_pp"
1994,"COD",374238.505424238,92168.0244909248,45610.579965874,"ssp126","Fmean","WGOA","Rpath","pcod_rec_pp"
1994,"ATF",1547453.431915,598480.508802417,21993.239976229,"ssp126","Fmean","WGOA","Rpath","pcod_rec_pp"
1995,"POL",2920445.2429594,1709974.75171492,69168.129925675,"ssp126","Fmean","WGOA","Rpath","pcod_rec_pp"
1995,"COD",354241.118245692,88060.9264831689,67907.179992219,"ssp126","Fmean","WGOA","Rpath","pcod_rec_pp"
1995,"ATF",1548788.07321952,599203.455585779,17415.490044603,"ssp126","Fmean","WGOA","Rpath","pcod_rec_pp"
1996,"POL",2949537.49989699,1727520.76771419,49825.8700384,"ssp126","Fmean","WGOA","Rpath","pcod_rec_pp"
1996,"COD",348901.269856949,89289.8998161644,55391.660096973,"ssp126","Fmean","WGOA","Rpath","pcod_rec_pp"
1996,"ATF",1545296.54167072,597141.15385086,21555.609900557,"ssp126","Fmean","WGOA","Rpath","pcod_rec_pp"
1997,"POL",2946193.76182491,1722365.56372477,84179.649971753,"ssp126","Fmean","WGOA","Rpath","pcod_rec_pp"
1997,"COD",339607.871812025,88455.8466619866,58920.579990637,"ssp126","Fmean","WGOA","Rpath","pcod_rec_pp"
1997,"ATF",1547340.93937387,596389.731746862,14758.279890696,"ssp126","Fmean","WGOA","Rpath","pcod_rec_pp"
1998,"POL",3007840.54757787,1762267.82292695,5428.379997642,"ssp126","Fmean","WGOA","Rpath","pcod_rec_pp"
1998,"COD",338402.008126062,87897.0996300377,50218.950113863,"ssp126","Fmean","WGOA","Rpath","pcod_rec_pp"
1998,"ATF",1552042.17068945,596282.511778416,12377.190009373,"ssp126","Fmean","WGOA","Rpath","pcod_rec_pp"
1999,"POL",2993956.26360435,1751820.3586859,90556.900062537,"ssp126","Fmean","WGOA","Rpath","pcod_rec_pp"
1999,"COD",323385.504513683,83134.3281978233,66264.67009813,"ssp126","Fmean","WGOA","Rpath","pcod_rec_pp"
1999,"ATF",1556822.57219736,596729.653748177,14649.229924965,"ssp126","Fmean","WGOA","Rpath","pcod_rec_pp"
2000,"POL",3049484.66889728,1789601.2235707,5552.830105466,"ssp126","Fmean","WGOA","Rpath","pcod_rec_pp"
2000,"COD",321234.70478313,82993.6306736087,53384.869944958,"ssp126","Fmean","WGOA","Rpath","pcod_rec_pp"
2000,"ATF",1555589.60333769,595731.530286997,22993.75009338,"ssp126","Fmean","WGOA","Rpath","pcod_rec_pp"
2001,"POL",3082953.38628358,1808450.38491623,3452.299978517,"ssp126","Fmean","WGOA","Rpath","pcod_rec_pp"
2001,"COD",327836.052151014,85350.6677932879,40517.409954733,"ssp126","Fmean","WGOA","Rpath","pcod_rec_pp"
2001,"ATF",1559150.39699574,597017.281545479,17416.199986059,"ssp126","Fmean","WGOA","Rpath","pcod_rec_pp"
2002,"POL",3117695.91098478,1828996.8919311,1698.029945361,"ssp126","Fmean","WGOA","Rpath","pcod_rec_pp"
2002,"COD",329657.199807253,86672.396799144,41567.989960821,"ssp126","Fmean","WGOA","Rpath","pcod_rec_pp"
2002,"ATF",1561074.36729579,598208.760306624,20173.560012907,"ssp126","Fmean","WGOA","Rpath","pcod_rec_pp"
2003,"POL",3105660.59060301,1817041.08768011,48590.077011908,"ssp126","Fmean","WGOA","Rpath","pcod_rec_pp"
2003,"COD",321002.232869284,86072.6548698382,52365.755088864,"ssp126","Fmean","WGOA","Rpath","pcod_rec_pp"
2003,"ATF",1552272.45436907,595288.634146958,30169.771891001,"ssp126","Fmean","WGOA","Rpath","pcod_rec_pp"
2004,"POL",3100496.17999595,1811816.72016729,62434.439922489,"ssp126","Fmean","WGOA","Rpath","pcod_rec_pp"
2004,"COD",310907.346053104,86861.6844619175,56450.241969657,"ssp126","Fmean","WGOA","Rpath","pcod_rec_pp"
2004,"ATF",1557805.52630999,597533.747722124,15634.908041003,"ssp126","Fmean","WGOA","Rpath","pcod_rec_pp"
2005,"POL",3085140.75609541,1801622.59658072,78302.791927256,"ssp126","Fmean","WGOA","Rpath","pcod_rec_pp"
2005,"COD",308747.712383036,89355.0329510825,47523.779925577,"ssp126","Fmean","WGOA","Rpath","pcod_rec_pp"
2005,"ATF",1557456.93296847,596651.527725103,19923.573051558,"ssp126","Fmean","WGOA","Rpath","pcod_rec_pp"
2006,"POL",3088115.70042571,1805154.79373703,68928.307992488,"ssp126","Fmean","WGOA","Rpath","pcod_rec_pp"
2006,"COD",305285.425387622,89662.8420266119,47767.079961499,"ssp126","Fmean","WGOA","Rpath","pcod_rec_pp"
2006,"ATF",1552052.55675712,593803.972010943,27622.698918064,"ssp126","Fmean","WGOA","Rpath","pcod_rec_pp"
2007,"POL",3108388.6659623,1820162.18935033,51572.307003871,"ssp126","Fmean","WGOA","Rpath","pcod_rec_pp"
2007,"COD",298656.827987615,86970.5841575916,51812.178003779,"ssp126","Fmean","WGOA","Rpath","pcod_rec_pp"
2007,"ATF",1552833.11070127,593773.096946291,25346.986980543,"ssp126","Fmean","WGOA","Rpath","pcod_rec_pp"
2008,"POL",3122657.32782491,1829614.82622622,50786.206014733,"ssp126","Fmean","WGOA","Rpath","pcod_rec_pp"
2008,"COD",288014.19715692,83738.4257426123,58386.384025578,"ssp126","Fmean","WGOA","Rpath","pcod_rec_pp"
2008,"ATF",1551453.5168298,592951.977723493,29205.939969489,"ssp126","Fmean","WGOA","Rpath","pcod_rec_pp"
2009,"POL",3143273.39859891,1841984.8200306,41549.503075916,"ssp126","Fmean","WGOA","Rpath","pcod_rec_pp"
2009,"COD",284535.848347064,83301.5655360441,51788.980009351,"ssp126","Fmean","WGOA","Rpath","pcod_rec_pp"
2009,"ATF",1555113.02563569,594046.266118116,24831.742038702,"ssp126","Fmean","WGOA","Rpath","pcod_rec_pp"
2010,"POL",3136117.03112817,1835292.14585186,73443.384226643,"ssp126","Fmean","WGOA","Rpath","pcod_rec_pp"
2010,"COD",260387.074378808,76717.5680514182,76954.154598455,"ssp126","Fmean","WGOA","Rpath","pcod_rec_pp"
2010,"ATF",1558263.17274182,594362.564843561,24339.446470918,"ssp126","Fmean","WGOA","Rpath","pcod_rec_pp"
2011,"POL",3141056.08768375,1838289.75061505,77694.479623666,"ssp126","Fmean","WGOA","Rpath","pcod_rec_pp"
2011,"COD",234318.516143285,69543.3060352226,83710.475394165,"ssp126","Fmean","WGOA","Rpath","pcod_rec_pp"
2011,"ATF",1557071.61028742,592792.103233455,30911.821764055,"ssp126","Fmean","WGOA","Rpath","pcod_rec_pp"
2012,"POL",3133568.47204365,1833854.71164897,98934.691224094,"ssp126","Fmean","WGOA","Rpath","pcod_rec_pp"
2012,"COD",216652.39880077,64116.8215124414,76871.109994854,"ssp126","Fmean","WGOA","Rpath","pcod_rec_pp"
2012,"ATF",1567597.98995377,595605.767059271,20761.909908427,"ssp126","Fmean","WGOA","Rpath","pcod_rec_pp"
2013,"POL",3129803.3271359,1832301.64727678,90796.631609659,"ssp126","Fmean","WGOA","Rpath","pcod_rec_pp"
2013,"COD",207097.746004189,61173.0549874287,66829.781618954,"ssp126","Fmean","WGOA","Rpath","pcod_rec_pp"
2013,"ATF",1575636.64297929,596480.791969859,21809.3123161,"ssp126","Fmean","WGOA","Rpath","pcod_rec_pp"
2014,"POL",3087331.43236134,1803398.13573914,138948.061996125,"ssp126","Fmean","WGOA","Rpath","pcod_rec_pp"
2014,"COD",180191.44732662,54326.1747660013,83491.72820457,"ssp126","Fmean","WGOA","Rpath","pcod_rec_pp"
2014,"ATF",1567912.16262094,590069.752717628,36524.501530691,"ssp126","Fmean","WGOA","Rpath","pcod_rec_pp"
2015,"POL",3045526.28555765,1775739.07919012,162807.64603073,"ssp126","Fmean","WGOA","Rpath","pcod_rec_pp"
2015,"COD",157932.722055918,48934.4411406065,77689.992014231,"ssp126","Fmean","WGOA","Rpath","pcod_rec_pp"
2015,"ATF",1577268.81804826,588791.535950363,19296.587221708,"ssp126","Fmean","WGOA","Rpath","pcod_rec_pp"
2016,"POL",3007798.29217938,1753763.79832681,173086.352394527,"ssp126","Fmean","WGOA","Rpath","pcod_rec_pp"
2016,"COD",147656.615382295,47339.0097704077,62867.327429592,"ssp126","Fmean","WGOA","Rpath","pcod_rec_pp"
2016,"ATF",1586289.94323646,586210.878732567,19976.294186812,"ssp126","Fmean","WGOA","Rpath","pcod_rec_pp"
2017,"POL",2976739.35759481,1738811.22499638,184220.028529305,"ssp126","Fmean","WGOA","Rpath","pcod_rec_pp"
2017,"COD",147736.144697943,50239.6743054142,48204.214674581,"ssp126","Fmean","WGOA","Rpath","pcod_rec_pp"
2017,"ATF",1591593.27599985,581990.660087748,27053.508990172,"ssp126","Fmean","WGOA","Rpath","pcod_rec_pp"
2018,"POL",2968841.33230651,1740812.46211736,150815.192171791,"ssp126","Fmean","WGOA","Rpath","pcod_rec_pp"
2018,"COD",174522.229212124,61112.9039308985,14681.29819652,"ssp126","Fmean","WGOA","Rpath","pcod_rec_pp"
2018,"ATF",1607270.2111573,582229.748408732,18870.25094355,"ssp126","Fmean","WGOA","Rpath","pcod_rec_pp"
2019,"POL",2976191.20523764,1750709.51749398,110649.271555557,"ssp126","Fmean","WGOA","Rpath","pcod_rec_pp"
2019,"COD",197788.813002527,66355.8766877763,15200.420583165,"ssp126","Fmean","WGOA","Rpath","pcod_rec_pp"
2019,"ATF",1614692.32773615,580069.536802079,24567.051964421,"ssp126","Fmean","WGOA","Rpath","pcod_rec_pp"
2020,"POL",2989833.34622581,1764765.16813834,99971.064888454,"ssp126","Fmean","WGOA","Rpath","pcod_rec_pp"
2020,"COD",227902.927042669,75553.6190205848,6085.249338733,"ssp126","Fmean","WGOA","Rpath","pcod_rec_pp"
2020,"ATF",1626341.19012492,581530.168090412,21115.899302007,"ssp126","Fmean","WGOA","Rpath","pcod_rec_pp"
2021,"POL",2666658.29211294,1542448.22137705,232294.415973661,"ssp126","Fmean","WGOA","Rpath","pcod_rec_pp"
2021,"COD",208376.831708243,67509.1622687791,59618.9962375328,"ssp126","Fmean","WGOA","Rpath","pcod_rec_pp"
2021,"ATF",1594986.89349886,564719.399316934,32450.0886539405,"ssp126","Fmean","WGOA","Rpath","pcod_rec_pp"
2022,"POL",2439718.15397889,1358627.06788769,245220.033568287,"ssp126","Fmean","WGOA","Rpath","pcod_rec_pp"
2022,"COD",191172.445898131,57257.2719312532,62549.3390393671,"ssp126","Fmean","WGOA","Rpath","pcod_rec_pp"
2022,"ATF",1520368.69336852,522798.074198636,33324.1308005833,"ssp126","Fmean","WGOA","Rpath","pcod_rec_pp"
2023,"POL",2618660.86878607,1498244.66188847,243772.134512995,"ssp126","Fmean","WGOA","Rpath","pcod_rec_pp"
2023,"COD",188750.573779617,49999.6578834532,56392.0182162069,"ssp126","Fmean","WGOA","Rpath","pcod_rec_pp"
2023,"ATF",1508942.21611509,512569.08689287,30163.8608249539,"ssp126","Fmean","WGOA","Rpath","pcod_rec_pp"
2024,"POL",2918253.91140157,1756097.62049254,131571.184652322,"ssp126","Fmean","WGOA","Rpath","pcod_rec_pp"
2024,"COD",210115.201808871,53055.6690912219,37545.2110668196,"ssp126","Fmean","WGOA","Rpath","pcod_rec_pp"
2024,"ATF",1573583.97913987,547504.340271547,21421.5440804978,"ssp126","Fmean","WGOA","Rpath","pcod_rec_pp"
2025,"POL",2913320.3868013,1762760.94014797,139960.044937578,"ssp126","Fmean","WGOA","Rpath","pcod_rec_pp"
2025,"COD",225073.692457703,59518.0194756813,41393.3236113694,"ssp126","Fmean","WGOA","Rpath","pcod_rec_pp"
2025,"ATF",1627429.4548398,585613.275333367,22370.1490712164,"ssp126","Fmean","WGOA","Rpath","pcod_rec_pp"
2026,"POL",2876830.96406396,1710481.54606321,137178.340407491,"ssp126","Fmean","WGOA","Rpath","pcod_rec_pp"
2026,"COD",234124.378541875,66394.4476612998,43814.1744003921,"ssp126","Fmean","WGOA","Rpath","pcod_rec_pp"
2026,"ATF",1641724.31734119,603545.014003147,22819.2267440612,"ssp126","Fmean","WGOA","Rpath","pcod_rec_pp"
2027,"POL",3023189.09013799,1798877.18710977,138592.967082025,"ssp126","Fmean","WGOA","Rpath","pcod_rec_pp"
2027,"COD",245262.692389473,71899.3180329212,45155.6087647051,"ssp126","Fmean","WGOA","Rpath","pcod_rec_pp"
2027,"ATF",1664162.60548438,624371.291291495,22985.0364951984,"ssp126","Fmean","WGOA","Rpath","pcod_rec_pp"
2028,"POL",3102719.59344991,1870534.32740586,146126.827229779,"ssp126","Fmean","WGOA","Rpath","pcod_rec_pp"
2028,"COD",258686.276145615,75879.3730909422,46957.5823119965,"ssp126","Fmean","WGOA","Rpath","pcod_rec_pp"
2028,"ATF",1703585.34787933,655993.106929492,23450.5463503286,"ssp126","Fmean","WGOA","Rpath","pcod_rec_pp"
2029,"POL",3071641.57842616,1848550.34361845,147845.836504355,"ssp126","Fmean","WGOA","Rpath","pcod_rec_pp"
2029,"COD",268883.290363225,74839.5024557147,49518.7733723907,"ssp126","Fmean","WGOA","Rpath","pcod_rec_pp"
2029,"ATF",1723535.80825815,673695.438358987,23889.951210666,"ssp126","Fmean","WGOA","Rpath","pcod_rec_pp"
2030,"POL",3016594.02375216,1793971.2646132,144868.050793186,"ssp126","Fmean","WGOA","Rpath","pcod_rec_pp"
2030,"COD",273979.355657707,70751.0065816745,51479.0301072582,"ssp126","Fmean","WGOA","Rpath","pcod_rec_pp"
2030,"ATF",1717432.47477911,668251.158110314,23982.2769942451,"ssp126","Fmean","WGOA","Rpath","pcod_rec_pp"
2031,"POL",3053759.02146985,1822296.93501264,144948.56633486,"ssp126","Fmean","WGOA","Rpath","pcod_rec_pp"
2031,"COD",278806.13768238,70141.7209627369,52755.1426737114,"ssp126","Fmean","WGOA","Rpath","pcod_rec_pp"
2031,"ATF",1723435.60910554,662240.878533105,23947.8916625909,"ssp126","Fmean","WGOA","Rpath","pcod_rec_pp"
2032,"POL",3047522.22122266,1818202.45292272,144836.917309982,"ssp126","Fmean","WGOA","Rpath","pcod_rec_pp"
2032,"COD",281526.016608935,73250.714724564,53428.9407297799,"ssp126","Fmean","WGOA","Rpath","pcod_rec_pp"
2032,"ATF",1725588.90805182,651590.089242774,24002.1744892556,"ssp126","Fmean","WGOA","Rpath","pcod_rec_pp"
2033,"POL",3086334.92651455,1858995.16425243,146404.173238468,"ssp126","Fmean","WGOA","Rpath","pcod_rec_pp"
2033,"COD",284729.75867315,77480.8549755201,53872.182669986,"ssp126","Fmean","WGOA","Rpath","pcod_rec_pp"
2033,"ATF",1745640.17841228,651310.566669619,24163.3113767361,"ssp126","Fmean","WGOA","Rpath","pcod_rec_pp"
2034,"POL",2998127.64708388,1797739.16359332,145502.773310155,"ssp126","Fmean","WGOA","Rpath","pcod_rec_pp"
2034,"COD",285546.588084264,79743.7973642263,54361.6760303186,"ssp126","Fmean","WGOA","Rpath","pcod_rec_pp"
2034,"ATF",1747702.60402721,643592.70136274,24370.9908842186,"ssp126","Fmean","WGOA","Rpath","pcod_rec_pp"
2035,"POL",3052551.45643857,1838443.4766545,143712.798195592,"ssp126","Fmean","WGOA","Rpath","pcod_rec_pp"
2035,"COD",286576.891436422,79889.5825648201,54344.4555994206,"ssp126","Fmean","WGOA","Rpath","pcod_rec_pp"
2035,"ATF",1759911.99155939,642770.446119116,24398.246959021,"ssp126","Fmean","WGOA","Rpath","pcod_rec_pp"
2036,"POL",2801803.63541381,1660358.24947981,141307.458683021,"ssp126","Fmean","WGOA","Rpath","pcod_rec_pp"
2036,"COD",282876.959821414,78668.0703738939,54399.0629286062,"ssp126","Fmean","WGOA","Rpath","pcod_rec_pp"
2036,"ATF",1734685.36846747,626383.476620223,24478.8460658599,"ssp126","Fmean","WGOA","Rpath","pcod_rec_pp"
2037,"POL",2766525.28814263,1622407.74605608,133149.186424483,"ssp126","Fmean","WGOA","Rpath","pcod_rec_pp"
2037,"COD",277895.601938842,75400.2382587074,53497.4145601376,"ssp126","Fmean","WGOA","Rpath","pcod_rec_pp"
2037,"ATF",1700688.55674246,604299.507208815,23967.9782081938,"ssp126","Fmean","WGOA","Rpath","pcod_rec_pp"
2038,"POL",2953639.29284623,1772193.90033042,135968.468584769,"ssp126","Fmean","WGOA","Rpath","pcod_rec_pp"
2038,"COD",279065.256822769,74842.4607913431,53089.1859656093,"ssp126","Fmean","WGOA","Rpath","pcod_rec_pp"
2038,"ATF",1715565.43343622,609888.55868592,23740.7979091728,"ssp126","Fmean","WGOA","Rpath","pcod_rec_pp"
2039,"POL",2942775.75312056,1791444.90159536,142957.307795922,"ssp126","Fmean","WGOA","Rpath","pcod_rec_pp"
2039,"COD",282586.560178238,77241.7925351683,53825.9885185597,"ssp126","Fmean","WGOA","Rpath","pcod_rec_pp"
2039,"ATF",1747252.9647018,630814.906243965,24187.7072489071,"ssp126","Fmean","WGOA","Rpath","pcod_rec_pp"
2040,"POL",2844089.497695,1697944.41373533,136739.614713079,"ssp126","Fmean","WGOA","Rpath","pcod_rec_pp"
2040,"COD",279395.612431716,78486.4641701368,53885.6004724243,"ssp126","Fmean","WGOA","Rpath","pcod_rec_pp"
2040,"ATF",1730419.67881559,626135.441290377,24260.8667351099,"ssp126","Fmean","WGOA","Rpath","pcod_rec_pp"
2041,"POL",2893562.17158773,1733454.00728375,136479.215755362,"ssp126","Fmean","WGOA","Rpath","pcod_rec_pp"
2041,"COD",275959.231315445,80342.1684516646,53323.1243581129,"ssp126","Fmean","WGOA","Rpath","pcod_rec_pp"
2041,"ATF",1736920.37248953,633931.59095454,24172.8069734107,"ssp126","Fmean","WGOA","Rpath","pcod_rec_pp"
2042,"POL",2948384.36480673,1780847.90903385,139491.393171366,"ssp126","Fmean","WGOA","Rpath","pcod_rec_pp"
2042,"COD",273638.361512238,82080.7213267457,53115.4558857065,"ssp126","Fmean","WGOA","Rpath","pcod_rec_pp"
2042,"ATF",1752770.39561799,647459.736660446,24316.0143084942,"ssp126","Fmean","WGOA","Rpath","pcod_rec_pp"
2043,"POL",2939395.8941497,1774072.69421086,140200.384556289,"ssp126","Fmean","WGOA","Rpath","pcod_rec_pp"
2043,"COD",272306.97504968,84228.1784761153,52651.9749504924,"ssp126","Fmean","WGOA","Rpath","pcod_rec_pp"
2043,"ATF",1761777.77325679,657366.198040183,24509.0339467904,"ssp126","Fmean","WGOA","Rpath","pcod_rec_pp"
2044,"POL",3015023.69571855,1830522.47588507,141015.199541694,"ssp126","Fmean","WGOA","Rpath","pcod_rec_pp"
2044,"COD",272331.020296242,88363.645100794,51793.0876314132,"ssp126","Fmean","WGOA","Rpath","pcod_rec_pp"
2044,"ATF",1783754.48932889,672158.708939487,24665.294546145,"ssp126","Fmean","WGOA","Rpath","pcod_rec_pp"
2045,"POL",3013312.51270793,1833520.49836303,143273.072428849,"ssp126","Fmean","WGOA","Rpath","pcod_rec_pp"
2045,"COD",271147.016906582,89815.9749270704,51616.823171366,"ssp126","Fmean","WGOA","Rpath","pcod_rec_pp"
2045,"ATF",1803493.85865693,683640.80737338,24996.7124611009,"ssp126","Fmean","WGOA","Rpath","pcod_rec_pp"
2046,"POL",2782221.21455131,1659844.87242419,139135.944048549,"ssp126","Fmean","WGOA","Rpath","pcod_rec_pp"
2046,"COD",265660.238856175,84881.8506548214,51403.5316965324,"ssp126","Fmean","WGOA","Rpath","pcod_rec_pp"
2046,"ATF",1775383.99582941,666068.027487859,25058.8923230929,"ssp126","Fmean","WGOA","Rpath","pcod_rec_pp"
2047,"POL",2813349.25206514,1668210.61953556,132660.93570793,"ssp126","Fmean","WGOA","Rpath","pcod_rec_pp"
2047,"COD",261586.62381443,79829.6053058477,50187.1591138011,"ssp126","Fmean","WGOA","Rpath","pcod_rec_pp"
2047,"ATF",1749403.72018054,643818.415854792,24548.9180790236,"ssp126","Fmean","WGOA","Rpath","pcod_rec_pp"
2048,"POL",2899053.10333606,1749697.6767056,136763.669461376,"ssp126","Fmean","WGOA","Rpath","pcod_rec_pp"
2048,"COD",262078.107637005,79469.1075003601,49763.1140851672,"ssp126","Fmean","WGOA","Rpath","pcod_rec_pp"
2048,"ATF",1763704.68621898,642664.660414505,24463.1426256955,"ssp126","Fmean","WGOA","Rpath","pcod_rec_pp"
2049,"POL",2778715.37151383,1679500.67921312,138184.185779383,"ssp126","Fmean","WGOA","Rpath","pcod_rec_pp"
2049,"COD",261113.050171458,79175.6771098149,49973.3853345396,"ssp126","Fmean","WGOA","Rpath","pcod_rec_pp"
2049,"ATF",1766500.88730087,638189.971470768,24692.9096174826,"ssp126","Fmean","WGOA","Rpath","pcod_rec_pp"
2050,"POL",2608780.63823902,1530553.96982512,128273.251882109,"ssp126","Fmean","WGOA","Rpath","pcod_rec_pp"
2050,"COD",255310.899639937,75736.4242143936,49399.2695264122,"ssp126","Fmean","WGOA","Rpath","pcod_rec_pp"
2050,"ATF",1714593.94598656,603929.677292134,24325.2613640129,"ssp126","Fmean","WGOA","Rpath","pcod_rec_pp"
2051,"POL",2618137.50537139,1532351.6564197,124447.866652601,"ssp126","Fmean","WGOA","Rpath","pcod_rec_pp"
2051,"COD",251684.402029715,73636.5891844165,48269.0203422953,"ssp126","Fmean","WGOA","Rpath","pcod_rec_pp"
2051,"ATF",1683559.03756026,580342.348443627,23708.6020606467,"ssp126","Fmean","WGOA","Rpath","pcod_rec_pp"
2052,"POL",2661942.94646083,1579114.98666969,126625.982413821,"ssp126","Fmean","WGOA","Rpath","pcod_rec_pp"
2052,"COD",251161.058525042,71984.7913774417,48133.3802743064,"ssp126","Fmean","WGOA","Rpath","pcod_rec_pp"
2052,"ATF",1677918.27618723,573398.428410257,23449.8985554848,"ssp126","Fmean","WGOA","Rpath","pcod_rec_pp"
2053,"POL",2730184.56669689,1633718.99664889,128275.861715537,"ssp126","Fmean","WGOA","Rpath","pcod_rec_pp"
2053,"COD",253618.274851432,71690.4702244025,48278.7379617027,"ssp126","Fmean","WGOA","Rpath","pcod_rec_pp"
2053,"ATF",1686316.81642679,579203.154734582,23454.8900404308,"ssp126","Fmean","WGOA","Rpath","pcod_rec_pp"
2054,"POL",3050433.81551554,1883630.75292304,136361.820262765,"ssp126","Fmean","WGOA","Rpath","pcod_rec_pp"
2054,"COD",261265.046681907,75719.0640137538,48805.2844332104,"ssp126","Fmean","WGOA","Rpath","pcod_rec_pp"
2054,"ATF",1759918.34861201,626546.22760413,23906.7506274311,"ssp126","Fmean","WGOA","Rpath","pcod_rec_pp"
2055,"POL",2941970.82100035,1813485.83559547,144088.986118478,"ssp126","Fmean","WGOA","Rpath","pcod_rec_pp"
2055,"COD",265701.564472934,81679.1464819089,50692.4970233234,"ssp126","Fmean","WGOA","Rpath","pcod_rec_pp"
2055,"ATF",1806207.10018572,668334.297723135,24963.7980593642,"ssp126","Fmean","WGOA","Rpath","pcod_rec_pp"
2056,"POL",2732079.12373987,1625821.88139015,134297.348461055,"ssp126","Fmean","WGOA","Rpath","pcod_rec_pp"
2056,"COD",262356.159788434,81601.7388824626,50807.6367830474,"ssp126","Fmean","WGOA","Rpath","pcod_rec_pp"
2056,"ATF",1770070.12165651,661365.095435063,25022.9847024012,"ssp126","Fmean","WGOA","Rpath","pcod_rec_pp"
2057,"POL",2903570.96345438,1739300.3496132,132701.131604487,"ssp126","Fmean","WGOA","Rpath","pcod_rec_pp"
2057,"COD",262438.595567586,83731.7629788093,49641.1765256442,"ssp126","Fmean","WGOA","Rpath","pcod_rec_pp"
2057,"ATF",1770125.81388766,667817.617088594,24599.5281160029,"ssp126","Fmean","WGOA","Rpath","pcod_rec_pp"
2058,"POL",2999203.5842941,1830743.81846912,140759.853363711,"ssp126","Fmean","WGOA","Rpath","pcod_rec_pp"
2058,"COD",264402.963115256,85222.5249019328,50005.8905837722,"ssp126","Fmean","WGOA","Rpath","pcod_rec_pp"
2058,"ATF",1800604.02453422,688406.751974984,24860.3281365683,"ssp126","Fmean","WGOA","Rpath","pcod_rec_pp"
2059,"POL",3013082.15576803,1847660.87529768,142985.24589937,"ssp126","Fmean","WGOA","Rpath","pcod_rec_pp"
2059,"COD",266253.013399018,83723.4287500637,50686.4768584356,"ssp126","Fmean","WGOA","Rpath","pcod_rec_pp"
2059,"ATF",1826784.62509987,702117.581934,25254.4341693854,"ssp126","Fmean","WGOA","Rpath","pcod_rec_pp"
2060,"POL",2904769.90134626,1758493.00791638,140240.687165776,"ssp126","Fmean","WGOA","Rpath","pcod_rec_pp"
2060,"COD",262872.410693435,83280.2484150545,50574.8293359364,"ssp126","Fmean","WGOA","Rpath","pcod_rec_pp"
2060,"ATF",1821962.57994349,693289.896704115,25453.7532943571,"ssp126","Fmean","WGOA","Rpath","pcod_rec_pp"
2061,"POL",2783702.73549141,1666705.8587742,136243.014186939,"ssp126","Fmean","WGOA","Rpath","pcod_rec_pp"
2061,"COD",256035.352780577,83749.8298168289,50002.0979571338,"ssp126","Fmean","WGOA","Rpath","pcod_rec_pp"
2061,"ATF",1801291.8158434,670875.332740017,25313.8603207346,"ssp126","Fmean","WGOA","Rpath","pcod_rec_pp"
2062,"POL",2806868.76050642,1683256.67590182,133320.029224039,"ssp126","Fmean","WGOA","Rpath","pcod_rec_pp"
2062,"COD",251434.921325518,83010.7855961215,48753.6509847279,"ssp126","Fmean","WGOA","Rpath","pcod_rec_pp"
2062,"ATF",1788645.90921556,650797.29171779,24992.3313009838,"ssp126","Fmean","WGOA","Rpath","pcod_rec_pp"
2063,"POL",2870361.35104991,1741733.4243039,135309.243620901,"ssp126","Fmean","WGOA","Rpath","pcod_rec_pp"
2063,"COD",250113.393285447,83762.4568422733,47581.5260428879,"ssp126","Fmean","WGOA","Rpath","pcod_rec_pp"
2063,"ATF",1799273.27828906,645879.332494817,24964.3594117103,"ssp126","Fmean","WGOA","Rpath","pcod_rec_pp"
2064,"POL",2756671.44297575,1659921.88906678,134017.134204716,"ssp126","Fmean","WGOA","Rpath","pcod_rec_pp"
2064,"COD",247896.60382621,82935.4440098481,47105.2127069742,"ssp126","Fmean","WGOA","Rpath","pcod_rec_pp"
2064,"ATF",1787228.15244855,632590.558864418,25049.2357205594,"ssp126","Fmean","WGOA","Rpath","pcod_rec_pp"
2065,"POL",2945340.94456103,1802648.40372608,134488.809595691,"ssp126","Fmean","WGOA","Rpath","pcod_rec_pp"
2065,"COD",250652.196760808,80098.7659403276,46879.6226159092,"ssp126","Fmean","WGOA","Rpath","pcod_rec_pp"
2065,"ATF",1816426.89060754,642717.158622383,25022.5278855972,"ssp126","Fmean","WGOA","Rpath","pcod_rec_pp"
2066,"POL",2810996.22807615,1719158.88079075,139008.159202897,"ssp126","Fmean","WGOA","Rpath","pcod_rec_pp"
2066,"COD",252123.457621503,78088.3036166278,47850.5942348544,"ssp126","Fmean","WGOA","Rpath","pcod_rec_pp"
2066,"ATF",1831067.09069252,653225.042221072,25534.4683717353,"ssp126","Fmean","WGOA","Rpath","pcod_rec_pp"
2067,"POL",2738181.28417779,1650220.60968773,132397.680062874,"ssp126","Fmean","WGOA","Rpath","pcod_rec_pp"
2067,"COD",249806.128505399,76520.6764202569,47978.9289274922,"ssp126","Fmean","WGOA","Rpath","pcod_rec_pp"
2067,"ATF",1810675.35091997,646215.332893164,25429.8264502882,"ssp126","Fmean","WGOA","Rpath","pcod_rec_pp"
2068,"POL",2682863.42976293,1599812.45391309,128335.052878029,"ssp126","Fmean","WGOA","Rpath","pcod_rec_pp"
2068,"COD",247320.48148194,76694.5375113304,47469.6202900172,"ssp126","Fmean","WGOA","Rpath","pcod_rec_pp"
2068,"ATF",1778189.62183597,631989.385702372,25032.7111842045,"ssp126","Fmean","WGOA","Rpath","pcod_rec_pp"
2069,"POL",2818004.06227061,1704027.15827661,129717.3879437,"ssp126","Fmean","WGOA","Rpath","pcod_rec_pp"
2069,"COD",247913.303186194,78531.4497059956,47016.6584558662,"ssp126","Fmean","WGOA","Rpath","pcod_rec_pp"
2069,"ATF",1782725.22022909,636507.742257221,24754.5209880067,"ssp126","Fmean","WGOA","Rpath","pcod_rec_pp"
2070,"POL",2842366.66349802,1739447.97412118,135500.163530685,"ssp126","Fmean","WGOA","Rpath","pcod_rec_pp"
2070,"COD",250503.735034225,80185.4442953784,47423.7611048551,"ssp126","Fmean","WGOA","Rpath","pcod_rec_pp"
2070,"ATF",1808539.95897075,655046.734356338,25058.3559352683,"ssp126","Fmean","WGOA","Rpath","pcod_rec_pp"
2071,"POL",2929173.43795086,1799187.51687983,136138.756107014,"ssp126","Fmean","WGOA","Rpath","pcod_rec_pp"
2071,"COD",252004.21764865,80855.3354475692,47665.547885793,"ssp126","Fmean","WGOA","Rpath","pcod_rec_pp"
2071,"ATF",1836526.59369088,674948.471538902,25357.3267268845,"ssp126","Fmean","WGOA","Rpath","pcod_rec_pp"
2072,"POL",2961939.72535943,1827225.17950161,139754.292899028,"ssp126","Fmean","WGOA","Rpath","pcod_rec_pp"
2072,"COD",254065.053177354,82674.8494705061,48218.5728016478,"ssp126","Fmean","WGOA","Rpath","pcod_rec_pp"
2072,"ATF",1869985.7779617,698611.805662515,25827.8260272915,"ssp126","Fmean","WGOA","Rpath","pcod_rec_pp"
2073,"POL",2979189.23245988,1838839.25757541,140967.770847538,"ssp126","Fmean","WGOA","Rpath","pcod_rec_pp"
2073,"COD",254301.627887782,85435.2678043105,48600.4458175625,"ssp126","Fmean","WGOA","Rpath","pcod_rec_pp"
2073,"ATF",1895065.25662442,717241.529579881,26219.2524252633,"ssp126","Fmean","WGOA","Rpath","pcod_rec_pp"
2074,"POL",2811865.2085473,1703100.065969,137020.726708797,"ssp126","Fmean","WGOA","Rpath","pcod_rec_pp"
2074,"COD",248458.074628926,86260.1539938951,48402.5341131915,"ssp126","Fmean","WGOA","Rpath","pcod_rec_pp"
2074,"ATF",1869605.72654957,705254.558221506,26291.3743623303,"ssp126","Fmean","WGOA","Rpath","pcod_rec_pp"
2075,"POL",2667136.60603118,1589721.14965511,130794.641932495,"ssp126","Fmean","WGOA","Rpath","pcod_rec_pp"
2075,"COD",242615.282552465,85783.5940755635,47088.2668706998,"ssp126","Fmean","WGOA","Rpath","pcod_rec_pp"
2075,"ATF",1823321.86578104,675467.954744619,25813.079751551,"ssp126","Fmean","WGOA","Rpath","pcod_rec_pp"
2076,"POL",2782394.83770216,1671356.12604594,128310.390732119,"ssp126","Fmean","WGOA","Rpath","pcod_rec_pp"
2076,"COD",240300.85813255,84228.5847211878,45388.2988588008,"ssp126","Fmean","WGOA","Rpath","pcod_rec_pp"
2076,"ATF",1805814.99907774,654782.313522867,25218.9997769496,"ssp126","Fmean","WGOA","Rpath","pcod_rec_pp"
2077,"POL",2859223.7522538,1752085.37582085,134332.241742107,"ssp126","Fmean","WGOA","Rpath","pcod_rec_pp"
2077,"COD",242694.03301636,82290.5054857992,45254.703648703,"ssp126","Fmean","WGOA","Rpath","pcod_rec_pp"
2077,"ATF",1830121.38629572,657454.133152648,25315.5716914689,"ssp126","Fmean","WGOA","Rpath","pcod_rec_pp"
2078,"POL",2879806.8853401,1783728.78963184,137879.267503935,"ssp126","Fmean","WGOA","Rpath","pcod_rec_pp"
2078,"COD",247160.035695418,78696.1929433086,46198.4383041509,"ssp126","Fmean","WGOA","Rpath","pcod_rec_pp"
2078,"ATF",1864660.72139802,669693.286962097,25759.9132854432,"ssp126","Fmean","WGOA","Rpath","pcod_rec_pp"
2079,"POL",2496300.91534277,1482277.63541843,128605.092662997,"ssp126","Fmean","WGOA","Rpath","pcod_rec_pp"
2079,"COD",242182.82965559,74033.2207228315,46645.3710022943,"ssp126","Fmean","WGOA","Rpath","pcod_rec_pp"
2079,"ATF",1796391.20458755,630241.063692228,25693.8845941945,"ssp126","Fmean","WGOA","Rpath","pcod_rec_pp"
2080,"POL",2655932.45285327,1578252.93127959,121297.800869688,"ssp126","Fmean","WGOA","Rpath","pcod_rec_pp"
2080,"COD",240177.820079876,72344.8679221192,45782.2273079997,"ssp126","Fmean","WGOA","Rpath","pcod_rec_pp"
2080,"ATF",1766877.65643116,607999.929291888,24766.7228041793,"ssp126","Fmean","WGOA","Rpath","pcod_rec_pp"
2081,"POL",2723601.10880092,1652775.43943686,129206.091967565,"ssp126","Fmean","WGOA","Rpath","pcod_rec_pp"
2081,"COD",241834.702842368,73850.9384888653,46091.2205761637,"ssp126","Fmean","WGOA","Rpath","pcod_rec_pp"
2081,"ATF",1779915.34395928,614580.433180214,24743.5604469234,"ssp126","Fmean","WGOA","Rpath","pcod_rec_pp"
2082,"POL",2593480.36860785,1558324.28665754,127795.378689483,"ssp126","Fmean","WGOA","Rpath","pcod_rec_pp"
2082,"COD",238787.393202616,74163.1722938398,46388.4207471912,"ssp126","Fmean","WGOA","Rpath","pcod_rec_pp"
2082,"ATF",1760920.76882035,609511.267043888,24788.4572314574,"ssp126","Fmean","WGOA","Rpath","pcod_rec_pp"
2083,"POL",2486938.62466638,1465433.19649531,121744.076827276,"ssp126","Fmean","WGOA","Rpath","pcod_rec_pp"
2083,"COD",235503.571969191,74363.1235635984,45710.3593560101,"ssp126","Fmean","WGOA","Rpath","pcod_rec_pp"
2083,"ATF",1718421.60749174,591522.140209119,24355.1811436673,"ssp126","Fmean","WGOA","Rpath","pcod_rec_pp"
2084,"POL",2503917.98900707,1465943.46048035,118511.146199085,"ssp126","Fmean","WGOA","Rpath","pcod_rec_pp"
2084,"COD",235296.960191921,74245.0690798948,44501.6326168576,"ssp126","Fmean","WGOA","Rpath","pcod_rec_pp"
2084,"ATF",1681760.87754869,574303.142158287,23738.5501503381,"ssp126","Fmean","WGOA","Rpath","pcod_rec_pp"
2085,"POL",2807356.67649146,1705633.15752603,125290.512319455,"ssp126","Fmean","WGOA","Rpath","pcod_rec_pp"
2085,"COD",243514.811558115,74400.3665173948,44570.4794233344,"ssp126","Fmean","WGOA","Rpath","pcod_rec_pp"
2085,"ATF",1720451.49062245,598207.249112768,23604.1714654439,"ssp126","Fmean","WGOA","Rpath","pcod_rec_pp"
2086,"POL",2837650.14655351,1745538.13329189,135171.214933295,"ssp126","Fmean","WGOA","Rpath","pcod_rec_pp"
2086,"COD",253366.893067391,72174.7585143143,46803.365714807,"ssp126","Fmean","WGOA","Rpath","pcod_rec_pp"
2086,"ATF",1770523.91790895,637413.23092673,24382.0265004375,"ssp126","Fmean","WGOA","Rpath","pcod_rec_pp"
2087,"POL",2874438.80662708,1760712.28279887,135405.768567996,"ssp126","Fmean","WGOA","Rpath","pcod_rec_pp"
2087,"COD",260662.953594827,70197.9881722497,48783.6051244688,"ssp126","Fmean","WGOA","Rpath","pcod_rec_pp"
2087,"ATF",1801963.68721156,668005.28571437,24907.7357424511,"ssp126","Fmean","WGOA","Rpath","pcod_rec_pp"
2088,"POL",2747155.91638187,1662281.8517318,135411.494188292,"ssp126","Fmean","WGOA","Rpath","pcod_rec_pp"
2088,"COD",262985.904015118,72967.2690993633,50208.164326545,"ssp126","Fmean","WGOA","Rpath","pcod_rec_pp"
2088,"ATF",1800695.12892339,678507.947004865,25215.0223263918,"ssp126","Fmean","WGOA","Rpath","pcod_rec_pp"
2089,"POL",2640942.38500178,1548247.85001081,126317.842568271,"ssp126","Fmean","WGOA","Rpath","pcod_rec_pp"
2089,"COD",257673.218176294,74188.3666734353,50032.6106121355,"ssp126","Fmean","WGOA","Rpath","pcod_rec_pp"
2089,"ATF",1741885.83968521,648862.864447148,24704.3918076569,"ssp126","Fmean","WGOA","Rpath","pcod_rec_pp"
2090,"POL",2714920.02504476,1611792.38017265,128055.24122151,"ssp126","Fmean","WGOA","Rpath","pcod_rec_pp"
2090,"COD",257583.22218411,76779.821010909,49277.8125163826,"ssp126","Fmean","WGOA","Rpath","pcod_rec_pp"
2090,"ATF",1729521.30857343,639538.912539384,24197.6793649685,"ssp126","Fmean","WGOA","Rpath","pcod_rec_pp"
2091,"POL",2894279.79324598,1752628.03917448,132374.481741311,"ssp126","Fmean","WGOA","Rpath","pcod_rec_pp"
2091,"COD",260823.335243457,78741.6180923001,49120.7345163621,"ssp126","Fmean","WGOA","Rpath","pcod_rec_pp"
2091,"ATF",1749279.49199397,644248.810583611,24147.8140496899,"ssp126","Fmean","WGOA","Rpath","pcod_rec_pp"
2092,"POL",2813984.12705962,1704836.27950594,136767.539806332,"ssp126","Fmean","WGOA","Rpath","pcod_rec_pp"
2092,"COD",262615.625500736,79158.1973849347,49745.1562414136,"ssp126","Fmean","WGOA","Rpath","pcod_rec_pp"
2092,"ATF",1764443.32442391,647182.520660834,24567.3439597824,"ssp126","Fmean","WGOA","Rpath","pcod_rec_pp"
2093,"POL",2697369.60303446,1611087.53574895,132208.677057939,"ssp126","Fmean","WGOA","Rpath","pcod_rec_pp"
2093,"COD",261624.382435499,76586.3954436879,50128.4782024846,"ssp126","Fmean","WGOA","Rpath","pcod_rec_pp"
2093,"ATF",1747115.90957482,631222.095765053,24554.5277912774,"ssp126","Fmean","WGOA","Rpath","pcod_rec_pp"
2094,"POL",2598315.47064842,1517627.10136684,125505.476888282,"ssp126","Fmean","WGOA","Rpath","pcod_rec_pp"
2094,"COD",258625.31484186,73007.8494194084,49688.7663538879,"ssp126","Fmean","WGOA","Rpath","pcod_rec_pp"
2094,"ATF",1699259.95159099,598123.008249361,24065.6613218701,"ssp126","Fmean","WGOA","Rpath","pcod_rec_pp"
2095,"POL",2789361.39410198,1661314.88498347,126747.169602157,"ssp126","Fmean","WGOA","Rpath","pcod_rec_pp"
2095,"COD",260749.522280806,72555.1806619355,49192.4974353494,"ssp126","Fmean","WGOA","Rpath","pcod_rec_pp"
2095,"ATF",1701504.67152441,592478.523056914,23624.0831852255,"ssp126","Fmean","WGOA","Rpath","pcod_rec_pp"
2096,"POL",2905427.37099645,1772934.20331177,135996.050547168,"ssp126","Fmean","WGOA","Rpath","pcod_rec_pp"
2096,"COD",265950.700787094,74732.6897488657,50186.4921183533,"ssp126","Fmean","WGOA","Rpath","pcod_rec_pp"
2096,"ATF",1744865.58944702,616756.525331564,24009.3500535868,"ssp126","Fmean","WGOA","Rpath","pcod_rec_pp"
2097,"POL",2856746.4693249,1738832.87570849,137994.818892156,"ssp126","Fmean","WGOA","Rpath","pcod_rec_pp"
2097,"COD",267224.120926377,75674.1401640096,51449.4019107633,"ssp126","Fmean","WGOA","Rpath","pcod_rec_pp"
2097,"ATF",1767440.1779015,635764.231579958,24540.663342755,"ssp126","Fmean","WGOA","Rpath","pcod_rec_pp"
2098,"POL",2767899.20702751,1654200.66194528,133742.006636485,"ssp126","Fmean","WGOA","Rpath","pcod_rec_pp"
2098,"COD",264979.237673448,77724.4635825048,51457.3730477858,"ssp126","Fmean","WGOA","Rpath","pcod_rec_pp"
2098,"ATF",1753320.37068269,634809.31896261,24603.913836,"ssp126","Fmean","WGOA","Rpath","pcod_rec_pp"
2099,"POL",2748009.50681104,1630428.41297402,131170.150238783,"ssp126","Fmean","WGOA","Rpath","pcod_rec_pp"
2099,"COD",263309.572688186,81041.627634516,50555.3055377199,"ssp126","Fmean","WGOA","Rpath","pcod_rec_pp"
2099,"ATF",1735464.14823603,629792.108839864,24345.5513669469,"ssp126","Fmean","WGOA","Rpath","pcod_rec_pp"
1991,"POL",2884927.16511783,1690895.40603404,87828.010002781,"ssp245","Fmean","WGOA","Rpath","pcod_rec_pp"
1991,"COD",399280.293878193,93224.2373585632,64466.829990571,"ssp245","Fmean","WGOA","Rpath","pcod_rec_pp"
1991,"ATF",1554327.80462664,597326.97740596,16958.380011156,"ssp245","Fmean","WGOA","Rpath","pcod_rec_pp"
1992,"POL",2892495.91324268,1696087.27813365,90585.189961806,"ssp245","Fmean","WGOA","Rpath","pcod_rec_pp"
1992,"COD",371842.900083054,88999.2287874369,78966.500089317,"ssp245","Fmean","WGOA","Rpath","pcod_rec_pp"
1992,"ATF",1551901.37581743,598021.211707819,20482.180062468,"ssp245","Fmean","WGOA","Rpath","pcod_rec_pp"
1993,"POL",2886917.46017875,1690078.21042351,108230.180085742,"ssp245","Fmean","WGOA","Rpath","pcod_rec_pp"
1993,"COD",375328.175429555,91984.46817467,45849.170066118,"ssp245","Fmean","WGOA","Rpath","pcod_rec_pp"
1993,"ATF",1551566.34683954,599298.159270716,18294.449920618,"ssp245","Fmean","WGOA","Rpath","pcod_rec_pp"
1994,"POL",2891612.89701311,1691340.87032149,100412.359942985,"ssp245","Fmean","WGOA","Rpath","pcod_rec_pp"
1994,"COD",374238.505424238,92168.0244909248,45610.579965874,"ssp245","Fmean","WGOA","Rpath","pcod_rec_pp"
1994,"ATF",1547453.431915,598480.508802417,21993.239976229,"ssp245","Fmean","WGOA","Rpath","pcod_rec_pp"
1995,"POL",2920445.2429594,1709974.75171492,69168.129925675,"ssp245","Fmean","WGOA","Rpath","pcod_rec_pp"
1995,"COD",354241.118245692,88060.9264831689,67907.179992219,"ssp245","Fmean","WGOA","Rpath","pcod_rec_pp"
1995,"ATF",1548788.07321952,599203.455585779,17415.490044603,"ssp245","Fmean","WGOA","Rpath","pcod_rec_pp"
1996,"POL",2949537.49989699,1727520.76771419,49825.8700384,"ssp245","Fmean","WGOA","Rpath","pcod_rec_pp"
1996,"COD",348901.269856949,89289.8998161644,55391.660096973,"ssp245","Fmean","WGOA","Rpath","pcod_rec_pp"
1996,"ATF",1545296.54167072,597141.15385086,21555.609900557,"ssp245","Fmean","WGOA","Rpath","pcod_rec_pp"
1997,"POL",2946193.76182491,1722365.56372477,84179.649971753,"ssp245","Fmean","WGOA","Rpath","pcod_rec_pp"
1997,"COD",339607.871812025,88455.8466619866,58920.579990637,"ssp245","Fmean","WGOA","Rpath","pcod_rec_pp"
1997,"ATF",1547340.93937387,596389.731746862,14758.279890696,"ssp245","Fmean","WGOA","Rpath","pcod_rec_pp"
1998,"POL",3007840.54757787,1762267.82292695,5428.379997642,"ssp245","Fmean","WGOA","Rpath","pcod_rec_pp"
1998,"COD",338402.008126062,87897.0996300377,50218.950113863,"ssp245","Fmean","WGOA","Rpath","pcod_rec_pp"
1998,"ATF",1552042.17068945,596282.511778416,12377.190009373,"ssp245","Fmean","WGOA","Rpath","pcod_rec_pp"
1999,"POL",2993956.26360435,1751820.3586859,90556.900062537,"ssp245","Fmean","WGOA","Rpath","pcod_rec_pp"
1999,"COD",323385.504513683,83134.3281978233,66264.67009813,"ssp245","Fmean","WGOA","Rpath","pcod_rec_pp"
1999,"ATF",1556822.57219736,596729.653748177,14649.229924965,"ssp245","Fmean","WGOA","Rpath","pcod_rec_pp"
2000,"POL",3049484.66889728,1789601.2235707,5552.830105466,"ssp245","Fmean","WGOA","Rpath","pcod_rec_pp"
2000,"COD",321234.70478313,82993.6306736087,53384.869944958,"ssp245","Fmean","WGOA","Rpath","pcod_rec_pp"
2000,"ATF",1555589.60333769,595731.530286997,22993.75009338,"ssp245","Fmean","WGOA","Rpath","pcod_rec_pp"
2001,"POL",3082953.38628358,1808450.38491623,3452.299978517,"ssp245","Fmean","WGOA","Rpath","pcod_rec_pp"
2001,"COD",327836.052151014,85350.6677932879,40517.409954733,"ssp245","Fmean","WGOA","Rpath","pcod_rec_pp"
2001,"ATF",1559150.39699574,597017.281545479,17416.199986059,"ssp245","Fmean","WGOA","Rpath","pcod_rec_pp"
2002,"POL",3117695.91098478,1828996.8919311,1698.029945361,"ssp245","Fmean","WGOA","Rpath","pcod_rec_pp"
2002,"COD",329657.199807253,86672.396799144,41567.989960821,"ssp245","Fmean","WGOA","Rpath","pcod_rec_pp"
2002,"ATF",1561074.36729579,598208.760306624,20173.560012907,"ssp245","Fmean","WGOA","Rpath","pcod_rec_pp"
2003,"POL",3105660.59060301,1817041.08768011,48590.077011908,"ssp245","Fmean","WGOA","Rpath","pcod_rec_pp"
2003,"COD",321002.232869284,86072.6548698382,52365.755088864,"ssp245","Fmean","WGOA","Rpath","pcod_rec_pp"
2003,"ATF",1552272.45436907,595288.634146958,30169.771891001,"ssp245","Fmean","WGOA","Rpath","pcod_rec_pp"
2004,"POL",3100496.17999595,1811816.72016729,62434.439922489,"ssp245","Fmean","WGOA","Rpath","pcod_rec_pp"
2004,"COD",310907.346053104,86861.6844619175,56450.241969657,"ssp245","Fmean","WGOA","Rpath","pcod_rec_pp"
2004,"ATF",1557805.52630999,597533.747722124,15634.908041003,"ssp245","Fmean","WGOA","Rpath","pcod_rec_pp"
2005,"POL",3085140.75609541,1801622.59658072,78302.791927256,"ssp245","Fmean","WGOA","Rpath","pcod_rec_pp"
2005,"COD",308747.712383036,89355.0329510825,47523.779925577,"ssp245","Fmean","WGOA","Rpath","pcod_rec_pp"
2005,"ATF",1557456.93296847,596651.527725103,19923.573051558,"ssp245","Fmean","WGOA","Rpath","pcod_rec_pp"
2006,"POL",3088115.70042571,1805154.79373703,68928.307992488,"ssp245","Fmean","WGOA","Rpath","pcod_rec_pp"
2006,"COD",305285.425387622,89662.8420266119,47767.079961499,"ssp245","Fmean","WGOA","Rpath","pcod_rec_pp"
2006,"ATF",1552052.55675712,593803.972010943,27622.698918064,"ssp245","Fmean","WGOA","Rpath","pcod_rec_pp"
2007,"POL",3108388.6659623,1820162.18935033,51572.307003871,"ssp245","Fmean","WGOA","Rpath","pcod_rec_pp"
2007,"COD",298656.827987615,86970.5841575916,51812.178003779,"ssp245","Fmean","WGOA","Rpath","pcod_rec_pp"
2007,"ATF",1552833.11070127,593773.096946291,25346.986980543,"ssp245","Fmean","WGOA","Rpath","pcod_rec_pp"
2008,"POL",3122657.32782491,1829614.82622622,50786.206014733,"ssp245","Fmean","WGOA","Rpath","pcod_rec_pp"
2008,"COD",288014.19715692,83738.4257426123,58386.384025578,"ssp245","Fmean","WGOA","Rpath","pcod_rec_pp"
2008,"ATF",1551453.5168298,592951.977723493,29205.939969489,"ssp245","Fmean","WGOA","Rpath","pcod_rec_pp"
2009,"POL",3143273.39859891,1841984.8200306,41549.503075916,"ssp245","Fmean","WGOA","Rpath","pcod_rec_pp"
2009,"COD",284535.848347064,83301.5655360441,51788.980009351,"ssp245","Fmean","WGOA","Rpath","pcod_rec_pp"
2009,"ATF",1555113.02563569,594046.266118116,24831.742038702,"ssp245","Fmean","WGOA","Rpath","pcod_rec_pp"
2010,"POL",3136117.03112817,1835292.14585186,73443.384226643,"ssp245","Fmean","WGOA","Rpath","pcod_rec_pp"
2010,"COD",260387.074378808,76717.5680514182,76954.154598455,"ssp245","Fmean","WGOA","Rpath","pcod_rec_pp"
2010,"ATF",1558263.17274182,594362.564843561,24339.446470918,"ssp245","Fmean","WGOA","Rpath","pcod_rec_pp"
2011,"POL",3141056.08768375,1838289.75061505,77694.479623666,"ssp245","Fmean","WGOA","Rpath","pcod_rec_pp"
2011,"COD",234318.516143285,69543.3060352226,83710.475394165,"ssp245","Fmean","WGOA","Rpath","pcod_rec_pp"
2011,"ATF",1557071.61028742,592792.103233455,30911.821764055,"ssp245","Fmean","WGOA","Rpath","pcod_rec_pp"
2012,"POL",3133568.47204365,1833854.71164897,98934.691224094,"ssp245","Fmean","WGOA","Rpath","pcod_rec_pp"
2012,"COD",216652.39880077,64116.8215124414,76871.109994854,"ssp245","Fmean","WGOA","Rpath","pcod_rec_pp"
2012,"ATF",1567597.98995377,595605.767059271,20761.909908427,"ssp245","Fmean","WGOA","Rpath","pcod_rec_pp"
2013,"POL",3129803.3271359,1832301.64727678,90796.631609659,"ssp245","Fmean","WGOA","Rpath","pcod_rec_pp"
2013,"COD",207097.746004189,61173.0549874287,66829.781618954,"ssp245","Fmean","WGOA","Rpath","pcod_rec_pp"
2013,"ATF",1575636.64297929,596480.791969859,21809.3123161,"ssp245","Fmean","WGOA","Rpath","pcod_rec_pp"
2014,"POL",3087331.43236134,1803398.13573914,138948.061996125,"ssp245","Fmean","WGOA","Rpath","pcod_rec_pp"
2014,"COD",180191.44732662,54326.1747660013,83491.72820457,"ssp245","Fmean","WGOA","Rpath","pcod_rec_pp"
2014,"ATF",1567912.16262094,590069.752717628,36524.501530691,"ssp245","Fmean","WGOA","Rpath","pcod_rec_pp"
2015,"POL",3045526.28555765,1775739.07919012,162807.64603073,"ssp245","Fmean","WGOA","Rpath","pcod_rec_pp"
2015,"COD",157932.722055918,48934.4411406065,77689.992014231,"ssp245","Fmean","WGOA","Rpath","pcod_rec_pp"
2015,"ATF",1577268.81804826,588791.535950363,19296.587221708,"ssp245","Fmean","WGOA","Rpath","pcod_rec_pp"
2016,"POL",3007798.29217938,1753763.79832681,173086.352394527,"ssp245","Fmean","WGOA","Rpath","pcod_rec_pp"
2016,"COD",147656.615382295,47339.0097704077,62867.327429592,"ssp245","Fmean","WGOA","Rpath","pcod_rec_pp"
2016,"ATF",1586289.94323646,586210.878732567,19976.294186812,"ssp245","Fmean","WGOA","Rpath","pcod_rec_pp"
2017,"POL",2976739.35759481,1738811.22499638,184220.028529305,"ssp245","Fmean","WGOA","Rpath","pcod_rec_pp"
2017,"COD",147736.144697943,50239.6743054142,48204.214674581,"ssp245","Fmean","WGOA","Rpath","pcod_rec_pp"
2017,"ATF",1591593.27599985,581990.660087748,27053.508990172,"ssp245","Fmean","WGOA","Rpath","pcod_rec_pp"
2018,"POL",2968841.33230651,1740812.46211736,150815.192171791,"ssp245","Fmean","WGOA","Rpath","pcod_rec_pp"
2018,"COD",174522.229212124,61112.9039308985,14681.29819652,"ssp245","Fmean","WGOA","Rpath","pcod_rec_pp"
2018,"ATF",1607270.2111573,582229.748408732,18870.25094355,"ssp245","Fmean","WGOA","Rpath","pcod_rec_pp"
2019,"POL",2976191.20523764,1750709.51749398,110649.271555557,"ssp245","Fmean","WGOA","Rpath","pcod_rec_pp"
2019,"COD",197788.813002527,66355.8766877763,15200.420583165,"ssp245","Fmean","WGOA","Rpath","pcod_rec_pp"
2019,"ATF",1614692.32773615,580069.536802079,24567.051964421,"ssp245","Fmean","WGOA","Rpath","pcod_rec_pp"
2020,"POL",2989895.2520935,1764767.02629929,99971.064888454,"ssp245","Fmean","WGOA","Rpath","pcod_rec_pp"
2020,"COD",227504.737928574,75552.6208206696,6085.249338733,"ssp245","Fmean","WGOA","Rpath","pcod_rec_pp"
2020,"ATF",1626347.35110332,581533.713573081,21115.899302007,"ssp245","Fmean","WGOA","Rpath","pcod_rec_pp"
2021,"POL",2944299.05194919,1735746.17280618,234937.174355836,"ssp245","Fmean","WGOA","Rpath","pcod_rec_pp"
2021,"COD",210799.4744061,68700.8613375454,59707.8297636445,"ssp245","Fmean","WGOA","Rpath","pcod_rec_pp"
2021,"ATF",1629392.71209983,582626.388370397,32535.9181392251,"ssp245","Fmean","WGOA","Rpath","pcod_rec_pp"
2022,"POL",2539554.17390065,1464013.19298583,258165.449287214,"ssp245","Fmean","WGOA","Rpath","pcod_rec_pp"
2022,"COD",197315.764075586,61277.598662361,63385.8496964416,"ssp245","Fmean","WGOA","Rpath","pcod_rec_pp"
2022,"ATF",1592033.90440512,565648.849359113,34205.4922937553,"ssp245","Fmean","WGOA","Rpath","pcod_rec_pp"
2023,"POL",2358442.5442217,1304276.90177805,241696.877115036,"ssp245","Fmean","WGOA","Rpath","pcod_rec_pp"
2023,"COD",189623.664811157,52143.5178255731,56726.3548782026,"ssp245","Fmean","WGOA","Rpath","pcod_rec_pp"
2023,"ATF",1512537.78337739,521162.488125756,30831.1367256797,"ssp245","Fmean","WGOA","Rpath","pcod_rec_pp"
2024,"POL",2592482.246524,1479396.70833704,117989.535797275,"ssp245","Fmean","WGOA","Rpath","pcod_rec_pp"
2024,"COD",206415.010258349,50200.0856314629,36826.7452098744,"ssp245","Fmean","WGOA","Rpath","pcod_rec_pp"
2024,"ATF",1501889.21633016,510054.543637579,20995.4436774727,"ssp245","Fmean","WGOA","Rpath","pcod_rec_pp"
2025,"POL",2776066.64985882,1647674.71148089,129676.510482503,"ssp245","Fmean","WGOA","Rpath","pcod_rec_pp"
2025,"COD",224516.561437914,50601.0943642421,40654.3111380577,"ssp245","Fmean","WGOA","Rpath","pcod_rec_pp"
2025,"ATF",1540991.87659139,529772.558092534,21211.9938813192,"ssp245","Fmean","WGOA","Rpath","pcod_rec_pp"
2026,"POL",2785459.93263697,1656745.94607192,133548.238680049,"ssp245","Fmean","WGOA","Rpath","pcod_rec_pp"
2026,"COD",238595.532385583,55186.4074893001,44029.4008339504,"ssp245","Fmean","WGOA","Rpath","pcod_rec_pp"
2026,"ATF",1570973.82327208,550495.109407064,21752.7453107317,"ssp245","Fmean","WGOA","Rpath","pcod_rec_pp"
2027,"POL",2943568.53647846,1754027.01281523,134759.591581028,"ssp245","Fmean","WGOA","Rpath","pcod_rec_pp"
2027,"COD",251115.15410346,62550.7751522102,46437.3302406438,"ssp245","Fmean","WGOA","Rpath","pcod_rec_pp"
2027,"ATF",1606705.32660217,577166.295024241,22112.8213858612,"ssp245","Fmean","WGOA","Rpath","pcod_rec_pp"
2028,"POL",2892722.43149422,1715509.08417899,139582.051574694,"ssp245","Fmean","WGOA","Rpath","pcod_rec_pp"
2028,"COD",262478.618136336,68555.6579233861,48644.0538269601,"ssp245","Fmean","WGOA","Rpath","pcod_rec_pp"
2028,"ATF",1628456.15443145,600802.849928155,22632.9535205314,"ssp245","Fmean","WGOA","Rpath","pcod_rec_pp"
2029,"POL",2878418.02112252,1692243.69065484,137617.412189463,"ssp245","Fmean","WGOA","Rpath","pcod_rec_pp"
2029,"COD",271867.790098977,70439.3695491436,50250.3502254834,"ssp245","Fmean","WGOA","Rpath","pcod_rec_pp"
2029,"ATF",1628794.13414843,612128.883282153,22732.1454402313,"ssp245","Fmean","WGOA","Rpath","pcod_rec_pp"
2030,"POL",2809069.30613412,1635155.04765159,136615.650619574,"ssp245","Fmean","WGOA","Rpath","pcod_rec_pp"
2030,"COD",279861.597861293,68551.7288883063,51872.9720517907,"ssp245","Fmean","WGOA","Rpath","pcod_rec_pp"
2030,"ATF",1613830.20585962,611260.282095948,22659.1757203513,"ssp245","Fmean","WGOA","Rpath","pcod_rec_pp"
2031,"POL",2806872.42559692,1621565.09431396,133526.700328539,"ssp245","Fmean","WGOA","Rpath","pcod_rec_pp"
2031,"COD",286514.805669265,64177.6408571905,53334.7761228043,"ssp245","Fmean","WGOA","Rpath","pcod_rec_pp"
2031,"ATF",1590268.90163097,597727.978937185,22343.2389458989,"ssp245","Fmean","WGOA","Rpath","pcod_rec_pp"
2032,"POL",3034483.24847659,1805368.25863297,139533.94254668,"ssp245","Fmean","WGOA","Rpath","pcod_rec_pp"
2032,"COD",297990.477676564,62427.3428132433,55285.243015101,"ssp245","Fmean","WGOA","Rpath","pcod_rec_pp"
2032,"ATF",1622896.39971465,610148.220277349,22327.8884369219,"ssp245","Fmean","WGOA","Rpath","pcod_rec_pp"
2033,"POL",2936819.65733262,1745343.1197036,144159.552316631,"ssp245","Fmean","WGOA","Rpath","pcod_rec_pp"
2033,"COD",304858.54477183,63068.0335881852,57857.9081417251,"ssp245","Fmean","WGOA","Rpath","pcod_rec_pp"
2033,"ATF",1638883.90405216,614557.953547154,22803.4647666279,"ssp245","Fmean","WGOA","Rpath","pcod_rec_pp"
2034,"POL",2685818.34599641,1546394.66339842,135537.592233245,"ssp245","Fmean","WGOA","Rpath","pcod_rec_pp"
2034,"COD",301338.124383477,63888.7641267591,58630.8263309722,"ssp245","Fmean","WGOA","Rpath","pcod_rec_pp"
2034,"ATF",1599840.28989327,587383.506947919,22699.3555882155,"ssp245","Fmean","WGOA","Rpath","pcod_rec_pp"
2035,"POL",2604142.14597394,1461628.96806959,126441.10430605,"ssp245","Fmean","WGOA","Rpath","pcod_rec_pp"
2035,"COD",292575.808884159,64360.0565266556,57661.492144842,"ssp245","Fmean","WGOA","Rpath","pcod_rec_pp"
2035,"ATF",1545234.65921004,548977.258614677,21983.4236408363,"ssp245","Fmean","WGOA","Rpath","pcod_rec_pp"
2036,"POL",2830142.39774666,1643555.07735549,130390.530543115,"ssp245","Fmean","WGOA","Rpath","pcod_rec_pp"
2036,"COD",293124.699083036,68297.1198441845,56542.9599318929,"ssp245","Fmean","WGOA","Rpath","pcod_rec_pp"
2036,"ATF",1553008.56387799,544294.028397307,21548.9073676515,"ssp245","Fmean","WGOA","Rpath","pcod_rec_pp"
2037,"POL",2862385.01834634,1693160.24477785,137800.575694502,"ssp245","Fmean","WGOA","Rpath","pcod_rec_pp"
2037,"COD",296850.259911554,73091.5056459289,56776.7528570201,"ssp245","Fmean","WGOA","Rpath","pcod_rec_pp"
2037,"ATF",1578747.17558375,556274.718981829,21864.8696988313,"ssp245","Fmean","WGOA","Rpath","pcod_rec_pp"
2038,"POL",2918934.77649414,1732206.07270358,138201.045980014,"ssp245","Fmean","WGOA","Rpath","pcod_rec_pp"
2038,"COD",299583.085874132,76471.2305108811,57172.0502467532,"ssp245","Fmean","WGOA","Rpath","pcod_rec_pp"
2038,"ATF",1603264.53897102,572497.106664888,22191.2198044012,"ssp245","Fmean","WGOA","Rpath","pcod_rec_pp"
2039,"POL",2960094.47349953,1755859.39899933,139953.630208808,"ssp245","Fmean","WGOA","Rpath","pcod_rec_pp"
2039,"COD",301742.141611182,77559.5774990374,57680.2285987133,"ssp245","Fmean","WGOA","Rpath","pcod_rec_pp"
2039,"ATF",1626346.96056766,591328.934309517,22529.9017263381,"ssp245","Fmean","WGOA","Rpath","pcod_rec_pp"
2040,"POL",2778927.50065552,1615893.10800398,137884.372748789,"ssp245","Fmean","WGOA","Rpath","pcod_rec_pp"
2040,"COD",299694.533809929,76031.5734095967,57897.4831733886,"ssp245","Fmean","WGOA","Rpath","pcod_rec_pp"
2040,"ATF",1609932.85145953,590444.82242724,22688.1211784915,"ssp245","Fmean","WGOA","Rpath","pcod_rec_pp"
2041,"POL",2667779.23397021,1525919.35014429,131910.783202763,"ssp245","Fmean","WGOA","Rpath","pcod_rec_pp"
2041,"COD",296698.047252116,73336.7816932174,57220.2436598737,"ssp245","Fmean","WGOA","Rpath","pcod_rec_pp"
2041,"ATF",1575869.16717409,576919.8281939,22307.2587016278,"ssp245","Fmean","WGOA","Rpath","pcod_rec_pp"
2042,"POL",2795601.97180088,1610602.76649037,129673.569767628,"ssp245","Fmean","WGOA","Rpath","pcod_rec_pp"
2042,"COD",297872.104184274,71394.6640557776,56463.2349450281,"ssp245","Fmean","WGOA","Rpath","pcod_rec_pp"
2042,"ATF",1559491.39087986,568311.461554529,21811.4052326161,"ssp245","Fmean","WGOA","Rpath","pcod_rec_pp"
2043,"POL",2730320.2590553,1581453.82568354,133449.038372297,"ssp245","Fmean","WGOA","Rpath","pcod_rec_pp"
2043,"COD",300058.650597121,69313.2622415348,56961.2963751856,"ssp245","Fmean","WGOA","Rpath","pcod_rec_pp"
2043,"ATF",1553234.84114734,563954.53554677,21772.9393792334,"ssp245","Fmean","WGOA","Rpath","pcod_rec_pp"
2044,"POL",2766261.62459789,1604893.88827959,130965.758633152,"ssp245","Fmean","WGOA","Rpath","pcod_rec_pp"
2044,"COD",301277.022372141,65962.001196934,57503.3417092605,"ssp245","Fmean","WGOA","Rpath","pcod_rec_pp"
2044,"ATF",1547993.72928021,557258.85146848,21621.9718563802,"ssp245","Fmean","WGOA","Rpath","pcod_rec_pp"
2045,"POL",2871920.0311363,1691478.23339564,134978.996731041,"ssp245","Fmean","WGOA","Rpath","pcod_rec_pp"
2045,"COD",305780.018810898,65390.2885279281,58200.6633815381,"ssp245","Fmean","WGOA","Rpath","pcod_rec_pp"
2045,"ATF",1572104.02818891,567233.403129485,21744.9863192958,"ssp245","Fmean","WGOA","Rpath","pcod_rec_pp"
2046,"POL",2788685.40993501,1630431.34524922,135852.570502186,"ssp245","Fmean","WGOA","Rpath","pcod_rec_pp"
2046,"COD",305877.921475688,66664.5421852783,59084.5884935018,"ssp245","Fmean","WGOA","Rpath","pcod_rec_pp"
2046,"ATF",1575908.66923713,569499.873333806,22017.7972899133,"ssp245","Fmean","WGOA","Rpath","pcod_rec_pp"
2047,"POL",2781400.41044502,1620439.39048818,133867.793754551,"ssp245","Fmean","WGOA","Rpath","pcod_rec_pp"
2047,"COD",304971.182739287,69877.8053326001,59100.7680140784,"ssp245","Fmean","WGOA","Rpath","pcod_rec_pp"
2047,"ATF",1576390.69237894,571398.2622072,22023.7672909659,"ssp245","Fmean","WGOA","Rpath","pcod_rec_pp"
2048,"POL",2593546.06681398,1472981.10579245,129347.265017751,"ssp245","Fmean","WGOA","Rpath","pcod_rec_pp"
2048,"COD",299060.932015147,71702.7640460624,58402.8552028173,"ssp245","Fmean","WGOA","Rpath","pcod_rec_pp"
2048,"ATF",1537501.56611051,552172.11990554,21823.3955690767,"ssp245","Fmean","WGOA","Rpath","pcod_rec_pp"
2049,"POL",2491885.30280262,1395752.45130014,123791.947953196,"ssp245","Fmean","WGOA","Rpath","pcod_rec_pp"
2049,"COD",291212.484504634,70782.9268108599,57110.7334517584,"ssp245","Fmean","WGOA","Rpath","pcod_rec_pp"
2049,"ATF",1494874.9346377,528086.001212078,21248.5928734308,"ssp245","Fmean","WGOA","Rpath","pcod_rec_pp"
2050,"POL",2598662.73391898,1471885.49349006,122145.460552006,"ssp245","Fmean","WGOA","Rpath","pcod_rec_pp"
2050,"COD",289042.973715514,69082.2684677738,55816.2063813961,"ssp245","Fmean","WGOA","Rpath","pcod_rec_pp"
2050,"ATF",1475002.4897846,513678.927761537,20694.8800311334,"ssp245","Fmean","WGOA","Rpath","pcod_rec_pp"
2051,"POL",2577809.20842649,1466388.36510487,124061.597022302,"ssp245","Fmean","WGOA","Rpath","pcod_rec_pp"
2051,"COD",288989.428123677,66895.9320858178,55252.2007340045,"ssp245","Fmean","WGOA","Rpath","pcod_rec_pp"
2051,"ATF",1462728.42348188,504873.354445124,20538.2831585271,"ssp245","Fmean","WGOA","Rpath","pcod_rec_pp"
2052,"POL",2661776.93426579,1537900.27702491,125918.369135908,"ssp245","Fmean","WGOA","Rpath","pcod_rec_pp"
2052,"COD",291311.083065445,64981.0789681857,55494.2051211171,"ssp245","Fmean","WGOA","Rpath","pcod_rec_pp"
2052,"ATF",1475283.86740675,510788.850532039,20507.4283865415,"ssp245","Fmean","WGOA","Rpath","pcod_rec_pp"
2053,"POL",2584703.14876053,1480368.79750465,126402.318643427,"ssp245","Fmean","WGOA","Rpath","pcod_rec_pp"
2053,"COD",292493.806462653,62973.2906035586,56488.1034289976,"ssp245","Fmean","WGOA","Rpath","pcod_rec_pp"
2053,"ATF",1470563.14613532,511054.276947684,20628.7114905677,"ssp245","Fmean","WGOA","Rpath","pcod_rec_pp"
2054,"POL",2674659.76300702,1534012.22585486,124862.551311128,"ssp245","Fmean","WGOA","Rpath","pcod_rec_pp"
2054,"COD",294893.779640614,62333.6766260047,56456.9988997242,"ssp245","Fmean","WGOA","Rpath","pcod_rec_pp"
2054,"ATF",1472631.18694292,516084.183924655,20516.9932778151,"ssp245","Fmean","WGOA","Rpath","pcod_rec_pp"
2055,"POL",2564418.5656863,1454544.86769152,125952.258825554,"ssp245","Fmean","WGOA","Rpath","pcod_rec_pp"
2055,"COD",293361.852461131,63419.196786601,56939.6197210663,"ssp245","Fmean","WGOA","Rpath","pcod_rec_pp"
2055,"ATF",1459143.12913705,515616.984428963,20538.6892218979,"ssp245","Fmean","WGOA","Rpath","pcod_rec_pp"
2056,"POL",2516973.29665336,1408080.08794838,121237.517577485,"ssp245","Fmean","WGOA","Rpath","pcod_rec_pp"
2056,"COD",288522.507642404,64105.7276307072,56691.4231399245,"ssp245","Fmean","WGOA","Rpath","pcod_rec_pp"
2056,"ATF",1430800.73788538,505397.454600312,20196.1051694837,"ssp245","Fmean","WGOA","Rpath","pcod_rec_pp"
2057,"POL",2443956.72015112,1354223.43223127,119745.428230496,"ssp245","Fmean","WGOA","Rpath","pcod_rec_pp"
2057,"COD",285884.68364404,64278.9040145157,55709.8140189439,"ssp245","Fmean","WGOA","Rpath","pcod_rec_pp"
2057,"ATF",1400218.66302296,491913.782398828,19817.1811273256,"ssp245","Fmean","WGOA","Rpath","pcod_rec_pp"
2058,"POL",2438190.93438709,1342406.31083334,116342.848392935,"ssp245","Fmean","WGOA","Rpath","pcod_rec_pp"
2058,"COD",285673.178590112,63790.8125338387,54613.5302441196,"ssp245","Fmean","WGOA","Rpath","pcod_rec_pp"
2058,"ATF",1367223.06479902,473902.39580378,19322.040425,"ssp245","Fmean","WGOA","Rpath","pcod_rec_pp"
2059,"POL",2669050.69315792,1517347.68685868,120373.794447386,"ssp245","Fmean","WGOA","Rpath","pcod_rec_pp"
2059,"COD",291624.823995068,63745.029427653,54673.4972297231,"ssp245","Fmean","WGOA","Rpath","pcod_rec_pp"
2059,"ATF",1381941.7859594,480070.737541355,19109.0466741032,"ssp245","Fmean","WGOA","Rpath","pcod_rec_pp"
2060,"POL",2582407.69601106,1483664.62204364,128785.230101686,"ssp245","Fmean","WGOA","Rpath","pcod_rec_pp"
2060,"COD",298559.573086272,61530.5128896405,56876.1831967416,"ssp245","Fmean","WGOA","Rpath","pcod_rec_pp"
2060,"ATF",1405410.8342718,495918.774204707,19564.1862852515,"ssp245","Fmean","WGOA","Rpath","pcod_rec_pp"
2061,"POL",2224008.10725876,1201679.88712141,116822.348713836,"ssp245","Fmean","WGOA","Rpath","pcod_rec_pp"
2061,"COD",292598.413204624,55385.6781261124,57509.6805327336,"ssp245","Fmean","WGOA","Rpath","pcod_rec_pp"
2061,"ATF",1342903.63516146,465360.251236798,19350.4062076337,"ssp245","Fmean","WGOA","Rpath","pcod_rec_pp"
2062,"POL",2423409.14267831,1300113.81156136,108598.366206597,"ssp245","Fmean","WGOA","Rpath","pcod_rec_pp"
2062,"COD",288208.33935337,51513.0931207893,56088.7445067453,"ssp245","Fmean","WGOA","Rpath","pcod_rec_pp"
2062,"ATF",1304272.26492178,442416.229289738,18406.6499741842,"ssp245","Fmean","WGOA","Rpath","pcod_rec_pp"
2063,"POL",2830276.45539758,1644197.6428384,125635.992228957,"ssp245","Fmean","WGOA","Rpath","pcod_rec_pp"
2063,"COD",296683.98159297,56684.472763309,56928.1610542332,"ssp245","Fmean","WGOA","Rpath","pcod_rec_pp"
2063,"ATF",1367066.60352486,476732.940389003,18520.3163472708,"ssp245","Fmean","WGOA","Rpath","pcod_rec_pp"
2064,"POL",2668376.88160347,1550066.53254099,134167.740729117,"ssp245","Fmean","WGOA","Rpath","pcod_rec_pp"
2064,"COD",302019.190619875,64602.1924325181,58881.6396934823,"ssp245","Fmean","WGOA","Rpath","pcod_rec_pp"
2064,"ATF",1402144.21546832,505614.705345437,19420.751696906,"ssp245","Fmean","WGOA","Rpath","pcod_rec_pp"
2065,"POL",2493336.36120244,1364206.98101723,119581.922317066,"ssp245","Fmean","WGOA","Rpath","pcod_rec_pp"
2065,"COD",297238.238914116,67505.5113070551,57846.8406622671,"ssp245","Fmean","WGOA","Rpath","pcod_rec_pp"
2065,"ATF",1356300.88373457,487145.500437465,19282.1207678992,"ssp245","Fmean","WGOA","Rpath","pcod_rec_pp"
2066,"POL",2783194.68185557,1566930.38275842,123395.008231085,"ssp245","Fmean","WGOA","Rpath","pcod_rec_pp"
2066,"COD",303136.054387248,71737.1180115986,56702.0791052745,"ssp245","Fmean","WGOA","Rpath","pcod_rec_pp"
2066,"ATF",1377735.88368804,501099.562999825,18988.9714731745,"ssp245","Fmean","WGOA","Rpath","pcod_rec_pp"
2067,"POL",3012869.37423964,1771567.97315396,137916.767255243,"ssp245","Fmean","WGOA","Rpath","pcod_rec_pp"
2067,"COD",317766.616783364,72688.0790828744,58881.1688077362,"ssp245","Fmean","WGOA","Rpath","pcod_rec_pp"
2067,"ATF",1444781.43128774,543354.056142681,19609.7385196415,"ssp245","Fmean","WGOA","Rpath","pcod_rec_pp"
2068,"POL",3025103.73416179,1789313.12953236,143292.527729356,"ssp245","Fmean","WGOA","Rpath","pcod_rec_pp"
2068,"COD",330501.140503281,69506.3030400473,61715.8974815653,"ssp245","Fmean","WGOA","Rpath","pcod_rec_pp"
2068,"ATF",1499825.02437892,583207.599514055,20507.1983631353,"ssp245","Fmean","WGOA","Rpath","pcod_rec_pp"
2069,"POL",2601514.57728567,1468037.82935959,135338.619883081,"ssp245","Fmean","WGOA","Rpath","pcod_rec_pp"
2069,"COD",327282.146527734,64461.3678984736,63401.8381985983,"ssp245","Fmean","WGOA","Rpath","pcod_rec_pp"
2069,"ATF",1466517.04443297,568672.357711703,20839.8391324082,"ssp245","Fmean","WGOA","Rpath","pcod_rec_pp"
2070,"POL",2584316.5714513,1405353.09798275,120921.001664149,"ssp245","Fmean","WGOA","Rpath","pcod_rec_pp"
2070,"COD",318343.566361466,61239.3417545111,62187.0457338679,"ssp245","Fmean","WGOA","Rpath","pcod_rec_pp"
2070,"ATF",1408129.99495568,528013.807237531,20006.5298412922,"ssp245","Fmean","WGOA","Rpath","pcod_rec_pp"
2071,"POL",2892576.87918124,1655689.46633603,128337.284012443,"ssp245","Fmean","WGOA","Rpath","pcod_rec_pp"
2071,"COD",319046.517148413,63737.9901572543,61379.6861115363,"ssp245","Fmean","WGOA","Rpath","pcod_rec_pp"
2071,"ATF",1429727.96128421,527225.566934591,19647.2478078392,"ssp245","Fmean","WGOA","Rpath","pcod_rec_pp"
2072,"POL",2818487.30354147,1648253.67295308,138326.475348028,"ssp245","Fmean","WGOA","Rpath","pcod_rec_pp"
2072,"COD",319362.406193301,68352.7861573305,62494.1119993296,"ssp245","Fmean","WGOA","Rpath","pcod_rec_pp"
2072,"ATF",1466370.87628365,540288.927814471,20239.7844475821,"ssp245","Fmean","WGOA","Rpath","pcod_rec_pp"
2073,"POL",2507024.42516505,1415307.21304174,128411.556043997,"ssp245","Fmean","WGOA","Rpath","pcod_rec_pp"
2073,"COD",310229.667832214,71227.0920375269,61571.7826643106,"ssp245","Fmean","WGOA","Rpath","pcod_rec_pp"
2073,"ATF",1437900.83251697,518893.918871148,20365.7860394918,"ssp245","Fmean","WGOA","Rpath","pcod_rec_pp"
2074,"POL",2644118.90335821,1479123.79224228,119568.59474938,"ssp245","Fmean","WGOA","Rpath","pcod_rec_pp"
2074,"COD",302513.583708573,73796.6373377763,58786.3680361381,"ssp245","Fmean","WGOA","Rpath","pcod_rec_pp"
2074,"ATF",1418212.22421867,498690.776022334,19824.9051373625,"ssp245","Fmean","WGOA","Rpath","pcod_rec_pp"
2075,"POL",2664662.45299757,1528000.39859685,127379.230473167,"ssp245","Fmean","WGOA","Rpath","pcod_rec_pp"
2075,"COD",299648.234655121,76818.5202479943,58059.9603937804,"ssp245","Fmean","WGOA","Rpath","pcod_rec_pp"
2075,"ATF",1437053.32407806,504443.586023691,19935.778040601,"ssp245","Fmean","WGOA","Rpath","pcod_rec_pp"
2076,"POL",2584014.44526983,1482849.85528971,126103.66243917,"ssp245","Fmean","WGOA","Rpath","pcod_rec_pp"
2076,"COD",296779.163477861,74837.8003399343,57625.0192963817,"ssp245","Fmean","WGOA","Rpath","pcod_rec_pp"
2076,"ATF",1439772.96742985,508199.712436888,20103.1848338862,"ssp245","Fmean","WGOA","Rpath","pcod_rec_pp"
2077,"POL",2517972.83094333,1423280.38834312,120707.788916879,"ssp245","Fmean","WGOA","Rpath","pcod_rec_pp"
2077,"COD",293965.294460752,71212.2648160806,56383.5155458631,"ssp245","Fmean","WGOA","Rpath","pcod_rec_pp"
2077,"ATF",1422448.73291293,502760.61509208,19980.7675060448,"ssp245","Fmean","WGOA","Rpath","pcod_rec_pp"
2078,"POL",2379099.93911184,1318849.10359493,116030.420504592,"ssp245","Fmean","WGOA","Rpath","pcod_rec_pp"
2078,"COD",288436.39643644,67728.7778685239,55509.7510270075,"ssp245","Fmean","WGOA","Rpath","pcod_rec_pp"
2078,"ATF",1386722.58926397,486050.97206498,19650.3843601099,"ssp245","Fmean","WGOA","Rpath","pcod_rec_pp"
2079,"POL",2451499.23184567,1371804.98404743,113901.244576244,"ssp245","Fmean","WGOA","Rpath","pcod_rec_pp"
2079,"COD",284954.721971195,63835.2681851926,55114.9055534906,"ssp245","Fmean","WGOA","Rpath","pcod_rec_pp"
2079,"ATF",1371751.25651205,478484.095977056,19213.5890297276,"ssp245","Fmean","WGOA","Rpath","pcod_rec_pp"
2080,"POL",2419486.46926315,1366959.29403501,116751.490448541,"ssp245","Fmean","WGOA","Rpath","pcod_rec_pp"
2080,"COD",284531.425183828,61166.98061682,55282.6941557007,"ssp245","Fmean","WGOA","Rpath","pcod_rec_pp"
2080,"ATF",1369308.12341198,480304.812074941,19165.5213984124,"ssp245","Fmean","WGOA","Rpath","pcod_rec_pp"
2081,"POL",2273988.39780043,1251493.71048501,110841.15737742,"ssp245","Fmean","WGOA","Rpath","pcod_rec_pp"
2081,"COD",277344.985570665,59798.6959924934,54525.1209543894,"ssp245","Fmean","WGOA","Rpath","pcod_rec_pp"
2081,"ATF",1332105.82510401,463294.749156685,18913.9090395924,"ssp245","Fmean","WGOA","Rpath","pcod_rec_pp"
2082,"POL",2464028.44255672,1384556.6460964,110949.79953122,"ssp245","Fmean","WGOA","Rpath","pcod_rec_pp"
2082,"COD",271857.373649616,62574.0211864541,53489.9329129941,"ssp245","Fmean","WGOA","Rpath","pcod_rec_pp"
2082,"ATF",1336411.41792542,466221.772056667,18562.7645317838,"ssp245","Fmean","WGOA","Rpath","pcod_rec_pp"
2083,"POL",2491437.8632277,1419010.06584878,117490.704964142,"ssp245","Fmean","WGOA","Rpath","pcod_rec_pp"
2083,"COD",270351.633317897,67898.1140593725,53390.6411118801,"ssp245","Fmean","WGOA","Rpath","pcod_rec_pp"
2083,"ATF",1353146.15743412,479340.309024606,18793.3774837059,"ssp245","Fmean","WGOA","Rpath","pcod_rec_pp"
2084,"POL",2603060.86611008,1501836.17721493,119765.924833686,"ssp245","Fmean","WGOA","Rpath","pcod_rec_pp"
2084,"COD",272451.593082695,74245.2277885434,52545.6973274114,"ssp245","Fmean","WGOA","Rpath","pcod_rec_pp"
2084,"ATF",1384457.4693071,502881.664237446,19057.0317160998,"ssp245","Fmean","WGOA","Rpath","pcod_rec_pp"
2085,"POL",2581594.53608187,1475269.16914283,120540.693966352,"ssp245","Fmean","WGOA","Rpath","pcod_rec_pp"
2085,"COD",271964.538143982,80481.4890058843,52211.9117975467,"ssp245","Fmean","WGOA","Rpath","pcod_rec_pp"
2085,"ATF",1394930.78786549,516682.480038091,19371.1048762762,"ssp245","Fmean","WGOA","Rpath","pcod_rec_pp"
2086,"POL",2360956.66533319,1315960.73481061,117713.655011391,"ssp245","Fmean","WGOA","Rpath","pcod_rec_pp"
2086,"COD",269346.215067249,79423.4819792506,51873.2680480568,"ssp245","Fmean","WGOA","Rpath","pcod_rec_pp"
2086,"ATF",1371715.03460408,509895.563787023,19404.0379698623,"ssp245","Fmean","WGOA","Rpath","pcod_rec_pp"
2087,"POL",2572179.10689141,1446188.47824969,113507.561146394,"ssp245","Fmean","WGOA","Rpath","pcod_rec_pp"
2087,"COD",270406.166694435,73400.5798596688,50899.4921672205,"ssp245","Fmean","WGOA","Rpath","pcod_rec_pp"
2087,"ATF",1365769.10554527,505567.265119493,18963.441182139,"ssp245","Fmean","WGOA","Rpath","pcod_rec_pp"
2088,"POL",2322920.8469566,1294677.61022144,118005.586638126,"ssp245","Fmean","WGOA","Rpath","pcod_rec_pp"
2088,"COD",267694.48666491,67648.0416887136,51746.2039880054,"ssp245","Fmean","WGOA","Rpath","pcod_rec_pp"
2088,"ATF",1346848.87465155,495159.322318522,19059.2726772021,"ssp245","Fmean","WGOA","Rpath","pcod_rec_pp"
2089,"POL",2267388.6023528,1234015.08909494,107575.232582337,"ssp245","Fmean","WGOA","Rpath","pcod_rec_pp"
2089,"COD",258067.637975623,60903.3696284191,51387.8726577869,"ssp245","Fmean","WGOA","Rpath","pcod_rec_pp"
2089,"ATF",1302417.33639249,464979.52829896,18478.7479581326,"ssp245","Fmean","WGOA","Rpath","pcod_rec_pp"
2090,"POL",2263009.04572423,1233659.62226378,107274.85857317,"ssp245","Fmean","WGOA","Rpath","pcod_rec_pp"
2090,"COD",251803.840024687,59109.6001264738,50109.924174122,"ssp245","Fmean","WGOA","Rpath","pcod_rec_pp"
2090,"ATF",1279010.70995862,444659.747729515,18027.9693827308,"ssp245","Fmean","WGOA","Rpath","pcod_rec_pp"
2091,"POL",2463971.88147235,1391254.59049506,110491.956560899,"ssp245","Fmean","WGOA","Rpath","pcod_rec_pp"
2091,"COD",250264.556567115,65093.7392790702,48797.2149103048,"ssp245","Fmean","WGOA","Rpath","pcod_rec_pp"
2091,"ATF",1296762.99512591,446832.496317304,17877.8692866596,"ssp245","Fmean","WGOA","Rpath","pcod_rec_pp"
2092,"POL",2491100.55991108,1432033.86547794,117343.312553902,"ssp245","Fmean","WGOA","Rpath","pcod_rec_pp"
2092,"COD",249776.28805165,73732.1486770074,48782.8798610924,"ssp245","Fmean","WGOA","Rpath","pcod_rec_pp"
2092,"ATF",1331915.30047101,466099.192680169,18330.2333436389,"ssp245","Fmean","WGOA","Rpath","pcod_rec_pp"
2093,"POL",2404551.38687506,1348523.5056276,113526.342204542,"ssp245","Fmean","WGOA","Rpath","pcod_rec_pp"
2093,"COD",247124.033718456,76426.084372762,48232.2932298293,"ssp245","Fmean","WGOA","Rpath","pcod_rec_pp"
2093,"ATF",1326688.43327593,469116.590207653,18556.3621441249,"ssp245","Fmean","WGOA","Rpath","pcod_rec_pp"
2094,"POL",2560045.91609991,1456422.12734479,115297.578140252,"ssp245","Fmean","WGOA","Rpath","pcod_rec_pp"
2094,"COD",248883.396201394,77654.5912816386,47151.0941355268,"ssp245","Fmean","WGOA","Rpath","pcod_rec_pp"
2094,"ATF",1351262.55026752,489684.818359025,18608.3525521409,"ssp245","Fmean","WGOA","Rpath","pcod_rec_pp"
2095,"POL",2267399.8493246,1246585.10281732,113950.967555795,"ssp245","Fmean","WGOA","Rpath","pcod_rec_pp"
2095,"COD",245953.465687718,74170.3692983516,47277.5842867014,"ssp245","Fmean","WGOA","Rpath","pcod_rec_pp"
2095,"ATF",1316537.72143216,479945.564708673,18729.5690325159,"ssp245","Fmean","WGOA","Rpath","pcod_rec_pp"
2096,"POL",2398339.47258936,1322129.00015709,107937.876666824,"ssp245","Fmean","WGOA","Rpath","pcod_rec_pp"
2096,"COD",248934.496901216,67392.3593331896,46514.0168887377,"ssp245","Fmean","WGOA","Rpath","pcod_rec_pp"
2096,"ATF",1299370.61131088,473652.840798878,18178.7667938709,"ssp245","Fmean","WGOA","Rpath","pcod_rec_pp"
2097,"POL",2520502.3078324,1430554.42299847,115246.068979377,"ssp245","Fmean","WGOA","Rpath","pcod_rec_pp"
2097,"COD",255669.703996172,63106.8777570023,47425.494277721,"ssp245","Fmean","WGOA","Rpath","pcod_rec_pp"
2097,"ATF",1318990.67821571,486097.592463009,18214.0924427081,"ssp245","Fmean","WGOA","Rpath","pcod_rec_pp"
2098,"POL",2413418.39951811,1365398.68521946,116870.106315434,"ssp245","Fmean","WGOA","Rpath","pcod_rec_pp"
2098,"COD",258989.945115037,60194.5279891907,49624.0398067343,"ssp245","Fmean","WGOA","Rpath","pcod_rec_pp"
2098,"ATF",1322928.04287542,489472.499972207,18468.4729061933,"ssp245","Fmean","WGOA","Rpath","pcod_rec_pp"
2099,"POL",2367982.41808399,1309595.28171073,110807.445444444,"ssp245","Fmean","WGOA","Rpath","pcod_rec_pp"
2099,"COD",259876.282671708,58769.7181012478,49865.0609098131,"ssp245","Fmean","WGOA","Rpath","pcod_rec_pp"
2099,"ATF",1303217.58818821,477081.169894629,18310.4446871627,"ssp245","Fmean","WGOA","Rpath","pcod_rec_pp"
1991,"POL",2884927.16511783,1690895.40603404,87828.010002781,"ssp585","Fmean","WGOA","Rpath","pcod_rec_pp"
1991,"COD",399280.293878193,93224.2373585632,64466.829990571,"ssp585","Fmean","WGOA","Rpath","pcod_rec_pp"
1991,"ATF",1554327.80462664,597326.97740596,16958.380011156,"ssp585","Fmean","WGOA","Rpath","pcod_rec_pp"
1992,"POL",2892495.91324268,1696087.27813365,90585.189961806,"ssp585","Fmean","WGOA","Rpath","pcod_rec_pp"
1992,"COD",371842.900083054,88999.2287874369,78966.500089317,"ssp585","Fmean","WGOA","Rpath","pcod_rec_pp"
1992,"ATF",1551901.37581743,598021.211707819,20482.180062468,"ssp585","Fmean","WGOA","Rpath","pcod_rec_pp"
1993,"POL",2886917.46017875,1690078.21042351,108230.180085742,"ssp585","Fmean","WGOA","Rpath","pcod_rec_pp"
1993,"COD",375328.175429555,91984.46817467,45849.170066118,"ssp585","Fmean","WGOA","Rpath","pcod_rec_pp"
1993,"ATF",1551566.34683954,599298.159270716,18294.449920618,"ssp585","Fmean","WGOA","Rpath","pcod_rec_pp"
1994,"POL",2891612.89701311,1691340.87032149,100412.359942985,"ssp585","Fmean","WGOA","Rpath","pcod_rec_pp"
1994,"COD",374238.505424238,92168.0244909248,45610.579965874,"ssp585","Fmean","WGOA","Rpath","pcod_rec_pp"
1994,"ATF",1547453.431915,598480.508802417,21993.239976229,"ssp585","Fmean","WGOA","Rpath","pcod_rec_pp"
1995,"POL",2920445.2429594,1709974.75171492,69168.129925675,"ssp585","Fmean","WGOA","Rpath","pcod_rec_pp"
1995,"COD",354241.118245692,88060.9264831689,67907.179992219,"ssp585","Fmean","WGOA","Rpath","pcod_rec_pp"
1995,"ATF",1548788.07321952,599203.455585779,17415.490044603,"ssp585","Fmean","WGOA","Rpath","pcod_rec_pp"
1996,"POL",2949537.49989699,1727520.76771419,49825.8700384,"ssp585","Fmean","WGOA","Rpath","pcod_rec_pp"
1996,"COD",348901.269856949,89289.8998161644,55391.660096973,"ssp585","Fmean","WGOA","Rpath","pcod_rec_pp"
1996,"ATF",1545296.54167072,597141.15385086,21555.609900557,"ssp585","Fmean","WGOA","Rpath","pcod_rec_pp"
1997,"POL",2946193.76182491,1722365.56372477,84179.649971753,"ssp585","Fmean","WGOA","Rpath","pcod_rec_pp"
1997,"COD",339607.871812025,88455.8466619866,58920.579990637,"ssp585","Fmean","WGOA","Rpath","pcod_rec_pp"
1997,"ATF",1547340.93937387,596389.731746862,14758.279890696,"ssp585","Fmean","WGOA","Rpath","pcod_rec_pp"
1998,"POL",3007840.54757787,1762267.82292695,5428.379997642,"ssp585","Fmean","WGOA","Rpath","pcod_rec_pp"
1998,"COD",338402.008126062,87897.0996300377,50218.950113863,"ssp585","Fmean","WGOA","Rpath","pcod_rec_pp"
1998,"ATF",1552042.17068945,596282.511778416,12377.190009373,"ssp585","Fmean","WGOA","Rpath","pcod_rec_pp"
1999,"POL",2993956.26360435,1751820.3586859,90556.900062537,"ssp585","Fmean","WGOA","Rpath","pcod_rec_pp"
1999,"COD",323385.504513683,83134.3281978233,66264.67009813,"ssp585","Fmean","WGOA","Rpath","pcod_rec_pp"
1999,"ATF",1556822.57219736,596729.653748177,14649.229924965,"ssp585","Fmean","WGOA","Rpath","pcod_rec_pp"
2000,"POL",3049484.66889728,1789601.2235707,5552.830105466,"ssp585","Fmean","WGOA","Rpath","pcod_rec_pp"
2000,"COD",321234.70478313,82993.6306736087,53384.869944958,"ssp585","Fmean","WGOA","Rpath","pcod_rec_pp"
2000,"ATF",1555589.60333769,595731.530286997,22993.75009338,"ssp585","Fmean","WGOA","Rpath","pcod_rec_pp"
2001,"POL",3082953.38628358,1808450.38491623,3452.299978517,"ssp585","Fmean","WGOA","Rpath","pcod_rec_pp"
2001,"COD",327836.052151014,85350.6677932879,40517.409954733,"ssp585","Fmean","WGOA","Rpath","pcod_rec_pp"
2001,"ATF",1559150.39699574,597017.281545479,17416.199986059,"ssp585","Fmean","WGOA","Rpath","pcod_rec_pp"
2002,"POL",3117695.91098478,1828996.8919311,1698.029945361,"ssp585","Fmean","WGOA","Rpath","pcod_rec_pp"
2002,"COD",329657.199807253,86672.396799144,41567.989960821,"ssp585","Fmean","WGOA","Rpath","pcod_rec_pp"
2002,"ATF",1561074.36729579,598208.760306624,20173.560012907,"ssp585","Fmean","WGOA","Rpath","pcod_rec_pp"
2003,"POL",3105660.59060301,1817041.08768011,48590.077011908,"ssp585","Fmean","WGOA","Rpath","pcod_rec_pp"
2003,"COD",321002.232869284,86072.6548698382,52365.755088864,"ssp585","Fmean","WGOA","Rpath","pcod_rec_pp"
2003,"ATF",1552272.45436907,595288.634146958,30169.771891001,"ssp585","Fmean","WGOA","Rpath","pcod_rec_pp"
2004,"POL",3100496.17999595,1811816.72016729,62434.439922489,"ssp585","Fmean","WGOA","Rpath","pcod_rec_pp"
2004,"COD",310907.346053104,86861.6844619175,56450.241969657,"ssp585","Fmean","WGOA","Rpath","pcod_rec_pp"
2004,"ATF",1557805.52630999,597533.747722124,15634.908041003,"ssp585","Fmean","WGOA","Rpath","pcod_rec_pp"
2005,"POL",3085140.75609541,1801622.59658072,78302.791927256,"ssp585","Fmean","WGOA","Rpath","pcod_rec_pp"
2005,"COD",308747.712383036,89355.0329510825,47523.779925577,"ssp585","Fmean","WGOA","Rpath","pcod_rec_pp"
2005,"ATF",1557456.93296847,596651.527725103,19923.573051558,"ssp585","Fmean","WGOA","Rpath","pcod_rec_pp"
2006,"POL",3088115.70042571,1805154.79373703,68928.307992488,"ssp585","Fmean","WGOA","Rpath","pcod_rec_pp"
2006,"COD",305285.425387622,89662.8420266119,47767.079961499,"ssp585","Fmean","WGOA","Rpath","pcod_rec_pp"
2006,"ATF",1552052.55675712,593803.972010943,27622.698918064,"ssp585","Fmean","WGOA","Rpath","pcod_rec_pp"
2007,"POL",3108388.6659623,1820162.18935033,51572.307003871,"ssp585","Fmean","WGOA","Rpath","pcod_rec_pp"
2007,"COD",298656.827987615,86970.5841575916,51812.178003779,"ssp585","Fmean","WGOA","Rpath","pcod_rec_pp"
2007,"ATF",1552833.11070127,593773.096946291,25346.986980543,"ssp585","Fmean","WGOA","Rpath","pcod_rec_pp"
2008,"POL",3122657.32782491,1829614.82622622,50786.206014733,"ssp585","Fmean","WGOA","Rpath","pcod_rec_pp"
2008,"COD",288014.19715692,83738.4257426123,58386.384025578,"ssp585","Fmean","WGOA","Rpath","pcod_rec_pp"
2008,"ATF",1551453.5168298,592951.977723493,29205.939969489,"ssp585","Fmean","WGOA","Rpath","pcod_rec_pp"
2009,"POL",3143273.39859891,1841984.8200306,41549.503075916,"ssp585","Fmean","WGOA","Rpath","pcod_rec_pp"
2009,"COD",284535.848347064,83301.5655360441,51788.980009351,"ssp585","Fmean","WGOA","Rpath","pcod_rec_pp"
2009,"ATF",1555113.02563569,594046.266118116,24831.742038702,"ssp585","Fmean","WGOA","Rpath","pcod_rec_pp"
2010,"POL",3136117.03112817,1835292.14585186,73443.384226643,"ssp585","Fmean","WGOA","Rpath","pcod_rec_pp"
2010,"COD",260387.074378808,76717.5680514182,76954.154598455,"ssp585","Fmean","WGOA","Rpath","pcod_rec_pp"
2010,"ATF",1558263.17274182,594362.564843561,24339.446470918,"ssp585","Fmean","WGOA","Rpath","pcod_rec_pp"
2011,"POL",3141056.08768375,1838289.75061505,77694.479623666,"ssp585","Fmean","WGOA","Rpath","pcod_rec_pp"
2011,"COD",234318.516143285,69543.3060352226,83710.475394165,"ssp585","Fmean","WGOA","Rpath","pcod_rec_pp"
2011,"ATF",1557071.61028742,592792.103233455,30911.821764055,"ssp585","Fmean","WGOA","Rpath","pcod_rec_pp"
2012,"POL",3133568.47204365,1833854.71164897,98934.691224094,"ssp585","Fmean","WGOA","Rpath","pcod_rec_pp"
2012,"COD",216652.39880077,64116.8215124414,76871.109994854,"ssp585","Fmean","WGOA","Rpath","pcod_rec_pp"
2012,"ATF",1567597.98995377,595605.767059271,20761.909908427,"ssp585","Fmean","WGOA","Rpath","pcod_rec_pp"
2013,"POL",3129803.3271359,1832301.64727678,90796.631609659,"ssp585","Fmean","WGOA","Rpath","pcod_rec_pp"
2013,"COD",207097.746004189,61173.0549874287,66829.781618954,"ssp585","Fmean","WGOA","Rpath","pcod_rec_pp"
2013,"ATF",1575636.64297929,596480.791969859,21809.3123161,"ssp585","Fmean","WGOA","Rpath","pcod_rec_pp"
2014,"POL",3087331.43236134,1803398.13573914,138948.061996125,"ssp585","Fmean","WGOA","Rpath","pcod_rec_pp"
2014,"COD",180191.44732662,54326.1747660013,83491.72820457,"ssp585","Fmean","WGOA","Rpath","pcod_rec_pp"
2014,"ATF",1567912.16262094,590069.752717628,36524.501530691,"ssp585","Fmean","WGOA","Rpath","pcod_rec_pp"
2015,"POL",3045526.28555765,1775739.07919012,162807.64603073,"ssp585","Fmean","WGOA","Rpath","pcod_rec_pp"
2015,"COD",157932.722055918,48934.4411406065,77689.992014231,"ssp585","Fmean","WGOA","Rpath","pcod_rec_pp"
2015,"ATF",1577268.81804826,588791.535950363,19296.587221708,"ssp585","Fmean","WGOA","Rpath","pcod_rec_pp"
2016,"POL",3007798.29217938,1753763.79832681,173086.352394527,"ssp585","Fmean","WGOA","Rpath","pcod_rec_pp"
2016,"COD",147656.615382295,47339.0097704077,62867.327429592,"ssp585","Fmean","WGOA","Rpath","pcod_rec_pp"
2016,"ATF",1586289.94323646,586210.878732567,19976.294186812,"ssp585","Fmean","WGOA","Rpath","pcod_rec_pp"
2017,"POL",2976739.35759481,1738811.22499638,184220.028529305,"ssp585","Fmean","WGOA","Rpath","pcod_rec_pp"
2017,"COD",147736.144697943,50239.6743054142,48204.214674581,"ssp585","Fmean","WGOA","Rpath","pcod_rec_pp"
2017,"ATF",1591593.27599985,581990.660087748,27053.508990172,"ssp585","Fmean","WGOA","Rpath","pcod_rec_pp"
2018,"POL",2968841.33230651,1740812.46211736,150815.192171791,"ssp585","Fmean","WGOA","Rpath","pcod_rec_pp"
2018,"COD",174522.229212124,61112.9039308985,14681.29819652,"ssp585","Fmean","WGOA","Rpath","pcod_rec_pp"
2018,"ATF",1607270.2111573,582229.748408732,18870.25094355,"ssp585","Fmean","WGOA","Rpath","pcod_rec_pp"
2019,"POL",2976191.20523764,1750709.51749398,110649.271555557,"ssp585","Fmean","WGOA","Rpath","pcod_rec_pp"
2019,"COD",197788.813002527,66355.8766877763,15200.420583165,"ssp585","Fmean","WGOA","Rpath","pcod_rec_pp"
2019,"ATF",1614692.32773615,580069.536802079,24567.051964421,"ssp585","Fmean","WGOA","Rpath","pcod_rec_pp"
2020,"POL",2989817.05917328,1764764.68129275,99971.064888454,"ssp585","Fmean","WGOA","Rpath","pcod_rec_pp"
2020,"COD",228008.227043977,75553.8835635291,6085.249338733,"ssp585","Fmean","WGOA","Rpath","pcod_rec_pp"
2020,"ATF",1626339.56280138,581529.231463313,21115.899302007,"ssp585","Fmean","WGOA","Rpath","pcod_rec_pp"
2021,"POL",2776668.0674293,1614685.348276,232746.301525948,"ssp585","Fmean","WGOA","Rpath","pcod_rec_pp"
2021,"COD",209244.817035535,67624.4839543377,59602.9558087485,"ssp585","Fmean","WGOA","Rpath","pcod_rec_pp"
2021,"ATF",1605753.70703459,570032.917977062,32460.6887392476,"ssp585","Fmean","WGOA","Rpath","pcod_rec_pp"
2022,"POL",2701649.5187157,1559666.65299162,253790.643523355,"ssp585","Fmean","WGOA","Rpath","pcod_rec_pp"
2022,"COD",196588.908335918,59251.230253868,62919.6661031725,"ssp585","Fmean","WGOA","Rpath","pcod_rec_pp"
2022,"ATF",1581523.59191356,556748.915386368,33780.6162369457,"ssp585","Fmean","WGOA","Rpath","pcod_rec_pp"
2023,"POL",2937162.6970728,1755525.6871673,258273.062145932,"ssp585","Fmean","WGOA","Rpath","pcod_rec_pp"
2023,"COD",199309.63633808,54899.3348401673,57577.6206277794,"ssp585","Fmean","WGOA","Rpath","pcod_rec_pp"
2023,"ATF",1622671.97782246,580205.659837787,31348.5306404164,"ssp585","Fmean","WGOA","Rpath","pcod_rec_pp"
2024,"POL",3020387.7985681,1833495.27521328,141839.255930656,"ssp585","Fmean","WGOA","Rpath","pcod_rec_pp"
2024,"COD",219507.475326563,59055.4437483278,39548.0703863568,"ssp585","Fmean","WGOA","Rpath","pcod_rec_pp"
2024,"ATF",1677934.40933602,616948.193814863,23009.4247490863,"ssp585","Fmean","WGOA","Rpath","pcod_rec_pp"
2025,"POL",2991003.9891046,1801992.64568654,142598.44542111,"ssp585","Fmean","WGOA","Rpath","pcod_rec_pp"
2025,"COD",231935.876266554,64983.1629067063,42816.3181390523,"ssp585","Fmean","WGOA","Rpath","pcod_rec_pp"
2025,"ATF",1704347.60073405,639264.88070157,23596.9843961597,"ssp585","Fmean","WGOA","Rpath","pcod_rec_pp"
2026,"POL",2939537.53870577,1756028.01698293,141885.798675014,"ssp585","Fmean","WGOA","Rpath","pcod_rec_pp"
2026,"COD",240862.00911645,71786.289711308,44531.4238313505,"ssp585","Fmean","WGOA","Rpath","pcod_rec_pp"
2026,"ATF",1711429.85581693,648401.749436769,23846.6433491753,"ssp585","Fmean","WGOA","Rpath","pcod_rec_pp"
2027,"POL",2863770.99261366,1679012.54029892,137152.294146815,"ssp585","Fmean","WGOA","Rpath","pcod_rec_pp"
2027,"COD",246456.085098042,72939.7380650624,45660.2663809328,"ssp585","Fmean","WGOA","Rpath","pcod_rec_pp"
2027,"ATF",1683416.78223678,632522.577362327,23671.7591665971,"ssp585","Fmean","WGOA","Rpath","pcod_rec_pp"
2028,"POL",2970523.86090786,1764550.36530681,138852.0691584,"ssp585","Fmean","WGOA","Rpath","pcod_rec_pp"
2028,"COD",255644.693772827,70388.9176673124,46920.6386621479,"ssp585","Fmean","WGOA","Rpath","pcod_rec_pp"
2028,"ATF",1689838.5879072,631802.715208003,23476.6264129017,"ssp585","Fmean","WGOA","Rpath","pcod_rec_pp"
2029,"POL",2637375.58467137,1535415.8639968,137648.441885358,"ssp585","Fmean","WGOA","Rpath","pcod_rec_pp"
2029,"COD",260296.153817337,65931.3650399393,48845.4587010987,"ssp585","Fmean","WGOA","Rpath","pcod_rec_pp"
2029,"ATF",1650880.90659434,605814.464076176,23478.2090096483,"ssp585","Fmean","WGOA","Rpath","pcod_rec_pp"
2030,"POL",2783941.85172512,1620430.44144439,128760.920289511,"ssp585","Fmean","WGOA","Rpath","pcod_rec_pp"
2030,"COD",265330.625737795,61725.2662718462,49464.5789686266,"ssp585","Fmean","WGOA","Rpath","pcod_rec_pp"
2030,"ATF",1625282.26940671,580044.687096848,22760.0089505715,"ssp585","Fmean","WGOA","Rpath","pcod_rec_pp"
2031,"POL",2765281.58700716,1625117.24687628,133990.204907788,"ssp585","Fmean","WGOA","Rpath","pcod_rec_pp"
2031,"COD",270838.490592043,61461.2445256291,51179.0258998073,"ssp585","Fmean","WGOA","Rpath","pcod_rec_pp"
2031,"ATF",1623459.09263613,569793.295075418,22685.814257705,"ssp585","Fmean","WGOA","Rpath","pcod_rec_pp"
2032,"POL",2620832.04164316,1510282.59121601,128731.671071867,"ssp585","Fmean","WGOA","Rpath","pcod_rec_pp"
2032,"COD",269694.059298631,60508.8855708796,52302.0695689668,"ssp585","Fmean","WGOA","Rpath","pcod_rec_pp"
2032,"ATF",1586815.11291485,544665.591072554,22466.0200814754,"ssp585","Fmean","WGOA","Rpath","pcod_rec_pp"
2033,"POL",2584158.38693481,1484051.00147187,125918.690828567,"ssp585","Fmean","WGOA","Rpath","pcod_rec_pp"
2033,"COD",270346.545814511,62233.9927024596,52080.0305070278,"ssp585","Fmean","WGOA","Rpath","pcod_rec_pp"
2033,"ATF",1563906.47519294,530027.409067853,22063.8962437565,"ssp585","Fmean","WGOA","Rpath","pcod_rec_pp"
2034,"POL",2762047.50071213,1611222.07171255,126450.411106447,"ssp585","Fmean","WGOA","Rpath","pcod_rec_pp"
2034,"COD",273710.064959213,66053.1745951264,51878.211459303,"ssp585","Fmean","WGOA","Rpath","pcod_rec_pp"
2034,"ATF",1566923.42008436,532576.991286872,21789.1014201543,"ssp585","Fmean","WGOA","Rpath","pcod_rec_pp"
2035,"POL",3052423.42952213,1853513.05069858,138481.591224619,"ssp585","Fmean","WGOA","Rpath","pcod_rec_pp"
2035,"COD",285445.230060162,71832.5911336301,53125.1927974622,"ssp585","Fmean","WGOA","Rpath","pcod_rec_pp"
2035,"ATF",1639232.53333255,580676.089199724,22286.4262336994,"ssp585","Fmean","WGOA","Rpath","pcod_rec_pp"
2036,"POL",3047594.00499663,1855665.23303927,145850.808784275,"ssp585","Fmean","WGOA","Rpath","pcod_rec_pp"
2036,"COD",294665.948685249,74938.6114192172,55474.4586547599,"ssp585","Fmean","WGOA","Rpath","pcod_rec_pp"
2036,"ATF",1694685.68803482,630063.370963178,23286.1465682442,"ssp585","Fmean","WGOA","Rpath","pcod_rec_pp"
2037,"POL",2967309.43523158,1780251.46493602,143820.511912898,"ssp585","Fmean","WGOA","Rpath","pcod_rec_pp"
2037,"COD",297047.272243618,76597.2448531583,56812.763304174,"ssp585","Fmean","WGOA","Rpath","pcod_rec_pp"
2037,"ATF",1709993.92383993,657075.003982693,23799.4005146674,"ssp585","Fmean","WGOA","Rpath","pcod_rec_pp"
2038,"POL",2667764.32573281,1533988.73644806,134953.78161017,"ssp585","Fmean","WGOA","Rpath","pcod_rec_pp"
2038,"COD",290319.146998105,75724.4021287742,56733.0219382057,"ssp585","Fmean","WGOA","Rpath","pcod_rec_pp"
2038,"ATF",1649571.39827517,633026.001568065,23547.2389534592,"ssp585","Fmean","WGOA","Rpath","pcod_rec_pp"
2039,"POL",2755662.68241798,1576131.38988901,128226.510774778,"ssp585","Fmean","WGOA","Rpath","pcod_rec_pp"
2039,"COD",285942.190493868,74397.6794316791,55039.9237405177,"ssp585","Fmean","WGOA","Rpath","pcod_rec_pp"
2039,"ATF",1606612.55534593,607209.356822579,22655.7342138475,"ssp585","Fmean","WGOA","Rpath","pcod_rec_pp"
2040,"POL",2921271.4359514,1723666.18413455,135809.340829368,"ssp585","Fmean","WGOA","Rpath","pcod_rec_pp"
2040,"COD",288685.607575802,74449.6140453165,54788.0476208803,"ssp585","Fmean","WGOA","Rpath","pcod_rec_pp"
2040,"ATF",1620735.90973295,608045.413008627,22451.6650265488,"ssp585","Fmean","WGOA","Rpath","pcod_rec_pp"
2041,"POL",2802589.00640591,1658243.46117484,138989.889510655,"ssp585","Fmean","WGOA","Rpath","pcod_rec_pp"
2041,"COD",292041.683232089,73866.800716012,55493.4903917323,"ssp585","Fmean","WGOA","Rpath","pcod_rec_pp"
2041,"ATF",1626533.27289642,602814.022904324,22716.9600780451,"ssp585","Fmean","WGOA","Rpath","pcod_rec_pp"
2042,"POL",2696253.40849952,1562330.81374058,131223.594126734,"ssp585","Fmean","WGOA","Rpath","pcod_rec_pp"
2042,"COD",289605.119092445,70413.9273039112,55471.2762209698,"ssp585","Fmean","WGOA","Rpath","pcod_rec_pp"
2042,"ATF",1598324.16747579,575889.498564584,22523.8286768501,"ssp585","Fmean","WGOA","Rpath","pcod_rec_pp"
2043,"POL",2581649.57828681,1473578.11240284,127031.021039058,"ssp585","Fmean","WGOA","Rpath","pcod_rec_pp"
2043,"COD",283973.060015729,66948.0410649981,55305.9556425651,"ssp585","Fmean","WGOA","Rpath","pcod_rec_pp"
2043,"ATF",1563488.00249412,545986.860933455,22115.5365598589,"ssp585","Fmean","WGOA","Rpath","pcod_rec_pp"
2044,"POL",2715987.29584106,1574306.61788269,126594.732985513,"ssp585","Fmean","WGOA","Rpath","pcod_rec_pp"
2044,"COD",282373.297533323,65092.8462762177,54710.8256900954,"ssp585","Fmean","WGOA","Rpath","pcod_rec_pp"
2044,"ATF",1557472.00044048,533784.956014349,21720.7227240459,"ssp585","Fmean","WGOA","Rpath","pcod_rec_pp"
2045,"POL",2821063.99018985,1671186.12921589,133167.480727213,"ssp585","Fmean","WGOA","Rpath","pcod_rec_pp"
2045,"COD",286909.544343284,68131.3318838661,54802.1069088736,"ssp585","Fmean","WGOA","Rpath","pcod_rec_pp"
2045,"ATF",1583946.70283817,547165.099740664,21896.0637828745,"ssp585","Fmean","WGOA","Rpath","pcod_rec_pp"
2046,"POL",2912121.83885626,1739915.04607545,136376.957256026,"ssp585","Fmean","WGOA","Rpath","pcod_rec_pp"
2046,"COD",292281.107135744,74341.1594693094,55384.4674633736,"ssp585","Fmean","WGOA","Rpath","pcod_rec_pp"
2046,"ATF",1618561.32731407,572364.44318733,22308.4863475115,"ssp585","Fmean","WGOA","Rpath","pcod_rec_pp"
2047,"POL",2937125.11959752,1750797.11367676,138045.542915735,"ssp585","Fmean","WGOA","Rpath","pcod_rec_pp"
2047,"COD",296435.050767792,78346.9345793939,56072.747720496,"ssp585","Fmean","WGOA","Rpath","pcod_rec_pp"
2047,"ATF",1644881.07899591,597562.25350357,22757.8042517049,"ssp585","Fmean","WGOA","Rpath","pcod_rec_pp"
2048,"POL",2980932.0574745,1785470.95519353,141108.696837423,"ssp585","Fmean","WGOA","Rpath","pcod_rec_pp"
2048,"COD",300522.964774003,79275.9832414142,56797.6295895879,"ssp585","Fmean","WGOA","Rpath","pcod_rec_pp"
2048,"ATF",1676735.07519698,628511.204965299,23171.8199228629,"ssp585","Fmean","WGOA","Rpath","pcod_rec_pp"
2049,"POL",2833341.74546789,1675580.45751471,140227.392864591,"ssp585","Fmean","WGOA","Rpath","pcod_rec_pp"
2049,"COD",299267.879627053,77350.4091903769,57687.4339360674,"ssp585","Fmean","WGOA","Rpath","pcod_rec_pp"
2049,"ATF",1670850.64047839,637370.360857623,23427.4705937156,"ssp585","Fmean","WGOA","Rpath","pcod_rec_pp"
2050,"POL",2915348.04216841,1712459.16964297,135048.16106321,"ssp585","Fmean","WGOA","Rpath","pcod_rec_pp"
2050,"COD",297238.930758854,75832.6478572955,57269.4141823564,"ssp585","Fmean","WGOA","Rpath","pcod_rec_pp"
2050,"ATF",1656549.08075453,633080.201884274,23127.945356463,"ssp585","Fmean","WGOA","Rpath","pcod_rec_pp"
2051,"POL",2927559.89154839,1742031.67848252,140702.023764562,"ssp585","Fmean","WGOA","Rpath","pcod_rec_pp"
2051,"COD",298526.070147278,78791.0451377369,57120.4729946927,"ssp585","Fmean","WGOA","Rpath","pcod_rec_pp"
2051,"ATF",1671856.04370981,640721.521716826,23220.026117794,"ssp585","Fmean","WGOA","Rpath","pcod_rec_pp"
2052,"POL",2851606.134504,1680370.57687105,137535.930943885,"ssp585","Fmean","WGOA","Rpath","pcod_rec_pp"
2052,"COD",294192.964801541,80437.7126666333,56898.0059099835,"ssp585","Fmean","WGOA","Rpath","pcod_rec_pp"
2052,"ATF",1659675.22849902,627260.157771102,23235.5188642681,"ssp585","Fmean","WGOA","Rpath","pcod_rec_pp"
2053,"POL",2847024.15346087,1680267.6816071,136059.529768445,"ssp585","Fmean","WGOA","Rpath","pcod_rec_pp"
2053,"COD",290371.743354217,80288.9218501498,56149.1682001606,"ssp585","Fmean","WGOA","Rpath","pcod_rec_pp"
2053,"ATF",1657645.74991339,615772.180540349,23127.5862313665,"ssp585","Fmean","WGOA","Rpath","pcod_rec_pp"
2054,"POL",2677178.37359308,1547473.4343714,131031.847941342,"ssp585","Fmean","WGOA","Rpath","pcod_rec_pp"
2054,"COD",281997.769045233,77445.1461556615,55324.440077801,"ssp585","Fmean","WGOA","Rpath","pcod_rec_pp"
2054,"ATF",1618978.42173135,583735.982428439,22901.1811084801,"ssp585","Fmean","WGOA","Rpath","pcod_rec_pp"
2055,"POL",2689372.1253103,1573225.88752685,130260.63378167,"ssp585","Fmean","WGOA","Rpath","pcod_rec_pp"
2055,"COD",278879.556725123,76736.1835333991,53988.3355505681,"ssp585","Fmean","WGOA","Rpath","pcod_rec_pp"
2055,"ATF",1614878.74293078,570337.102610541,22583.4983820888,"ssp585","Fmean","WGOA","Rpath","pcod_rec_pp"
2056,"POL",2687308.59408785,1565366.10370188,127242.004839237,"ssp585","Fmean","WGOA","Rpath","pcod_rec_pp"
2056,"COD",274933.027958668,75869.8897415941,52947.2186076847,"ssp585","Fmean","WGOA","Rpath","pcod_rec_pp"
2056,"ATF",1595550.00088779,552043.111579981,22358.5776710291,"ssp585","Fmean","WGOA","Rpath","pcod_rec_pp"
2057,"POL",2668656.46459841,1562429.28831402,128059.39472971,"ssp585","Fmean","WGOA","Rpath","pcod_rec_pp"
2057,"COD",273345.207962553,74620.5188646163,52452.050738177,"ssp585","Fmean","WGOA","Rpath","pcod_rec_pp"
2057,"ATF",1594124.16998718,547946.827765943,22281.1402785608,"ssp585","Fmean","WGOA","Rpath","pcod_rec_pp"
2058,"POL",2601747.81757552,1513551.81559863,126032.246328291,"ssp585","Fmean","WGOA","Rpath","pcod_rec_pp"
2058,"COD",270660.733619714,71613.0208894934,52069.0788251875,"ssp585","Fmean","WGOA","Rpath","pcod_rec_pp"
2058,"ATF",1579901.10266528,541138.453932316,22195.783940961,"ssp585","Fmean","WGOA","Rpath","pcod_rec_pp"
2059,"POL",2680042.40593578,1572348.7897487,126016.73453589,"ssp585","Fmean","WGOA","Rpath","pcod_rec_pp"
2059,"COD",270726.181558344,69169.4504838465,51949.4478979913,"ssp585","Fmean","WGOA","Rpath","pcod_rec_pp"
2059,"ATF",1584556.18528766,547482.617364034,22069.1508587994,"ssp585","Fmean","WGOA","Rpath","pcod_rec_pp"
2060,"POL",2856522.58533574,1711615.57397551,131354.88583806,"ssp585","Fmean","WGOA","Rpath","pcod_rec_pp"
2060,"COD",274947.22802843,71479.8210880033,52383.5846148455,"ssp585","Fmean","WGOA","Rpath","pcod_rec_pp"
2060,"ATF",1622207.80782981,576265.640649898,22294.6188543985,"ssp585","Fmean","WGOA","Rpath","pcod_rec_pp"
2061,"POL",2726871.74488291,1617633.99569597,133490.435804486,"ssp585","Fmean","WGOA","Rpath","pcod_rec_pp"
2061,"COD",273228.313021105,73864.7203745967,53287.8037332733,"ssp585","Fmean","WGOA","Rpath","pcod_rec_pp"
2061,"ATF",1628388.31971359,592610.106259949,22745.966316869,"ssp585","Fmean","WGOA","Rpath","pcod_rec_pp"
2062,"POL",2817740.80458866,1663194.89383345,130179.451138054,"ssp585","Fmean","WGOA","Rpath","pcod_rec_pp"
2062,"COD",272416.03628532,78353.515321672,52681.5453320059,"ssp585","Fmean","WGOA","Rpath","pcod_rec_pp"
2062,"ATF",1632191.85210989,604099.647596749,22686.4282592225,"ssp585","Fmean","WGOA","Rpath","pcod_rec_pp"
2063,"POL",2863961.89765992,1701061.09190454,133998.703223888,"ssp585","Fmean","WGOA","Rpath","pcod_rec_pp"
2063,"COD",273015.925448215,82755.0553983719,52193.15871442,"ssp585","Fmean","WGOA","Rpath","pcod_rec_pp"
2063,"ATF",1649323.61211889,620926.150642689,22854.1460561814,"ssp585","Fmean","WGOA","Rpath","pcod_rec_pp"
2064,"POL",2850954.04815219,1699397.05769348,136096.40706747,"ssp585","Fmean","WGOA","Rpath","pcod_rec_pp"
2064,"COD",271819.287778419,85279.743877309,52227.1974697204,"ssp585","Fmean","WGOA","Rpath","pcod_rec_pp"
2064,"ATF",1664304.71945592,633278.175309943,23106.9215265048,"ssp585","Fmean","WGOA","Rpath","pcod_rec_pp"
2065,"POL",2647115.72655638,1540114.12305667,131356.605025659,"ssp585","Fmean","WGOA","Rpath","pcod_rec_pp"
2065,"COD",264954.132994403,80775.6606226009,51930.7515549678,"ssp585","Fmean","WGOA","Rpath","pcod_rec_pp"
2065,"ATF",1631054.45343699,613759.507682431,23067.0344155787,"ssp585","Fmean","WGOA","Rpath","pcod_rec_pp"
2066,"POL",2592463.02595465,1487397.22506262,124490.008996433,"ssp585","Fmean","WGOA","Rpath","pcod_rec_pp"
2066,"COD",257350.154334922,76813.5749546178,50393.6615381828,"ssp585","Fmean","WGOA","Rpath","pcod_rec_pp"
2066,"ATF",1591020.87650472,582995.347284812,22486.2212715753,"ssp585","Fmean","WGOA","Rpath","pcod_rec_pp"
2067,"POL",2620476.20280842,1518498.09449174,124992.500543942,"ssp585","Fmean","WGOA","Rpath","pcod_rec_pp"
2067,"COD",251663.982764029,75440.3287283498,49333.237928925,"ssp585","Fmean","WGOA","Rpath","pcod_rec_pp"
2067,"ATF",1576345.95950604,562712.31948546,22088.7197285976,"ssp585","Fmean","WGOA","Rpath","pcod_rec_pp"
2068,"POL",2721759.17572337,1605327.44950931,127406.190815726,"ssp585","Fmean","WGOA","Rpath","pcod_rec_pp"
2068,"COD",250966.600056607,76519.8935561864,48697.0928569775,"ssp585","Fmean","WGOA","Rpath","pcod_rec_pp"
2068,"ATF",1588417.79643794,557789.286949662,22024.6579869142,"ssp585","Fmean","WGOA","Rpath","pcod_rec_pp"
2069,"POL",2763908.46973959,1647237.31750732,130788.869291232,"ssp585","Fmean","WGOA","Rpath","pcod_rec_pp"
2069,"COD",250392.671356557,79347.3766582136,48247.9863211301,"ssp585","Fmean","WGOA","Rpath","pcod_rec_pp"
2069,"ATF",1615993.33318486,566385.669398196,22331.1763050662,"ssp585","Fmean","WGOA","Rpath","pcod_rec_pp"
2070,"POL",2733027.54651139,1621712.10410072,130671.588910028,"ssp585","Fmean","WGOA","Rpath","pcod_rec_pp"
2070,"COD",246530.854260586,81368.3504453325,48229.4515261694,"ssp585","Fmean","WGOA","Rpath","pcod_rec_pp"
2070,"ATF",1630753.66767734,573780.491726508,22658.1494301208,"ssp585","Fmean","WGOA","Rpath","pcod_rec_pp"
2071,"POL",2857608.47632669,1711072.40606863,132190.148592899,"ssp585","Fmean","WGOA","Rpath","pcod_rec_pp"
2071,"COD",247286.493056873,82463.3675562492,47680.6521192081,"ssp585","Fmean","WGOA","Rpath","pcod_rec_pp"
2071,"ATF",1663759.53528208,595481.407312723,22918.6125241337,"ssp585","Fmean","WGOA","Rpath","pcod_rec_pp"
2072,"POL",2807551.01407429,1678414.40478142,134696.11334372,"ssp585","Fmean","WGOA","Rpath","pcod_rec_pp"
2072,"COD",245816.678044742,84826.0634177562,47224.1172622291,"ssp585","Fmean","WGOA","Rpath","pcod_rec_pp"
2072,"ATF",1681779.66753269,614650.205309897,23352.9789268859,"ssp585","Fmean","WGOA","Rpath","pcod_rec_pp"
2073,"POL",2714120.10760219,1598513.43612817,130415.251196249,"ssp585","Fmean","WGOA","Rpath","pcod_rec_pp"
2073,"COD",239280.527000176,84277.2351294162,46904.2454071874,"ssp585","Fmean","WGOA","Rpath","pcod_rec_pp"
2073,"ATF",1666130.01521378,613885.062694302,23371.5081150944,"ssp585","Fmean","WGOA","Rpath","pcod_rec_pp"
2074,"POL",2693856.16597349,1576899.02529434,127559.931656233,"ssp585","Fmean","WGOA","Rpath","pcod_rec_pp"
2074,"COD",232678.992391863,80319.9521559173,46036.4667057084,"ssp585","Fmean","WGOA","Rpath","pcod_rec_pp"
2074,"ATF",1647994.86886835,606496.883935675,23108.5784651433,"ssp585","Fmean","WGOA","Rpath","pcod_rec_pp"
2075,"POL",2717177.42722485,1607970.42593512,129439.468183154,"ssp585","Fmean","WGOA","Rpath","pcod_rec_pp"
2075,"COD",229868.016252588,80930.1991228291,44894.810790509,"ssp585","Fmean","WGOA","Rpath","pcod_rec_pp"
2075,"ATF",1651241.55502551,606572.72415931,23003.4447540656,"ssp585","Fmean","WGOA","Rpath","pcod_rec_pp"
2076,"POL",2884588.81503488,1732368.89744317,131184.217467926,"ssp585","Fmean","WGOA","Rpath","pcod_rec_pp"
2076,"COD",230490.98837323,84998.5285515231,43883.1849243453,"ssp585","Fmean","WGOA","Rpath","pcod_rec_pp"
2076,"ATF",1676800.50328881,615363.20649587,23079.9758363675,"ssp585","Fmean","WGOA","Rpath","pcod_rec_pp"
2077,"POL",2891566.4289095,1754057.58430491,137238.152573885,"ssp585","Fmean","WGOA","Rpath","pcod_rec_pp"
2077,"COD",231668.369402909,86784.5437763634,43900.5997494876,"ssp585","Fmean","WGOA","Rpath","pcod_rec_pp"
2077,"ATF",1717436.35038972,634530.395346362,23661.143465341,"ssp585","Fmean","WGOA","Rpath","pcod_rec_pp"
2078,"POL",2828071.846685,1703352.90019565,135533.312955778,"ssp585","Fmean","WGOA","Rpath","pcod_rec_pp"
2078,"COD",229879.25633574,83447.8116929907,44216.644301542,"ssp585","Fmean","WGOA","Rpath","pcod_rec_pp"
2078,"ATF",1731649.6462393,639595.646387961,24048.8002289599,"ssp585","Fmean","WGOA","Rpath","pcod_rec_pp"
2079,"POL",2709149.53406943,1606829.35353345,131195.072780827,"ssp585","Fmean","WGOA","Rpath","pcod_rec_pp"
2079,"COD",224963.177179992,80193.8296233352,43927.15878354,"ssp585","Fmean","WGOA","Rpath","pcod_rec_pp"
2079,"ATF",1715978.7540292,627946.238709555,24071.0417548371,"ssp585","Fmean","WGOA","Rpath","pcod_rec_pp"
2080,"POL",2678965.55817843,1578370.23156167,127019.66105595,"ssp585","Fmean","WGOA","Rpath","pcod_rec_pp"
2080,"COD",218593.846559092,79676.185655273,42968.6679217152,"ssp585","Fmean","WGOA","Rpath","pcod_rec_pp"
2080,"ATF",1694476.31737671,611117.175222378,23768.2310937451,"ssp585","Fmean","WGOA","Rpath","pcod_rec_pp"
2081,"POL",2617172.93086668,1540613.04689828,125799.733191629,"ssp585","Fmean","WGOA","Rpath","pcod_rec_pp"
2081,"COD",212327.501513045,79949.1266027924,41807.607016175,"ssp585","Fmean","WGOA","Rpath","pcod_rec_pp"
2081,"ATF",1675769.59828442,595342.952701922,23529.4124826102,"ssp585","Fmean","WGOA","Rpath","pcod_rec_pp"
2082,"POL",2553257.20700041,1504842.00998193,124073.235058934,"ssp585","Fmean","WGOA","Rpath","pcod_rec_pp"
2082,"COD",207085.347857514,79682.1374572808,40562.5256726233,"ssp585","Fmean","WGOA","Rpath","pcod_rec_pp"
2082,"ATF",1660249.61306903,581108.712339521,23310.3525427701,"ssp585","Fmean","WGOA","Rpath","pcod_rec_pp"
2083,"POL",2531478.17197578,1481317.26508765,120104.954465356,"ssp585","Fmean","WGOA","Rpath","pcod_rec_pp"
2083,"COD",204386.541454684,77810.061351766,39414.8982818767,"ssp585","Fmean","WGOA","Rpath","pcod_rec_pp"
2083,"ATF",1635856.53587211,561882.485623109,22990.5381746168,"ssp585","Fmean","WGOA","Rpath","pcod_rec_pp"
2084,"POL",2595946.59944873,1547007.65406359,122826.824284429,"ssp585","Fmean","WGOA","Rpath","pcod_rec_pp"
2084,"COD",206715.02565009,76799.4291321764,38741.9743788533,"ssp585","Fmean","WGOA","Rpath","pcod_rec_pp"
2084,"ATF",1651165.86719727,565777.840642141,22922.3983980686,"ssp585","Fmean","WGOA","Rpath","pcod_rec_pp"
2085,"POL",2591612.47141909,1545539.23559245,123317.206235204,"ssp585","Fmean","WGOA","Rpath","pcod_rec_pp"
2085,"COD",207283.994959245,73577.4696964712,39213.0404679006,"ssp585","Fmean","WGOA","Rpath","pcod_rec_pp"
2085,"ATF",1657394.51781876,569722.946667488,23068.5514903139,"ssp585","Fmean","WGOA","Rpath","pcod_rec_pp"
2086,"POL",2570358.22625082,1523500.9952982,121932.727074139,"ssp585","Fmean","WGOA","Rpath","pcod_rec_pp"
2086,"COD",205762.308889569,69028.7074190752,40027.7588194669,"ssp585","Fmean","WGOA","Rpath","pcod_rec_pp"
2086,"ATF",1655510.30951205,573107.676311998,23114.1691734776,"ssp585","Fmean","WGOA","Rpath","pcod_rec_pp"
2087,"POL",2578929.53034088,1525473.58083555,121716.457064707,"ssp585","Fmean","WGOA","Rpath","pcod_rec_pp"
2087,"COD",204080.80796301,69205.8343388221,39933.1710945304,"ssp585","Fmean","WGOA","Rpath","pcod_rec_pp"
2087,"ATF",1652975.62325562,578056.300663825,23089.7513268036,"ssp585","Fmean","WGOA","Rpath","pcod_rec_pp"
2088,"POL",2660099.79403685,1587382.31021592,123577.497065285,"ssp585","Fmean","WGOA","Rpath","pcod_rec_pp"
2088,"COD",203075.59084751,75573.1432913764,39500.0456713158,"ssp585","Fmean","WGOA","Rpath","pcod_rec_pp"
2088,"ATF",1665266.12859471,591531.048338743,23102.6517740884,"ssp585","Fmean","WGOA","Rpath","pcod_rec_pp"
2089,"POL",2582695.68885603,1535012.2528887,124895.269432835,"ssp585","Fmean","WGOA","Rpath","pcod_rec_pp"
2089,"COD",201145.066749016,79739.108684425,39317.2145141999,"ssp585","Fmean","WGOA","Rpath","pcod_rec_pp"
2089,"ATF",1663079.42253554,597995.147175102,23248.5540260921,"ssp585","Fmean","WGOA","Rpath","pcod_rec_pp"
2090,"POL",2550808.43925153,1491390.05225554,119945.864154045,"ssp585","Fmean","WGOA","Rpath","pcod_rec_pp"
2090,"COD",196685.527695782,79106.9921575414,38504.9614782981,"ssp585","Fmean","WGOA","Rpath","pcod_rec_pp"
2090,"ATF",1636319.29858756,586721.756702645,22985.1208331011,"ssp585","Fmean","WGOA","Rpath","pcod_rec_pp"
2091,"POL",2703764.40061386,1609369.43685026,123549.844393518,"ssp585","Fmean","WGOA","Rpath","pcod_rec_pp"
2091,"COD",194637.817117564,78873.7481571424,37813.5800441754,"ssp585","Fmean","WGOA","Rpath","pcod_rec_pp"
2091,"ATF",1653612.28801233,595918.468914211,22877.5906795617,"ssp585","Fmean","WGOA","Rpath","pcod_rec_pp"
2092,"POL",2755098.70673877,1659113.24315396,129330.488112758,"ssp585","Fmean","WGOA","Rpath","pcod_rec_pp"
2092,"COD",193401.25791272,78624.4577244915,37863.6523625114,"ssp585","Fmean","WGOA","Rpath","pcod_rec_pp"
2092,"ATF",1683140.86312876,612014.018549387,23240.0085384855,"ssp585","Fmean","WGOA","Rpath","pcod_rec_pp"
2093,"POL",2719376.52455104,1625181.75967499,128786.743160788,"ssp585","Fmean","WGOA","Rpath","pcod_rec_pp"
2093,"COD",190627.163166754,79688.5063332708,37534.8036812153,"ssp585","Fmean","WGOA","Rpath","pcod_rec_pp"
2093,"ATF",1692794.15793782,616737.524178527,23529.0663368548,"ssp585","Fmean","WGOA","Rpath","pcod_rec_pp"
2094,"POL",2608144.49066565,1539042.4228457,126452.362826202,"ssp585","Fmean","WGOA","Rpath","pcod_rec_pp"
2094,"COD",187384.966691502,80900.8972741272,36651.2613337326,"ssp585","Fmean","WGOA","Rpath","pcod_rec_pp"
2094,"ATF",1682148.78713134,608816.439005475,23583.4256612334,"ssp585","Fmean","WGOA","Rpath","pcod_rec_pp"
2095,"POL",2742733.7785616,1631047.47489967,125108.861389332,"ssp585","Fmean","WGOA","Rpath","pcod_rec_pp"
2095,"COD",186692.904379408,80126.9947124607,35528.7401170068,"ssp585","Fmean","WGOA","Rpath","pcod_rec_pp"
2095,"ATF",1690574.39830827,607562.277555749,23411.6630827688,"ssp585","Fmean","WGOA","Rpath","pcod_rec_pp"
2096,"POL",2683927.15317115,1610337.30901853,130140.878701947,"ssp585","Fmean","WGOA","Rpath","pcod_rec_pp"
2096,"COD",190648.958570351,77242.2929879469,35552.3503953653,"ssp585","Fmean","WGOA","Rpath","pcod_rec_pp"
2096,"ATF",1707806.72628948,613887.241004801,23732.6781496852,"ssp585","Fmean","WGOA","Rpath","pcod_rec_pp"
2097,"POL",2820595.82898309,1700279.3110094,128248.03233,"ssp585","Fmean","WGOA","Rpath","pcod_rec_pp"
2097,"COD",196421.208763359,73414.9220718824,35791.4310568851,"ssp585","Fmean","WGOA","Rpath","pcod_rec_pp"
2097,"ATF",1728396.22109666,620901.840401156,23830.1232613748,"ssp585","Fmean","WGOA","Rpath","pcod_rec_pp"
2098,"POL",2790146.36091377,1706678.20260233,135346.256562534,"ssp585","Fmean","WGOA","Rpath","pcod_rec_pp"
2098,"COD",201766.983420003,72435.2941416414,37421.6501731862,"ssp585","Fmean","WGOA","Rpath","pcod_rec_pp"
2098,"ATF",1773485.76665027,645250.191899508,24456.1057804022,"ssp585","Fmean","WGOA","Rpath","pcod_rec_pp"
2099,"POL",2611299.22215687,1549751.47107231,127432.398706347,"ssp585","Fmean","WGOA","Rpath","pcod_rec_pp"
2099,"COD",202664.684106835,68295.2379160137,39074.8085677848,"ssp585","Fmean","WGOA","Rpath","pcod_rec_pp"
2099,"ATF",1737406.30037925,624947.354612399,24523.9967600907,"ssp585","Fmean","WGOA","Rpath","pcod_rec_pp"
