Climate,Frate,Region,Model,Species,year,totB,SSB,Catch,,Scenario
stable_climate,F0,WGOA,Rpath,POL,1991,2884927.165,1690895.406,87828.01,,base
stable_climate,F0,WGOA,Rpath,COD,1991,399280.2939,93224.23736,64466.82999,,base
stable_climate,F0,WGOA,Rpath,ATF,1991,1554327.805,597326.9774,16958.38001,,base
stable_climate,F0,WGOA,Rpath,POL,1992,2892495.913,1696087.278,90585.18996,,base
stable_climate,F0,WGOA,Rpath,COD,1992,371842.9001,88999.22879,78966.50009,,base
stable_climate,F0,WGOA,Rpath,ATF,1992,1551901.376,598021.2117,20482.18006,,base
stable_climate,F0,WGOA,Rpath,POL,1993,2886917.46,1690078.21,108230.1801,,base
stable_climate,F0,WGOA,Rpath,COD,1993,375328.1754,91984.46817,45849.17007,,base
stable_climate,F0,WGOA,Rpath,ATF,1993,1551566.347,599298.1593,18294.44992,,base
stable_climate,F0,WGOA,Rpath,POL,1994,2891612.897,1691340.87,100412.3599,,base
stable_climate,F0,WGOA,Rpath,COD,1994,374238.5054,92168.02449,45610.57997,,base
stable_climate,F0,WGOA,Rpath,ATF,1994,1547453.432,598480.5088,21993.23998,,base
stable_climate,F0,WGOA,Rpath,POL,1995,2920445.243,1709974.752,69168.12993,,base
stable_climate,F0,WGOA,Rpath,COD,1995,354241.1182,88060.92648,67907.17999,,base
stable_climate,F0,WGOA,Rpath,ATF,1995,1548788.073,599203.4556,17415.49004,,base
stable_climate,F0,WGOA,Rpath,POL,1996,2949537.5,1727520.768,49825.87004,,base
stable_climate,F0,WGOA,Rpath,COD,1996,348901.2699,89289.89982,55391.6601,,base
stable_climate,F0,WGOA,Rpath,ATF,1996,1545296.542,597141.1539,21555.6099,,base
stable_climate,F0,WGOA,Rpath,POL,1997,2946193.762,1722365.564,84179.64997,,base
stable_climate,F0,WGOA,Rpath,COD,1997,339607.8718,88455.84666,58920.57999,,base
stable_climate,F0,WGOA,Rpath,ATF,1997,1547340.939,596389.7317,14758.27989,,base
stable_climate,F0,WGOA,Rpath,POL,1998,3007840.548,1762267.823,5428.379998,,base
stable_climate,F0,WGOA,Rpath,COD,1998,338402.0081,87897.09963,50218.95011,,base
stable_climate,F0,WGOA,Rpath,ATF,1998,1552042.171,596282.5118,12377.19001,,base
stable_climate,F0,WGOA,Rpath,POL,1999,2993956.264,1751820.359,90556.90006,,base
stable_climate,F0,WGOA,Rpath,COD,1999,323385.5045,83134.3282,66264.6701,,base
stable_climate,F0,WGOA,Rpath,ATF,1999,1556822.572,596729.6537,14649.22992,,base
stable_climate,F0,WGOA,Rpath,POL,2000,3049484.669,1789601.224,5552.830105,,base
stable_climate,F0,WGOA,Rpath,COD,2000,321234.7048,82993.63067,53384.86994,,base
stable_climate,F0,WGOA,Rpath,ATF,2000,1555589.603,595731.5303,22993.75009,,base
stable_climate,F0,WGOA,Rpath,POL,2001,3082953.386,1808450.385,3452.299979,,base
stable_climate,F0,WGOA,Rpath,COD,2001,327836.0522,85350.66779,40517.40995,,base
stable_climate,F0,WGOA,Rpath,ATF,2001,1559150.397,597017.2815,17416.19999,,base
stable_climate,F0,WGOA,Rpath,POL,2002,3117695.911,1828996.892,1698.029945,,base
stable_climate,F0,WGOA,Rpath,COD,2002,329657.1998,86672.3968,41567.98996,,base
stable_climate,F0,WGOA,Rpath,ATF,2002,1561074.367,598208.7603,20173.56001,,base
stable_climate,F0,WGOA,Rpath,POL,2003,3105660.591,1817041.088,48590.07701,,base
stable_climate,F0,WGOA,Rpath,COD,2003,321002.2329,86072.65487,52365.75509,,base
stable_climate,F0,WGOA,Rpath,ATF,2003,1552272.454,595288.6341,30169.77189,,base
stable_climate,F0,WGOA,Rpath,POL,2004,3100496.18,1811816.72,62434.43992,,base
stable_climate,F0,WGOA,Rpath,COD,2004,310907.3461,86861.68446,56450.24197,,base
stable_climate,F0,WGOA,Rpath,ATF,2004,1557805.526,597533.7477,15634.90804,,base
stable_climate,F0,WGOA,Rpath,POL,2005,3085140.756,1801622.597,78302.79193,,base
stable_climate,F0,WGOA,Rpath,COD,2005,308747.7124,89355.03295,47523.77993,,base
stable_climate,F0,WGOA,Rpath,ATF,2005,1557456.933,596651.5277,19923.57305,,base
stable_climate,F0,WGOA,Rpath,POL,2006,3088115.7,1805154.794,68928.30799,,base
stable_climate,F0,WGOA,Rpath,COD,2006,305285.4254,89662.84203,47767.07996,,base
stable_climate,F0,WGOA,Rpath,ATF,2006,1552052.557,593803.972,27622.69892,,base
stable_climate,F0,WGOA,Rpath,POL,2007,3108388.666,1820162.189,51572.307,,base
stable_climate,F0,WGOA,Rpath,COD,2007,298656.828,86970.58416,51812.178,,base
stable_climate,F0,WGOA,Rpath,ATF,2007,1552833.111,593773.0969,25346.98698,,base
stable_climate,F0,WGOA,Rpath,POL,2008,3122657.328,1829614.826,50786.20601,,base
stable_climate,F0,WGOA,Rpath,COD,2008,288014.1972,83738.42574,58386.38403,,base
stable_climate,F0,WGOA,Rpath,ATF,2008,1551453.517,592951.9777,29205.93997,,base
stable_climate,F0,WGOA,Rpath,POL,2009,3143273.399,1841984.82,41549.50308,,base
stable_climate,F0,WGOA,Rpath,COD,2009,284535.8483,83301.56554,51788.98001,,base
stable_climate,F0,WGOA,Rpath,ATF,2009,1555113.026,594046.2661,24831.74204,,base
stable_climate,F0,WGOA,Rpath,POL,2010,3136117.031,1835292.146,73443.38423,,base
stable_climate,F0,WGOA,Rpath,COD,2010,260387.0744,76717.56805,76954.1546,,base
stable_climate,F0,WGOA,Rpath,ATF,2010,1558263.173,594362.5648,24339.44647,,base
stable_climate,F0,WGOA,Rpath,POL,2011,3141056.088,1838289.751,77694.47962,,base
stable_climate,F0,WGOA,Rpath,COD,2011,234318.5161,69543.30604,83710.47539,,base
stable_climate,F0,WGOA,Rpath,ATF,2011,1557071.61,592792.1032,30911.82176,,base
stable_climate,F0,WGOA,Rpath,POL,2012,3133568.472,1833854.712,98934.69122,,base
stable_climate,F0,WGOA,Rpath,COD,2012,216652.3988,64116.82151,76871.10999,,base
stable_climate,F0,WGOA,Rpath,ATF,2012,1567597.99,595605.7671,20761.90991,,base
stable_climate,F0,WGOA,Rpath,POL,2013,3129803.327,1832301.647,90796.63161,,base
stable_climate,F0,WGOA,Rpath,COD,2013,207097.746,61173.05499,66829.78162,,base
stable_climate,F0,WGOA,Rpath,ATF,2013,1575636.643,596480.792,21809.31232,,base
stable_climate,F0,WGOA,Rpath,POL,2014,3087331.432,1803398.136,138948.062,,base
stable_climate,F0,WGOA,Rpath,COD,2014,180191.4473,54326.17477,83491.7282,,base
stable_climate,F0,WGOA,Rpath,ATF,2014,1567912.163,590069.7527,36524.50153,,base
stable_climate,F0,WGOA,Rpath,POL,2015,3045526.286,1775739.079,162807.646,,base
stable_climate,F0,WGOA,Rpath,COD,2015,157932.7221,48934.44114,77689.99201,,base
stable_climate,F0,WGOA,Rpath,ATF,2015,1577268.818,588791.536,19296.58722,,base
stable_climate,F0,WGOA,Rpath,POL,2016,3007798.292,1753763.798,173086.3524,,base
stable_climate,F0,WGOA,Rpath,COD,2016,147656.6154,47339.00977,62867.32743,,base
stable_climate,F0,WGOA,Rpath,ATF,2016,1586289.943,586210.8787,19976.29419,,base
stable_climate,F0,WGOA,Rpath,POL,2017,2976739.358,1738811.225,184220.0285,,base
stable_climate,F0,WGOA,Rpath,COD,2017,147736.1447,50239.67431,48204.21467,,base
stable_climate,F0,WGOA,Rpath,ATF,2017,1591593.276,581990.6601,27053.50899,,base
stable_climate,F0,WGOA,Rpath,POL,2018,2968841.332,1740812.462,150815.1922,,base
stable_climate,F0,WGOA,Rpath,COD,2018,174522.2292,61112.90393,14681.2982,,base
stable_climate,F0,WGOA,Rpath,ATF,2018,1607270.211,582229.7484,18870.25094,,base
stable_climate,F0,WGOA,Rpath,POL,2019,2976191.205,1750709.517,110649.2716,,base
stable_climate,F0,WGOA,Rpath,COD,2019,197788.813,66355.87669,15200.42058,,base
stable_climate,F0,WGOA,Rpath,ATF,2019,1614692.328,580069.5368,24567.05196,,base
stable_climate,F0,WGOA,Rpath,POL,2020,2989800.234,1764764.179,99971.06489,,base
stable_climate,F0,WGOA,Rpath,COD,2020,228117.2462,75554.1577,6085.249339,,base
stable_climate,F0,WGOA,Rpath,ATF,2020,1626337.879,581528.2622,21115.8993,,base
stable_climate,F0,WGOA,Rpath,POL,2021,2995471.355,1772438.505,93869.85877,,base
stable_climate,F0,WGOA,Rpath,COD,2021,246074.3727,80181.00935,18686.81231,,base
stable_climate,F0,WGOA,Rpath,ATF,2021,1646164.511,588168.3007,9846.300133,,base
stable_climate,F0,WGOA,Rpath,POL,2022,2974120.546,1761962.339,123494.0341,,base
stable_climate,F0,WGOA,Rpath,COD,2022,260979.5272,80696.13341,25387.70532,,base
stable_climate,F0,WGOA,Rpath,ATF,2022,1660853.239,595237.3018,11531.83168,,base
stable_climate,F0,WGOA,Rpath,POL,2023,2954851.425,1752685.59,124964.8454,,base
stable_climate,F0,WGOA,Rpath,COD,2023,281428.0876,80437.53839,21018.29691,,base
stable_climate,F0,WGOA,Rpath,ATF,2023,1673786.771,603767.5153,9114.887409,,base
stable_climate,F0,WGOA,Rpath,POL,2024,3027028.356,1805008.94,0,,base
stable_climate,F0,WGOA,Rpath,COD,2024,318578.5345,85647.45545,0,,base
stable_climate,F0,WGOA,Rpath,ATF,2024,1692346.588,615925.9435,0,,base
stable_climate,F0,WGOA,Rpath,POL,2025,3068557.401,1833252.367,0,,base
stable_climate,F0,WGOA,Rpath,COD,2025,349935.2431,89592.99109,0,,base
stable_climate,F0,WGOA,Rpath,ATF,2025,1707692.855,627451.8718,0,,base
stable_climate,F0,WGOA,Rpath,POL,2026,3097588.978,1852722.443,0,,base
stable_climate,F0,WGOA,Rpath,COD,2026,376995.8389,94557.91934,0,,base
stable_climate,F0,WGOA,Rpath,ATF,2026,1720938.162,638088.3656,0,,base
stable_climate,F0,WGOA,Rpath,POL,2027,3117209.927,1865125.839,0,,base
stable_climate,F0,WGOA,Rpath,COD,2027,400357.9266,100868.6472,0,,base
stable_climate,F0,WGOA,Rpath,ATF,2027,1731484.868,646680.372,0,,base
stable_climate,F0,WGOA,Rpath,POL,2028,3130108.191,1873207.31,0,,base
stable_climate,F0,WGOA,Rpath,COD,2028,420459.311,107598.0814,0,,base
stable_climate,F0,WGOA,Rpath,ATF,2028,1739505.202,652927.2801,0,,base
stable_climate,F0,WGOA,Rpath,POL,2029,3138679.446,1878931.31,0,,base
stable_climate,F0,WGOA,Rpath,COD,2029,437738.2836,113727.9031,0,,base
stable_climate,F0,WGOA,Rpath,ATF,2029,1745554.152,657061.4941,0,,base
stable_climate,F0,WGOA,Rpath,POL,2030,3144504.998,1883372.032,0,,base
stable_climate,F0,WGOA,Rpath,COD,2030,452631.9066,118853.1933,0,,base
stable_climate,F0,WGOA,Rpath,ATF,2030,1750274.743,659326.0841,0,,base
stable_climate,F0,WGOA,Rpath,POL,2031,3148589.314,1887019.232,0,,base
stable_climate,F0,WGOA,Rpath,COD,2031,465594.3605,122853.427,0,,base
stable_climate,F0,WGOA,Rpath,ATF,2031,1754190.209,660076.7214,0,,base
stable_climate,F0,WGOA,Rpath,POL,2032,3151642.481,1890141.277,0,,base
stable_climate,F0,WGOA,Rpath,COD,2032,477041.9704,125616.5722,0,,base
stable_climate,F0,WGOA,Rpath,ATF,2032,1757644.353,659898.7324,0,,base
stable_climate,F0,WGOA,Rpath,POL,2033,3154214.161,1892947.851,0,,base
stable_climate,F0,WGOA,Rpath,COD,2033,487292.5066,127291.7989,0,,base
stable_climate,F0,WGOA,Rpath,ATF,2033,1760824.81,659389.6091,0,,base
stable_climate,F0,WGOA,Rpath,POL,2034,3156729.721,1895618.32,0,,base
stable_climate,F0,WGOA,Rpath,COD,2034,496572.4229,128217.6079,0,,base
stable_climate,F0,WGOA,Rpath,ATF,2034,1763810.934,659032.43,0,,base
stable_climate,F0,WGOA,Rpath,POL,2035,3159509.777,1898301.732,0,,base
stable_climate,F0,WGOA,Rpath,COD,2035,505038.6552,128754.5533,0,,base
stable_climate,F0,WGOA,Rpath,ATF,2035,1766619.318,659126.0089,0,,base
stable_climate,F0,WGOA,Rpath,POL,2036,3162801.413,1901129.125,0,,base
stable_climate,F0,WGOA,Rpath,COD,2036,512800.6606,129169.4796,0,,base
stable_climate,F0,WGOA,Rpath,ATF,2036,1769240.958,659784.7378,0,,base
stable_climate,F0,WGOA,Rpath,POL,2037,3166806.02,1904226.689,0,,base
stable_climate,F0,WGOA,Rpath,COD,2037,519940.8392,129650.8255,0,,base
stable_climate,F0,WGOA,Rpath,ATF,2037,1771668.714,660977.871,0,,base
stable_climate,F0,WGOA,Rpath,POL,2038,3171686.992,1907714.762,0,,base
stable_climate,F0,WGOA,Rpath,COD,2038,526532.7595,130219.3919,0,,base
stable_climate,F0,WGOA,Rpath,ATF,2038,1773913.755,662574.1346,0,,base
stable_climate,F0,WGOA,Rpath,POL,2039,3177559.436,1911693.92,0,,base
stable_climate,F0,WGOA,Rpath,COD,2039,532650.4105,130854.7921,0,,base
stable_climate,F0,WGOA,Rpath,ATF,2039,1776010.877,664397.8696,0,,base
stable_climate,F0,WGOA,Rpath,POL,2040,3184476.793,1916229.659,0,,base
stable_climate,F0,WGOA,Rpath,COD,2040,538370.8781,131477.6998,0,,base
stable_climate,F0,WGOA,Rpath,ATF,2040,1778014.721,666256.0139,0,,base
stable_climate,F0,WGOA,Rpath,POL,2041,3192425.329,1921343.256,0,,base
stable_climate,F0,WGOA,Rpath,COD,2041,543767.2691,131987.7661,0,,base
stable_climate,F0,WGOA,Rpath,ATF,2041,1779990.219,668005.3958,0,,base
stable_climate,F0,WGOA,Rpath,POL,2042,3201325.948,1927009.48,0,,base
stable_climate,F0,WGOA,Rpath,COD,2042,548902.6673,132318.1821,0,,base
stable_climate,F0,WGOA,Rpath,ATF,2042,1782001.156,669563.3989,0,,base
stable_climate,F0,WGOA,Rpath,POL,2043,3211041.419,1933158.713,0,,base
stable_climate,F0,WGOA,Rpath,COD,2043,553822.4078,132465.6938,0,,base
stable_climate,F0,WGOA,Rpath,ATF,2043,1784100.079,670910.1066,0,,base
stable_climate,F0,WGOA,Rpath,POL,2044,3221384.297,1939682.202,0,,base
stable_climate,F0,WGOA,Rpath,COD,2044,558554.4571,132427.6673,0,,base
stable_climate,F0,WGOA,Rpath,ATF,2044,1786321.459,672076.5117,0,,base
stable_climate,F0,WGOA,Rpath,POL,2045,3232129.834,1946441.287,0,,base
stable_climate,F0,WGOA,Rpath,COD,2045,563105.0311,132301.9773,0,,base
stable_climate,F0,WGOA,Rpath,ATF,2045,1788678.916,673124.9643,0,,base
stable_climate,F0,WGOA,Rpath,POL,2046,3243038.898,1953285.207,0,,base
stable_climate,F0,WGOA,Rpath,COD,2046,567469.4438,132132.2276,0,,base
stable_climate,F0,WGOA,Rpath,ATF,2046,1791165.982,674127.5775,0,,base
stable_climate,F0,WGOA,Rpath,POL,2047,3253899.027,1960080.97,0,,base
stable_climate,F0,WGOA,Rpath,COD,2047,571632.6424,131983.5214,0,,base
stable_climate,F0,WGOA,Rpath,ATF,2047,1793759.752,675147.3332,0,,base
stable_climate,F0,WGOA,Rpath,POL,2048,3264566.717,1966741.802,0,,base
stable_climate,F0,WGOA,Rpath,COD,2048,575581.9884,131931.7577,0,,base
stable_climate,F0,WGOA,Rpath,ATF,2048,1796427.536,676225.5954,0,,base
stable_climate,F0,WGOA,Rpath,POL,2049,3274984.599,1973237.837,0,,base
stable_climate,F0,WGOA,Rpath,COD,2049,579314.4035,131961.3288,0,,base
stable_climate,F0,WGOA,Rpath,ATF,2049,1799134.203,677377.7567,0,,base
stable_climate,F0,WGOA,Rpath,POL,2050,3285166.038,1979583.867,0,,base
stable_climate,F0,WGOA,Rpath,COD,2050,582829.5101,132062.3508,0,,base
stable_climate,F0,WGOA,Rpath,ATF,2050,1801848.616,678596.0305,0,,base
stable_climate,F0,WGOA,Rpath,POL,2051,3295159.363,1985814.674,0,,base
stable_climate,F0,WGOA,Rpath,COD,2051,586137.8331,132230.4203,0,,base
stable_climate,F0,WGOA,Rpath,ATF,2051,1804547.905,679856.9563,0,,base
stable_climate,F0,WGOA,Rpath,POL,2052,3305013.457,1991963.592,0,,base
stable_climate,F0,WGOA,Rpath,COD,2052,589258.0537,132407.3647,0,,base
stable_climate,F0,WGOA,Rpath,ATF,2052,1807218.364,681130.1697,0,,base
stable_climate,F0,WGOA,Rpath,POL,2053,3314753.385,1998047.53,0,,base
stable_climate,F0,WGOA,Rpath,COD,2053,592209.805,132557.997,0,,base
stable_climate,F0,WGOA,Rpath,ATF,2053,1809854.033,682386.4319,0,,base
stable_climate,F0,WGOA,Rpath,POL,2054,3324364.001,2004055.976,0,,base
stable_climate,F0,WGOA,Rpath,COD,2054,595010.5787,132661.0999,0,,base
stable_climate,F0,WGOA,Rpath,ATF,2054,1812454.257,683603.5693,0,,base
stable_climate,F0,WGOA,Rpath,POL,2055,3333785.195,2009949.096,0,,base
stable_climate,F0,WGOA,Rpath,COD,2055,597672.1188,132721.8702,0,,base
stable_climate,F0,WGOA,Rpath,ATF,2055,1815020.439,684769.0648,0,,base
stable_climate,F0,WGOA,Rpath,POL,2056,3342916.008,2015661.478,0,,base
stable_climate,F0,WGOA,Rpath,COD,2056,600200.6706,132745.6301,0,,base
stable_climate,F0,WGOA,Rpath,ATF,2056,1817553.136,685879.7516,0,,base
stable_climate,F0,WGOA,Rpath,POL,2057,3351630.664,2021113.042,0,,base
stable_climate,F0,WGOA,Rpath,COD,2057,602597.413,132738.7825,0,,base
stable_climate,F0,WGOA,Rpath,ATF,2057,1820049.804,686939.1847,0,,base
stable_climate,F0,WGOA,Rpath,POL,2058,3359812.748,2026231.554,0,,base
stable_climate,F0,WGOA,Rpath,COD,2058,604858.6532,132721.0999,0,,base
stable_climate,F0,WGOA,Rpath,ATF,2058,1822503.72,687953.954,0,,base
stable_climate,F0,WGOA,Rpath,POL,2059,3367394.639,2030977.968,0,,base
stable_climate,F0,WGOA,Rpath,COD,2059,606980.8835,132710.9116,0,,base
stable_climate,F0,WGOA,Rpath,ATF,2059,1824904.582,688930.4429,0,,base
stable_climate,F0,WGOA,Rpath,POL,2060,3374379.993,2035359.465,0,,base
stable_climate,F0,WGOA,Rpath,COD,2060,608963.5558,132720.6728,0,,base
stable_climate,F0,WGOA,Rpath,ATF,2060,1827240.436,689872.7914,0,,base
stable_climate,F0,WGOA,Rpath,POL,2061,3380836.256,2039422.517,0,,base
stable_climate,F0,WGOA,Rpath,COD,2061,610810.4511,132769.8888,0,,base
stable_climate,F0,WGOA,Rpath,ATF,2061,1829500.228,690782.4975,0,,base
stable_climate,F0,WGOA,Rpath,POL,2062,3386865.326,2043232.732,0,,base
stable_climate,F0,WGOA,Rpath,COD,2062,612530.1642,132838.4617,0,,base
stable_climate,F0,WGOA,Rpath,ATF,2062,1831675.923,691659.2863,0,,base
stable_climate,F0,WGOA,Rpath,POL,2063,3392571.018,2046853.921,0,,base
stable_climate,F0,WGOA,Rpath,COD,2063,614132.6466,132918.8448,0,,base
stable_climate,F0,WGOA,Rpath,ATF,2063,1833763.216,692502.1968,0,,base
stable_climate,F0,WGOA,Rpath,POL,2064,3398033.987,2050333.045,0,,base
stable_climate,F0,WGOA,Rpath,COD,2064,615628.889,133000.3903,0,,base
stable_climate,F0,WGOA,Rpath,ATF,2064,1835761.234,693310.6276,0,,base
stable_climate,F0,WGOA,Rpath,POL,2065,3403296.643,2053691.962,0,,base
stable_climate,F0,WGOA,Rpath,COD,2065,617029.5917,133072.7647,0,,base
stable_climate,F0,WGOA,Rpath,ATF,2065,1837671.624,694085.1195,0,,base
stable_climate,F0,WGOA,Rpath,POL,2066,3408357.028,2056924.486,0,,base
stable_climate,F0,WGOA,Rpath,COD,2066,618343.4989,133128.6075,0,,base
stable_climate,F0,WGOA,Rpath,ATF,2066,1839497.154,694827.3581,0,,base
stable_climate,F0,WGOA,Rpath,POL,2067,3413171.41,2059998.717,0,,base
stable_climate,F0,WGOA,Rpath,COD,2067,619576.4379,133164.757,0,,base
stable_climate,F0,WGOA,Rpath,ATF,2067,1841240.363,695539.6865,0,,base
stable_climate,F0,WGOA,Rpath,POL,2068,3417669.063,2062867.198,0,,base
stable_climate,F0,WGOA,Rpath,COD,2068,620731.3118,133182.6122,0,,base
stable_climate,F0,WGOA,Rpath,ATF,2068,1842902.461,696224.2921,0,,base
stable_climate,F0,WGOA,Rpath,POL,2069,3421779.708,2065485.09,0,,base
stable_climate,F0,WGOA,Rpath,COD,2069,621809.023,133187.8058,0,,base
stable_climate,F0,WGOA,Rpath,ATF,2069,1844482.573,696882.1775,0,,base
stable_climate,F0,WGOA,Rpath,POL,2070,3425465.554,2067830.607,0,,base
stable_climate,F0,WGOA,Rpath,COD,2070,622810.1652,133194.9049,0,,base
stable_climate,F0,WGOA,Rpath,ATF,2070,1845978.006,697512.6887,0,,base
stable_climate,F0,WGOA,Rpath,POL,2071,3428741.204,2069916.582,0,,base
stable_climate,F0,WGOA,Rpath,COD,2071,623736.871,133201.4358,0,,base
stable_climate,F0,WGOA,Rpath,ATF,2071,1847385.463,698113.8243,0,,base
stable_climate,F0,WGOA,Rpath,POL,2072,3431671.093,2071786.95,0,,base
stable_climate,F0,WGOA,Rpath,COD,2072,624592.3619,133212.3216,0,,base
stable_climate,F0,WGOA,Rpath,ATF,2072,1848702.504,698683.0766,0,,base
stable_climate,F0,WGOA,Rpath,POL,2073,3434348.489,2073501.93,0,,base
stable_climate,F0,WGOA,Rpath,COD,2073,625381.5704,133229.8685,0,,base
stable_climate,F0,WGOA,Rpath,ATF,2073,1849928.723,699218.5651,0,,base
stable_climate,F0,WGOA,Rpath,POL,2074,3436868.775,2075120.788,0,,base
stable_climate,F0,WGOA,Rpath,COD,2074,626110.685,133254.0568,0,,base
stable_climate,F0,WGOA,Rpath,ATF,2074,1851066.142,699719.9594,0,,base
stable_climate,F0,WGOA,Rpath,POL,2075,3439307.626,2076688.635,0,,base
stable_climate,F0,WGOA,Rpath,COD,2075,626786.1868,133282.9235,0,,base
stable_climate,F0,WGOA,Rpath,ATF,2075,1852118.793,700188.8543,0,,base
stable_climate,F0,WGOA,Rpath,POL,2076,3441707.286,2078228.646,0,,base
stable_climate,F0,WGOA,Rpath,COD,2076,627413.9738,133313.2773,0,,base
stable_climate,F0,WGOA,Rpath,ATF,2076,1853091.883,700628.608,0,,base
stable_climate,F0,WGOA,Rpath,POL,2077,3444070.788,2079739.137,0,,base
stable_climate,F0,WGOA,Rpath,COD,2077,627998.7281,133341.7655,0,,base
stable_climate,F0,WGOA,Rpath,ATF,2077,1853990.829,701043.7349,0,,base
stable_climate,F0,WGOA,Rpath,POL,2078,3446364.666,2081195.903,0,,base
stable_climate,F0,WGOA,Rpath,COD,2078,628543.6129,133365.8493,0,,base
stable_climate,F0,WGOA,Rpath,ATF,2078,1854820.324,701438.964,0,,base
stable_climate,F0,WGOA,Rpath,POL,2079,3448531.129,2082560.541,0,,base
stable_climate,F0,WGOA,Rpath,COD,2079,629050.3492,133383.7233,0,,base
stable_climate,F0,WGOA,Rpath,ATF,2079,1855583.575,701818.1809,0,,base
stable_climate,F0,WGOA,Rpath,POL,2080,3450510.206,2083795.075,0,,base
stable_climate,F0,WGOA,Rpath,COD,2080,629519.686,133394.6647,0,,base
stable_climate,F0,WGOA,Rpath,ATF,2080,1856281.877,702183.5106,0,,base
stable_climate,F0,WGOA,Rpath,POL,2081,3452264.972,2084877.994,0,,base
stable_climate,F0,WGOA,Rpath,COD,2081,629952.1998,133399.2045,0,,base
stable_climate,F0,WGOA,Rpath,ATF,2081,1856914.86,702534.9404,0,,base
stable_climate,F0,WGOA,Rpath,POL,2082,3453798.632,2085814.318,0,,base
stable_climate,F0,WGOA,Rpath,COD,2082,630349.0822,133399.0232,0,,base
stable_climate,F0,WGOA,Rpath,ATF,2082,1857481.414,702870.6711,0,,base
stable_climate,F0,WGOA,Rpath,POL,2083,3455154.614,2086634.348,0,,base
stable_climate,F0,WGOA,Rpath,COD,2083,630712.5287,133396.5792,0,,base
stable_climate,F0,WGOA,Rpath,ATF,2083,1857980.924,703188.0683,0,,base
stable_climate,F0,WGOA,Rpath,POL,2084,3456401.871,2087383.227,0,,base
stable_climate,F0,WGOA,Rpath,COD,2084,631045.63,133394.5471,0,,base
stable_climate,F0,WGOA,Rpath,ATF,2084,1858414.242,703484.8053,0,,base
stable_climate,F0,WGOA,Rpath,POL,2085,3457613.859,2088107.27,0,,base
stable_climate,F0,WGOA,Rpath,COD,2085,631351.9206,133395.2226,0,,base
stable_climate,F0,WGOA,Rpath,ATF,2085,1858784.039,703759.7961,0,,base
stable_climate,F0,WGOA,Rpath,POL,2086,3458849.885,2088842.475,0,,base
stable_climate,F0,WGOA,Rpath,COD,2086,631634.8582,133400.053,0,,base
stable_climate,F0,WGOA,Rpath,ATF,2086,1859094.55,704013.6616,0,,base
stable_climate,F0,WGOA,Rpath,POL,2087,3460142.445,2089607.177,0,,base
stable_climate,F0,WGOA,Rpath,COD,2087,631897.3913,133409.351,0,,base
stable_climate,F0,WGOA,Rpath,ATF,2087,1859350.9,704248.6792,0,,base
stable_climate,F0,WGOA,Rpath,POL,2088,3461491.721,2090399.169,0,,base
stable_climate,F0,WGOA,Rpath,COD,2088,632141.6794,133422.2593,0,,base
stable_climate,F0,WGOA,Rpath,ATF,2088,1859558.292,704468.2868,0,,base
stable_climate,F0,WGOA,Rpath,POL,2089,3462867.271,2091197.287,0,,base
stable_climate,F0,WGOA,Rpath,COD,2089,632368.9744,133436.9686,0,,base
stable_climate,F0,WGOA,Rpath,ATF,2089,1859721.246,704676.2915,0,,base
stable_climate,F0,WGOA,Rpath,POL,2090,3464217.935,2091968.18,0,,base
stable_climate,F0,WGOA,Rpath,COD,2090,632579.7187,133451.1613,0,,base
stable_climate,F0,WGOA,Rpath,ATF,2090,1859842.951,704875.9449,0,,base
stable_climate,F0,WGOA,Rpath,POL,2091,3465489.379,2092677.834,0,,base
stable_climate,F0,WGOA,Rpath,COD,2091,632773.8961,133462.6009,0,,base
stable_climate,F0,WGOA,Rpath,ATF,2091,1859924.927,705069.1392,0,,base
stable_climate,F0,WGOA,Rpath,POL,2092,3466643.966,2093304.186,0,,base
stable_climate,F0,WGOA,Rpath,COD,2092,632951.5437,133469.7272,0,,base
stable_climate,F0,WGOA,Rpath,ATF,2092,1859967.217,705256.0435,0,,base
stable_climate,F0,WGOA,Rpath,POL,2093,3467675.244,2093845.778,0,,base
stable_climate,F0,WGOA,Rpath,COD,2093,633113.2351,133472.0935,0,,base
stable_climate,F0,WGOA,Rpath,ATF,2093,1859969.085,705435.2997,0,,base
stable_climate,F0,WGOA,Rpath,POL,2094,3468609.764,2094321.928,0,,base
stable_climate,F0,WGOA,Rpath,COD,2094,633260.283,133470.4955,0,,base
stable_climate,F0,WGOA,Rpath,ATF,2094,1859929.992,705604.7343,0,,base
stable_climate,F0,WGOA,Rpath,POL,2095,3469496.853,2094765.393,0,,base
stable_climate,F0,WGOA,Rpath,COD,2095,633394.5922,133466.7441,0,,base
stable_climate,F0,WGOA,Rpath,ATF,2095,1859850.434,705762.277,0,,base
stable_climate,F0,WGOA,Rpath,POL,2096,3470392.396,2095211.756,0,,base
stable_climate,F0,WGOA,Rpath,COD,2096,633518.2953,133463.1612,0,,base
stable_climate,F0,WGOA,Rpath,ATF,2096,1859732.301,705906.7424,0,,base
stable_climate,F0,WGOA,Rpath,POL,2097,3471342.943,2095689.543,0,,base
stable_climate,F0,WGOA,Rpath,COD,2097,633633.3497,133461.9514,0,,base
stable_climate,F0,WGOA,Rpath,ATF,2097,1859578.756,706038.2748,0,,base
stable_climate,F0,WGOA,Rpath,POL,2098,3472374.266,2096213.489,0,,base
stable_climate,F0,WGOA,Rpath,COD,2098,633741.2335,133464.6235,0,,base
stable_climate,F0,WGOA,Rpath,ATF,2098,1859393.753,706158.3688,0,,base
stable_climate,F0,WGOA,Rpath,POL,2099,3473485.955,2096781.645,0,,base
stable_climate,F0,WGOA,Rpath,COD,2099,633842.7878,133471.6078,0,,base
stable_climate,F0,WGOA,Rpath,ATF,2099,1859181.365,706269.4995,0,,base
ssp126,F0,WGOA,Rpath,POL,1991,2884927.165,1690895.406,87828.01,,base
ssp126,F0,WGOA,Rpath,COD,1991,399280.2939,93224.23736,64466.82999,,base
ssp126,F0,WGOA,Rpath,ATF,1991,1554327.805,597326.9774,16958.38001,,base
ssp126,F0,WGOA,Rpath,POL,1992,2892495.913,1696087.278,90585.18996,,base
ssp126,F0,WGOA,Rpath,COD,1992,371842.9001,88999.22879,78966.50009,,base
ssp126,F0,WGOA,Rpath,ATF,1992,1551901.376,598021.2117,20482.18006,,base
ssp126,F0,WGOA,Rpath,POL,1993,2886917.46,1690078.21,108230.1801,,base
ssp126,F0,WGOA,Rpath,COD,1993,375328.1754,91984.46817,45849.17007,,base
ssp126,F0,WGOA,Rpath,ATF,1993,1551566.347,599298.1593,18294.44992,,base
ssp126,F0,WGOA,Rpath,POL,1994,2891612.897,1691340.87,100412.3599,,base
ssp126,F0,WGOA,Rpath,COD,1994,374238.5054,92168.02449,45610.57997,,base
ssp126,F0,WGOA,Rpath,ATF,1994,1547453.432,598480.5088,21993.23998,,base
ssp126,F0,WGOA,Rpath,POL,1995,2920445.243,1709974.752,69168.12993,,base
ssp126,F0,WGOA,Rpath,COD,1995,354241.1182,88060.92648,67907.17999,,base
ssp126,F0,WGOA,Rpath,ATF,1995,1548788.073,599203.4556,17415.49004,,base
ssp126,F0,WGOA,Rpath,POL,1996,2949537.5,1727520.768,49825.87004,,base
ssp126,F0,WGOA,Rpath,COD,1996,348901.2699,89289.89982,55391.6601,,base
ssp126,F0,WGOA,Rpath,ATF,1996,1545296.542,597141.1539,21555.6099,,base
ssp126,F0,WGOA,Rpath,POL,1997,2946193.762,1722365.564,84179.64997,,base
ssp126,F0,WGOA,Rpath,COD,1997,339607.8718,88455.84666,58920.57999,,base
ssp126,F0,WGOA,Rpath,ATF,1997,1547340.939,596389.7317,14758.27989,,base
ssp126,F0,WGOA,Rpath,POL,1998,3007840.548,1762267.823,5428.379998,,base
ssp126,F0,WGOA,Rpath,COD,1998,338402.0081,87897.09963,50218.95011,,base
ssp126,F0,WGOA,Rpath,ATF,1998,1552042.171,596282.5118,12377.19001,,base
ssp126,F0,WGOA,Rpath,POL,1999,2993956.264,1751820.359,90556.90006,,base
ssp126,F0,WGOA,Rpath,COD,1999,323385.5045,83134.3282,66264.6701,,base
ssp126,F0,WGOA,Rpath,ATF,1999,1556822.572,596729.6537,14649.22992,,base
ssp126,F0,WGOA,Rpath,POL,2000,3049484.669,1789601.224,5552.830105,,base
ssp126,F0,WGOA,Rpath,COD,2000,321234.7048,82993.63067,53384.86994,,base
ssp126,F0,WGOA,Rpath,ATF,2000,1555589.603,595731.5303,22993.75009,,base
ssp126,F0,WGOA,Rpath,POL,2001,3082953.386,1808450.385,3452.299979,,base
ssp126,F0,WGOA,Rpath,COD,2001,327836.0522,85350.66779,40517.40995,,base
ssp126,F0,WGOA,Rpath,ATF,2001,1559150.397,597017.2815,17416.19999,,base
ssp126,F0,WGOA,Rpath,POL,2002,3117695.911,1828996.892,1698.029945,,base
ssp126,F0,WGOA,Rpath,COD,2002,329657.1998,86672.3968,41567.98996,,base
ssp126,F0,WGOA,Rpath,ATF,2002,1561074.367,598208.7603,20173.56001,,base
ssp126,F0,WGOA,Rpath,POL,2003,3105660.591,1817041.088,48590.07701,,base
ssp126,F0,WGOA,Rpath,COD,2003,321002.2329,86072.65487,52365.75509,,base
ssp126,F0,WGOA,Rpath,ATF,2003,1552272.454,595288.6341,30169.77189,,base
ssp126,F0,WGOA,Rpath,POL,2004,3100496.18,1811816.72,62434.43992,,base
ssp126,F0,WGOA,Rpath,COD,2004,310907.3461,86861.68446,56450.24197,,base
ssp126,F0,WGOA,Rpath,ATF,2004,1557805.526,597533.7477,15634.90804,,base
ssp126,F0,WGOA,Rpath,POL,2005,3085140.756,1801622.597,78302.79193,,base
ssp126,F0,WGOA,Rpath,COD,2005,308747.7124,89355.03295,47523.77993,,base
ssp126,F0,WGOA,Rpath,ATF,2005,1557456.933,596651.5277,19923.57305,,base
ssp126,F0,WGOA,Rpath,POL,2006,3088115.7,1805154.794,68928.30799,,base
ssp126,F0,WGOA,Rpath,COD,2006,305285.4254,89662.84203,47767.07996,,base
ssp126,F0,WGOA,Rpath,ATF,2006,1552052.557,593803.972,27622.69892,,base
ssp126,F0,WGOA,Rpath,POL,2007,3108388.666,1820162.189,51572.307,,base
ssp126,F0,WGOA,Rpath,COD,2007,298656.828,86970.58416,51812.178,,base
ssp126,F0,WGOA,Rpath,ATF,2007,1552833.111,593773.0969,25346.98698,,base
ssp126,F0,WGOA,Rpath,POL,2008,3122657.328,1829614.826,50786.20601,,base
ssp126,F0,WGOA,Rpath,COD,2008,288014.1972,83738.42574,58386.38403,,base
ssp126,F0,WGOA,Rpath,ATF,2008,1551453.517,592951.9777,29205.93997,,base
ssp126,F0,WGOA,Rpath,POL,2009,3143273.399,1841984.82,41549.50308,,base
ssp126,F0,WGOA,Rpath,COD,2009,284535.8483,83301.56554,51788.98001,,base
ssp126,F0,WGOA,Rpath,ATF,2009,1555113.026,594046.2661,24831.74204,,base
ssp126,F0,WGOA,Rpath,POL,2010,3136117.031,1835292.146,73443.38423,,base
ssp126,F0,WGOA,Rpath,COD,2010,260387.0744,76717.56805,76954.1546,,base
ssp126,F0,WGOA,Rpath,ATF,2010,1558263.173,594362.5648,24339.44647,,base
ssp126,F0,WGOA,Rpath,POL,2011,3141056.088,1838289.751,77694.47962,,base
ssp126,F0,WGOA,Rpath,COD,2011,234318.5161,69543.30604,83710.47539,,base
ssp126,F0,WGOA,Rpath,ATF,2011,1557071.61,592792.1032,30911.82176,,base
ssp126,F0,WGOA,Rpath,POL,2012,3133568.472,1833854.712,98934.69122,,base
ssp126,F0,WGOA,Rpath,COD,2012,216652.3988,64116.82151,76871.10999,,base
ssp126,F0,WGOA,Rpath,ATF,2012,1567597.99,595605.7671,20761.90991,,base
ssp126,F0,WGOA,Rpath,POL,2013,3129803.327,1832301.647,90796.63161,,base
ssp126,F0,WGOA,Rpath,COD,2013,207097.746,61173.05499,66829.78162,,base
ssp126,F0,WGOA,Rpath,ATF,2013,1575636.643,596480.792,21809.31232,,base
ssp126,F0,WGOA,Rpath,POL,2014,3087331.432,1803398.136,138948.062,,base
ssp126,F0,WGOA,Rpath,COD,2014,180191.4473,54326.17477,83491.7282,,base
ssp126,F0,WGOA,Rpath,ATF,2014,1567912.163,590069.7527,36524.50153,,base
ssp126,F0,WGOA,Rpath,POL,2015,3045526.286,1775739.079,162807.646,,base
ssp126,F0,WGOA,Rpath,COD,2015,157932.7221,48934.44114,77689.99201,,base
ssp126,F0,WGOA,Rpath,ATF,2015,1577268.818,588791.536,19296.58722,,base
ssp126,F0,WGOA,Rpath,POL,2016,3007798.292,1753763.798,173086.3524,,base
ssp126,F0,WGOA,Rpath,COD,2016,147656.6154,47339.00977,62867.32743,,base
ssp126,F0,WGOA,Rpath,ATF,2016,1586289.943,586210.8787,19976.29419,,base
ssp126,F0,WGOA,Rpath,POL,2017,2976739.358,1738811.225,184220.0285,,base
ssp126,F0,WGOA,Rpath,COD,2017,147736.1447,50239.67431,48204.21467,,base
ssp126,F0,WGOA,Rpath,ATF,2017,1591593.276,581990.6601,27053.50899,,base
ssp126,F0,WGOA,Rpath,POL,2018,2968841.332,1740812.462,150815.1922,,base
ssp126,F0,WGOA,Rpath,COD,2018,174522.2292,61112.90393,14681.2982,,base
ssp126,F0,WGOA,Rpath,ATF,2018,1607270.211,582229.7484,18870.25094,,base
ssp126,F0,WGOA,Rpath,POL,2019,2976191.205,1750709.517,110649.2716,,base
ssp126,F0,WGOA,Rpath,COD,2019,197788.813,66355.87669,15200.42058,,base
ssp126,F0,WGOA,Rpath,ATF,2019,1614692.328,580069.5368,24567.05196,,base
ssp126,F0,WGOA,Rpath,POL,2020,2989800.234,1764764.179,99971.06489,,base
ssp126,F0,WGOA,Rpath,COD,2020,228117.2462,75554.1577,6085.249339,,base
ssp126,F0,WGOA,Rpath,ATF,2020,1626337.879,581528.2622,21115.8993,,base
ssp126,F0,WGOA,Rpath,POL,2021,2994312.933,1771969.824,93869.85877,,base
ssp126,F0,WGOA,Rpath,COD,2021,246024.8277,80193.9607,18686.81231,,base
ssp126,F0,WGOA,Rpath,ATF,2021,1646036.464,588170.428,9846.300133,,base
ssp126,F0,WGOA,Rpath,POL,2022,2978054.033,1764808.562,123494.0341,,base
ssp126,F0,WGOA,Rpath,COD,2022,260905.1617,80728.27539,25387.70532,,base
ssp126,F0,WGOA,Rpath,ATF,2022,1660614.569,595115.9168,11531.83168,,base
ssp126,F0,WGOA,Rpath,POL,2023,2966097.481,1761609.091,124964.8454,,base
ssp126,F0,WGOA,Rpath,COD,2023,281390.5128,80560.60084,21018.29691,,base
ssp126,F0,WGOA,Rpath,ATF,2023,1676112.113,605093.0352,9114.887409,,base
ssp126,F0,WGOA,Rpath,POL,2024,3036855.545,1813514.661,0,,base
ssp126,F0,WGOA,Rpath,COD,2024,318400.0461,85891.9057,0,,base
ssp126,F0,WGOA,Rpath,ATF,2024,1696986.769,618786.3404,0,,base
ssp126,F0,WGOA,Rpath,POL,2025,3073000.498,1837005.614,0,,base
ssp126,F0,WGOA,Rpath,COD,2025,349395.6004,89957.10003,0,,base
ssp126,F0,WGOA,Rpath,ATF,2025,1712036.208,630356.9525,0,,base
ssp126,F0,WGOA,Rpath,POL,2026,3092940.279,1848718.403,0,,base
ssp126,F0,WGOA,Rpath,COD,2026,375931.0723,95004.47996,0,,base
ssp126,F0,WGOA,Rpath,ATF,2026,1722183.722,639224.8357,0,,base
ssp126,F0,WGOA,Rpath,POL,2027,3113219.894,1861209.321,0,,base
ssp126,F0,WGOA,Rpath,COD,2027,398929.169,101380.744,0,,base
ssp126,F0,WGOA,Rpath,ATF,2027,1730288.268,646016.1273,0,,base
ssp126,F0,WGOA,Rpath,POL,2028,3131534.706,1874190.909,0,,base
ssp126,F0,WGOA,Rpath,COD,2028,418904.1328,108164.6579,0,,base
ssp126,F0,WGOA,Rpath,ATF,2028,1738649.029,651948.7585,0,,base
ssp126,F0,WGOA,Rpath,POL,2029,3133976.259,1875666.736,0,,base
ssp126,F0,WGOA,Rpath,COD,2029,435893.8886,114176.0309,0,,base
ssp126,F0,WGOA,Rpath,ATF,2029,1743585.732,655110.767,0,,base
ssp126,F0,WGOA,Rpath,POL,2030,3135688.04,1876001.186,0,,base
ssp126,F0,WGOA,Rpath,COD,2030,450418.9921,119106.4396,0,,base
ssp126,F0,WGOA,Rpath,ATF,2030,1745340.013,655300.5182,0,,base
ssp126,F0,WGOA,Rpath,POL,2031,3139020.885,1878682.001,0,,base
ssp126,F0,WGOA,Rpath,COD,2031,463114.5019,122967.3888,0,,base
ssp126,F0,WGOA,Rpath,ATF,2031,1746899.824,654408.5701,0,,base
ssp126,F0,WGOA,Rpath,POL,2032,3149769.104,1887828.827,0,,base
ssp126,F0,WGOA,Rpath,COD,2032,474570.4248,125735.6408,0,,base
ssp126,F0,WGOA,Rpath,ATF,2032,1751014.064,654533.427,0,,base
ssp126,F0,WGOA,Rpath,POL,2033,3149976.104,1889346.678,0,,base
ssp126,F0,WGOA,Rpath,COD,2033,484697.8934,127487.834,0,,base
ssp126,F0,WGOA,Rpath,ATF,2033,1754688.577,654815.2191,0,,base
ssp126,F0,WGOA,Rpath,POL,2034,3153797.819,1892613.714,0,,base
ssp126,F0,WGOA,Rpath,COD,2034,493800.9581,128516.1254,0,,base
ssp126,F0,WGOA,Rpath,ATF,2034,1757647.633,655087.5449,0,,base
ssp126,F0,WGOA,Rpath,POL,2035,3157352.821,1895600.037,0,,base
ssp126,F0,WGOA,Rpath,COD,2035,502102.7181,129217.5792,0,,base
ssp126,F0,WGOA,Rpath,ATF,2035,1760666.506,655982.8112,0,,base
ssp126,F0,WGOA,Rpath,POL,2036,3162953.91,1900203.847,0,,base
ssp126,F0,WGOA,Rpath,COD,2036,509733.9917,129875.7019,0,,base
ssp126,F0,WGOA,Rpath,ATF,2036,1764144.864,657841.7687,0,,base
ssp126,F0,WGOA,Rpath,POL,2037,3165423.599,1902107.848,0,,base
ssp126,F0,WGOA,Rpath,COD,2037,516671.4457,130518.8609,0,,base
ssp126,F0,WGOA,Rpath,ATF,2037,1766632.554,659697.9014,0,,base
ssp126,F0,WGOA,Rpath,POL,2038,3169388.341,1904506.637,0,,base
ssp126,F0,WGOA,Rpath,COD,2038,523064.2657,131142.5423,0,,base
ssp126,F0,WGOA,Rpath,ATF,2038,1768396.356,661360.4524,0,,base
ssp126,F0,WGOA,Rpath,POL,2039,3173351.904,1906736.511,0,,base
ssp126,F0,WGOA,Rpath,COD,2039,528955.8513,131755.0062,0,,base
ssp126,F0,WGOA,Rpath,ATF,2039,1769067.052,662369.9224,0,,base
ssp126,F0,WGOA,Rpath,POL,2040,3184049.274,1913740.905,0,,base
ssp126,F0,WGOA,Rpath,COD,2040,534635.1331,132255.5068,0,,base
ssp126,F0,WGOA,Rpath,ATF,2040,1770344.842,663395.6965,0,,base
ssp126,F0,WGOA,Rpath,POL,2041,3189966.681,1917849.442,0,,base
ssp126,F0,WGOA,Rpath,COD,2041,539987.4875,132639.0273,0,,base
ssp126,F0,WGOA,Rpath,ATF,2041,1772307.225,664742.8052,0,,base
ssp126,F0,WGOA,Rpath,POL,2042,3192159.178,1917369.544,0,,base
ssp126,F0,WGOA,Rpath,COD,2042,544861.1691,132698.6858,0,,base
ssp126,F0,WGOA,Rpath,ATF,2042,1771157.111,664022.8431,0,,base
ssp126,F0,WGOA,Rpath,POL,2043,3203502.56,1924184.959,0,,base
ssp126,F0,WGOA,Rpath,COD,2043,549724.4499,132650.6592,0,,base
ssp126,F0,WGOA,Rpath,ATF,2043,1771184.554,663611.3678,0,,base
ssp126,F0,WGOA,Rpath,POL,2044,3226007.711,1940808.918,0,,base
ssp126,F0,WGOA,Rpath,COD,2044,554831.0592,132650.5426,0,,base
ssp126,F0,WGOA,Rpath,ATF,2044,1776034.758,665878.3053,0,,base
ssp126,F0,WGOA,Rpath,POL,2045,3231627.017,1944407.502,0,,base
ssp126,F0,WGOA,Rpath,COD,2045,559413.3335,132576.9933,0,,base
ssp126,F0,WGOA,Rpath,ATF,2045,1779640.251,667899.3433,0,,base
ssp126,F0,WGOA,Rpath,POL,2046,3236813.74,1945728.624,0,,base
ssp126,F0,WGOA,Rpath,COD,2046,563526.775,132446.4888,0,,base
ssp126,F0,WGOA,Rpath,ATF,2046,1780209.514,668208.441,0,,base
ssp126,F0,WGOA,Rpath,POL,2047,3248377.194,1952218.31,0,,base
ssp126,F0,WGOA,Rpath,COD,2047,567541.983,132411.4795,0,,base
ssp126,F0,WGOA,Rpath,ATF,2047,1781040.895,668566.9805,0,,base
ssp126,F0,WGOA,Rpath,POL,2048,3264768.259,1963549.411,0,,base
ssp126,F0,WGOA,Rpath,COD,2048,571587.6924,132546.3711,0,,base
ssp126,F0,WGOA,Rpath,ATF,2048,1784352.336,670308.665,0,,base
ssp126,F0,WGOA,Rpath,POL,2049,3273576.257,1969197.921,0,,base
ssp126,F0,WGOA,Rpath,COD,2049,575279.2268,132771.5368,0,,base
ssp126,F0,WGOA,Rpath,ATF,2049,1787339.459,672098.648,0,,base
ssp126,F0,WGOA,Rpath,POL,2050,3283021.584,1974422.672,0,,base
ssp126,F0,WGOA,Rpath,COD,2050,578717.3016,132939.0236,0,,base
ssp126,F0,WGOA,Rpath,ATF,2050,1789426.257,673224.4256,0,,base
ssp126,F0,WGOA,Rpath,POL,2051,3298930.555,1985583.823,0,,base
ssp126,F0,WGOA,Rpath,COD,2051,582201.8549,133156.4046,0,,base
ssp126,F0,WGOA,Rpath,ATF,2051,1794097.113,675710.4882,0,,base
ssp126,F0,WGOA,Rpath,POL,2052,3302799.423,1987262.51,0,,base
ssp126,F0,WGOA,Rpath,COD,2052,585257.9237,133283.3136,0,,base
ssp126,F0,WGOA,Rpath,ATF,2052,1796681.195,677092.0915,0,,base
ssp126,F0,WGOA,Rpath,POL,2053,3316619.644,1996198.322,0,,base
ssp126,F0,WGOA,Rpath,COD,2053,588311.9733,133399.9843,0,,base
ssp126,F0,WGOA,Rpath,ATF,2053,1799960.328,678700.1685,0,,base
ssp126,F0,WGOA,Rpath,POL,2054,3326472.896,2002686.731,0,,base
ssp126,F0,WGOA,Rpath,COD,2054,591214.0601,133472.3625,0,,base
ssp126,F0,WGOA,Rpath,ATF,2054,1803126.923,680221.3876,0,,base
ssp126,F0,WGOA,Rpath,POL,2055,3331171.594,2004418.893,0,,base
ssp126,F0,WGOA,Rpath,COD,2055,593793.6846,133380.7166,0,,base
ssp126,F0,WGOA,Rpath,ATF,2055,1803994.413,680222.19,0,,base
ssp126,F0,WGOA,Rpath,POL,2056,3338778.41,2008387.128,0,,base
ssp126,F0,WGOA,Rpath,COD,2056,596273.7283,133240.4874,0,,base
ssp126,F0,WGOA,Rpath,ATF,2056,1804529.873,679794.4938,0,,base
ssp126,F0,WGOA,Rpath,POL,2057,3353788.555,2018922.761,0,,base
ssp126,F0,WGOA,Rpath,COD,2057,598909.1488,133186.866,0,,base
ssp126,F0,WGOA,Rpath,ATF,2057,1807661.751,680715.5713,0,,base
ssp126,F0,WGOA,Rpath,POL,2058,3357632.02,2021082.484,0,,base
ssp126,F0,WGOA,Rpath,COD,2058,601178.0015,133133.4958,0,,base
ssp126,F0,WGOA,Rpath,ATF,2058,1809764.915,681303.466,0,,base
ssp126,F0,WGOA,Rpath,POL,2059,3361760.041,2022282.848,0,,base
ssp126,F0,WGOA,Rpath,COD,2059,603160.0205,133053.286,0,,base
ssp126,F0,WGOA,Rpath,ATF,2059,1809933.249,680756.1235,0,,base
ssp126,F0,WGOA,Rpath,POL,2060,3374352.646,2030999.746,0,,base
ssp126,F0,WGOA,Rpath,COD,2060,605278.8158,133142.1651,0,,base
ssp126,F0,WGOA,Rpath,ATF,2060,1812716.343,681786.2496,0,,base
ssp126,F0,WGOA,Rpath,POL,2061,3377377.545,2033067.003,0,,base
ssp126,F0,WGOA,Rpath,COD,2061,607135.5274,133295.3814,0,,base
ssp126,F0,WGOA,Rpath,ATF,2061,1815396.022,683109.4963,0,,base
ssp126,F0,WGOA,Rpath,POL,2062,3384174.88,2037211.974,0,,base
ssp126,F0,WGOA,Rpath,COD,2062,608874.3208,133487.8122,0,,base
ssp126,F0,WGOA,Rpath,ATF,2062,1817837.741,684438.3177,0,,base
ssp126,F0,WGOA,Rpath,POL,2063,3394589.126,2044908.179,0,,base
ssp126,F0,WGOA,Rpath,COD,2063,610656.3908,133776.1479,0,,base
ssp126,F0,WGOA,Rpath,ATF,2063,1821790.944,686781.2375,0,,base
ssp126,F0,WGOA,Rpath,POL,2064,3400421.638,2048856.127,0,,base
ssp126,F0,WGOA,Rpath,COD,2064,612230.3479,133999.8941,0,,base
ssp126,F0,WGOA,Rpath,ATF,2064,1824868.736,688692.4821,0,,base
ssp126,F0,WGOA,Rpath,POL,2065,3405381.131,2051696.661,0,,base
ssp126,F0,WGOA,Rpath,COD,2065,613633.6632,134135.7557,0,,base
ssp126,F0,WGOA,Rpath,ATF,2065,1826986.399,689961.9206,0,,base
ssp126,F0,WGOA,Rpath,POL,2066,3407351.048,2052476.725,0,,base
ssp126,F0,WGOA,Rpath,COD,2066,614874.2818,134180.9855,0,,base
ssp126,F0,WGOA,Rpath,ATF,2066,1828267.232,690600.1049,0,,base
ssp126,F0,WGOA,Rpath,POL,2067,3407882.925,2051413.472,0,,base
ssp126,F0,WGOA,Rpath,COD,2067,615903.6858,134080.4669,0,,base
ssp126,F0,WGOA,Rpath,ATF,2067,1827519.029,689748.3,0,,base
ssp126,F0,WGOA,Rpath,POL,2068,3415633.353,2056769.798,0,,base
ssp126,F0,WGOA,Rpath,COD,2068,617121.1659,133981.2738,0,,base
ssp126,F0,WGOA,Rpath,ATF,2068,1828600.199,689599.685,0,,base
ssp126,F0,WGOA,Rpath,POL,2069,3423121.35,2062720.202,0,,base
ssp126,F0,WGOA,Rpath,COD,2069,618427.1911,133933.2512,0,,base
ssp126,F0,WGOA,Rpath,ATF,2069,1831687.662,690637.6419,0,,base
ssp126,F0,WGOA,Rpath,POL,2070,3426491.455,2065327.907,0,,base
ssp126,F0,WGOA,Rpath,COD,2070,619570.8314,133888.6197,0,,base
ssp126,F0,WGOA,Rpath,ATF,2070,1834584.943,691754.1292,0,,base
ssp126,F0,WGOA,Rpath,POL,2071,3434348.776,2071259.979,0,,base
ssp126,F0,WGOA,Rpath,COD,2071,620690.7911,133920.2343,0,,base
ssp126,F0,WGOA,Rpath,ATF,2071,1838208.822,693460.6458,0,,base
ssp126,F0,WGOA,Rpath,POL,2072,3429902.469,2067404.365,0,,base
ssp126,F0,WGOA,Rpath,COD,2072,621411.4196,133934.7405,0,,base
ssp126,F0,WGOA,Rpath,ATF,2072,1839194.445,693938.4316,0,,base
ssp126,F0,WGOA,Rpath,POL,2073,3431664.775,2067716.583,0,,base
ssp126,F0,WGOA,Rpath,COD,2073,622062.7293,133970.9529,0,,base
ssp126,F0,WGOA,Rpath,ATF,2073,1839184.196,693770.4142,0,,base
ssp126,F0,WGOA,Rpath,POL,2074,3429734.115,2065719.521,0,,base
ssp126,F0,WGOA,Rpath,COD,2074,622613.3407,134027.1648,0,,base
ssp126,F0,WGOA,Rpath,ATF,2074,1838308.967,693099.4237,0,,base
ssp126,F0,WGOA,Rpath,POL,2075,3432464.89,2067218.893,0,,base
ssp126,F0,WGOA,Rpath,COD,2075,623228.0072,134057.27,0,,base
ssp126,F0,WGOA,Rpath,ATF,2075,1837610.709,692346.8335,0,,base
ssp126,F0,WGOA,Rpath,POL,2076,3445176.739,2077444.108,0,,base
ssp126,F0,WGOA,Rpath,COD,2076,624208.7056,134163.207,0,,base
ssp126,F0,WGOA,Rpath,ATF,2076,1840809.762,693778.0455,0,,base
ssp126,F0,WGOA,Rpath,POL,2077,3449248.828,2081661.907,0,,base
ssp126,F0,WGOA,Rpath,COD,2077,625095.9496,134260.4017,0,,base
ssp126,F0,WGOA,Rpath,ATF,2077,1845249.152,696288.2722,0,,base
ssp126,F0,WGOA,Rpath,POL,2078,3443163.048,2076225.408,0,,base
ssp126,F0,WGOA,Rpath,COD,2078,625480.8369,134207.1518,0,,base
ssp126,F0,WGOA,Rpath,ATF,2078,1845724.35,696764.9797,0,,base
ssp126,F0,WGOA,Rpath,POL,2079,3446088.202,2077120.989,0,,base
ssp126,F0,WGOA,Rpath,COD,2079,625876.3304,134149.637,0,,base
ssp126,F0,WGOA,Rpath,ATF,2079,1845221.473,696510.0448,0,,base
ssp126,F0,WGOA,Rpath,POL,2080,3445912.142,2076721.324,0,,base
ssp126,F0,WGOA,Rpath,COD,2080,626269.6722,134144.608,0,,base
ssp126,F0,WGOA,Rpath,ATF,2080,1844895.092,696353.2374,0,,base
ssp126,F0,WGOA,Rpath,POL,2081,3447940.45,2078077.624,0,,base
ssp126,F0,WGOA,Rpath,COD,2081,626649.5015,134160.1914,0,,base
ssp126,F0,WGOA,Rpath,ATF,2081,1844744.398,696207.3997,0,,base
ssp126,F0,WGOA,Rpath,POL,2082,3443815.412,2074382.912,0,,base
ssp126,F0,WGOA,Rpath,COD,2082,626833.5535,134122.0438,0,,base
ssp126,F0,WGOA,Rpath,ATF,2082,1843046.333,695088.9134,0,,base
ssp126,F0,WGOA,Rpath,POL,2083,3444438.099,2074085.984,0,,base
ssp126,F0,WGOA,Rpath,COD,2083,627089.4767,134042.7741,0,,base
ssp126,F0,WGOA,Rpath,ATF,2083,1841483.559,693800.1182,0,,base
ssp126,F0,WGOA,Rpath,POL,2084,3456202.562,2083690.066,0,,base
ssp126,F0,WGOA,Rpath,COD,2084,627755.8361,134107.334,0,,base
ssp126,F0,WGOA,Rpath,ATF,2084,1844165.11,695014.2825,0,,base
ssp126,F0,WGOA,Rpath,POL,2085,3465299.625,2091955.683,0,,base
ssp126,F0,WGOA,Rpath,COD,2085,628496.8996,134286.0255,0,,base
ssp126,F0,WGOA,Rpath,ATF,2085,1849433.099,698211.0269,0,,base
ssp126,F0,WGOA,Rpath,POL,2086,3461497.37,2089361.672,0,,base
ssp126,F0,WGOA,Rpath,COD,2086,628791.7172,134425.8884,0,,base
ssp126,F0,WGOA,Rpath,ATF,2086,1852441.084,700625.4716,0,,base
ssp126,F0,WGOA,Rpath,POL,2087,3457029.642,2084649.059,0,,base
ssp126,F0,WGOA,Rpath,COD,2087,628798.4987,134480.1631,0,,base
ssp126,F0,WGOA,Rpath,ATF,2087,1852083.677,701056.9699,0,,base
ssp126,F0,WGOA,Rpath,POL,2088,3456158.27,2083076.518,0,,base
ssp126,F0,WGOA,Rpath,COD,2088,628791.7272,134540.1317,0,,base
ssp126,F0,WGOA,Rpath,ATF,2088,1850631.015,700618.1023,0,,base
ssp126,F0,WGOA,Rpath,POL,2089,3457624.314,2083705.761,0,,base
ssp126,F0,WGOA,Rpath,COD,2089,628897.3249,134571.9262,0,,base
ssp126,F0,WGOA,Rpath,ATF,2089,1849184.101,699802.3262,0,,base
ssp126,F0,WGOA,Rpath,POL,2090,3458311.415,2084465.054,0,,base
ssp126,F0,WGOA,Rpath,COD,2090,629088.3344,134574.478,0,,base
ssp126,F0,WGOA,Rpath,ATF,2090,1848754.546,699369.3971,0,,base
ssp126,F0,WGOA,Rpath,POL,2091,3463955.6,2088719.596,0,,base
ssp126,F0,WGOA,Rpath,COD,2091,629456.7385,134497.2053,0,,base
ssp126,F0,WGOA,Rpath,ATF,2091,1849503.422,699345.4079,0,,base
ssp126,F0,WGOA,Rpath,POL,2092,3464692.572,2089667.811,0,,base
ssp126,F0,WGOA,Rpath,COD,2092,629771.0173,134367.944,0,,base
ssp126,F0,WGOA,Rpath,ATF,2092,1850670.235,699687.7423,0,,base
ssp126,F0,WGOA,Rpath,POL,2093,3457399.041,2083169.467,0,,base
ssp126,F0,WGOA,Rpath,COD,2093,629714.0294,134113.9165,0,,base
ssp126,F0,WGOA,Rpath,ATF,2093,1848463.672,698233.1915,0,,base
ssp126,F0,WGOA,Rpath,POL,2094,3458477.156,2082835.305,0,,base
ssp126,F0,WGOA,Rpath,COD,2094,629748.5991,133922.9643,0,,base
ssp126,F0,WGOA,Rpath,ATF,2094,1846097.993,696690.5487,0,,base
ssp126,F0,WGOA,Rpath,POL,2095,3466148.474,2089161.597,0,,base
ssp126,F0,WGOA,Rpath,COD,2095,630122.926,133931.0675,0,,base
ssp126,F0,WGOA,Rpath,ATF,2095,1847262.677,697373.1177,0,,base
ssp126,F0,WGOA,Rpath,POL,2096,3466298.726,2089972.141,0,,base
ssp126,F0,WGOA,Rpath,COD,2096,630360.4211,134032.5969,0,,base
ssp126,F0,WGOA,Rpath,ATF,2096,1848789.626,698717.4847,0,,base
ssp126,F0,WGOA,Rpath,POL,2097,3457939.05,2082432.856,0,,base
ssp126,F0,WGOA,Rpath,COD,2097,630133.2762,134056.2644,0,,base
ssp126,F0,WGOA,Rpath,ATF,2097,1846134.141,697787.5207,0,,base
ssp126,F0,WGOA,Rpath,POL,2098,3458660.315,2081560.751,0,,base
ssp126,F0,WGOA,Rpath,COD,2098,630006.8542,134105.5946,0,,base
ssp126,F0,WGOA,Rpath,ATF,2098,1843134.833,696410.0063,0,,base
ssp126,F0,WGOA,Rpath,POL,2099,3464853.023,2086578.417,0,,base
ssp126,F0,WGOA,Rpath,COD,2099,630198.2892,134279.3033,0,,base
ssp126,F0,WGOA,Rpath,ATF,2099,1843310.548,696857.1975,0,,base
ssp245,F0,WGOA,Rpath,POL,1991,2884927.165,1690895.406,87828.01,,base
ssp245,F0,WGOA,Rpath,COD,1991,399280.2939,93224.23736,64466.82999,,base
ssp245,F0,WGOA,Rpath,ATF,1991,1554327.805,597326.9774,16958.38001,,base
ssp245,F0,WGOA,Rpath,POL,1992,2892495.913,1696087.278,90585.18996,,base
ssp245,F0,WGOA,Rpath,COD,1992,371842.9001,88999.22879,78966.50009,,base
ssp245,F0,WGOA,Rpath,ATF,1992,1551901.376,598021.2117,20482.18006,,base
ssp245,F0,WGOA,Rpath,POL,1993,2886917.46,1690078.21,108230.1801,,base
ssp245,F0,WGOA,Rpath,COD,1993,375328.1754,91984.46817,45849.17007,,base
ssp245,F0,WGOA,Rpath,ATF,1993,1551566.347,599298.1593,18294.44992,,base
ssp245,F0,WGOA,Rpath,POL,1994,2891612.897,1691340.87,100412.3599,,base
ssp245,F0,WGOA,Rpath,COD,1994,374238.5054,92168.02449,45610.57997,,base
ssp245,F0,WGOA,Rpath,ATF,1994,1547453.432,598480.5088,21993.23998,,base
ssp245,F0,WGOA,Rpath,POL,1995,2920445.243,1709974.752,69168.12993,,base
ssp245,F0,WGOA,Rpath,COD,1995,354241.1182,88060.92648,67907.17999,,base
ssp245,F0,WGOA,Rpath,ATF,1995,1548788.073,599203.4556,17415.49004,,base
ssp245,F0,WGOA,Rpath,POL,1996,2949537.5,1727520.768,49825.87004,,base
ssp245,F0,WGOA,Rpath,COD,1996,348901.2699,89289.89982,55391.6601,,base
ssp245,F0,WGOA,Rpath,ATF,1996,1545296.542,597141.1539,21555.6099,,base
ssp245,F0,WGOA,Rpath,POL,1997,2946193.762,1722365.564,84179.64997,,base
ssp245,F0,WGOA,Rpath,COD,1997,339607.8718,88455.84666,58920.57999,,base
ssp245,F0,WGOA,Rpath,ATF,1997,1547340.939,596389.7317,14758.27989,,base
ssp245,F0,WGOA,Rpath,POL,1998,3007840.548,1762267.823,5428.379998,,base
ssp245,F0,WGOA,Rpath,COD,1998,338402.0081,87897.09963,50218.95011,,base
ssp245,F0,WGOA,Rpath,ATF,1998,1552042.171,596282.5118,12377.19001,,base
ssp245,F0,WGOA,Rpath,POL,1999,2993956.264,1751820.359,90556.90006,,base
ssp245,F0,WGOA,Rpath,COD,1999,323385.5045,83134.3282,66264.6701,,base
ssp245,F0,WGOA,Rpath,ATF,1999,1556822.572,596729.6537,14649.22992,,base
ssp245,F0,WGOA,Rpath,POL,2000,3049484.669,1789601.224,5552.830105,,base
ssp245,F0,WGOA,Rpath,COD,2000,321234.7048,82993.63067,53384.86994,,base
ssp245,F0,WGOA,Rpath,ATF,2000,1555589.603,595731.5303,22993.75009,,base
ssp245,F0,WGOA,Rpath,POL,2001,3082953.386,1808450.385,3452.299979,,base
ssp245,F0,WGOA,Rpath,COD,2001,327836.0522,85350.66779,40517.40995,,base
ssp245,F0,WGOA,Rpath,ATF,2001,1559150.397,597017.2815,17416.19999,,base
ssp245,F0,WGOA,Rpath,POL,2002,3117695.911,1828996.892,1698.029945,,base
ssp245,F0,WGOA,Rpath,COD,2002,329657.1998,86672.3968,41567.98996,,base
ssp245,F0,WGOA,Rpath,ATF,2002,1561074.367,598208.7603,20173.56001,,base
ssp245,F0,WGOA,Rpath,POL,2003,3105660.591,1817041.088,48590.07701,,base
ssp245,F0,WGOA,Rpath,COD,2003,321002.2329,86072.65487,52365.75509,,base
ssp245,F0,WGOA,Rpath,ATF,2003,1552272.454,595288.6341,30169.77189,,base
ssp245,F0,WGOA,Rpath,POL,2004,3100496.18,1811816.72,62434.43992,,base
ssp245,F0,WGOA,Rpath,COD,2004,310907.3461,86861.68446,56450.24197,,base
ssp245,F0,WGOA,Rpath,ATF,2004,1557805.526,597533.7477,15634.90804,,base
ssp245,F0,WGOA,Rpath,POL,2005,3085140.756,1801622.597,78302.79193,,base
ssp245,F0,WGOA,Rpath,COD,2005,308747.7124,89355.03295,47523.77993,,base
ssp245,F0,WGOA,Rpath,ATF,2005,1557456.933,596651.5277,19923.57305,,base
ssp245,F0,WGOA,Rpath,POL,2006,3088115.7,1805154.794,68928.30799,,base
ssp245,F0,WGOA,Rpath,COD,2006,305285.4254,89662.84203,47767.07996,,base
ssp245,F0,WGOA,Rpath,ATF,2006,1552052.557,593803.972,27622.69892,,base
ssp245,F0,WGOA,Rpath,POL,2007,3108388.666,1820162.189,51572.307,,base
ssp245,F0,WGOA,Rpath,COD,2007,298656.828,86970.58416,51812.178,,base
ssp245,F0,WGOA,Rpath,ATF,2007,1552833.111,593773.0969,25346.98698,,base
ssp245,F0,WGOA,Rpath,POL,2008,3122657.328,1829614.826,50786.20601,,base
ssp245,F0,WGOA,Rpath,COD,2008,288014.1972,83738.42574,58386.38403,,base
ssp245,F0,WGOA,Rpath,ATF,2008,1551453.517,592951.9777,29205.93997,,base
ssp245,F0,WGOA,Rpath,POL,2009,3143273.399,1841984.82,41549.50308,,base
ssp245,F0,WGOA,Rpath,COD,2009,284535.8483,83301.56554,51788.98001,,base
ssp245,F0,WGOA,Rpath,ATF,2009,1555113.026,594046.2661,24831.74204,,base
ssp245,F0,WGOA,Rpath,POL,2010,3136117.031,1835292.146,73443.38423,,base
ssp245,F0,WGOA,Rpath,COD,2010,260387.0744,76717.56805,76954.1546,,base
ssp245,F0,WGOA,Rpath,ATF,2010,1558263.173,594362.5648,24339.44647,,base
ssp245,F0,WGOA,Rpath,POL,2011,3141056.088,1838289.751,77694.47962,,base
ssp245,F0,WGOA,Rpath,COD,2011,234318.5161,69543.30604,83710.47539,,base
ssp245,F0,WGOA,Rpath,ATF,2011,1557071.61,592792.1032,30911.82176,,base
ssp245,F0,WGOA,Rpath,POL,2012,3133568.472,1833854.712,98934.69122,,base
ssp245,F0,WGOA,Rpath,COD,2012,216652.3988,64116.82151,76871.10999,,base
ssp245,F0,WGOA,Rpath,ATF,2012,1567597.99,595605.7671,20761.90991,,base
ssp245,F0,WGOA,Rpath,POL,2013,3129803.327,1832301.647,90796.63161,,base
ssp245,F0,WGOA,Rpath,COD,2013,207097.746,61173.05499,66829.78162,,base
ssp245,F0,WGOA,Rpath,ATF,2013,1575636.643,596480.792,21809.31232,,base
ssp245,F0,WGOA,Rpath,POL,2014,3087331.432,1803398.136,138948.062,,base
ssp245,F0,WGOA,Rpath,COD,2014,180191.4473,54326.17477,83491.7282,,base
ssp245,F0,WGOA,Rpath,ATF,2014,1567912.163,590069.7527,36524.50153,,base
ssp245,F0,WGOA,Rpath,POL,2015,3045526.286,1775739.079,162807.646,,base
ssp245,F0,WGOA,Rpath,COD,2015,157932.7221,48934.44114,77689.99201,,base
ssp245,F0,WGOA,Rpath,ATF,2015,1577268.818,588791.536,19296.58722,,base
ssp245,F0,WGOA,Rpath,POL,2016,3007798.292,1753763.798,173086.3524,,base
ssp245,F0,WGOA,Rpath,COD,2016,147656.6154,47339.00977,62867.32743,,base
ssp245,F0,WGOA,Rpath,ATF,2016,1586289.943,586210.8787,19976.29419,,base
ssp245,F0,WGOA,Rpath,POL,2017,2976739.358,1738811.225,184220.0285,,base
ssp245,F0,WGOA,Rpath,COD,2017,147736.1447,50239.67431,48204.21467,,base
ssp245,F0,WGOA,Rpath,ATF,2017,1591593.276,581990.6601,27053.50899,,base
ssp245,F0,WGOA,Rpath,POL,2018,2968841.332,1740812.462,150815.1922,,base
ssp245,F0,WGOA,Rpath,COD,2018,174522.2292,61112.90393,14681.2982,,base
ssp245,F0,WGOA,Rpath,ATF,2018,1607270.211,582229.7484,18870.25094,,base
ssp245,F0,WGOA,Rpath,POL,2019,2976191.205,1750709.517,110649.2716,,base
ssp245,F0,WGOA,Rpath,COD,2019,197788.813,66355.87669,15200.42058,,base
ssp245,F0,WGOA,Rpath,ATF,2019,1614692.328,580069.5368,24567.05196,,base
ssp245,F0,WGOA,Rpath,POL,2020,2989800.234,1764764.179,99971.06489,,base
ssp245,F0,WGOA,Rpath,COD,2020,228117.2462,75554.1577,6085.249339,,base
ssp245,F0,WGOA,Rpath,ATF,2020,1626337.879,581528.2622,21115.8993,,base
ssp245,F0,WGOA,Rpath,POL,2021,3004858.149,1780484.732,93869.85877,,base
ssp245,F0,WGOA,Rpath,COD,2021,246200.0824,80254.84423,18686.81231,,base
ssp245,F0,WGOA,Rpath,ATF,2021,1649201.606,589885.1348,9846.300133,,base
ssp245,F0,WGOA,Rpath,POL,2022,2977506.023,1765534.864,123494.0341,,base
ssp245,F0,WGOA,Rpath,COD,2022,261003.623,80801.54641,25387.70532,,base
ssp245,F0,WGOA,Rpath,ATF,2022,1664197.394,597393.0061,11531.83168,,base
ssp245,F0,WGOA,Rpath,POL,2023,2959328.096,1756260.707,124964.8454,,base
ssp245,F0,WGOA,Rpath,COD,2023,281322.3974,80576.11991,21018.29691,,base
ssp245,F0,WGOA,Rpath,ATF,2023,1676911.942,605860.2409,9114.887409,,base
ssp245,F0,WGOA,Rpath,POL,2024,3025701.873,1803922.085,0,,base
ssp245,F0,WGOA,Rpath,COD,2024,318199.8201,85829.78825,0,,base
ssp245,F0,WGOA,Rpath,ATF,2024,1693767.182,617040.8274,0,,base
ssp245,F0,WGOA,Rpath,POL,2025,3068086.031,1832352.292,0,,base
ssp245,F0,WGOA,Rpath,COD,2025,349327.1964,89805.05708,0,,base
ssp245,F0,WGOA,Rpath,ATF,2025,1707516.46,627350.9709,0,,base
ssp245,F0,WGOA,Rpath,POL,2026,3097084.57,1852128.633,0,,base
ssp245,F0,WGOA,Rpath,COD,2026,376169.4986,94792.30644,0,,base
ssp245,F0,WGOA,Rpath,ATF,2026,1720055.219,637224.9779,0,,base
ssp245,F0,WGOA,Rpath,POL,2027,3115299.737,1863452.657,0,,base
ssp245,F0,WGOA,Rpath,COD,2027,399264.1712,101106.0427,0,,base
ssp245,F0,WGOA,Rpath,ATF,2027,1729640.897,644889.9642,0,,base
ssp245,F0,WGOA,Rpath,POL,2028,3127538.155,1871095.211,0,,base
ssp245,F0,WGOA,Rpath,COD,2028,419103.2264,107868.5494,0,,base
ssp245,F0,WGOA,Rpath,ATF,2028,1737125.17,650528.7371,0,,base
ssp245,F0,WGOA,Rpath,POL,2029,3137298.751,1877633.479,0,,base
ssp245,F0,WGOA,Rpath,COD,2029,436159.2058,114045.6243,0,,base
ssp245,F0,WGOA,Rpath,ATF,2029,1743062.369,654484.2707,0,,base
ssp245,F0,WGOA,Rpath,POL,2030,3142221.134,1881634.596,0,,base
ssp245,F0,WGOA,Rpath,COD,2030,450819.4362,119269.8078,0,,base
ssp245,F0,WGOA,Rpath,ATF,2030,1747941.896,657032.3986,0,,base
ssp245,F0,WGOA,Rpath,POL,2031,3148426.641,1886833.416,0,,base
ssp245,F0,WGOA,Rpath,COD,2031,463590.8804,123375.3804,0,,base
ssp245,F0,WGOA,Rpath,ATF,2031,1752300.402,658392.4157,0,,base
ssp245,F0,WGOA,Rpath,POL,2032,3149808.279,1888839.351,0,,base
ssp245,F0,WGOA,Rpath,COD,2032,474781.7252,126223.8792,0,,base
ssp245,F0,WGOA,Rpath,ATF,2032,1755763.556,658732.9572,0,,base
ssp245,F0,WGOA,Rpath,POL,2033,3151543.426,1890403.43,0,,base
ssp245,F0,WGOA,Rpath,COD,2033,484763.4441,127915.716,0,,base
ssp245,F0,WGOA,Rpath,ATF,2033,1757927.648,658021.0054,0,,base
ssp245,F0,WGOA,Rpath,POL,2034,3156189.988,1894682.319,0,,base
ssp245,F0,WGOA,Rpath,COD,2034,493870.3892,128867.6797,0,,base
ssp245,F0,WGOA,Rpath,ATF,2034,1760780.029,657851.7461,0,,base
ssp245,F0,WGOA,Rpath,POL,2035,3152072.913,1891644.305,0,,base
ssp245,F0,WGOA,Rpath,COD,2035,501979.3446,129314.0931,0,,base
ssp245,F0,WGOA,Rpath,ATF,2035,1761094.084,656648.8721,0,,base
ssp245,F0,WGOA,Rpath,POL,2036,3155619.64,1894100.419,0,,base
ssp245,F0,WGOA,Rpath,COD,2036,509531.2369,129643.2373,0,,base
ssp245,F0,WGOA,Rpath,ATF,2036,1761837.036,656064.0388,0,,base
ssp245,F0,WGOA,Rpath,POL,2037,3163058.268,1900016.639,0,,base
ssp245,F0,WGOA,Rpath,COD,2037,516665.6677,130064.8073,0,,base
ssp245,F0,WGOA,Rpath,ATF,2037,1764265.277,656998.3661,0,,base
ssp245,F0,WGOA,Rpath,POL,2038,3167550.997,1903488.829,0,,base
ssp245,F0,WGOA,Rpath,COD,2038,523221.5844,130575.2598,0,,base
ssp245,F0,WGOA,Rpath,ATF,2038,1766537.227,658488.2552,0,,base
ssp245,F0,WGOA,Rpath,POL,2039,3171783.821,1905747.965,0,,base
ssp245,F0,WGOA,Rpath,COD,2039,529237.0543,131162.1349,0,,base
ssp245,F0,WGOA,Rpath,ATF,2039,1767592.049,659667.8974,0,,base
ssp245,F0,WGOA,Rpath,POL,2040,3177696.175,1909213.986,0,,base
ssp245,F0,WGOA,Rpath,COD,2040,534869.7527,131736.8638,0,,base
ssp245,F0,WGOA,Rpath,ATF,2040,1768500.033,660950.6592,0,,base
ssp245,F0,WGOA,Rpath,POL,2041,3185560.998,1913873.651,0,,base
ssp245,F0,WGOA,Rpath,COD,2041,540206.5812,132253.6643,0,,base
ssp245,F0,WGOA,Rpath,ATF,2041,1769302.527,662134.0794,0,,base
ssp245,F0,WGOA,Rpath,POL,2042,3199628.07,1923491.48,0,,base
ssp245,F0,WGOA,Rpath,COD,2042,545459.4852,132658.5261,0,,base
ssp245,F0,WGOA,Rpath,ATF,2042,1771854.423,664191.166,0,,base
ssp245,F0,WGOA,Rpath,POL,2043,3211813.664,1931862.101,0,,base
ssp245,F0,WGOA,Rpath,COD,2043,550493.0271,132914.2951,0,,base
ssp245,F0,WGOA,Rpath,ATF,2043,1775178.082,666602.3972,0,,base
ssp245,F0,WGOA,Rpath,POL,2044,3219174.022,1935842.73,0,,base
ssp245,F0,WGOA,Rpath,COD,2044,555153.1002,132937.3427,0,,base
ssp245,F0,WGOA,Rpath,ATF,2044,1777199.801,668065.4394,0,,base
ssp245,F0,WGOA,Rpath,POL,2045,3231401.378,1943157.136,0,,base
ssp245,F0,WGOA,Rpath,COD,2045,559661.0553,132846.0976,0,,base
ssp245,F0,WGOA,Rpath,ATF,2045,1779230.144,669201.8912,0,,base
ssp245,F0,WGOA,Rpath,POL,2046,3242984.209,1950495.102,0,,base
ssp245,F0,WGOA,Rpath,COD,2046,564026.8705,132761.2019,0,,base
ssp245,F0,WGOA,Rpath,ATF,2046,1781800.897,670447.9272,0,,base
ssp245,F0,WGOA,Rpath,POL,2047,3249217.609,1953477.637,0,,base
ssp245,F0,WGOA,Rpath,COD,2047,568011.3867,132635.6817,0,,base
ssp245,F0,WGOA,Rpath,ATF,2047,1782847.206,670722.6005,0,,base
ssp245,F0,WGOA,Rpath,POL,2048,3264226.679,1962932.759,0,,base
ssp245,F0,WGOA,Rpath,COD,2048,571958.9655,132571.5759,0,,base
ssp245,F0,WGOA,Rpath,ATF,2048,1784722.001,671147.1055,0,,base
ssp245,F0,WGOA,Rpath,POL,2049,3271474.87,1967339.999,0,,base
ssp245,F0,WGOA,Rpath,COD,2049,575650.9862,132587.5153,0,,base
ssp245,F0,WGOA,Rpath,ATF,2049,1787004.428,671850.9309,0,,base
ssp245,F0,WGOA,Rpath,POL,2050,3282535.155,1974063.917,0,,base
ssp245,F0,WGOA,Rpath,COD,2050,579195.7689,132641.401,0,,base
ssp245,F0,WGOA,Rpath,ATF,2050,1789531.428,672671.0821,0,,base
ssp245,F0,WGOA,Rpath,POL,2051,3299783.953,1986505.466,0,,base
ssp245,F0,WGOA,Rpath,COD,2051,582782.4579,132851.7195,0,,base
ssp245,F0,WGOA,Rpath,ATF,2051,1794668.019,675181.0866,0,,base
ssp245,F0,WGOA,Rpath,POL,2052,3305558.033,1989760.369,0,,base
ssp245,F0,WGOA,Rpath,COD,2052,585920.0825,133033.0329,0,,base
ssp245,F0,WGOA,Rpath,ATF,2052,1797824.437,676867.1846,0,,base
ssp245,F0,WGOA,Rpath,POL,2053,3309487.561,1990555.881,0,,base
ssp245,F0,WGOA,Rpath,COD,2053,588690.9507,133122.0436,0,,base
ssp245,F0,WGOA,Rpath,ATF,2053,1798434.675,677088.3058,0,,base
ssp245,F0,WGOA,Rpath,POL,2054,3323624.498,1999580.603,0,,base
ssp245,F0,WGOA,Rpath,COD,2054,591543.6379,133230.6409,0,,base
ssp245,F0,WGOA,Rpath,ATF,2054,1800255.792,677821.5818,0,,base
ssp245,F0,WGOA,Rpath,POL,2055,3331726.479,2004764.675,0,,base
ssp245,F0,WGOA,Rpath,COD,2055,594237.9663,133282.2891,0,,base
ssp245,F0,WGOA,Rpath,ATF,2055,1802377.642,678728.1175,0,,base
ssp245,F0,WGOA,Rpath,POL,2056,3337032.733,2007183.158,0,,base
ssp245,F0,WGOA,Rpath,COD,2056,596688.9879,133237.4929,0,,base
ssp245,F0,WGOA,Rpath,ATF,2056,1803351.423,678899.3413,0,,base
ssp245,F0,WGOA,Rpath,POL,2057,3344753.828,2011471.256,0,,base
ssp245,F0,WGOA,Rpath,COD,2057,599064.7099,133174.7814,0,,base
ssp245,F0,WGOA,Rpath,ATF,2057,1804258.897,678894.9018,0,,base
ssp245,F0,WGOA,Rpath,POL,2058,3358740.635,2021374.145,0,,base
ssp245,F0,WGOA,Rpath,COD,2058,601554.0354,133173.6804,0,,base
ssp245,F0,WGOA,Rpath,ATF,2058,1807497.701,680185.6767,0,,base
ssp245,F0,WGOA,Rpath,POL,2059,3371294.612,2030473.922,0,,base
ssp245,F0,WGOA,Rpath,COD,2059,603985.3765,133246.3302,0,,base
ssp245,F0,WGOA,Rpath,ATF,2059,1812151.195,682516.3748,0,,base
ssp245,F0,WGOA,Rpath,POL,2060,3370534.179,2028949.133,0,,base
ssp245,F0,WGOA,Rpath,COD,2060,605915.5955,133298.1459,0,,base
ssp245,F0,WGOA,Rpath,ATF,2060,1814234.529,683727.4545,0,,base
ssp245,F0,WGOA,Rpath,POL,2061,3375668.464,2030977.656,0,,base
ssp245,F0,WGOA,Rpath,COD,2061,607645.1408,133334.754,0,,base
ssp245,F0,WGOA,Rpath,ATF,2061,1814780.562,683906.7138,0,,base
ssp245,F0,WGOA,Rpath,POL,2062,3381334.567,2034030.842,0,,base
ssp245,F0,WGOA,Rpath,COD,2062,609298.8059,133425.7177,0,,base
ssp245,F0,WGOA,Rpath,ATF,2062,1815251.018,683910.5654,0,,base
ssp245,F0,WGOA,Rpath,POL,2063,3386611.038,2037329.051,0,,base
ssp245,F0,WGOA,Rpath,COD,2063,610904.9356,133542.6002,0,,base
ssp245,F0,WGOA,Rpath,ATF,2063,1816304.771,684146.2547,0,,base
ssp245,F0,WGOA,Rpath,POL,2064,3390850.948,2039933.666,0,,base
ssp245,F0,WGOA,Rpath,COD,2064,612416.7405,133652.0193,0,,base
ssp245,F0,WGOA,Rpath,ATF,2064,1817558.425,684485.784,0,,base
ssp245,F0,WGOA,Rpath,POL,2065,3403778.359,2049179.362,0,,base
ssp245,F0,WGOA,Rpath,COD,2065,614061.487,133777.2678,0,,base
ssp245,F0,WGOA,Rpath,ATF,2065,1820562.847,685729.0047,0,,base
ssp245,F0,WGOA,Rpath,POL,2066,3412630.754,2056264.712,0,,base
ssp245,F0,WGOA,Rpath,COD,2066,615676.8189,133926.28,0,,base
ssp245,F0,WGOA,Rpath,ATF,2066,1825298.39,688184.6748,0,,base
ssp245,F0,WGOA,Rpath,POL,2067,3414689.227,2057307.83,0,,base
ssp245,F0,WGOA,Rpath,COD,2067,616987.6141,134011.7039,0,,base
ssp245,F0,WGOA,Rpath,ATF,2067,1828640.277,690092.3202,0,,base
ssp245,F0,WGOA,Rpath,POL,2068,3420510.384,2061022.99,0,,base
ssp245,F0,WGOA,Rpath,COD,2068,618224.1131,134110.1106,0,,base
ssp245,F0,WGOA,Rpath,ATF,2068,1831632.185,691860.6976,0,,base
ssp245,F0,WGOA,Rpath,POL,2069,3420027.438,2059892.639,0,,base
ssp245,F0,WGOA,Rpath,COD,2069,619188.6687,134151.6092,0,,base
ssp245,F0,WGOA,Rpath,ATF,2069,1832428.988,692340.6242,0,,base
ssp245,F0,WGOA,Rpath,POL,2070,3423265.024,2061284.018,0,,base
ssp245,F0,WGOA,Rpath,COD,2070,620090.9027,134136.1648,0,,base
ssp245,F0,WGOA,Rpath,ATF,2070,1832228.996,691917.8658,0,,base
ssp245,F0,WGOA,Rpath,POL,2071,3429964.991,2066265.926,0,,base
ssp245,F0,WGOA,Rpath,COD,2071,621126.6999,134134.6236,0,,base
ssp245,F0,WGOA,Rpath,ATF,2071,1833712.998,692197.9066,0,,base
ssp245,F0,WGOA,Rpath,POL,2072,3426573.665,2063457.177,0,,base
ssp245,F0,WGOA,Rpath,COD,2072,621893.9369,134037.9357,0,,base
ssp245,F0,WGOA,Rpath,ATF,2072,1833807.217,691663.9201,0,,base
ssp245,F0,WGOA,Rpath,POL,2073,3432177.589,2067041.885,0,,base
ssp245,F0,WGOA,Rpath,COD,2073,622775.606,133917.5701,0,,base
ssp245,F0,WGOA,Rpath,ATF,2073,1834666.614,691342.5145,0,,base
ssp245,F0,WGOA,Rpath,POL,2074,3439217.674,2073046.322,0,,base
ssp245,F0,WGOA,Rpath,COD,2074,623811.646,133918.0555,0,,base
ssp245,F0,WGOA,Rpath,ATF,2074,1838150.272,692774.505,0,,base
ssp245,F0,WGOA,Rpath,POL,2075,3437276.673,2071583.731,0,,base
ssp245,F0,WGOA,Rpath,COD,2075,624541.3967,133906.7434,0,,base
ssp245,F0,WGOA,Rpath,ATF,2075,1839843.266,693551.171,0,,base
ssp245,F0,WGOA,Rpath,POL,2076,3436287.235,2069973.939,0,,base
ssp245,F0,WGOA,Rpath,COD,2076,625088.0682,133900.0382,0,,base
ssp245,F0,WGOA,Rpath,ATF,2076,1839674.864,693397.1758,0,,base
ssp245,F0,WGOA,Rpath,POL,2077,3443762.477,2075324.199,0,,base
ssp245,F0,WGOA,Rpath,COD,2077,625796.0481,133993.1598,0,,base
ssp245,F0,WGOA,Rpath,ATF,2077,1840830.948,694024.2273,0,,base
ssp245,F0,WGOA,Rpath,POL,2078,3447415.235,2078156.913,0,,base
ssp245,F0,WGOA,Rpath,COD,2078,626444.5846,134111.0127,0,,base
ssp245,F0,WGOA,Rpath,ATF,2078,1842255.146,694921.5771,0,,base
ssp245,F0,WGOA,Rpath,POL,2079,3447117.248,2077860.936,0,,base
ssp245,F0,WGOA,Rpath,COD,2079,626971.7006,134198.0776,0,,base
ssp245,F0,WGOA,Rpath,ATF,2079,1843568.464,695811.2878,0,,base
ssp245,F0,WGOA,Rpath,POL,2080,3446690.612,2077180.799,0,,base
ssp245,F0,WGOA,Rpath,COD,2080,627401.5862,134252.6634,0,,base
ssp245,F0,WGOA,Rpath,ATF,2080,1844376.381,696398.5593,0,,base
ssp245,F0,WGOA,Rpath,POL,2081,3450454.252,2079628.125,0,,base
ssp245,F0,WGOA,Rpath,COD,2081,627865.058,134284.118,0,,base
ssp245,F0,WGOA,Rpath,ATF,2081,1844999.15,696725.4111,0,,base
ssp245,F0,WGOA,Rpath,POL,2082,3444009.937,2074179.056,0,,base
ssp245,F0,WGOA,Rpath,COD,2082,628042.4118,134224.2573,0,,base
ssp245,F0,WGOA,Rpath,ATF,2082,1843138.413,695615.1647,0,,base
ssp245,F0,WGOA,Rpath,POL,2083,3440966.487,2070410.968,0,,base
ssp245,F0,WGOA,Rpath,COD,2083,628118.1632,134075.0783,0,,base
ssp245,F0,WGOA,Rpath,ATF,2083,1839364.783,693151.3795,0,,base
ssp245,F0,WGOA,Rpath,POL,2084,3447927.007,2075664.052,0,,base
ssp245,F0,WGOA,Rpath,COD,2084,628547.4454,133999.626,0,,base
ssp245,F0,WGOA,Rpath,ATF,2084,1838582.01,692219.3238,0,,base
ssp245,F0,WGOA,Rpath,POL,2085,3449664.537,2077387.129,0,,base
ssp245,F0,WGOA,Rpath,COD,2085,628985.9708,133936.2693,0,,base
ssp245,F0,WGOA,Rpath,ATF,2085,1839157.031,692271.845,0,,base
ssp245,F0,WGOA,Rpath,POL,2086,3449508.719,2077136.039,0,,base
ssp245,F0,WGOA,Rpath,COD,2086,629343.4661,133890.9437,0,,base
ssp245,F0,WGOA,Rpath,ATF,2086,1839862.449,692686.0747,0,,base
ssp245,F0,WGOA,Rpath,POL,2087,3451966.714,2078798.187,0,,base
ssp245,F0,WGOA,Rpath,COD,2087,629693.6205,133946.5574,0,,base
ssp245,F0,WGOA,Rpath,ATF,2087,1840871.844,693594.7743,0,,base
ssp245,F0,WGOA,Rpath,POL,2088,3448623.683,2075272.927,0,,base
ssp245,F0,WGOA,Rpath,COD,2088,629738.0468,134017.471,0,,base
ssp245,F0,WGOA,Rpath,ATF,2088,1838978.325,693085.8653,0,,base
ssp245,F0,WGOA,Rpath,POL,2089,3443256.103,2069401.136,0,,base
ssp245,F0,WGOA,Rpath,COD,2089,629537.4919,134058.0437,0,,base
ssp245,F0,WGOA,Rpath,ATF,2089,1833923.322,690669.6634,0,,base
ssp245,F0,WGOA,Rpath,POL,2090,3446429.659,2070821.289,0,,base
ssp245,F0,WGOA,Rpath,COD,2090,629600.563,134161.2515,0,,base
ssp245,F0,WGOA,Rpath,ATF,2090,1830714.234,689056.2641,0,,base
ssp245,F0,WGOA,Rpath,POL,2091,3457230.855,2079573.893,0,,base
ssp245,F0,WGOA,Rpath,COD,2091,630083.2057,134375.316,0,,base
ssp245,F0,WGOA,Rpath,ATF,2091,1832431.342,690282.6422,0,,base
ssp245,F0,WGOA,Rpath,POL,2092,3456413.931,2079578.594,0,,base
ssp245,F0,WGOA,Rpath,COD,2092,630402.1216,134544.993,0,,base
ssp245,F0,WGOA,Rpath,ATF,2092,1834476.027,692026.2166,0,,base
ssp245,F0,WGOA,Rpath,POL,2093,3457728.032,2079936.841,0,,base
ssp245,F0,WGOA,Rpath,COD,2093,630606.7701,134650.2068,0,,base
ssp245,F0,WGOA,Rpath,ATF,2093,1835468.244,693250.6165,0,,base
ssp245,F0,WGOA,Rpath,POL,2094,3461735.796,2082556.56,0,,base
ssp245,F0,WGOA,Rpath,COD,2094,630880.9823,134772.5719,0,,base
ssp245,F0,WGOA,Rpath,ATF,2094,1836561.814,694559.6152,0,,base
ssp245,F0,WGOA,Rpath,POL,2095,3460475.515,2081197.354,0,,base
ssp245,F0,WGOA,Rpath,COD,2095,631032.4337,134853.4994,0,,base
ssp245,F0,WGOA,Rpath,ATF,2095,1836393.682,695189.9543,0,,base
ssp245,F0,WGOA,Rpath,POL,2096,3468660.862,2087328.085,0,,base
ssp245,F0,WGOA,Rpath,COD,2096,631427.1698,134951.3464,0,,base
ssp245,F0,WGOA,Rpath,ATF,2096,1838057.832,696670.2265,0,,base
ssp245,F0,WGOA,Rpath,POL,2097,3472289.794,2090524.276,0,,base
ssp245,F0,WGOA,Rpath,COD,2097,631815.5915,135020.0713,0,,base
ssp245,F0,WGOA,Rpath,ATF,2097,1840379.249,698451.1211,0,,base
ssp245,F0,WGOA,Rpath,POL,2098,3465406.99,2084484.977,0,,base
ssp245,F0,WGOA,Rpath,COD,2098,631858.2583,134882.7284,0,,base
ssp245,F0,WGOA,Rpath,ATF,2098,1839340.361,697998.076,0,,base
ssp245,F0,WGOA,Rpath,POL,2099,3477228.112,2093194.22,0,,base
ssp245,F0,WGOA,Rpath,COD,2099,632288.7657,134806.2917,0,,base
ssp245,F0,WGOA,Rpath,ATF,2099,1841059.457,698691.2767,0,,base
ssp585,F0,WGOA,Rpath,POL,1991,2884927.165,1690895.406,87828.01,,base
ssp585,F0,WGOA,Rpath,COD,1991,399280.2939,93224.23736,64466.82999,,base
ssp585,F0,WGOA,Rpath,ATF,1991,1554327.805,597326.9774,16958.38001,,base
ssp585,F0,WGOA,Rpath,POL,1992,2892495.913,1696087.278,90585.18996,,base
ssp585,F0,WGOA,Rpath,COD,1992,371842.9001,88999.22879,78966.50009,,base
ssp585,F0,WGOA,Rpath,ATF,1992,1551901.376,598021.2117,20482.18006,,base
ssp585,F0,WGOA,Rpath,POL,1993,2886917.46,1690078.21,108230.1801,,base
ssp585,F0,WGOA,Rpath,COD,1993,375328.1754,91984.46817,45849.17007,,base
ssp585,F0,WGOA,Rpath,ATF,1993,1551566.347,599298.1593,18294.44992,,base
ssp585,F0,WGOA,Rpath,POL,1994,2891612.897,1691340.87,100412.3599,,base
ssp585,F0,WGOA,Rpath,COD,1994,374238.5054,92168.02449,45610.57997,,base
ssp585,F0,WGOA,Rpath,ATF,1994,1547453.432,598480.5088,21993.23998,,base
ssp585,F0,WGOA,Rpath,POL,1995,2920445.243,1709974.752,69168.12993,,base
ssp585,F0,WGOA,Rpath,COD,1995,354241.1182,88060.92648,67907.17999,,base
ssp585,F0,WGOA,Rpath,ATF,1995,1548788.073,599203.4556,17415.49004,,base
ssp585,F0,WGOA,Rpath,POL,1996,2949537.5,1727520.768,49825.87004,,base
ssp585,F0,WGOA,Rpath,COD,1996,348901.2699,89289.89982,55391.6601,,base
ssp585,F0,WGOA,Rpath,ATF,1996,1545296.542,597141.1539,21555.6099,,base
ssp585,F0,WGOA,Rpath,POL,1997,2946193.762,1722365.564,84179.64997,,base
ssp585,F0,WGOA,Rpath,COD,1997,339607.8718,88455.84666,58920.57999,,base
ssp585,F0,WGOA,Rpath,ATF,1997,1547340.939,596389.7317,14758.27989,,base
ssp585,F0,WGOA,Rpath,POL,1998,3007840.548,1762267.823,5428.379998,,base
ssp585,F0,WGOA,Rpath,COD,1998,338402.0081,87897.09963,50218.95011,,base
ssp585,F0,WGOA,Rpath,ATF,1998,1552042.171,596282.5118,12377.19001,,base
ssp585,F0,WGOA,Rpath,POL,1999,2993956.264,1751820.359,90556.90006,,base
ssp585,F0,WGOA,Rpath,COD,1999,323385.5045,83134.3282,66264.6701,,base
ssp585,F0,WGOA,Rpath,ATF,1999,1556822.572,596729.6537,14649.22992,,base
ssp585,F0,WGOA,Rpath,POL,2000,3049484.669,1789601.224,5552.830105,,base
ssp585,F0,WGOA,Rpath,COD,2000,321234.7048,82993.63067,53384.86994,,base
ssp585,F0,WGOA,Rpath,ATF,2000,1555589.603,595731.5303,22993.75009,,base
ssp585,F0,WGOA,Rpath,POL,2001,3082953.386,1808450.385,3452.299979,,base
ssp585,F0,WGOA,Rpath,COD,2001,327836.0522,85350.66779,40517.40995,,base
ssp585,F0,WGOA,Rpath,ATF,2001,1559150.397,597017.2815,17416.19999,,base
ssp585,F0,WGOA,Rpath,POL,2002,3117695.911,1828996.892,1698.029945,,base
ssp585,F0,WGOA,Rpath,COD,2002,329657.1998,86672.3968,41567.98996,,base
ssp585,F0,WGOA,Rpath,ATF,2002,1561074.367,598208.7603,20173.56001,,base
ssp585,F0,WGOA,Rpath,POL,2003,3105660.591,1817041.088,48590.07701,,base
ssp585,F0,WGOA,Rpath,COD,2003,321002.2329,86072.65487,52365.75509,,base
ssp585,F0,WGOA,Rpath,ATF,2003,1552272.454,595288.6341,30169.77189,,base
ssp585,F0,WGOA,Rpath,POL,2004,3100496.18,1811816.72,62434.43992,,base
ssp585,F0,WGOA,Rpath,COD,2004,310907.3461,86861.68446,56450.24197,,base
ssp585,F0,WGOA,Rpath,ATF,2004,1557805.526,597533.7477,15634.90804,,base
ssp585,F0,WGOA,Rpath,POL,2005,3085140.756,1801622.597,78302.79193,,base
ssp585,F0,WGOA,Rpath,COD,2005,308747.7124,89355.03295,47523.77993,,base
ssp585,F0,WGOA,Rpath,ATF,2005,1557456.933,596651.5277,19923.57305,,base
ssp585,F0,WGOA,Rpath,POL,2006,3088115.7,1805154.794,68928.30799,,base
ssp585,F0,WGOA,Rpath,COD,2006,305285.4254,89662.84203,47767.07996,,base
ssp585,F0,WGOA,Rpath,ATF,2006,1552052.557,593803.972,27622.69892,,base
ssp585,F0,WGOA,Rpath,POL,2007,3108388.666,1820162.189,51572.307,,base
ssp585,F0,WGOA,Rpath,COD,2007,298656.828,86970.58416,51812.178,,base
ssp585,F0,WGOA,Rpath,ATF,2007,1552833.111,593773.0969,25346.98698,,base
ssp585,F0,WGOA,Rpath,POL,2008,3122657.328,1829614.826,50786.20601,,base
ssp585,F0,WGOA,Rpath,COD,2008,288014.1972,83738.42574,58386.38403,,base
ssp585,F0,WGOA,Rpath,ATF,2008,1551453.517,592951.9777,29205.93997,,base
ssp585,F0,WGOA,Rpath,POL,2009,3143273.399,1841984.82,41549.50308,,base
ssp585,F0,WGOA,Rpath,COD,2009,284535.8483,83301.56554,51788.98001,,base
ssp585,F0,WGOA,Rpath,ATF,2009,1555113.026,594046.2661,24831.74204,,base
ssp585,F0,WGOA,Rpath,POL,2010,3136117.031,1835292.146,73443.38423,,base
ssp585,F0,WGOA,Rpath,COD,2010,260387.0744,76717.56805,76954.1546,,base
ssp585,F0,WGOA,Rpath,ATF,2010,1558263.173,594362.5648,24339.44647,,base
ssp585,F0,WGOA,Rpath,POL,2011,3141056.088,1838289.751,77694.47962,,base
ssp585,F0,WGOA,Rpath,COD,2011,234318.5161,69543.30604,83710.47539,,base
ssp585,F0,WGOA,Rpath,ATF,2011,1557071.61,592792.1032,30911.82176,,base
ssp585,F0,WGOA,Rpath,POL,2012,3133568.472,1833854.712,98934.69122,,base
ssp585,F0,WGOA,Rpath,COD,2012,216652.3988,64116.82151,76871.10999,,base
ssp585,F0,WGOA,Rpath,ATF,2012,1567597.99,595605.7671,20761.90991,,base
ssp585,F0,WGOA,Rpath,POL,2013,3129803.327,1832301.647,90796.63161,,base
ssp585,F0,WGOA,Rpath,COD,2013,207097.746,61173.05499,66829.78162,,base
ssp585,F0,WGOA,Rpath,ATF,2013,1575636.643,596480.792,21809.31232,,base
ssp585,F0,WGOA,Rpath,POL,2014,3087331.432,1803398.136,138948.062,,base
ssp585,F0,WGOA,Rpath,COD,2014,180191.4473,54326.17477,83491.7282,,base
ssp585,F0,WGOA,Rpath,ATF,2014,1567912.163,590069.7527,36524.50153,,base
ssp585,F0,WGOA,Rpath,POL,2015,3045526.286,1775739.079,162807.646,,base
ssp585,F0,WGOA,Rpath,COD,2015,157932.7221,48934.44114,77689.99201,,base
ssp585,F0,WGOA,Rpath,ATF,2015,1577268.818,588791.536,19296.58722,,base
ssp585,F0,WGOA,Rpath,POL,2016,3007798.292,1753763.798,173086.3524,,base
ssp585,F0,WGOA,Rpath,COD,2016,147656.6154,47339.00977,62867.32743,,base
ssp585,F0,WGOA,Rpath,ATF,2016,1586289.943,586210.8787,19976.29419,,base
ssp585,F0,WGOA,Rpath,POL,2017,2976739.358,1738811.225,184220.0285,,base
ssp585,F0,WGOA,Rpath,COD,2017,147736.1447,50239.67431,48204.21467,,base
ssp585,F0,WGOA,Rpath,ATF,2017,1591593.276,581990.6601,27053.50899,,base
ssp585,F0,WGOA,Rpath,POL,2018,2968841.332,1740812.462,150815.1922,,base
ssp585,F0,WGOA,Rpath,COD,2018,174522.2292,61112.90393,14681.2982,,base
ssp585,F0,WGOA,Rpath,ATF,2018,1607270.211,582229.7484,18870.25094,,base
ssp585,F0,WGOA,Rpath,POL,2019,2976191.205,1750709.517,110649.2716,,base
ssp585,F0,WGOA,Rpath,COD,2019,197788.813,66355.87669,15200.42058,,base
ssp585,F0,WGOA,Rpath,ATF,2019,1614692.328,580069.5368,24567.05196,,base
ssp585,F0,WGOA,Rpath,POL,2020,2989800.234,1764764.179,99971.06489,,base
ssp585,F0,WGOA,Rpath,COD,2020,228117.2462,75554.1577,6085.249339,,base
ssp585,F0,WGOA,Rpath,ATF,2020,1626337.879,581528.2622,21115.8993,,base
ssp585,F0,WGOA,Rpath,POL,2021,3000010.587,1776589.843,93869.85877,,base
ssp585,F0,WGOA,Rpath,COD,2021,246122.2833,80228.3322,18686.81231,,base
ssp585,F0,WGOA,Rpath,ATF,2021,1647780.481,589116.9793,9846.300133,,base
ssp585,F0,WGOA,Rpath,POL,2022,2974284.28,1762516.086,123494.0341,,base
ssp585,F0,WGOA,Rpath,COD,2022,260916.6493,80750.67822,25387.70532,,base
ssp585,F0,WGOA,Rpath,ATF,2022,1661850.806,595968.237,11531.83168,,base
ssp585,F0,WGOA,Rpath,POL,2023,2959678.242,1756259.059,124964.8454,,base
ssp585,F0,WGOA,Rpath,COD,2023,281305.3765,80533.25766,21018.29691,,base
ssp585,F0,WGOA,Rpath,ATF,2023,1675129.165,604655.8091,9114.887409,,base
ssp585,F0,WGOA,Rpath,POL,2024,3037290.83,1813379.333,0,,base
ssp585,F0,WGOA,Rpath,COD,2024,318427.5755,85858.80576,0,,base
ssp585,F0,WGOA,Rpath,ATF,2024,1695908.454,618077.7626,0,,base
ssp585,F0,WGOA,Rpath,POL,2025,3074153.155,1838220.204,0,,base
ssp585,F0,WGOA,Rpath,COD,2025,349557.2942,89897.27264,0,,base
ssp585,F0,WGOA,Rpath,ATF,2025,1711825.09,630038.5102,0,,base
ssp585,F0,WGOA,Rpath,POL,2026,3095417.617,1851207.734,0,,base
ssp585,F0,WGOA,Rpath,COD,2026,376182.6362,94905.28598,0,,base
ssp585,F0,WGOA,Rpath,ATF,2026,1723144.783,639591.0099,0,,base
ssp585,F0,WGOA,Rpath,POL,2027,3117149.049,1864415.969,0,,base
ssp585,F0,WGOA,Rpath,COD,2027,399225.7074,101275.6201,0,,base
ssp585,F0,WGOA,Rpath,ATF,2027,1731868.434,646779.9353,0,,base
ssp585,F0,WGOA,Rpath,POL,2028,3126765.726,1870624.622,0,,base
ssp585,F0,WGOA,Rpath,COD,2028,419014.269,108067.0774,0,,base
ssp585,F0,WGOA,Rpath,ATF,2028,1738662.715,651965.4408,0,,base
ssp585,F0,WGOA,Rpath,POL,2029,3132908.924,1874163.438,0,,base
ssp585,F0,WGOA,Rpath,COD,2029,435940.2713,114130.7376,0,,base
ssp585,F0,WGOA,Rpath,ATF,2029,1742524.297,654450.4943,0,,base
ssp585,F0,WGOA,Rpath,POL,2030,3139930.292,1879461.219,0,,base
ssp585,F0,WGOA,Rpath,COD,2030,450596.173,119191.9992,0,,base
ssp585,F0,WGOA,Rpath,ATF,2030,1746163.705,655718.3804,0,,base
ssp585,F0,WGOA,Rpath,POL,2031,3140714.776,1880503.133,0,,base
ssp585,F0,WGOA,Rpath,COD,2031,463242.2658,123114.9201,0,,base
ssp585,F0,WGOA,Rpath,ATF,2031,1748380.817,655338.9718,0,,base
ssp585,F0,WGOA,Rpath,POL,2032,3141421.666,1881234.065,0,,base
ssp585,F0,WGOA,Rpath,COD,2032,474384.2665,125805.9376,0,,base
ssp585,F0,WGOA,Rpath,ATF,2032,1749608.405,653876.2515,0,,base
ssp585,F0,WGOA,Rpath,POL,2033,3147906.222,1887190.333,0,,base
ssp585,F0,WGOA,Rpath,COD,2033,484538.0682,127523.1668,0,,base
ssp585,F0,WGOA,Rpath,ATF,2033,1752934.629,653693.6127,0,,base
ssp585,F0,WGOA,Rpath,POL,2034,3157444.352,1895742.496,0,,base
ssp585,F0,WGOA,Rpath,COD,2034,493889.6272,128593.8697,0,,base
ssp585,F0,WGOA,Rpath,ATF,2034,1758239.551,655207.7788,0,,base
ssp585,F0,WGOA,Rpath,POL,2035,3165545.582,1903086.701,0,,base
ssp585,F0,WGOA,Rpath,COD,2035,502444.7795,129343.0222,0,,base
ssp585,F0,WGOA,Rpath,ATF,2035,1764460.813,658128.2998,0,,base
ssp585,F0,WGOA,Rpath,POL,2036,3163280.045,1901574.39,0,,base
ssp585,F0,WGOA,Rpath,COD,2036,509997.24,129917.7269,0,,base
ssp585,F0,WGOA,Rpath,ATF,2036,1767836.769,660255.0757,0,,base
ssp585,F0,WGOA,Rpath,POL,2037,3159583.421,1897423.119,0,,base
ssp585,F0,WGOA,Rpath,COD,2037,516663.925,130409.4446,0,,base
ssp585,F0,WGOA,Rpath,ATF,2037,1767140.53,660373.9788,0,,base
ssp585,F0,WGOA,Rpath,POL,2038,3163009.713,1898386.04,0,,base
ssp585,F0,WGOA,Rpath,COD,2038,522906.1021,130911.3313,0,,base
ssp585,F0,WGOA,Rpath,ATF,2038,1765248.38,659655.6451,0,,base
ssp585,F0,WGOA,Rpath,POL,2039,3174502.899,1907057.152,0,,base
ssp585,F0,WGOA,Rpath,COD,2039,529039.6456,131541.884,0,,base
ssp585,F0,WGOA,Rpath,ATF,2039,1766786.352,660757.2233,0,,base
ssp585,F0,WGOA,Rpath,POL,2040,3181104.611,1911979.166,0,,base
ssp585,F0,WGOA,Rpath,COD,2040,534781.6913,132039.1181,0,,base
ssp585,F0,WGOA,Rpath,ATF,2040,1768906.162,662158.2796,0,,base
ssp585,F0,WGOA,Rpath,POL,2041,3192937.376,1920054.981,0,,base
ssp585,F0,WGOA,Rpath,COD,2041,540268.6413,132423.0271,0,,base
ssp585,F0,WGOA,Rpath,ATF,2041,1771747.092,663830.4651,0,,base
ssp585,F0,WGOA,Rpath,POL,2042,3199741.69,1924000.078,0,,base
ssp585,F0,WGOA,Rpath,COD,2042,545348.0061,132620.3057,0,,base
ssp585,F0,WGOA,Rpath,ATF,2042,1773594.751,664944.3365,0,,base
ssp585,F0,WGOA,Rpath,POL,2043,3204263.213,1925465.138,0,,base
ssp585,F0,WGOA,Rpath,COD,2043,550037.7014,132664.6318,0,,base
ssp585,F0,WGOA,Rpath,ATF,2043,1773662.697,664982.2979,0,,base
ssp585,F0,WGOA,Rpath,POL,2044,3211689.419,1928905.572,0,,base
ssp585,F0,WGOA,Rpath,COD,2044,554527.1495,132628.907,0,,base
ssp585,F0,WGOA,Rpath,ATF,2044,1773046.327,664538.7345,0,,base
ssp585,F0,WGOA,Rpath,POL,2045,3226579.509,1938539.635,0,,base
ssp585,F0,WGOA,Rpath,COD,2045,559043.2667,132588.0215,0,,base
ssp585,F0,WGOA,Rpath,ATF,2045,1774105.02,664902.3862,0,,base
ssp585,F0,WGOA,Rpath,POL,2046,3246373.803,1953059.666,0,,base
ssp585,F0,WGOA,Rpath,COD,2046,563660.0363,132652.138,0,,base
ssp585,F0,WGOA,Rpath,ATF,2046,1779110.478,667539.2257,0,,base
ssp585,F0,WGOA,Rpath,POL,2047,3260885.817,1963510.842,0,,base
ssp585,F0,WGOA,Rpath,COD,2047,568035.1016,132758.7169,0,,base
ssp585,F0,WGOA,Rpath,ATF,2047,1785402.518,671229.8943,0,,base
ssp585,F0,WGOA,Rpath,POL,2048,3268510.4,1967852.088,0,,base
ssp585,F0,WGOA,Rpath,COD,2048,571946.7953,132853.8849,0,,base
ssp585,F0,WGOA,Rpath,ATF,2048,1789906.826,674117.1387,0,,base
ssp585,F0,WGOA,Rpath,POL,2049,3269796.114,1966292.657,0,,base
ssp585,F0,WGOA,Rpath,COD,2049,575292.1987,132927.7259,0,,base
ssp585,F0,WGOA,Rpath,ATF,2049,1790317.919,674632.8354,0,,base
ssp585,F0,WGOA,Rpath,POL,2050,3280553.42,1971985.414,0,,base
ssp585,F0,WGOA,Rpath,COD,2050,578595.867,133023.0195,0,,base
ssp585,F0,WGOA,Rpath,ATF,2050,1790290.523,674430.6424,0,,base
ssp585,F0,WGOA,Rpath,POL,2051,3294486.178,1981599.528,0,,base
ssp585,F0,WGOA,Rpath,COD,2051,581986.1396,133174.222,0,,base
ssp585,F0,WGOA,Rpath,ATF,2051,1792545.966,675259.1309,0,,base
ssp585,F0,WGOA,Rpath,POL,2052,3305631.369,1989238.777,0,,base
ssp585,F0,WGOA,Rpath,COD,2052,585236.0293,133248.8596,0,,base
ssp585,F0,WGOA,Rpath,ATF,2052,1795595.088,676376.4508,0,,base
ssp585,F0,WGOA,Rpath,POL,2053,3311974.018,1992585.691,0,,base
ssp585,F0,WGOA,Rpath,COD,2053,588182.7235,133190.4479,0,,base
ssp585,F0,WGOA,Rpath,ATF,2053,1797531.843,676761.2716,0,,base
ssp585,F0,WGOA,Rpath,POL,2054,3319467.239,1996233.174,0,,base
ssp585,F0,WGOA,Rpath,COD,2054,590961.1102,133044.1688,0,,base
ssp585,F0,WGOA,Rpath,ATF,2054,1798440.106,676427.2077,0,,base
ssp585,F0,WGOA,Rpath,POL,2055,3329024.273,2002379.006,0,,base
ssp585,F0,WGOA,Rpath,COD,2055,593694.9514,132964.1412,0,,base
ssp585,F0,WGOA,Rpath,ATF,2055,1800423.264,676848.8299,0,,base
ssp585,F0,WGOA,Rpath,POL,2056,3340918.132,2010001.912,0,,base
ssp585,F0,WGOA,Rpath,COD,2056,596350.8746,132957.7024,0,,base
ssp585,F0,WGOA,Rpath,ATF,2056,1802699.409,677645.6142,0,,base
ssp585,F0,WGOA,Rpath,POL,2057,3349187.305,2015523.762,0,,base
ssp585,F0,WGOA,Rpath,COD,2057,598845.5123,133044.095,0,,base
ssp585,F0,WGOA,Rpath,ATF,2057,1805598.29,679094.5312,0,,base
ssp585,F0,WGOA,Rpath,POL,2058,3357363.39,2020122.632,0,,base
ssp585,F0,WGOA,Rpath,COD,2058,601101.2539,133139.1951,0,,base
ssp585,F0,WGOA,Rpath,ATF,2058,1807455.659,680058.1813,0,,base
ssp585,F0,WGOA,Rpath,POL,2059,3360883.201,2021339.689,0,,base
ssp585,F0,WGOA,Rpath,COD,2059,603083.6482,133240.0578,0,,base
ssp585,F0,WGOA,Rpath,ATF,2059,1808145.644,680398.5708,0,,base
ssp585,F0,WGOA,Rpath,POL,2060,3372528.174,2029075.714,0,,base
ssp585,F0,WGOA,Rpath,COD,2060,605122.0193,133415.9008,0,,base
ssp585,F0,WGOA,Rpath,ATF,2060,1810420.686,681560.4722,0,,base
ssp585,F0,WGOA,Rpath,POL,2061,3370553.192,2026301.9,0,,base
ssp585,F0,WGOA,Rpath,COD,2061,606675.112,133537.9653,0,,base
ssp585,F0,WGOA,Rpath,ATF,2061,1810021.305,681348.676,0,,base
ssp585,F0,WGOA,Rpath,POL,2062,3381331.933,2033008.442,0,,base
ssp585,F0,WGOA,Rpath,COD,2062,608358.5505,133639.1963,0,,base
ssp585,F0,WGOA,Rpath,ATF,2062,1810705.833,681360.5885,0,,base
ssp585,F0,WGOA,Rpath,POL,2063,3393345.586,2042373.975,0,,base
ssp585,F0,WGOA,Rpath,COD,2063,610244.3881,133850.0862,0,,base
ssp585,F0,WGOA,Rpath,ATF,2063,1815234.26,683678.5693,0,,base
ssp585,F0,WGOA,Rpath,POL,2064,3395178.538,2043597.842,0,,base
ssp585,F0,WGOA,Rpath,COD,2064,611756.2997,133983.3863,0,,base
ssp585,F0,WGOA,Rpath,ATF,2064,1818316.059,685426.7278,0,,base
ssp585,F0,WGOA,Rpath,POL,2065,3392319.509,2039248.877,0,,base
ssp585,F0,WGOA,Rpath,COD,2065,612794.534,133957.6176,0,,base
ssp585,F0,WGOA,Rpath,ATF,2065,1816802.251,684460.618,0,,base
ssp585,F0,WGOA,Rpath,POL,2066,3398755.472,2042633.544,0,,base
ssp585,F0,WGOA,Rpath,COD,2066,613962.072,133949.055,0,,base
ssp585,F0,WGOA,Rpath,ATF,2066,1815843.438,683509.9558,0,,base
ssp585,F0,WGOA,Rpath,POL,2067,3400032.632,2042668.149,0,,base
ssp585,F0,WGOA,Rpath,COD,2067,615008.4817,133918.1549,0,,base
ssp585,F0,WGOA,Rpath,ATF,2067,1814461.949,682262.9698,0,,base
ssp585,F0,WGOA,Rpath,POL,2068,3405473.481,2045800.918,0,,base
ssp585,F0,WGOA,Rpath,COD,2068,616100.1366,133877.8724,0,,base
ssp585,F0,WGOA,Rpath,ATF,2068,1813753.134,681281.2158,0,,base
ssp585,F0,WGOA,Rpath,POL,2069,3415495.579,2053463.717,0,,base
ssp585,F0,WGOA,Rpath,COD,2069,617382.4703,133936.5163,0,,base
ssp585,F0,WGOA,Rpath,ATF,2069,1816288.284,682299.5711,0,,base
ssp585,F0,WGOA,Rpath,POL,2070,3414743.896,2052396.625,0,,base
ssp585,F0,WGOA,Rpath,COD,2070,618375.0754,133949.6175,0,,base
ssp585,F0,WGOA,Rpath,ATF,2070,1817623.795,682931.9254,0,,base
ssp585,F0,WGOA,Rpath,POL,2071,3421294.247,2056842.457,0,,base
ssp585,F0,WGOA,Rpath,COD,2071,619417.9362,134048.0455,0,,base
ssp585,F0,WGOA,Rpath,ATF,2071,1819906.919,684321.0018,0,,base
ssp585,F0,WGOA,Rpath,POL,2072,3427842.991,2061758.488,0,,base
ssp585,F0,WGOA,Rpath,COD,2072,620463.7762,134262.2706,0,,base
ssp585,F0,WGOA,Rpath,ATF,2072,1822828.94,686423.7199,0,,base
ssp585,F0,WGOA,Rpath,POL,2073,3424213.075,2058083.328,0,,base
ssp585,F0,WGOA,Rpath,COD,2073,621113.1654,134396.133,0,,base
ssp585,F0,WGOA,Rpath,ATF,2073,1822515.198,686804.046,0,,base
ssp585,F0,WGOA,Rpath,POL,2074,3425436.613,2057633.221,0,,base
ssp585,F0,WGOA,Rpath,COD,2074,621750.124,134463.0805,0,,base
ssp585,F0,WGOA,Rpath,ATF,2074,1821212.669,686300.0287,0,,base
ssp585,F0,WGOA,Rpath,POL,2075,3428666.328,2059419.238,0,,base
ssp585,F0,WGOA,Rpath,COD,2075,622489.8929,134499.3373,0,,base
ssp585,F0,WGOA,Rpath,ATF,2075,1820523.733,685878.2894,0,,base
ssp585,F0,WGOA,Rpath,POL,2076,3439783.303,2068168.075,0,,base
ssp585,F0,WGOA,Rpath,COD,2076,623524.7222,134536.512,0,,base
ssp585,F0,WGOA,Rpath,ATF,2076,1822983.128,686999.4082,0,,base
ssp585,F0,WGOA,Rpath,POL,2077,3441147.403,2069258.452,0,,base
ssp585,F0,WGOA,Rpath,COD,2077,624341.2251,134522.1068,0,,base
ssp585,F0,WGOA,Rpath,ATF,2077,1824959.157,687998.9115,0,,base
ssp585,F0,WGOA,Rpath,POL,2078,3439027.561,2066484.723,0,,base
ssp585,F0,WGOA,Rpath,COD,2078,624880.9595,134400.3708,0,,base
ssp585,F0,WGOA,Rpath,ATF,2078,1824524.936,687525.8435,0,,base
ssp585,F0,WGOA,Rpath,POL,2079,3440743.523,2066819.974,0,,base
ssp585,F0,WGOA,Rpath,COD,2079,625408.9994,134318.2946,0,,base
ssp585,F0,WGOA,Rpath,ATF,2079,1823979.589,686912.6359,0,,base
ssp585,F0,WGOA,Rpath,POL,2080,3441950.757,2066918.031,0,,base
ssp585,F0,WGOA,Rpath,COD,2080,625875.9366,134299.6975,0,,base
ssp585,F0,WGOA,Rpath,ATF,2080,1822862.453,686007.6518,0,,base
ssp585,F0,WGOA,Rpath,POL,2081,3445223.089,2069316.7,0,,base
ssp585,F0,WGOA,Rpath,COD,2081,626397.0694,134382.1309,0,,base
ssp585,F0,WGOA,Rpath,ATF,2081,1822848.372,685788.126,0,,base
ssp585,F0,WGOA,Rpath,POL,2082,3444856.737,2068592.497,0,,base
ssp585,F0,WGOA,Rpath,COD,2082,626775.1486,134482.5337,0,,base
ssp585,F0,WGOA,Rpath,ATF,2082,1822354.129,685421.3179,0,,base
ssp585,F0,WGOA,Rpath,POL,2083,3447672.305,2070219.166,0,,base
ssp585,F0,WGOA,Rpath,COD,2083,627190.2471,134596.3948,0,,base
ssp585,F0,WGOA,Rpath,ATF,2083,1822327.555,685326.6649,0,,base
ssp585,F0,WGOA,Rpath,POL,2084,3454470.086,2075817.098,0,,base
ssp585,F0,WGOA,Rpath,COD,2084,627743.9402,134802.8348,0,,base
ssp585,F0,WGOA,Rpath,ATF,2084,1824664.583,686802.0963,0,,base
ssp585,F0,WGOA,Rpath,POL,2085,3454349.945,2075726.354,0,,base
ssp585,F0,WGOA,Rpath,COD,2085,628115.1433,134984.6055,0,,base
ssp585,F0,WGOA,Rpath,ATF,2085,1826275.646,688155.5232,0,,base
ssp585,F0,WGOA,Rpath,POL,2086,3449441.593,2071213.83,0,,base
ssp585,F0,WGOA,Rpath,COD,2086,628245.8893,135085.1403,0,,base
ssp585,F0,WGOA,Rpath,ATF,2086,1825671.584,688334.1301,0,,base
ssp585,F0,WGOA,Rpath,POL,2087,3448936.19,2069521.071,0,,base
ssp585,F0,WGOA,Rpath,COD,2087,628301.1674,135120.197,0,,base
ssp585,F0,WGOA,Rpath,ATF,2087,1823177.269,687237.7087,0,,base
ssp585,F0,WGOA,Rpath,POL,2088,3453055.067,2072094.781,0,,base
ssp585,F0,WGOA,Rpath,COD,2088,628551.1232,135120.9986,0,,base
ssp585,F0,WGOA,Rpath,ATF,2088,1821458.617,686243.8488,0,,base
ssp585,F0,WGOA,Rpath,POL,2089,3451679.899,2070878.693,0,,base
ssp585,F0,WGOA,Rpath,COD,2089,628811.7103,135066.3764,0,,base
ssp585,F0,WGOA,Rpath,ATF,2089,1820215.061,685451.6214,0,,base
ssp585,F0,WGOA,Rpath,POL,2090,3454978.541,2073208.784,0,,base
ssp585,F0,WGOA,Rpath,COD,2090,629219.4782,134988.3165,0,,base
ssp585,F0,WGOA,Rpath,ATF,2090,1820461.989,685429.6127,0,,base
ssp585,F0,WGOA,Rpath,POL,2091,3451943.397,2069987.356,0,,base
ssp585,F0,WGOA,Rpath,COD,2091,629407.4004,134855.3439,0,,base
ssp585,F0,WGOA,Rpath,ATF,2091,1818670.558,684369.1371,0,,base
ssp585,F0,WGOA,Rpath,POL,2092,3451500.998,2068480.058,0,,base
ssp585,F0,WGOA,Rpath,COD,2092,629574.6479,134715.7996,0,,base
ssp585,F0,WGOA,Rpath,ATF,2092,1815678.099,682554.4288,0,,base
ssp585,F0,WGOA,Rpath,POL,2093,3455586.15,2071181.428,0,,base
ssp585,F0,WGOA,Rpath,COD,2093,629961.2462,134709.3897,0,,base
ssp585,F0,WGOA,Rpath,ATF,2093,1814685.32,681973.7058,0,,base
ssp585,F0,WGOA,Rpath,POL,2094,3458977.185,2073928.582,0,,base
ssp585,F0,WGOA,Rpath,COD,2094,630431.2203,134829.623,0,,base
ssp585,F0,WGOA,Rpath,ATF,2094,1815598.998,682821.6479,0,,base
ssp585,F0,WGOA,Rpath,POL,2095,3467783.461,2081222.63,0,,base
ssp585,F0,WGOA,Rpath,COD,2095,631089.208,135076.2518,0,,base
ssp585,F0,WGOA,Rpath,ATF,2095,1819381.61,685609.1006,0,,base
ssp585,F0,WGOA,Rpath,POL,2096,3466569.122,2080389.623,0,,base
ssp585,F0,WGOA,Rpath,COD,2096,631473.9249,135339.9263,0,,base
ssp585,F0,WGOA,Rpath,ATF,2096,1821804.012,688027.7483,0,,base
ssp585,F0,WGOA,Rpath,POL,2097,3479542.002,2090317.214,0,,base
ssp585,F0,WGOA,Rpath,COD,2097,632085.6047,135665.9419,0,,base
ssp585,F0,WGOA,Rpath,ATF,2097,1826224.02,691460.1323,0,,base
ssp585,F0,WGOA,Rpath,POL,2098,3478092.865,2090051.322,0,,base
ssp585,F0,WGOA,Rpath,COD,2098,632510.9721,135994.043,0,,base
ssp585,F0,WGOA,Rpath,ATF,2098,1830134.947,694812.725,0,,base
ssp585,F0,WGOA,Rpath,POL,2099,3461977.282,2074963.317,0,,base
ssp585,F0,WGOA,Rpath,COD,2099,632048.2613,135947.4293,0,,base
ssp585,F0,WGOA,Rpath,ATF,2099,1824442.301,692232.3004,0,,base
persistence,Fmean,WGOA,Rpath,POL,1991,2884927.165,1690895.406,87828.01,,base
persistence,Fmean,WGOA,Rpath,COD,1991,399280.2939,93224.23736,64466.82999,,base
persistence,Fmean,WGOA,Rpath,ATF,1991,1554327.805,597326.9774,16958.38001,,base
persistence,Fmean,WGOA,Rpath,POL,1992,2892495.913,1696087.278,90585.18996,,base
persistence,Fmean,WGOA,Rpath,COD,1992,371842.9001,88999.22879,78966.50009,,base
persistence,Fmean,WGOA,Rpath,ATF,1992,1551901.376,598021.2117,20482.18006,,base
persistence,Fmean,WGOA,Rpath,POL,1993,2886917.46,1690078.21,108230.1801,,base
persistence,Fmean,WGOA,Rpath,COD,1993,375328.1754,91984.46817,45849.17007,,base
persistence,Fmean,WGOA,Rpath,ATF,1993,1551566.347,599298.1593,18294.44992,,base
persistence,Fmean,WGOA,Rpath,POL,1994,2891612.897,1691340.87,100412.3599,,base
persistence,Fmean,WGOA,Rpath,COD,1994,374238.5054,92168.02449,45610.57997,,base
persistence,Fmean,WGOA,Rpath,ATF,1994,1547453.432,598480.5088,21993.23998,,base
persistence,Fmean,WGOA,Rpath,POL,1995,2920445.243,1709974.752,69168.12993,,base
persistence,Fmean,WGOA,Rpath,COD,1995,354241.1182,88060.92648,67907.17999,,base
persistence,Fmean,WGOA,Rpath,ATF,1995,1548788.073,599203.4556,17415.49004,,base
persistence,Fmean,WGOA,Rpath,POL,1996,2949537.5,1727520.768,49825.87004,,base
persistence,Fmean,WGOA,Rpath,COD,1996,348901.2699,89289.89982,55391.6601,,base
persistence,Fmean,WGOA,Rpath,ATF,1996,1545296.542,597141.1539,21555.6099,,base
persistence,Fmean,WGOA,Rpath,POL,1997,2946193.762,1722365.564,84179.64997,,base
persistence,Fmean,WGOA,Rpath,COD,1997,339607.8718,88455.84666,58920.57999,,base
persistence,Fmean,WGOA,Rpath,ATF,1997,1547340.939,596389.7317,14758.27989,,base
persistence,Fmean,WGOA,Rpath,POL,1998,3007840.548,1762267.823,5428.379998,,base
persistence,Fmean,WGOA,Rpath,COD,1998,338402.0081,87897.09963,50218.95011,,base
persistence,Fmean,WGOA,Rpath,ATF,1998,1552042.171,596282.5118,12377.19001,,base
persistence,Fmean,WGOA,Rpath,POL,1999,2993956.264,1751820.359,90556.90006,,base
persistence,Fmean,WGOA,Rpath,COD,1999,323385.5045,83134.3282,66264.6701,,base
persistence,Fmean,WGOA,Rpath,ATF,1999,1556822.572,596729.6537,14649.22992,,base
persistence,Fmean,WGOA,Rpath,POL,2000,3049484.669,1789601.224,5552.830105,,base
persistence,Fmean,WGOA,Rpath,COD,2000,321234.7048,82993.63067,53384.86994,,base
persistence,Fmean,WGOA,Rpath,ATF,2000,1555589.603,595731.5303,22993.75009,,base
persistence,Fmean,WGOA,Rpath,POL,2001,3082953.386,1808450.385,3452.299979,,base
persistence,Fmean,WGOA,Rpath,COD,2001,327836.0522,85350.66779,40517.40995,,base
persistence,Fmean,WGOA,Rpath,ATF,2001,1559150.397,597017.2815,17416.19999,,base
persistence,Fmean,WGOA,Rpath,POL,2002,3117695.911,1828996.892,1698.029945,,base
persistence,Fmean,WGOA,Rpath,COD,2002,329657.1998,86672.3968,41567.98996,,base
persistence,Fmean,WGOA,Rpath,ATF,2002,1561074.367,598208.7603,20173.56001,,base
persistence,Fmean,WGOA,Rpath,POL,2003,3105660.591,1817041.088,48590.07701,,base
persistence,Fmean,WGOA,Rpath,COD,2003,321002.2329,86072.65487,52365.75509,,base
persistence,Fmean,WGOA,Rpath,ATF,2003,1552272.454,595288.6341,30169.77189,,base
persistence,Fmean,WGOA,Rpath,POL,2004,3100496.18,1811816.72,62434.43992,,base
persistence,Fmean,WGOA,Rpath,COD,2004,310907.3461,86861.68446,56450.24197,,base
persistence,Fmean,WGOA,Rpath,ATF,2004,1557805.526,597533.7477,15634.90804,,base
persistence,Fmean,WGOA,Rpath,POL,2005,3085140.756,1801622.597,78302.79193,,base
persistence,Fmean,WGOA,Rpath,COD,2005,308747.7124,89355.03295,47523.77993,,base
persistence,Fmean,WGOA,Rpath,ATF,2005,1557456.933,596651.5277,19923.57305,,base
persistence,Fmean,WGOA,Rpath,POL,2006,3088115.7,1805154.794,68928.30799,,base
persistence,Fmean,WGOA,Rpath,COD,2006,305285.4254,89662.84203,47767.07996,,base
persistence,Fmean,WGOA,Rpath,ATF,2006,1552052.557,593803.972,27622.69892,,base
persistence,Fmean,WGOA,Rpath,POL,2007,3108388.666,1820162.189,51572.307,,base
persistence,Fmean,WGOA,Rpath,COD,2007,298656.828,86970.58416,51812.178,,base
persistence,Fmean,WGOA,Rpath,ATF,2007,1552833.111,593773.0969,25346.98698,,base
persistence,Fmean,WGOA,Rpath,POL,2008,3122657.328,1829614.826,50786.20601,,base
persistence,Fmean,WGOA,Rpath,COD,2008,288014.1972,83738.42574,58386.38403,,base
persistence,Fmean,WGOA,Rpath,ATF,2008,1551453.517,592951.9777,29205.93997,,base
persistence,Fmean,WGOA,Rpath,POL,2009,3143273.399,1841984.82,41549.50308,,base
persistence,Fmean,WGOA,Rpath,COD,2009,284535.8483,83301.56554,51788.98001,,base
persistence,Fmean,WGOA,Rpath,ATF,2009,1555113.026,594046.2661,24831.74204,,base
persistence,Fmean,WGOA,Rpath,POL,2010,3136117.031,1835292.146,73443.38423,,base
persistence,Fmean,WGOA,Rpath,COD,2010,260387.0744,76717.56805,76954.1546,,base
persistence,Fmean,WGOA,Rpath,ATF,2010,1558263.173,594362.5648,24339.44647,,base
persistence,Fmean,WGOA,Rpath,POL,2011,3141056.088,1838289.751,77694.47962,,base
persistence,Fmean,WGOA,Rpath,COD,2011,234318.5161,69543.30604,83710.47539,,base
persistence,Fmean,WGOA,Rpath,ATF,2011,1557071.61,592792.1032,30911.82176,,base
persistence,Fmean,WGOA,Rpath,POL,2012,3133568.472,1833854.712,98934.69122,,base
persistence,Fmean,WGOA,Rpath,COD,2012,216652.3988,64116.82151,76871.10999,,base
persistence,Fmean,WGOA,Rpath,ATF,2012,1567597.99,595605.7671,20761.90991,,base
persistence,Fmean,WGOA,Rpath,POL,2013,3129803.327,1832301.647,90796.63161,,base
persistence,Fmean,WGOA,Rpath,COD,2013,207097.746,61173.05499,66829.78162,,base
persistence,Fmean,WGOA,Rpath,ATF,2013,1575636.643,596480.792,21809.31232,,base
persistence,Fmean,WGOA,Rpath,POL,2014,3087331.432,1803398.136,138948.062,,base
persistence,Fmean,WGOA,Rpath,COD,2014,180191.4473,54326.17477,83491.7282,,base
persistence,Fmean,WGOA,Rpath,ATF,2014,1567912.163,590069.7527,36524.50153,,base
persistence,Fmean,WGOA,Rpath,POL,2015,3045526.286,1775739.079,162807.646,,base
persistence,Fmean,WGOA,Rpath,COD,2015,157932.7221,48934.44114,77689.99201,,base
persistence,Fmean,WGOA,Rpath,ATF,2015,1577268.818,588791.536,19296.58722,,base
persistence,Fmean,WGOA,Rpath,POL,2016,3007798.292,1753763.798,173086.3524,,base
persistence,Fmean,WGOA,Rpath,COD,2016,147656.6154,47339.00977,62867.32743,,base
persistence,Fmean,WGOA,Rpath,ATF,2016,1586289.943,586210.8787,19976.29419,,base
persistence,Fmean,WGOA,Rpath,POL,2017,2976739.358,1738811.225,184220.0285,,base
persistence,Fmean,WGOA,Rpath,COD,2017,147736.1447,50239.67431,48204.21467,,base
persistence,Fmean,WGOA,Rpath,ATF,2017,1591593.276,581990.6601,27053.50899,,base
persistence,Fmean,WGOA,Rpath,POL,2018,2968841.332,1740812.462,150815.1922,,base
persistence,Fmean,WGOA,Rpath,COD,2018,174522.2292,61112.90393,14681.2982,,base
persistence,Fmean,WGOA,Rpath,ATF,2018,1607270.211,582229.7484,18870.25094,,base
persistence,Fmean,WGOA,Rpath,POL,2019,2976191.205,1750709.517,110649.2716,,base
persistence,Fmean,WGOA,Rpath,COD,2019,197788.813,66355.87669,15200.42058,,base
persistence,Fmean,WGOA,Rpath,ATF,2019,1614692.328,580069.5368,24567.05196,,base
persistence,Fmean,WGOA,Rpath,POL,2020,2989800.234,1764764.179,99971.06489,,base
persistence,Fmean,WGOA,Rpath,COD,2020,228117.2462,75554.1577,6085.249339,,base
persistence,Fmean,WGOA,Rpath,ATF,2020,1626337.879,581528.2622,21115.8993,,base
persistence,Fmean,WGOA,Rpath,POL,2021,2895986.769,1704616.097,234794.642,,base
persistence,Fmean,WGOA,Rpath,COD,2021,211867.5003,68663.20701,59686.05616,,base
persistence,Fmean,WGOA,Rpath,ATF,2021,1625228.737,580512.1136,32525.47993,,base
persistence,Fmean,WGOA,Rpath,POL,2022,2815689.971,1654975.164,259664.7733,,base
persistence,Fmean,WGOA,Rpath,COD,2022,201770.6953,61680.91136,63520.22561,,base
persistence,Fmean,WGOA,Rpath,ATF,2022,1622599.484,581039.4574,34187.49665,,base
persistence,Fmean,WGOA,Rpath,POL,2023,2757029.512,1619047.208,257435.4887,,base
persistence,Fmean,WGOA,Rpath,COD,2023,201108.0658,55838.09304,58203.26398,,base
persistence,Fmean,WGOA,Rpath,ATF,2023,1620485.603,582891.9769,31733.10849,,base
persistence,Fmean,WGOA,Rpath,POL,2024,2803699.805,1655397.968,132412.4355,,base
persistence,Fmean,WGOA,Rpath,COD,2024,218361.6462,56963.3,39127.96755,,base
persistence,Fmean,WGOA,Rpath,ATF,2024,1626941.426,588368.4648,22641.95502,,base
persistence,Fmean,WGOA,Rpath,POL,2025,2830359.236,1674880.493,134391.3157,,base
persistence,Fmean,WGOA,Rpath,COD,2025,231267.725,58979.78799,42309.36372,,base
persistence,Fmean,WGOA,Rpath,ATF,2025,1633286.322,593466.7017,22730.17837,,base
persistence,Fmean,WGOA,Rpath,POL,2026,2851741.237,1689606.345,135529.2289,,base
persistence,Fmean,WGOA,Rpath,COD,2026,242204.5204,62549.73493,44612.19183,,base
persistence,Fmean,WGOA,Rpath,ATF,2026,1640631.284,598340.1473,22825.99877,,base
persistence,Fmean,WGOA,Rpath,POL,2027,2868055.483,1699664.664,136458.6312,,base
persistence,Fmean,WGOA,Rpath,COD,2027,252294.1042,65774.92221,46565.08427,,base
persistence,Fmean,WGOA,Rpath,ATF,2027,1647653.359,602454.2545,22927.18494,,base
persistence,Fmean,WGOA,Rpath,POL,2028,2879911.519,1706675.93,137181.6498,,base
persistence,Fmean,WGOA,Rpath,COD,2028,261914.2058,67217.28797,48371.92333,,base
persistence,Fmean,WGOA,Rpath,ATF,2028,1653719.893,606015.2572,23019.30236,,base
persistence,Fmean,WGOA,Rpath,POL,2029,2888255.293,1711683.328,137722.5347,,base
persistence,Fmean,WGOA,Rpath,COD,2029,270980.8906,67214.51671,50162.5045,,base
persistence,Fmean,WGOA,Rpath,ATF,2029,1658700.411,609162.5546,23097.12739,,base
persistence,Fmean,WGOA,Rpath,POL,2030,2893738.511,1715116.27,138104.553,,base
persistence,Fmean,WGOA,Rpath,COD,2030,279131.4522,66666.77095,51935.64519,,base
persistence,Fmean,WGOA,Rpath,ATF,2030,1662713.693,611745.9763,23160.59842,,base
persistence,Fmean,WGOA,Rpath,POL,2031,2896847.029,1717151.484,138348.8869,,base
persistence,Fmean,WGOA,Rpath,COD,2031,285946.2402,66433.34783,53566.82547,,base
persistence,Fmean,WGOA,Rpath,ATF,2031,1665922.38,613614.135,23211.64295,,base
persistence,Fmean,WGOA,Rpath,POL,2032,2898012.356,1717981.579,138478.959,,base
persistence,Fmean,WGOA,Rpath,COD,2032,291197.9041,67138.67325,54921.12958,,base
persistence,Fmean,WGOA,Rpath,ATF,2032,1668462.839,614868.251,23252.33154,,base
persistence,Fmean,WGOA,Rpath,POL,2033,2897597.35,1717841.144,138517.5056,,base
persistence,Fmean,WGOA,Rpath,COD,2033,294962.5438,68766.27626,55926.41343,,base
persistence,Fmean,WGOA,Rpath,ATF,2033,1670443.116,615675.8693,23284.36689,,base
persistence,Fmean,WGOA,Rpath,POL,2034,2895868.786,1716939.025,138482.1304,,base
persistence,Fmean,WGOA,Rpath,COD,2034,297537.7098,70878.30534,56592.2654,,base
persistence,Fmean,WGOA,Rpath,ATF,2034,1671953.944,616157.5679,23309.11567,,base
persistence,Fmean,WGOA,Rpath,POL,2035,2893008.344,1715412.511,138383.805,,base
persistence,Fmean,WGOA,Rpath,COD,2035,299302.0962,72815.27871,56997.00761,,base
persistence,Fmean,WGOA,Rpath,ATF,2035,1673075.896,616365.0462,23327.78088,,base
persistence,Fmean,WGOA,Rpath,POL,2036,2889157.784,1713336.38,138228.9345,,base
persistence,Fmean,WGOA,Rpath,COD,2036,300579.19,74094.99296,57246.34143,,base
persistence,Fmean,WGOA,Rpath,ATF,2036,1673880.635,616323.4422,23341.47352,,base
persistence,Fmean,WGOA,Rpath,POL,2037,2884466.647,1710764.986,138023.0279,,base
persistence,Fmean,WGOA,Rpath,COD,2037,301567.6283,74575.93086,57431.05798,,base
persistence,Fmean,WGOA,Rpath,ATF,2037,1674428.564,616069.7533,23351.17424,,base
persistence,Fmean,WGOA,Rpath,POL,2038,2879120.684,1707772.912,137773.676,,base
persistence,Fmean,WGOA,Rpath,COD,2038,302325.0659,74470.9522,57598.79709,,base
persistence,Fmean,WGOA,Rpath,ATF,2038,1674766.749,615659.7431,23357.66165,,base
persistence,Fmean,WGOA,Rpath,POL,2039,2873337.532,1704469.165,137491.415,,base
persistence,Fmean,WGOA,Rpath,COD,2039,302816.2573,74171.43221,57752.11359,,base
persistence,Fmean,WGOA,Rpath,ATF,2039,1674929.292,615168.745,23361.48519,,base
persistence,Fmean,WGOA,Rpath,POL,2040,2867337.456,1700984.492,137188.5627,,base
persistence,Fmean,WGOA,Rpath,COD,2040,302989.0599,74028.98241,57865.41888,,base
persistence,Fmean,WGOA,Rpath,ATF,2040,1674939.861,614648.3268,23363.00067,,base
persistence,Fmean,WGOA,Rpath,POL,2041,2861308.4,1697445.518,136877.0344,,base
persistence,Fmean,WGOA,Rpath,COD,2041,302836.445,74213.36925,57910.48045,,base
persistence,Fmean,WGOA,Rpath,ATF,2041,1674815.149,614146.1035,23362.43898,,base
persistence,Fmean,WGOA,Rpath,POL,2042,2855382.534,1693950.911,136566.3186,,base
persistence,Fmean,WGOA,Rpath,COD,2042,302417.233,74664.31964,57876.09036,,base
persistence,Fmean,WGOA,Rpath,ATF,2042,1674568.818,613684.7334,23359.98257,,base
persistence,Fmean,WGOA,Rpath,POL,2043,2849631.584,1690558.654,136262.4093,,base
persistence,Fmean,WGOA,Rpath,COD,2043,301835.4468,75196.77978,57774.4271,,base
persistence,Fmean,WGOA,Rpath,ATF,2043,1674214.643,613259.3886,23355.81856,,base
persistence,Fmean,WGOA,Rpath,POL,2044,2844076.749,1687286.48,135967.8723,,base
persistence,Fmean,WGOA,Rpath,COD,2044,301203.5444,75603.28829,57634.64164,,base
persistence,Fmean,WGOA,Rpath,ATF,2044,1673768.059,612845.6142,23350.1714,,base
persistence,Fmean,WGOA,Rpath,POL,2045,2838705.046,1684121.969,135682.7095,,base
persistence,Fmean,WGOA,Rpath,COD,2045,300605.336,75752.97662,57489.17153,,base
persistence,Fmean,WGOA,Rpath,ATF,2045,1673245.628,612413.6052,23343.29983,,base
persistence,Fmean,WGOA,Rpath,POL,2046,2833484.647,1681035.763,135405.4269,,base
persistence,Fmean,WGOA,Rpath,COD,2046,300075.2707,75648.98071,57361.52161,,base
persistence,Fmean,WGOA,Rpath,ATF,2046,1672663.266,611942.0241,23335.46578,,base
persistence,Fmean,WGOA,Rpath,POL,2047,2828374.935,1677993.132,135133.8872,,base
persistence,Fmean,WGOA,Rpath,COD,2047,299602.411,75396.99639,57259.64087,,base
persistence,Fmean,WGOA,Rpath,ATF,2047,1672034.217,611425.6759,23326.89635,,base
persistence,Fmean,WGOA,Rpath,POL,2048,2823331.888,1674961.449,134865.8108,,base
persistence,Fmean,WGOA,Rpath,COD,2048,299150.7508,75135.94338,57176.95181,,base
persistence,Fmean,WGOA,Rpath,ATF,2048,1671367.445,610874.5554,23317.75387,,base
persistence,Fmean,WGOA,Rpath,POL,2049,2818313.012,1671914.821,134599.0238,,base
persistence,Fmean,WGOA,Rpath,COD,2049,298685.0032,74970.72191,57099.67114,,base
persistence,Fmean,WGOA,Rpath,ATF,2049,1670666.86,610307.2316,23308.12226,,base
persistence,Fmean,WGOA,Rpath,POL,2050,2813285.012,1668837.892,134331.7143,,base
persistence,Fmean,WGOA,Rpath,COD,2050,298189.105,74934.42875,57015.3493,,base
persistence,Fmean,WGOA,Rpath,ATF,2050,1669931.746,609742.203,23298.01176,,base
persistence,Fmean,WGOA,Rpath,POL,2051,2808232.68,1665728.818,134062.8064,,base
persistence,Fmean,WGOA,Rpath,COD,2051,297670.7282,74990.67391,56918.60928,,base
persistence,Fmean,WGOA,Rpath,ATF,2051,1669158.283,609191.1134,23287.37994,,base
persistence,Fmean,WGOA,Rpath,POL,2052,2803163.168,1662598.741,133792.2604,,base
persistence,Fmean,WGOA,Rpath,COD,2052,297153.2196,75066.87314,56812.24796,,base
persistence,Fmean,WGOA,Rpath,ATF,2052,1668341.494,608656.0733,23276.16048,,base
persistence,Fmean,WGOA,Rpath,POL,2053,2798103.218,1659467.806,133521.0853,,base
persistence,Fmean,WGOA,Rpath,COD,2053,296661.9196,75096.20946,56704.28465,,base
persistence,Fmean,WGOA,Rpath,ATF,2053,1667476.952,608131.3164,23264.28922,,base
persistence,Fmean,WGOA,Rpath,POL,2054,2793091.308,1656359.977,133251.0705,,base
persistence,Fmean,WGOA,Rpath,COD,2054,296212.3246,75047.52112,56603.21414,,base
persistence,Fmean,WGOA,Rpath,ATF,2054,1666561.787,607607.5524,23251.72101,,base
persistence,Fmean,WGOA,Rpath,POL,2055,2788168.812,1653299.188,132984.3895,,base
persistence,Fmean,WGOA,Rpath,COD,2055,295805.0516,74932.16365,56514.03721,,base
persistence,Fmean,WGOA,Rpath,ATF,2055,1665594.809,607076.4742,23238.43373,,base
persistence,Fmean,WGOA,Rpath,POL,2056,2783371.705,1650306.192,132723.1929,,base
persistence,Fmean,WGOA,Rpath,COD,2056,295428.502,74789.67008,56436.71292,,base
persistence,Fmean,WGOA,Rpath,ATF,2056,1664576.195,606533.6404,23224.42389,,base
persistence,Fmean,WGOA,Rpath,POL,2057,2778723.358,1647395.109,132469.1885,,base
persistence,Fmean,WGOA,Rpath,COD,2057,295066.4082,74663.61213,56367.22218,,base
persistence,Fmean,WGOA,Rpath,ATF,2057,1663507.041,605978.9956,23209.70047,,base
persistence,Fmean,WGOA,Rpath,POL,2058,2774229.455,1644570.117,132223.2732,,base
persistence,Fmean,WGOA,Rpath,COD,2058,294705.7472,74581.02192,56300.18752,,base
persistence,Fmean,WGOA,Rpath,ATF,2058,1662389.022,605415.5043,23194.28035,,base
persistence,Fmean,WGOA,Rpath,POL,2059,2769875.177,1641822.618,131985.269,,base
persistence,Fmean,WGOA,Rpath,COD,2059,294341.2988,74543.89056,56231.50471,,base
persistence,Fmean,WGOA,Rpath,ATF,2059,1661224.279,604847.1123,23178.18716,,base
persistence,Fmean,WGOA,Rpath,POL,2060,2765625.245,1639130.066,131753.8045,,base
persistence,Fmean,WGOA,Rpath,COD,2060,293975.5169,74533.81765,56159.78108,,base
persistence,Fmean,WGOA,Rpath,ATF,2060,1660015.308,604276.9788,23161.45168,,base
persistence,Fmean,WGOA,Rpath,POL,2061,2761427.871,1636457.963,131526.4125,,base
persistence,Fmean,WGOA,Rpath,COD,2061,293614.8742,74524.79422,56086.20085,,base
persistence,Fmean,WGOA,Rpath,ATF,2061,1658764.759,603706.6767,23144.1101,,base
persistence,Fmean,WGOA,Rpath,POL,2062,2757224.08,1633766.438,131299.9219,,base
persistence,Fmean,WGOA,Rpath,COD,2062,293265.201,74496.56827,56013.24465,,base
persistence,Fmean,WGOA,Rpath,ATF,2062,1657475.075,603136.3668,23126.20003,,base
persistence,Fmean,WGOA,Rpath,POL,2063,2752962.647,1631021.227,131071.1846,,base
persistence,Fmean,WGOA,Rpath,COD,2063,292928.4414,74442.42672,55943.11618,,base
persistence,Fmean,WGOA,Rpath,ATF,2063,1656147.865,602565.2601,23107.75239,,base
persistence,Fmean,WGOA,Rpath,POL,2064,2748616.426,1628205.351,130837.9995,,base
persistence,Fmean,WGOA,Rpath,COD,2064,292602.0545,74369.12941,55876.67276,,base
persistence,Fmean,WGOA,Rpath,ATF,2064,1654783.549,601992.1319,23088.78269,,base
persistence,Fmean,WGOA,Rpath,POL,2065,2744192.097,1625325.525,130599.8571,,base
persistence,Fmean,WGOA,Rpath,COD,2065,292280.7562,74290.80603,55813.24215,,base
persistence,Fmean,WGOA,Rpath,ATF,2065,1653381.66,601415.8094,23069.29022,,base
persistence,Fmean,WGOA,Rpath,POL,2066,2739727.866,1622409.744,130358.1155,,base
persistence,Fmean,WGOA,Rpath,COD,2066,291959.2629,74220.95937,55751.20569,,base
persistence,Fmean,WGOA,Rpath,ATF,2066,1651941.371,600835.2758,23049.2647,,base
persistence,Fmean,WGOA,Rpath,POL,2067,2735281.243,1619498.138,130115.5381,,base
persistence,Fmean,WGOA,Rpath,COD,2067,291634.5476,74166.61504,55688.90386,,base
persistence,Fmean,WGOA,Rpath,ATF,2067,1650462.092,600249.6145,23028.69488,,base
persistence,Fmean,WGOA,Rpath,POL,2068,2730913.667,1616632.233,129875.4893,,base
persistence,Fmean,WGOA,Rpath,COD,2068,291306.6893,74126.74171,55625.37758,,base
persistence,Fmean,WGOA,Rpath,ATF,2068,1648943.942,599658.0127,23007.5769,,base
persistence,Fmean,WGOA,Rpath,POL,2069,2726677.989,1613846.756,129641.1579,,base
persistence,Fmean,WGOA,Rpath,COD,2069,290978.2406,74094.6488,55560.64678,,base
persistence,Fmean,WGOA,Rpath,ATF,2069,1647387.975,599059.9076,22985.91953,,base
persistence,Fmean,WGOA,Rpath,POL,2070,2722611.016,1611165.127,129415.0197,,base
persistence,Fmean,WGOA,Rpath,COD,2070,290652.7054,74062.34811,55495.50269,,base
persistence,Fmean,WGOA,Rpath,ATF,2070,1645796.241,598455.314,22963.74583,,base
persistence,Fmean,WGOA,Rpath,POL,2071,2718730.292,1608597.69,129198.5567,,base
persistence,Fmean,WGOA,Rpath,COD,2071,290332.959,74024.44588,55431.01069,,base
persistence,Fmean,WGOA,Rpath,ATF,2071,1644171.625,597845.0848,22941.09195,,base
persistence,Fmean,WGOA,Rpath,POL,2072,2715033.147,1606141.219,128992.1478,,base
persistence,Fmean,WGOA,Rpath,COD,2072,290020.2719,73979.90459,55368.00264,,base
persistence,Fmean,WGOA,Rpath,ATF,2072,1642517.615,597231.0146,22918.00355,,base
persistence,Fmean,WGOA,Rpath,POL,2073,2711496.678,1603778.856,128795.0394,,base
persistence,Fmean,WGOA,Rpath,COD,2073,289714.1797,73931.36663,55306.77832,,base
persistence,Fmean,WGOA,Rpath,ATF,2073,1640838.107,596615.7582,22894.53238,,base
persistence,Fmean,WGOA,Rpath,POL,2074,2708078.898,1601480.911,128605.3703,,base
persistence,Fmean,WGOA,Rpath,COD,2074,289413.0266,73882.92099,55247.09331,,base
persistence,Fmean,WGOA,Rpath,ATF,2074,1639137.218,596002.5381,22870.73375,,base
persistence,Fmean,WGOA,Rpath,POL,2075,2704723.112,1599208.232,128420.3257,,base
persistence,Fmean,WGOA,Rpath,COD,2075,289114.7925,73837.7137,55188.37028,,base
persistence,Fmean,WGOA,Rpath,ATF,2075,1637418.893,595394.5365,22846.66319,,base
persistence,Fmean,WGOA,Rpath,POL,2076,2701368.777,1596920.312,128236.5795,,base
persistence,Fmean,WGOA,Rpath,COD,2076,288817.836,73796.56904,55129.99455,,base
persistence,Fmean,WGOA,Rpath,ATF,2076,1635686.249,594794.0529,22822.36951,,base
persistence,Fmean,WGOA,Rpath,POL,2077,2697969.124,1594587.703,128051.1222,,base
persistence,Fmean,WGOA,Rpath,COD,2077,288521.3506,73758.06997,55071.55986,,base
persistence,Fmean,WGOA,Rpath,ATF,2077,1633941.018,594201.7629,22797.88623,,base
persistence,Fmean,WGOA,Rpath,POL,2078,2694508.502,1592203.36,127862.2624,,base
persistence,Fmean,WGOA,Rpath,COD,2078,288225.4634,73719.75828,55012.98299,,base
persistence,Fmean,WGOA,Rpath,ATF,2078,1632183.558,593616.5073,22773.22749,,base
persistence,Fmean,WGOA,Rpath,POL,2079,2691009.126,1589785.919,127670.2855,,base
persistence,Fmean,WGOA,Rpath,COD,2079,287931.0034,73679.63874,54954.46894,,base
persistence,Fmean,WGOA,Rpath,ATF,2079,1630413.486,593035.759,22748.39281,,base
persistence,Fmean,WGOA,Rpath,POL,2080,2687523.579,1587373.239,127477.3792,,base
persistence,Fmean,WGOA,Rpath,COD,2080,287639.0897,73637.18699,54896.36882,,base
persistence,Fmean,WGOA,Rpath,ATF,2080,1628630.499,592456.5351,22723.37763,,base
persistence,Fmean,WGOA,Rpath,POL,2081,2684118.615,1585010.803,127286.9233,,base
persistence,Fmean,WGOA,Rpath,COD,2081,287350.7689,73593.46346,54839.01562,,base
persistence,Fmean,WGOA,Rpath,ATF,2081,1626834.991,591876.3646,22698.18362,,base
persistence,Fmean,WGOA,Rpath,POL,2082,2680858.756,1582741.028,127102.5784,,base
persistence,Fmean,WGOA,Rpath,COD,2082,287066.8693,73550.44241,54782.62165,,base
persistence,Fmean,WGOA,Rpath,ATF,2082,1625028.272,591293.9829,22672.82425,,base
persistence,Fmean,WGOA,Rpath,POL,2083,2677794.763,1580596.396,126927.5341,,base
persistence,Fmean,WGOA,Rpath,COD,2083,286788.0729,73510.01222,54727.27343,,base
persistence,Fmean,WGOA,Rpath,ATF,2083,1623212.48,590709.6161,22647.32522,,base
persistence,Fmean,WGOA,Rpath,POL,2084,2674957.623,1578596.185,126764.0451,,base
persistence,Fmean,WGOA,Rpath,COD,2084,286515.0654,73473.16623,54672.99843,,base
persistence,Fmean,WGOA,Rpath,ATF,2084,1621390.408,590124.8912,22621.72208,,base
persistence,Fmean,WGOA,Rpath,POL,2085,2672356.186,1576745.123,126613.203,,base
persistence,Fmean,WGOA,Rpath,COD,2085,286248.6034,73439.71392,54619.8441,,base
persistence,Fmean,WGOA,Rpath,ATF,2085,1619565.352,589542.4879,22596.05774,,base
persistence,Fmean,WGOA,Rpath,POL,2086,2669976.386,1575032.651,126474.8419,,base
persistence,Fmean,WGOA,Rpath,COD,2086,285989.4202,73408.53817,54567.91597,,base
persistence,Fmean,WGOA,Rpath,ATF,2086,1617741.006,588965.6699,22570.38072,,base
persistence,Fmean,WGOA,Rpath,POL,2087,2667781.244,1573432.569,126347.5031,,base
persistence,Fmean,WGOA,Rpath,COD,2087,285737.9863,73379.09242,54517.35297,,base
persistence,Fmean,WGOA,Rpath,ATF,2087,1615921.37,588397.8393,22544.74393,,base
persistence,Fmean,WGOA,Rpath,POL,2088,2665712.765,1571904.356,126228.4778,,base
persistence,Fmean,WGOA,Rpath,COD,2088,285494.3741,73350.14293,54468.25489,,base
persistence,Fmean,WGOA,Rpath,ATF,2088,1614110.549,587842.135,22519.20312,,base
persistence,Fmean,WGOA,Rpath,POL,2089,2663699.23,1570398.9,126114.0739,,base
persistence,Fmean,WGOA,Rpath,COD,2089,285258.0531,73319.9338,54420.60733,,base
persistence,Fmean,WGOA,Rpath,ATF,2089,1612312.173,587307.0753,22493.81195,,base
persistence,Fmean,WGOA,Rpath,POL,2090,2661671.827,1568870.819,126000.3184,,base
persistence,Fmean,WGOA,Rpath,COD,2090,285027.8816,73288.21766,54374.30611,,base
persistence,Fmean,WGOA,Rpath,ATF,2090,1610528.642,586787.9977,22468.61195,,base
persistence,Fmean,WGOA,Rpath,POL,2091,2659587.51,1567294.343,125884.1071,,base
persistence,Fmean,WGOA,Rpath,COD,2091,284802.7162,73255.19795,54329.17942,,base
persistence,Fmean,WGOA,Rpath,ATF,2091,1608760.632,586283.7395,22443.62341,,base
persistence,Fmean,WGOA,Rpath,POL,2092,2657445.635,1565673.679,125764.3286,,base
persistence,Fmean,WGOA,Rpath,COD,2092,284581.8022,73221.53437,54285.03628,,base
persistence,Fmean,WGOA,Rpath,ATF,2092,1607007.503,585791.7428,22418.84723,,base
persistence,Fmean,WGOA,Rpath,POL,2093,2655287.64,1564040.932,125642.2701,,base
persistence,Fmean,WGOA,Rpath,COD,2093,284365.0611,73188.30135,54241.78241,,base
persistence,Fmean,WGOA,Rpath,ATF,2093,1605268.215,585308.5492,22394.27161,,base
persistence,Fmean,WGOA,Rpath,POL,2094,2653181.262,1562443.894,125521.086,,base
persistence,Fmean,WGOA,Rpath,COD,2094,284153.0744,73156.55883,54199.44643,,base
persistence,Fmean,WGOA,Rpath,ATF,2094,1603542.21,584830.841,22369.88573,,base
persistence,Fmean,WGOA,Rpath,POL,2095,2651200.085,1560931.938,125404.7471,,base
persistence,Fmean,WGOA,Rpath,COD,2095,283946.8584,73127.07603,54158.15633,,base
persistence,Fmean,WGOA,Rpath,ATF,2095,1601829.858,584356.2934,22345.68973,,base
persistence,Fmean,WGOA,Rpath,POL,2096,2649407.285,1559545.927,125297.0429,,base
persistence,Fmean,WGOA,Rpath,COD,2096,283747.6035,73100.25177,54118.10128,,base
persistence,Fmean,WGOA,Rpath,ATF,2096,1600132.468,583884.1453,22321.69724,,base
persistence,Fmean,WGOA,Rpath,POL,2097,2647846.239,1558313.039,125200.9082,,base
persistence,Fmean,WGOA,Rpath,COD,2097,283556.4709,73076.0832,54079.49276,,base
persistence,Fmean,WGOA,Rpath,ATF,2097,1598452.074,583415.4297,22297.93337,,base
persistence,Fmean,WGOA,Rpath,POL,2098,2646536.857,1557244.975,125118.0813,,base
persistence,Fmean,WGOA,Rpath,COD,2098,283374.4456,73054.23679,54042.53274,,base
persistence,Fmean,WGOA,Rpath,ATF,2098,1596791.212,582952.4751,22274.43101,,base
persistence,Fmean,WGOA,Rpath,POL,2099,2645474.508,1556337.289,125048.972,,base
persistence,Fmean,WGOA,Rpath,COD,2099,283202.2138,73034.19209,54007.38915,,base
persistence,Fmean,WGOA,Rpath,ATF,2099,1595152.78,582498.4415,22251.22807,,base
ssp126,Fmean,WGOA,Rpath,POL,1991,2884927.165,1690895.406,87828.01,,base
ssp126,Fmean,WGOA,Rpath,COD,1991,399280.2939,93224.23736,64466.82999,,base
ssp126,Fmean,WGOA,Rpath,ATF,1991,1554327.805,597326.9774,16958.38001,,base
ssp126,Fmean,WGOA,Rpath,POL,1992,2892495.913,1696087.278,90585.18996,,base
ssp126,Fmean,WGOA,Rpath,COD,1992,371842.9001,88999.22879,78966.50009,,base
ssp126,Fmean,WGOA,Rpath,ATF,1992,1551901.376,598021.2117,20482.18006,,base
ssp126,Fmean,WGOA,Rpath,POL,1993,2886917.46,1690078.21,108230.1801,,base
ssp126,Fmean,WGOA,Rpath,COD,1993,375328.1754,91984.46817,45849.17007,,base
ssp126,Fmean,WGOA,Rpath,ATF,1993,1551566.347,599298.1593,18294.44992,,base
ssp126,Fmean,WGOA,Rpath,POL,1994,2891612.897,1691340.87,100412.3599,,base
ssp126,Fmean,WGOA,Rpath,COD,1994,374238.5054,92168.02449,45610.57997,,base
ssp126,Fmean,WGOA,Rpath,ATF,1994,1547453.432,598480.5088,21993.23998,,base
ssp126,Fmean,WGOA,Rpath,POL,1995,2920445.243,1709974.752,69168.12993,,base
ssp126,Fmean,WGOA,Rpath,COD,1995,354241.1182,88060.92648,67907.17999,,base
ssp126,Fmean,WGOA,Rpath,ATF,1995,1548788.073,599203.4556,17415.49004,,base
ssp126,Fmean,WGOA,Rpath,POL,1996,2949537.5,1727520.768,49825.87004,,base
ssp126,Fmean,WGOA,Rpath,COD,1996,348901.2699,89289.89982,55391.6601,,base
ssp126,Fmean,WGOA,Rpath,ATF,1996,1545296.542,597141.1539,21555.6099,,base
ssp126,Fmean,WGOA,Rpath,POL,1997,2946193.762,1722365.564,84179.64997,,base
ssp126,Fmean,WGOA,Rpath,COD,1997,339607.8718,88455.84666,58920.57999,,base
ssp126,Fmean,WGOA,Rpath,ATF,1997,1547340.939,596389.7317,14758.27989,,base
ssp126,Fmean,WGOA,Rpath,POL,1998,3007840.548,1762267.823,5428.379998,,base
ssp126,Fmean,WGOA,Rpath,COD,1998,338402.0081,87897.09963,50218.95011,,base
ssp126,Fmean,WGOA,Rpath,ATF,1998,1552042.171,596282.5118,12377.19001,,base
ssp126,Fmean,WGOA,Rpath,POL,1999,2993956.264,1751820.359,90556.90006,,base
ssp126,Fmean,WGOA,Rpath,COD,1999,323385.5045,83134.3282,66264.6701,,base
ssp126,Fmean,WGOA,Rpath,ATF,1999,1556822.572,596729.6537,14649.22992,,base
ssp126,Fmean,WGOA,Rpath,POL,2000,3049484.669,1789601.224,5552.830105,,base
ssp126,Fmean,WGOA,Rpath,COD,2000,321234.7048,82993.63067,53384.86994,,base
ssp126,Fmean,WGOA,Rpath,ATF,2000,1555589.603,595731.5303,22993.75009,,base
ssp126,Fmean,WGOA,Rpath,POL,2001,3082953.386,1808450.385,3452.299979,,base
ssp126,Fmean,WGOA,Rpath,COD,2001,327836.0522,85350.66779,40517.40995,,base
ssp126,Fmean,WGOA,Rpath,ATF,2001,1559150.397,597017.2815,17416.19999,,base
ssp126,Fmean,WGOA,Rpath,POL,2002,3117695.911,1828996.892,1698.029945,,base
ssp126,Fmean,WGOA,Rpath,COD,2002,329657.1998,86672.3968,41567.98996,,base
ssp126,Fmean,WGOA,Rpath,ATF,2002,1561074.367,598208.7603,20173.56001,,base
ssp126,Fmean,WGOA,Rpath,POL,2003,3105660.591,1817041.088,48590.07701,,base
ssp126,Fmean,WGOA,Rpath,COD,2003,321002.2329,86072.65487,52365.75509,,base
ssp126,Fmean,WGOA,Rpath,ATF,2003,1552272.454,595288.6341,30169.77189,,base
ssp126,Fmean,WGOA,Rpath,POL,2004,3100496.18,1811816.72,62434.43992,,base
ssp126,Fmean,WGOA,Rpath,COD,2004,310907.3461,86861.68446,56450.24197,,base
ssp126,Fmean,WGOA,Rpath,ATF,2004,1557805.526,597533.7477,15634.90804,,base
ssp126,Fmean,WGOA,Rpath,POL,2005,3085140.756,1801622.597,78302.79193,,base
ssp126,Fmean,WGOA,Rpath,COD,2005,308747.7124,89355.03295,47523.77993,,base
ssp126,Fmean,WGOA,Rpath,ATF,2005,1557456.933,596651.5277,19923.57305,,base
ssp126,Fmean,WGOA,Rpath,POL,2006,3088115.7,1805154.794,68928.30799,,base
ssp126,Fmean,WGOA,Rpath,COD,2006,305285.4254,89662.84203,47767.07996,,base
ssp126,Fmean,WGOA,Rpath,ATF,2006,1552052.557,593803.972,27622.69892,,base
ssp126,Fmean,WGOA,Rpath,POL,2007,3108388.666,1820162.189,51572.307,,base
ssp126,Fmean,WGOA,Rpath,COD,2007,298656.828,86970.58416,51812.178,,base
ssp126,Fmean,WGOA,Rpath,ATF,2007,1552833.111,593773.0969,25346.98698,,base
ssp126,Fmean,WGOA,Rpath,POL,2008,3122657.328,1829614.826,50786.20601,,base
ssp126,Fmean,WGOA,Rpath,COD,2008,288014.1972,83738.42574,58386.38403,,base
ssp126,Fmean,WGOA,Rpath,ATF,2008,1551453.517,592951.9777,29205.93997,,base
ssp126,Fmean,WGOA,Rpath,POL,2009,3143273.399,1841984.82,41549.50308,,base
ssp126,Fmean,WGOA,Rpath,COD,2009,284535.8483,83301.56554,51788.98001,,base
ssp126,Fmean,WGOA,Rpath,ATF,2009,1555113.026,594046.2661,24831.74204,,base
ssp126,Fmean,WGOA,Rpath,POL,2010,3136117.031,1835292.146,73443.38423,,base
ssp126,Fmean,WGOA,Rpath,COD,2010,260387.0744,76717.56805,76954.1546,,base
ssp126,Fmean,WGOA,Rpath,ATF,2010,1558263.173,594362.5648,24339.44647,,base
ssp126,Fmean,WGOA,Rpath,POL,2011,3141056.088,1838289.751,77694.47962,,base
ssp126,Fmean,WGOA,Rpath,COD,2011,234318.5161,69543.30604,83710.47539,,base
ssp126,Fmean,WGOA,Rpath,ATF,2011,1557071.61,592792.1032,30911.82176,,base
ssp126,Fmean,WGOA,Rpath,POL,2012,3133568.472,1833854.712,98934.69122,,base
ssp126,Fmean,WGOA,Rpath,COD,2012,216652.3988,64116.82151,76871.10999,,base
ssp126,Fmean,WGOA,Rpath,ATF,2012,1567597.99,595605.7671,20761.90991,,base
ssp126,Fmean,WGOA,Rpath,POL,2013,3129803.327,1832301.647,90796.63161,,base
ssp126,Fmean,WGOA,Rpath,COD,2013,207097.746,61173.05499,66829.78162,,base
ssp126,Fmean,WGOA,Rpath,ATF,2013,1575636.643,596480.792,21809.31232,,base
ssp126,Fmean,WGOA,Rpath,POL,2014,3087331.432,1803398.136,138948.062,,base
ssp126,Fmean,WGOA,Rpath,COD,2014,180191.4473,54326.17477,83491.7282,,base
ssp126,Fmean,WGOA,Rpath,ATF,2014,1567912.163,590069.7527,36524.50153,,base
ssp126,Fmean,WGOA,Rpath,POL,2015,3045526.286,1775739.079,162807.646,,base
ssp126,Fmean,WGOA,Rpath,COD,2015,157932.7221,48934.44114,77689.99201,,base
ssp126,Fmean,WGOA,Rpath,ATF,2015,1577268.818,588791.536,19296.58722,,base
ssp126,Fmean,WGOA,Rpath,POL,2016,3007798.292,1753763.798,173086.3524,,base
ssp126,Fmean,WGOA,Rpath,COD,2016,147656.6154,47339.00977,62867.32743,,base
ssp126,Fmean,WGOA,Rpath,ATF,2016,1586289.943,586210.8787,19976.29419,,base
ssp126,Fmean,WGOA,Rpath,POL,2017,2976739.358,1738811.225,184220.0285,,base
ssp126,Fmean,WGOA,Rpath,COD,2017,147736.1447,50239.67431,48204.21467,,base
ssp126,Fmean,WGOA,Rpath,ATF,2017,1591593.276,581990.6601,27053.50899,,base
ssp126,Fmean,WGOA,Rpath,POL,2018,2968841.332,1740812.462,150815.1922,,base
ssp126,Fmean,WGOA,Rpath,COD,2018,174522.2292,61112.90393,14681.2982,,base
ssp126,Fmean,WGOA,Rpath,ATF,2018,1607270.211,582229.7484,18870.25094,,base
ssp126,Fmean,WGOA,Rpath,POL,2019,2976191.205,1750709.517,110649.2716,,base
ssp126,Fmean,WGOA,Rpath,COD,2019,197788.813,66355.87669,15200.42058,,base
ssp126,Fmean,WGOA,Rpath,ATF,2019,1614692.328,580069.5368,24567.05196,,base
ssp126,Fmean,WGOA,Rpath,POL,2020,2989800.234,1764764.179,99971.06489,,base
ssp126,Fmean,WGOA,Rpath,COD,2020,228117.2462,75554.1577,6085.249339,,base
ssp126,Fmean,WGOA,Rpath,ATF,2020,1626337.879,581528.2622,21115.8993,,base
ssp126,Fmean,WGOA,Rpath,POL,2021,2894796.881,1704119.318,234923.3728,,base
ssp126,Fmean,WGOA,Rpath,COD,2021,211815.1757,68674.15701,59691.15143,,base
ssp126,Fmean,WGOA,Rpath,ATF,2021,1625092.569,580509.5636,32534.06758,,base
ssp126,Fmean,WGOA,Rpath,POL,2022,2819465.36,1657654.939,259770.3837,,base
ssp126,Fmean,WGOA,Rpath,COD,2022,201691.9065,61706.31022,63521.87871,,base
ssp126,Fmean,WGOA,Rpath,ATF,2022,1622354.006,580913.432,34185.96763,,base
ssp126,Fmean,WGOA,Rpath,POL,2023,2767721.445,1627405.062,257832.0722,,base
ssp126,Fmean,WGOA,Rpath,COD,2023,201046.969,55930.18584,58207.52095,,base
ssp126,Fmean,WGOA,Rpath,ATF,2023,1622766.257,584180.72,31745.53368,,base
ssp126,Fmean,WGOA,Rpath,POL,2024,2812986.783,1663315.003,133011.7753,,base
ssp126,Fmean,WGOA,Rpath,COD,2024,218170.9422,57147.68992,39128.50211,,base
ssp126,Fmean,WGOA,Rpath,ATF,2024,1631482.586,591163.1584,22694.03651,,base
ssp126,Fmean,WGOA,Rpath,POL,2025,2834668.054,1678398.731,134783.8369,,base
ssp126,Fmean,WGOA,Rpath,COD,2025,230810.9969,59238.77341,42266.81347,,base
ssp126,Fmean,WGOA,Rpath,ATF,2025,1637524.829,596269.9108,22795.54396,,base
ssp126,Fmean,WGOA,Rpath,POL,2026,2847640.462,1685972.857,135623.0981,,base
ssp126,Fmean,WGOA,Rpath,COD,2026,241408.6704,62816.02584,44504.16915,,base
ssp126,Fmean,WGOA,Rpath,ATF,2026,1641833.587,599414.7442,22872.76468,,base
ssp126,Fmean,WGOA,Rpath,POL,2027,2864741.589,1696308.925,136353.061,,base
ssp126,Fmean,WGOA,Rpath,COD,2027,251324.1511,65965.67499,46398.56577,,base
ssp126,Fmean,WGOA,Rpath,ATF,2027,1646513.924,601806.4324,22930.99802,,base
ssp126,Fmean,WGOA,Rpath,POL,2028,2881662.716,1707945.591,137239.8822,,base
ssp126,Fmean,WGOA,Rpath,COD,2028,260936.0018,67310.23523,48190.00402,,base
ssp126,Fmean,WGOA,Rpath,ATF,2028,1652997.432,605082.2539,23007.29704,,base
ssp126,Fmean,WGOA,Rpath,POL,2029,2883974.943,1708763.654,137809.2088,,base
ssp126,Fmean,WGOA,Rpath,COD,2029,269805.1927,67198.39901,49981.54248,,base
ssp126,Fmean,WGOA,Rpath,ATF,2029,1656898.621,607286.3424,23090.42094,,base
ssp126,Fmean,WGOA,Rpath,POL,2030,2885520.166,1708231.314,137894.1062,,base
ssp126,Fmean,WGOA,Rpath,COD,2030,277649.4799,66603.00872,51719.89569,,base
ssp126,Fmean,WGOA,Rpath,ATF,2030,1657983.368,607854.6874,23126.24398,,base
ssp126,Fmean,WGOA,Rpath,POL,2031,2887846.415,1709325.835,138040.1488,,base
ssp126,Fmean,WGOA,Rpath,COD,2031,284206.2712,66436.7529,53305.40676,,base
ssp126,Fmean,WGOA,Rpath,ATF,2031,1658858.335,608137.1282,23139.85586,,base
ssp126,Fmean,WGOA,Rpath,POL,2032,2896285.811,1715842.613,138232.7152,,base
ssp126,Fmean,WGOA,Rpath,COD,2032,289396.2492,67273.88022,54622.44952,,base
ssp126,Fmean,WGOA,Rpath,ATF,2032,1662078.463,609716.6185,23157.96746,,base
ssp126,Fmean,WGOA,Rpath,POL,2033,2893412.997,1714348.971,138493.4309,,base
ssp126,Fmean,WGOA,Rpath,COD,2033,292979.071,69006.3732,55608.86141,,base
ssp126,Fmean,WGOA,Rpath,ATF,2033,1664514.884,611305.5642,23210.71732,,base
ssp126,Fmean,WGOA,Rpath,POL,2034,2892928.535,1713968.49,138384.8046,,base
ssp126,Fmean,WGOA,Rpath,COD,2034,295367.2335,71199.24207,56231.95991,,base
ssp126,Fmean,WGOA,Rpath,ATF,2034,1665981.861,612408.8395,23233.89133,,base
ssp126,Fmean,WGOA,Rpath,POL,2035,2890794.925,1712726.562,138300.9054,,base
ssp126,Fmean,WGOA,Rpath,COD,2035,296999.7933,73182.82321,56595.21185,,base
ssp126,Fmean,WGOA,Rpath,ATF,2035,1667300.193,613391.6225,23250.45721,,base
ssp126,Fmean,WGOA,Rpath,POL,2036,2889128.796,1712338.26,138255.0987,,base
ssp126,Fmean,WGOA,Rpath,COD,2036,298199.1589,74469.47426,56818.78368,,base
ssp126,Fmean,WGOA,Rpath,ATF,2036,1668952.112,614501.8607,23273.51771,,base
ssp126,Fmean,WGOA,Rpath,POL,2037,2882976.537,1708664.809,138080.6632,,base
ssp126,Fmean,WGOA,Rpath,COD,2037,299081.3309,74899.21677,56982.89488,,base
ssp126,Fmean,WGOA,Rpath,ATF,2037,1669562.085,614855.4963,23289.2827,,base
ssp126,Fmean,WGOA,Rpath,POL,2038,2876836.682,1704711.763,137753.3839,,base
ssp126,Fmean,WGOA,Rpath,COD,2038,299748.8385,74728.97321,57126.71148,,base
ssp126,Fmean,WGOA,Rpath,ATF,2038,1669452.41,614466.3155,23291.96803,,base
ssp126,Fmean,WGOA,Rpath,POL,2039,2869300.285,1699834.992,137477.6649,,base
ssp126,Fmean,WGOA,Rpath,COD,2039,300120.8208,74371.25893,57265.27994,,base
ssp126,Fmean,WGOA,Rpath,ATF,2039,1668235.833,613136.5871,23288.90518,,base
ssp126,Fmean,WGOA,Rpath,POL,2040,2866946.143,1698732.968,137107.6986,,base
ssp126,Fmean,WGOA,Rpath,COD,2040,300307.1456,74186.55986,57364.18787,,base
ssp126,Fmean,WGOA,Rpath,ATF,2040,1667598.005,611789.3756,23265.36805,,base
ssp126,Fmean,WGOA,Rpath,POL,2041,2858926.483,1694244.361,136958.7831,,base
ssp126,Fmean,WGOA,Rpath,COD,2041,300131.6552,74346.39719,57417.77164,,base
ssp126,Fmean,WGOA,Rpath,ATF,2041,1667508.571,610888.7346,23270.13621,,base
ssp126,Fmean,WGOA,Rpath,POL,2042,2846935.676,1685194.432,136391.5392,,base
ssp126,Fmean,WGOA,Rpath,COD,2042,299528.0527,74731.87662,57369.75971,,base
ssp126,Fmean,WGOA,Rpath,ATF,2042,1664183.833,608238.1484,23248.15652,,base
ssp126,Fmean,WGOA,Rpath,POL,2043,2842873.491,1682565.459,135965.8004,,base
ssp126,Fmean,WGOA,Rpath,COD,2043,298909.6811,75248.37828,57245.89516,,base
ssp126,Fmean,WGOA,Rpath,ATF,2043,1661847.378,606152.3939,23205.43225,,base
ssp126,Fmean,WGOA,Rpath,POL,2044,2848529.656,1688562.483,135952.2203,,base
ssp126,Fmean,WGOA,Rpath,COD,2044,298523.4992,75724.03391,57121.45625,,base
ssp126,Fmean,WGOA,Rpath,ATF,2044,1664064.287,606859.9206,23194.15883,,base
ssp126,Fmean,WGOA,Rpath,POL,2045,2838322.246,1682435.482,135947.6898,,base
ssp126,Fmean,WGOA,Rpath,COD,2045,297901.338,75907.54752,57013.43264,,base
ssp126,Fmean,WGOA,Rpath,ATF,2045,1664768.639,607415.5472,23230.94583,,base
ssp126,Fmean,WGOA,Rpath,POL,2046,2828152.997,1674460.519,135351.0581,,base
ssp126,Fmean,WGOA,Rpath,COD,2046,297196.1204,75794.54633,56865.08768,,base
ssp126,Fmean,WGOA,Rpath,ATF,2046,1662312.638,606335.8878,23216.21065,,base
ssp126,Fmean,WGOA,Rpath,POL,2047,2824014.407,1671391.17,134981.0799,,base
ssp126,Fmean,WGOA,Rpath,COD,2047,296652.0772,75579.18444,56733.4401,,base
ssp126,Fmean,WGOA,Rpath,ATF,2047,1659977.03,605226.77,23180.68679,,base
ssp126,Fmean,WGOA,Rpath,POL,2048,2824374.487,1672763.802,134841.891,,base
ssp126,Fmean,WGOA,Rpath,COD,2048,296318.726,75357.95349,56648.32074,,base
ssp126,Fmean,WGOA,Rpath,ATF,2048,1659988.882,605346.2652,23156.78185,,base
ssp126,Fmean,WGOA,Rpath,POL,2049,2818029.231,1669065.524,134759.8137,,base
ssp126,Fmean,WGOA,Rpath,COD,2049,295863.4946,75171.15217,56591.25218,,base
ssp126,Fmean,WGOA,Rpath,ATF,2049,1659592.179,605401.6517,23163.95226,,base
ssp126,Fmean,WGOA,Rpath,POL,2050,2812642.085,1665144.562,134347.876,,base
ssp126,Fmean,WGOA,Rpath,COD,2050,295366.8227,75089.59574,56503.01679,,base
ssp126,Fmean,WGOA,Rpath,ATF,2050,1658307.813,604754.4306,23144.60044,,base
ssp126,Fmean,WGOA,Rpath,POL,2051,2813031.803,1666501.898,134239.5067,,base
ssp126,Fmean,WGOA,Rpath,COD,2051,294992.8436,75186.34704,56414.71688,,base
ssp126,Fmean,WGOA,Rpath,ATF,2051,1659552.263,605380.5137,23141.9886,,base
ssp126,Fmean,WGOA,Rpath,POL,2052,2802755.24,1659573.087,134022.7894,,base
ssp126,Fmean,WGOA,Rpath,COD,2052,294449.7671,75267.17001,56323.88594,,base
ssp126,Fmean,WGOA,Rpath,ATF,2052,1658707.461,604953.3324,23151.74519,,base
ssp126,Fmean,WGOA,Rpath,POL,2053,2801544.963,1659071.458,133667.8596,,base
ssp126,Fmean,WGOA,Rpath,COD,2053,294049.4736,75306.09707,56211.01345,,base
ssp126,Fmean,WGOA,Rpath,ATF,2053,1658573.729,604793.9069,23137.6524,,base
ssp126,Fmean,WGOA,Rpath,POL,2054,2796759.381,1656444.648,133566.7193,,base
ssp126,Fmean,WGOA,Rpath,COD,2054,293669.3971,75268.36621,56126.80501,,base
ssp126,Fmean,WGOA,Rpath,ATF,2054,1658279.825,604573.5208,23140.02859,,base
ssp126,Fmean,WGOA,Rpath,POL,2055,2787817.72,1649863.859,133169.4323,,base
ssp126,Fmean,WGOA,Rpath,COD,2055,293228.1536,75092.6394,56044.71936,,base
ssp126,Fmean,WGOA,Rpath,ATF,2055,1655718.565,602945.1252,23120.81729,,base
ssp126,Fmean,WGOA,Rpath,POL,2056,2781849.692,1645484.181,132783.6532,,base
ssp126,Fmean,WGOA,Rpath,COD,2056,292849.0886,74874.64754,55966.74563,,base
ssp126,Fmean,WGOA,Rpath,ATF,2056,1652825.132,600958.4888,23083.14518,,base
ssp126,Fmean,WGOA,Rpath,POL,2057,2782759.81,1647027.298,132600.9571,,base
ssp126,Fmean,WGOA,Rpath,COD,2057,292661.62,74732.34112,55913.47404,,base
ssp126,Fmean,WGOA,Rpath,ATF,2057,1652461.689,600297.8896,23052.30035,,base
ssp126,Fmean,WGOA,Rpath,POL,2058,2774424.486,1641659.785,132508.2804,,base
ssp126,Fmean,WGOA,Rpath,COD,2058,292286.2345,74640.13097,55881.06406,,base
ssp126,Fmean,WGOA,Rpath,ATF,2058,1651031.27,599345.4943,23053.81685,,base
ssp126,Fmean,WGOA,Rpath,POL,2059,2767343.288,1635999.285,131992.5542,,base
ssp126,Fmean,WGOA,Rpath,COD,2059,291833.5194,74588.58658,55805.68363,,base
ssp126,Fmean,WGOA,Rpath,ATF,2059,1647742.255,597372.8248,23013.44798,,base
ssp126,Fmean,WGOA,Rpath,POL,2060,2768126.142,1637128.299,131807.4527,,base
ssp126,Fmean,WGOA,Rpath,COD,2060,291544.4606,74661.56296,55728.97783,,base
ssp126,Fmean,WGOA,Rpath,ATF,2060,1647023.24,596933.9099,22981.04005,,base
ssp126,Fmean,WGOA,Rpath,POL,2061,2761022.066,1632883.016,131709.7321,,base
ssp126,Fmean,WGOA,Rpath,COD,2061,291177.2112,74726.05185,55666.95656,,base
ssp126,Fmean,WGOA,Rpath,ATF,2061,1646200.746,596801.3165,22976.42404,,base
ssp126,Fmean,WGOA,Rpath,POL,2062,2757747.454,1630606.986,131362.3146,,base
ssp126,Fmean,WGOA,Rpath,COD,2062,290849.9967,74732.95611,55584.79436,,base
ssp126,Fmean,WGOA,Rpath,ATF,2062,1645221.161,596724.8939,22958.40923,,base
ssp126,Fmean,WGOA,Rpath,POL,2063,2757582.714,1631338.035,131298.6476,,base
ssp126,Fmean,WGOA,Rpath,COD,2063,290633.2255,74735.47112,55519.89937,,base
ssp126,Fmean,WGOA,Rpath,ATF,2063,1645736.079,597613.3252,22955.14439,,base
ssp126,Fmean,WGOA,Rpath,POL,2064,2753566.48,1628902.615,131176.8947,,base
ssp126,Fmean,WGOA,Rpath,COD,2064,290365.2756,74675.12723,55470.45273,,base
ssp126,Fmean,WGOA,Rpath,ATF,2064,1645424.491,598094.0747,22958.4045,,base
ssp126,Fmean,WGOA,Rpath,POL,2065,2748947.407,1625577.846,130910.0065,,base
ssp126,Fmean,WGOA,Rpath,COD,2065,290069.1051,74563.43069,55412.98312,,base
ssp126,Fmean,WGOA,Rpath,ATF,2065,1644244.241,597991.2983,22946.87584,,base
ssp126,Fmean,WGOA,Rpath,POL,2066,2741859.836,1620652.484,130655.8857,,base
ssp126,Fmean,WGOA,Rpath,COD,2066,289727.3489,74451.51425,55355.04638,,base
ssp126,Fmean,WGOA,Rpath,ATF,2066,1642302.884,597298.2128,22928.05404,,base
ssp126,Fmean,WGOA,Rpath,POL,2067,2733927.132,1614410.953,130244.5671,,base
ssp126,Fmean,WGOA,Rpath,COD,2067,289302.098,74331.83058,55287.24918,,base
ssp126,Fmean,WGOA,Rpath,ATF,2067,1638460.869,595218.5422,22889.37636,,base
ssp126,Fmean,WGOA,Rpath,POL,2068,2732357.652,1613694.314,129940.5923,,base
ssp126,Fmean,WGOA,Rpath,COD,2068,289037.3514,74264.20587,55217.56629,,base
ssp126,Fmean,WGOA,Rpath,ATF,2068,1636461.478,593826.145,22839.75079,,base
ssp126,Fmean,WGOA,Rpath,POL,2069,2730821.851,1613640.75,129868.3727,,base
ssp126,Fmean,WGOA,Rpath,COD,2069,288832.4657,74253.1211,55172.69088,,base
ssp126,Fmean,WGOA,Rpath,ATF,2069,1636428.76,593569.5599,22826.3403,,base
ssp126,Fmean,WGOA,Rpath,POL,2070,2726308.375,1611050.894,129724.8693,,base
ssp126,Fmean,WGOA,Rpath,COD,2070,288549.7932,74257.40901,55126.96239,,base
ssp126,Fmean,WGOA,Rpath,ATF,2070,1636231.328,593424.4778,22828.24585,,base
ssp126,Fmean,WGOA,Rpath,POL,2071,2726145.343,1611499.745,129569.1172,,base
ssp126,Fmean,WGOA,Rpath,COD,2071,288299.3043,74298.14222,55068.42174,,base
ssp126,Fmean,WGOA,Rpath,ATF,2071,1636770.995,593876.489,22826.96916,,base
ssp126,Fmean,WGOA,Rpath,POL,2072,2716174.701,1604316.52,129337.6212,,base
ssp126,Fmean,WGOA,Rpath,COD,2072,287875.5312,74292.32209,55003.54849,,base
ssp126,Fmean,WGOA,Rpath,ATF,2072,1634791.401,593216.4401,22824.26042,,base
ssp126,Fmean,WGOA,Rpath,POL,2073,2712061.372,1600902.992,128908.6317,,base
ssp126,Fmean,WGOA,Rpath,COD,2073,287508.8608,74232.15085,54916.39006,,base
ssp126,Fmean,WGOA,Rpath,ATF,2073,1631945.507,592000.6973,22784.84351,,base
ssp126,Fmean,WGOA,Rpath,POL,2074,2704980.145,1595781.32,128658.082,,base
ssp126,Fmean,WGOA,Rpath,COD,2074,287149.2378,74117.91058,54845.35626,,base
ssp126,Fmean,WGOA,Rpath,ATF,2074,1628315.394,590326.1628,22743.54557,,base
ssp126,Fmean,WGOA,Rpath,POL,2075,2701970.916,1593516.216,128355.5175,,base
ssp126,Fmean,WGOA,Rpath,COD,2075,286876.1882,73972.162,54784.98019,,base
ssp126,Fmean,WGOA,Rpath,ATF,2075,1624934.624,588589.9142,22691.53725,,base
ssp126,Fmean,WGOA,Rpath,POL,2076,2707070.919,1598186.335,128349.6032,,base
ssp126,Fmean,WGOA,Rpath,COD,2076,286821.3523,73900.84519,54751.7863,,base
ssp126,Fmean,WGOA,Rpath,ATF,2076,1625352.622,588896.9561,22662.95612,,base
ssp126,Fmean,WGOA,Rpath,POL,2077,2704696.081,1597802.947,128473.1832,,base
ssp126,Fmean,WGOA,Rpath,COD,2077,286674.7594,73903.23141,54742.29265,,base
ssp126,Fmean,WGOA,Rpath,ATF,2077,1626972.57,590227.9301,22682.77337,,base
ssp126,Fmean,WGOA,Rpath,POL,2078,2694211.555,1589679.441,128155.4188,,base
ssp126,Fmean,WGOA,Rpath,COD,2078,286227.3558,73907.46958,54692.96226,,base
ssp126,Fmean,WGOA,Rpath,ATF,2078,1624849.988,589729.6638,22688.1194,,base
ssp126,Fmean,WGOA,Rpath,POL,2079,2691523.567,1586935.163,127717.0493,,base
ssp126,Fmean,WGOA,Rpath,COD,2079,285841.3108,73948.20136,54600.25974,,base
ssp126,Fmean,WGOA,Rpath,ATF,2079,1621875.094,588591.9752,22642.68513,,base
ssp126,Fmean,WGOA,Rpath,POL,2080,2686208.595,1583309.49,127550.3877,,base
ssp126,Fmean,WGOA,Rpath,COD,2080,285495.4762,73962.58436,54524.74209,,base
ssp126,Fmean,WGOA,Rpath,ATF,2080,1619102.502,587537.5275,22605.71956,,base
ssp126,Fmean,WGOA,Rpath,POL,2081,2682976.665,1581170.774,127334.2494,,base
ssp126,Fmean,WGOA,Rpath,COD,2081,285186.1892,73887.53435,54459.51666,,base
ssp126,Fmean,WGOA,Rpath,ATF,2081,1616559.67,586494.7444,22568.80589,,base
ssp126,Fmean,WGOA,Rpath,POL,2082,2674995.688,1575141.105,127046.3371,,base
ssp126,Fmean,WGOA,Rpath,COD,2082,284797.9582,73738.95375,54397.66203,,base
ssp126,Fmean,WGOA,Rpath,ATF,2082,1612592.726,584552.386,22527.23225,,base
ssp126,Fmean,WGOA,Rpath,POL,2083,2671444.184,1572125.922,126668.7098,,base
ssp126,Fmean,WGOA,Rpath,COD,2083,284494.3091,73606.24069,54330.38301,,base
ssp126,Fmean,WGOA,Rpath,ATF,2083,1608844.96,582473.474,22467.02902,,base
ssp126,Fmean,WGOA,Rpath,POL,2084,2677135.253,1577155.233,126712.2964,,base
ssp126,Fmean,WGOA,Rpath,COD,2084,284418.184,73594.38881,54293.38404,,base
ssp126,Fmean,WGOA,Rpath,ATF,2084,1609173.092,582715.1266,22438.44189,,base
ssp126,Fmean,WGOA,Rpath,POL,2085,2680655.63,1581121.887,126932.7202,,base
ssp126,Fmean,WGOA,Rpath,COD,2085,284356.5179,73670.97946,54281.94116,,base
ssp126,Fmean,WGOA,Rpath,ATF,2085,1611976.435,584816.203,22458.8926,,base
ssp126,Fmean,WGOA,Rpath,POL,2086,2673902.021,1576536.903,126907.0611,,base
ssp126,Fmean,WGOA,Rpath,COD,2086,284027.7417,73757.9906,54247.61649,,base
ssp126,Fmean,WGOA,Rpath,ATF,2086,1612666.433,586250.0654,22493.10488,,base
ssp126,Fmean,WGOA,Rpath,POL,2087,2667220.402,1570645.062,126501.7399,,base
ssp126,Fmean,WGOA,Rpath,COD,2087,283598.0547,73817.45015,54159.28856,,base
ssp126,Fmean,WGOA,Rpath,ATF,2087,1610261.674,585923.2636,22478.29478,,base
ssp126,Fmean,WGOA,Rpath,POL,2088,2663521.453,1567438.401,126279.5255,,base
ssp126,Fmean,WGOA,Rpath,COD,2088,283226.8314,73822.39756,54069.45238,,base
ssp126,Fmean,WGOA,Rpath,ATF,2088,1606868.537,584795.467,22440.08931,,base
ssp126,Fmean,WGOA,Rpath,POL,2089,2661705.655,1565984.848,126063.9783,,base
ssp126,Fmean,WGOA,Rpath,COD,2089,282997.8733,73700.12003,53999.60135,,base
ssp126,Fmean,WGOA,Rpath,ATF,2089,1603563.653,583315.9482,22385.36807,,base
ssp126,Fmean,WGOA,Rpath,POL,2090,2658990.21,1564417.705,126005.8164,,base
ssp126,Fmean,WGOA,Rpath,COD,2090,282829.9342,73506.33233,53964.51054,,base
ssp126,Fmean,WGOA,Rpath,ATF,2090,1601279.796,582165.4883,22351.48444,,base
ssp126,Fmean,WGOA,Rpath,POL,2091,2660363.964,1565521.708,125875.0132,,base
ssp126,Fmean,WGOA,Rpath,COD,2091,282757.4682,73340.83512,53942.49903,,base
ssp126,Fmean,WGOA,Rpath,ATF,2091,1600189.191,581398.6465,22320.14516,,base
ssp126,Fmean,WGOA,Rpath,POL,2092,2657521.57,1563899.276,125917.3657,,base
ssp126,Fmean,WGOA,Rpath,COD,2092,282598.1796,73274.00502,53936.0323,,base
ssp126,Fmean,WGOA,Rpath,ATF,2092,1599489.823,580984.6863,22316.6432,,base
ssp126,Fmean,WGOA,Rpath,POL,2093,2648510.666,1556557.029,125594.0326,,base
ssp126,Fmean,WGOA,Rpath,COD,2093,282214.8494,73238.39605,53897.46832,,base
ssp126,Fmean,WGOA,Rpath,ATF,2093,1595643.698,579009.2294,22289.09716,,base
ssp126,Fmean,WGOA,Rpath,POL,2094,2646671.293,1554354.302,125242.7905,,base
ssp126,Fmean,WGOA,Rpath,COD,2094,281903.1731,73267.77411,53828.06411,,base
ssp126,Fmean,WGOA,Rpath,ATF,2094,1591718.612,577007.6292,22228.67884,,base
ssp126,Fmean,WGOA,Rpath,POL,2095,2650109.648,1557534.551,125258.4073,,base
ssp126,Fmean,WGOA,Rpath,COD,2095,281799.7507,73355.59851,53780.12555,,base
ssp126,Fmean,WGOA,Rpath,ATF,2095,1591167.528,577045.0735,22190.90532,,base
ssp126,Fmean,WGOA,Rpath,POL,2096,2647437.878,1556313.547,125356.5809,,base
ssp126,Fmean,WGOA,Rpath,COD,2096,281608.5245,73399.62152,53755.03205,,base
ssp126,Fmean,WGOA,Rpath,ATF,2096,1590966.81,577692.2924,22194.95873,,base
ssp126,Fmean,WGOA,Rpath,POL,2097,2638389.366,1548675.342,125040.8746,,base
ssp126,Fmean,WGOA,Rpath,COD,2097,281192.863,73340.23695,53699.8017,,base
ssp126,Fmean,WGOA,Rpath,ATF,2097,1586868.512,576301.1273,22170.48306,,base
ssp126,Fmean,WGOA,Rpath,POL,2098,2637167.549,1546634.184,124682.563,,base
ssp126,Fmean,WGOA,Rpath,COD,2098,280910.2168,73276.75681,53623.4144,,base
ssp126,Fmean,WGOA,Rpath,ATF,2098,1582532.903,574506.0082,22102.41023,,base
ssp126,Fmean,WGOA,Rpath,POL,2099,2640275.279,1549375.269,124760.652,,base
ssp126,Fmean,WGOA,Rpath,COD,2099,280834.9754,73247.30892,53586.84161,,base
ssp126,Fmean,WGOA,Rpath,ATF,2099,1581226.017,574345.3932,22060.57528,,base
ssp245,Fmean,WGOA,Rpath,POL,1991,2884927.165,1690895.406,87828.01,,base
ssp245,Fmean,WGOA,Rpath,COD,1991,399280.2939,93224.23736,64466.82999,,base
ssp245,Fmean,WGOA,Rpath,ATF,1991,1554327.805,597326.9774,16958.38001,,base
ssp245,Fmean,WGOA,Rpath,POL,1992,2892495.913,1696087.278,90585.18996,,base
ssp245,Fmean,WGOA,Rpath,COD,1992,371842.9001,88999.22879,78966.50009,,base
ssp245,Fmean,WGOA,Rpath,ATF,1992,1551901.376,598021.2117,20482.18006,,base
ssp245,Fmean,WGOA,Rpath,POL,1993,2886917.46,1690078.21,108230.1801,,base
ssp245,Fmean,WGOA,Rpath,COD,1993,375328.1754,91984.46817,45849.17007,,base
ssp245,Fmean,WGOA,Rpath,ATF,1993,1551566.347,599298.1593,18294.44992,,base
ssp245,Fmean,WGOA,Rpath,POL,1994,2891612.897,1691340.87,100412.3599,,base
ssp245,Fmean,WGOA,Rpath,COD,1994,374238.5054,92168.02449,45610.57997,,base
ssp245,Fmean,WGOA,Rpath,ATF,1994,1547453.432,598480.5088,21993.23998,,base
ssp245,Fmean,WGOA,Rpath,POL,1995,2920445.243,1709974.752,69168.12993,,base
ssp245,Fmean,WGOA,Rpath,COD,1995,354241.1182,88060.92648,67907.17999,,base
ssp245,Fmean,WGOA,Rpath,ATF,1995,1548788.073,599203.4556,17415.49004,,base
ssp245,Fmean,WGOA,Rpath,POL,1996,2949537.5,1727520.768,49825.87004,,base
ssp245,Fmean,WGOA,Rpath,COD,1996,348901.2699,89289.89982,55391.6601,,base
ssp245,Fmean,WGOA,Rpath,ATF,1996,1545296.542,597141.1539,21555.6099,,base
ssp245,Fmean,WGOA,Rpath,POL,1997,2946193.762,1722365.564,84179.64997,,base
ssp245,Fmean,WGOA,Rpath,COD,1997,339607.8718,88455.84666,58920.57999,,base
ssp245,Fmean,WGOA,Rpath,ATF,1997,1547340.939,596389.7317,14758.27989,,base
ssp245,Fmean,WGOA,Rpath,POL,1998,3007840.548,1762267.823,5428.379998,,base
ssp245,Fmean,WGOA,Rpath,COD,1998,338402.0081,87897.09963,50218.95011,,base
ssp245,Fmean,WGOA,Rpath,ATF,1998,1552042.171,596282.5118,12377.19001,,base
ssp245,Fmean,WGOA,Rpath,POL,1999,2993956.264,1751820.359,90556.90006,,base
ssp245,Fmean,WGOA,Rpath,COD,1999,323385.5045,83134.3282,66264.6701,,base
ssp245,Fmean,WGOA,Rpath,ATF,1999,1556822.572,596729.6537,14649.22992,,base
ssp245,Fmean,WGOA,Rpath,POL,2000,3049484.669,1789601.224,5552.830105,,base
ssp245,Fmean,WGOA,Rpath,COD,2000,321234.7048,82993.63067,53384.86994,,base
ssp245,Fmean,WGOA,Rpath,ATF,2000,1555589.603,595731.5303,22993.75009,,base
ssp245,Fmean,WGOA,Rpath,POL,2001,3082953.386,1808450.385,3452.299979,,base
ssp245,Fmean,WGOA,Rpath,COD,2001,327836.0522,85350.66779,40517.40995,,base
ssp245,Fmean,WGOA,Rpath,ATF,2001,1559150.397,597017.2815,17416.19999,,base
ssp245,Fmean,WGOA,Rpath,POL,2002,3117695.911,1828996.892,1698.029945,,base
ssp245,Fmean,WGOA,Rpath,COD,2002,329657.1998,86672.3968,41567.98996,,base
ssp245,Fmean,WGOA,Rpath,ATF,2002,1561074.367,598208.7603,20173.56001,,base
ssp245,Fmean,WGOA,Rpath,POL,2003,3105660.591,1817041.088,48590.07701,,base
ssp245,Fmean,WGOA,Rpath,COD,2003,321002.2329,86072.65487,52365.75509,,base
ssp245,Fmean,WGOA,Rpath,ATF,2003,1552272.454,595288.6341,30169.77189,,base
ssp245,Fmean,WGOA,Rpath,POL,2004,3100496.18,1811816.72,62434.43992,,base
ssp245,Fmean,WGOA,Rpath,COD,2004,310907.3461,86861.68446,56450.24197,,base
ssp245,Fmean,WGOA,Rpath,ATF,2004,1557805.526,597533.7477,15634.90804,,base
ssp245,Fmean,WGOA,Rpath,POL,2005,3085140.756,1801622.597,78302.79193,,base
ssp245,Fmean,WGOA,Rpath,COD,2005,308747.7124,89355.03295,47523.77993,,base
ssp245,Fmean,WGOA,Rpath,ATF,2005,1557456.933,596651.5277,19923.57305,,base
ssp245,Fmean,WGOA,Rpath,POL,2006,3088115.7,1805154.794,68928.30799,,base
ssp245,Fmean,WGOA,Rpath,COD,2006,305285.4254,89662.84203,47767.07996,,base
ssp245,Fmean,WGOA,Rpath,ATF,2006,1552052.557,593803.972,27622.69892,,base
ssp245,Fmean,WGOA,Rpath,POL,2007,3108388.666,1820162.189,51572.307,,base
ssp245,Fmean,WGOA,Rpath,COD,2007,298656.828,86970.58416,51812.178,,base
ssp245,Fmean,WGOA,Rpath,ATF,2007,1552833.111,593773.0969,25346.98698,,base
ssp245,Fmean,WGOA,Rpath,POL,2008,3122657.328,1829614.826,50786.20601,,base
ssp245,Fmean,WGOA,Rpath,COD,2008,288014.1972,83738.42574,58386.38403,,base
ssp245,Fmean,WGOA,Rpath,ATF,2008,1551453.517,592951.9777,29205.93997,,base
ssp245,Fmean,WGOA,Rpath,POL,2009,3143273.399,1841984.82,41549.50308,,base
ssp245,Fmean,WGOA,Rpath,COD,2009,284535.8483,83301.56554,51788.98001,,base
ssp245,Fmean,WGOA,Rpath,ATF,2009,1555113.026,594046.2661,24831.74204,,base
ssp245,Fmean,WGOA,Rpath,POL,2010,3136117.031,1835292.146,73443.38423,,base
ssp245,Fmean,WGOA,Rpath,COD,2010,260387.0744,76717.56805,76954.1546,,base
ssp245,Fmean,WGOA,Rpath,ATF,2010,1558263.173,594362.5648,24339.44647,,base
ssp245,Fmean,WGOA,Rpath,POL,2011,3141056.088,1838289.751,77694.47962,,base
ssp245,Fmean,WGOA,Rpath,COD,2011,234318.5161,69543.30604,83710.47539,,base
ssp245,Fmean,WGOA,Rpath,ATF,2011,1557071.61,592792.1032,30911.82176,,base
ssp245,Fmean,WGOA,Rpath,POL,2012,3133568.472,1833854.712,98934.69122,,base
ssp245,Fmean,WGOA,Rpath,COD,2012,216652.3988,64116.82151,76871.10999,,base
ssp245,Fmean,WGOA,Rpath,ATF,2012,1567597.99,595605.7671,20761.90991,,base
ssp245,Fmean,WGOA,Rpath,POL,2013,3129803.327,1832301.647,90796.63161,,base
ssp245,Fmean,WGOA,Rpath,COD,2013,207097.746,61173.05499,66829.78162,,base
ssp245,Fmean,WGOA,Rpath,ATF,2013,1575636.643,596480.792,21809.31232,,base
ssp245,Fmean,WGOA,Rpath,POL,2014,3087331.432,1803398.136,138948.062,,base
ssp245,Fmean,WGOA,Rpath,COD,2014,180191.4473,54326.17477,83491.7282,,base
ssp245,Fmean,WGOA,Rpath,ATF,2014,1567912.163,590069.7527,36524.50153,,base
ssp245,Fmean,WGOA,Rpath,POL,2015,3045526.286,1775739.079,162807.646,,base
ssp245,Fmean,WGOA,Rpath,COD,2015,157932.7221,48934.44114,77689.99201,,base
ssp245,Fmean,WGOA,Rpath,ATF,2015,1577268.818,588791.536,19296.58722,,base
ssp245,Fmean,WGOA,Rpath,POL,2016,3007798.292,1753763.798,173086.3524,,base
ssp245,Fmean,WGOA,Rpath,COD,2016,147656.6154,47339.00977,62867.32743,,base
ssp245,Fmean,WGOA,Rpath,ATF,2016,1586289.943,586210.8787,19976.29419,,base
ssp245,Fmean,WGOA,Rpath,POL,2017,2976739.358,1738811.225,184220.0285,,base
ssp245,Fmean,WGOA,Rpath,COD,2017,147736.1447,50239.67431,48204.21467,,base
ssp245,Fmean,WGOA,Rpath,ATF,2017,1591593.276,581990.6601,27053.50899,,base
ssp245,Fmean,WGOA,Rpath,POL,2018,2968841.332,1740812.462,150815.1922,,base
ssp245,Fmean,WGOA,Rpath,COD,2018,174522.2292,61112.90393,14681.2982,,base
ssp245,Fmean,WGOA,Rpath,ATF,2018,1607270.211,582229.7484,18870.25094,,base
ssp245,Fmean,WGOA,Rpath,POL,2019,2976191.205,1750709.517,110649.2716,,base
ssp245,Fmean,WGOA,Rpath,COD,2019,197788.813,66355.87669,15200.42058,,base
ssp245,Fmean,WGOA,Rpath,ATF,2019,1614692.328,580069.5368,24567.05196,,base
ssp245,Fmean,WGOA,Rpath,POL,2020,2989800.234,1764764.179,99971.06489,,base
ssp245,Fmean,WGOA,Rpath,COD,2020,228117.2462,75554.1577,6085.249339,,base
ssp245,Fmean,WGOA,Rpath,ATF,2020,1626337.879,581528.2622,21115.8993,,base
ssp245,Fmean,WGOA,Rpath,POL,2021,2905084.36,1712369.891,235097.4808,,base
ssp245,Fmean,WGOA,Rpath,COD,2021,211977.562,68728.88898,59697.908,,base
ssp245,Fmean,WGOA,Rpath,ATF,2021,1628238.68,582211.7697,32544.91771,,base
ssp245,Fmean,WGOA,Rpath,POL,2022,2818828.775,1658296.538,260099.3756,,base
ssp245,Fmean,WGOA,Rpath,COD,2022,201767.0732,61762.96366,63544.60159,,base
ssp245,Fmean,WGOA,Rpath,ATF,2022,1625876.778,583148.749,34239.76942,,base
ssp245,Fmean,WGOA,Rpath,POL,2023,2761286.666,1622364.966,257655.1858,,base
ssp245,Fmean,WGOA,Rpath,COD,2023,200990.3865,55941.94686,58202.13519,,base
ssp245,Fmean,WGOA,Rpath,ATF,2023,1623538.162,584925.1307,31777.98646,,base
ssp245,Fmean,WGOA,Rpath,POL,2024,2802493.102,1654399.228,132623.8123,,base
ssp245,Fmean,WGOA,Rpath,COD,2024,218037.7613,57091.50826,39100.18711,,base
ssp245,Fmean,WGOA,Rpath,ATF,2024,1628306.661,589437.5896,22683.02199,,base
ssp245,Fmean,WGOA,Rpath,POL,2025,2830089.132,1674144.534,134421.6703,,base
ssp245,Fmean,WGOA,Rpath,COD,2025,230806.1652,59090.97434,42246.10902,,base
ssp245,Fmean,WGOA,Rpath,ATF,2025,1633099.169,593347.1765,22741.49162,,base
ssp245,Fmean,WGOA,Rpath,POL,2026,2851483.676,1689219.129,135642.9774,,base
ssp245,Fmean,WGOA,Rpath,COD,2026,241614.6614,62637.28992,44529.26216,,base
ssp245,Fmean,WGOA,Rpath,ATF,2026,1639776.34,597491.9238,22825.62475,,base
ssp245,Fmean,WGOA,Rpath,POL,2027,2866515.844,1698285.873,136506.5427,,base
ssp245,Fmean,WGOA,Rpath,COD,2027,251524.5913,65829.67336,46461.05683,,base
ssp245,Fmean,WGOA,Rpath,ATF,2027,1645891.421,600725.1914,22914.83699,,base
ssp245,Fmean,WGOA,Rpath,POL,2028,2877733.743,1704861.715,137191.3586,,base
ssp245,Fmean,WGOA,Rpath,COD,2028,260942.7501,67278.90285,48238.57504,,base
ssp245,Fmean,WGOA,Rpath,ATF,2028,1651470.177,603710.7033,22997.74069,,base
ssp245,Fmean,WGOA,Rpath,POL,2029,2887192.731,1710614.578,137690.1454,,base
ssp245,Fmean,WGOA,Rpath,COD,2029,269816.516,67331.25393,49991.49401,,base
ssp245,Fmean,WGOA,Rpath,ATF,2029,1656376.433,606705.9611,23067.93365,,base
ssp245,Fmean,WGOA,Rpath,POL,2030,2891703.306,1713553.333,138133.4537,,base
ssp245,Fmean,WGOA,Rpath,COD,2030,277751.0939,66861.00042,51726.1271,,base
ssp245,Fmean,WGOA,Rpath,ATF,2030,1660556.42,609586.1577,23136.64707,,base
ssp245,Fmean,WGOA,Rpath,POL,2031,2896774.646,1717002.778,138370.2863,,base
ssp245,Fmean,WGOA,Rpath,COD,2031,284393.0942,66713.29778,53312.11413,,base
ssp245,Fmean,WGOA,Rpath,ATF,2031,1664214.681,612068.5998,23188.79089,,base
ssp245,Fmean,WGOA,Rpath,POL,2032,2896211.158,1716689.603,138578.0172,,base
ssp245,Fmean,WGOA,Rpath,COD,2032,289437.3946,67465.27338,54628.39531,,base
ssp245,Fmean,WGOA,Rpath,ATF,2032,1666751.818,613825.1256,23238.5614,,base
ssp245,Fmean,WGOA,Rpath,POL,2033,2895004.473,1715374.356,138462.9,,base
ssp245,Fmean,WGOA,Rpath,COD,2033,293018.6151,69069.17037,55587.28304,,base
ssp245,Fmean,WGOA,Rpath,ATF,2033,1667723.978,614415.2668,23257.73891,,base
ssp245,Fmean,WGOA,Rpath,POL,2034,2895232.527,1715972.781,138503.4492,,base
ssp245,Fmean,WGOA,Rpath,COD,2034,295491.6961,71156.54741,56224.08412,,base
ssp245,Fmean,WGOA,Rpath,ATF,2034,1669112.996,615055.383,23276.65488,,base
ssp245,Fmean,WGOA,Rpath,POL,2035,2885772.333,1709048.521,138294.544,,base
ssp245,Fmean,WGOA,Rpath,COD,2035,297017.7315,72997.05274,56604.46091,,base
ssp245,Fmean,WGOA,Rpath,ATF,2035,1667752.355,613951.3658,23281.19517,,base
ssp245,Fmean,WGOA,Rpath,POL,2036,2882232.584,1706690.948,137949.4723,,base
ssp245,Fmean,WGOA,Rpath,COD,2036,298169.1636,74192.70012,56818.15239,,base
ssp245,Fmean,WGOA,Rpath,ATF,2036,1666731.122,612668.8958,23260.08872,,base
ssp245,Fmean,WGOA,Rpath,POL,2037,2880754.163,1706793.007,137840.1437,,base
ssp245,Fmean,WGOA,Rpath,COD,2037,299156.5554,74658.54796,56991.92284,,base
ssp245,Fmean,WGOA,Rpath,ATF,2037,1667320.08,612145.0165,23255.56634,,base
ssp245,Fmean,WGOA,Rpath,POL,2038,2874966.762,1703745.566,137705.9355,,base
ssp245,Fmean,WGOA,Rpath,COD,2038,299858.6535,74569.85018,57162.65293,,base
ssp245,Fmean,WGOA,Rpath,ATF,2038,1667705.763,611628.7927,23268.03987,,base
ssp245,Fmean,WGOA,Rpath,POL,2039,2867702.115,1698850.969,137327.2568,,base
ssp245,Fmean,WGOA,Rpath,COD,2039,300247.4496,74287.25978,57300.74921,,base
ssp245,Fmean,WGOA,Rpath,ATF,2039,1666858.685,610531.7177,23263.72451,,base
ssp245,Fmean,WGOA,Rpath,POL,2040,2860843.835,1694436.544,136996.7943,,base
ssp245,Fmean,WGOA,Rpath,COD,2040,300340.1769,74180.66632,57395.40695,,base
ssp245,Fmean,WGOA,Rpath,ATF,2040,1665803.475,609480.673,23252.73429,,base
ssp245,Fmean,WGOA,Rpath,POL,2041,2854884.945,1690602.092,136645.1764,,base
ssp245,Fmean,WGOA,Rpath,COD,2041,300153.4316,74371.28018,57426.31996,,base
ssp245,Fmean,WGOA,Rpath,ATF,2041,1664540.745,608462.42,23235.03361,,base
ssp245,Fmean,WGOA,Rpath,POL,2042,2853890.051,1690851.34,136427.794,,base
ssp245,Fmean,WGOA,Rpath,COD,2042,299836.6965,74828.62997,57392.7919,,base
ssp245,Fmean,WGOA,Rpath,ATF,2042,1664865.716,608518.3987,23224.47202,,base
ssp245,Fmean,WGOA,Rpath,POL,2043,2850458.477,1689519.7,136330.7244,,base
ssp245,Fmean,WGOA,Rpath,COD,2043,299348.1113,75362.99805,57313.03303,,base
ssp245,Fmean,WGOA,Rpath,ATF,2043,1665743.575,609141.5182,23235.24352,,base
ssp245,Fmean,WGOA,Rpath,POL,2044,2842275.862,1683979.383,136027.1088,,base
ssp245,Fmean,WGOA,Rpath,COD,2044,298688.2798,75745.21645,57183.73213,,base
ssp245,Fmean,WGOA,Rpath,ATF,2044,1665120.099,609027.1569,23239.4128,,base
ssp245,Fmean,WGOA,Rpath,POL,2045,2838506.854,1681470.148,135682.7194,,base
ssp245,Fmean,WGOA,Rpath,COD,2045,298091.893,75898.62504,57032.61588,,base
ssp245,Fmean,WGOA,Rpath,ATF,2045,1664321.444,608698.4679,23225.97387,,base
ssp245,Fmean,WGOA,Rpath,POL,2046,2834072.455,1678994.108,135484.7031,,base
ssp245,Fmean,WGOA,Rpath,COD,2046,297595.9225,75822.83766,56907.43836,,base
ssp245,Fmean,WGOA,Rpath,ATF,2046,1663870.763,608473.0553,23216.87904,,base
ssp245,Fmean,WGOA,Rpath,POL,2047,2824944.412,1672676.513,135211.655,,base
ssp245,Fmean,WGOA,Rpath,COD,2047,297029.0989,75558.97674,56807.91269,,base
ssp245,Fmean,WGOA,Rpath,ATF,2047,1661761.122,607242.886,23208.27437,,base
ssp245,Fmean,WGOA,Rpath,POL,2048,2824121.543,1672332.738,134847.2152,,base
ssp245,Fmean,WGOA,Rpath,COD,2048,296616.1702,75287.00991,56713.79685,,base
ssp245,Fmean,WGOA,Rpath,ATF,2048,1660401.095,606078.178,23172.20978,,base
ssp245,Fmean,WGOA,Rpath,POL,2049,2816335.899,1667550.431,134686.3257,,base
ssp245,Fmean,WGOA,Rpath,COD,2049,296151.2256,75111.71278,56645.65626,,base
ssp245,Fmean,WGOA,Rpath,ATF,2049,1659349.696,605088.3598,23161.50598,,base
ssp245,Fmean,WGOA,Rpath,POL,2050,2812344.054,1664970.945,134306.3736,,base
ssp245,Fmean,WGOA,Rpath,COD,2050,295704.0568,75057.45019,56560.53222,,base
ssp245,Fmean,WGOA,Rpath,ATF,2050,1658523.881,604175.0126,23143.05452,,base
ssp245,Fmean,WGOA,Rpath,POL,2051,2813804.33,1667381.662,134268.7728,,base
ssp245,Fmean,WGOA,Rpath,COD,2051,295369.2364,75164.30638,56481.76241,,base
ssp245,Fmean,WGOA,Rpath,ATF,2051,1660220.893,604862.3959,23148.48055,,base
ssp245,Fmean,WGOA,Rpath,POL,2052,2805090.193,1661702.83,134097.4505,,base
ssp245,Fmean,WGOA,Rpath,COD,2052,294854.1944,75259.96854,56399.64347,,base
ssp245,Fmean,WGOA,Rpath,ATF,2052,1659912.126,604754.9135,23164.38118,,base
ssp245,Fmean,WGOA,Rpath,POL,2053,2795091.181,1654047.905,133599.61,,base
ssp245,Fmean,WGOA,Rpath,COD,2053,294261.7725,75257.82171,56282.33065,,base
ssp245,Fmean,WGOA,Rpath,ATF,2053,1657105.431,603281.7156,23144.66029,,base
ssp245,Fmean,WGOA,Rpath,POL,2054,2794291.484,1653725.926,133288.5226,,base
ssp245,Fmean,WGOA,Rpath,COD,2054,293874.8908,75204.79596,56172.74234,,base
ssp245,Fmean,WGOA,Rpath,ATF,2054,1655485.142,602333.4694,23107.55568,,base
ssp245,Fmean,WGOA,Rpath,POL,2055,2788252.588,1650160.473,133120.3855,,base
ssp245,Fmean,WGOA,Rpath,COD,2055,293516.124,75064.43387,56100.3623,,base
ssp245,Fmean,WGOA,Rpath,ATF,2055,1654122.198,601571.4758,23088.70954,,base
ssp245,Fmean,WGOA,Rpath,POL,2056,2780285.654,1644443.442,132735.1362,,base
ssp245,Fmean,WGOA,Rpath,COD,2056,293116.9491,74856.47295,56030.63746,,base
ssp245,Fmean,WGOA,Rpath,ATF,2056,1651634.525,600153.6109,23063.44527,,base
ssp245,Fmean,WGOA,Rpath,POL,2057,2774979.095,1640676.866,132386.5667,,base
ssp245,Fmean,WGOA,Rpath,COD,2057,292761.829,74699.18211,55962.16858,,base
ssp245,Fmean,WGOA,Rpath,ATF,2057,1649072.056,598601.4464,23027.37001,,base
ssp245,Fmean,WGOA,Rpath,POL,2058,2775633.268,1642027.091,132249.1879,,base
ssp245,Fmean,WGOA,Rpath,COD,2058,292545.0041,74660.49344,55910.74027,,base
ssp245,Fmean,WGOA,Rpath,ATF,2058,1648772.526,598314.2435,23003.07485,,base
ssp245,Fmean,WGOA,Rpath,POL,2059,2775598.021,1642987.595,132199.2546,,base
ssp245,Fmean,WGOA,Rpath,COD,2059,292350.0273,74695.12131,55871.01042,,base
ssp245,Fmean,WGOA,Rpath,ATF,2059,1649841.794,599057.5383,23005.05342,,base
ssp245,Fmean,WGOA,Rpath,POL,2060,2764659.058,1635265.84,132014.357,,base
ssp245,Fmean,WGOA,Rpath,COD,2060,291910.888,74725.09837,55817.42032,,base
ssp245,Fmean,WGOA,Rpath,ATF,2060,1648386.597,598767.3884,23015.83706,,base
ssp245,Fmean,WGOA,Rpath,POL,2061,2759608.598,1630996.495,131554.3244,,base
ssp245,Fmean,WGOA,Rpath,COD,2061,291471.6507,74740.94733,55724.49231,,base
ssp245,Fmean,WGOA,Rpath,ATF,2061,1645497.115,597537.7844,22980.75734,,base
ssp245,Fmean,WGOA,Rpath,POL,2062,2755268.968,1627839.176,131297.0805,,base
ssp245,Fmean,WGOA,Rpath,COD,2062,291097.3387,74719.79043,55639.83897,,base
ssp245,Fmean,WGOA,Rpath,ATF,2062,1642572.486,596158.3023,22939.19907,,base
ssp245,Fmean,WGOA,Rpath,POL,2063,2750740.968,1624954.785,131044.3308,,base
ssp245,Fmean,WGOA,Rpath,COD,2063,290797.7959,74624.18731,55570.81383,,base
ssp245,Fmean,WGOA,Rpath,ATF,2063,1640279.566,595025.4443,22900.1367,,base
ssp245,Fmean,WGOA,Rpath,POL,2064,2745376.362,1621448.451,130822.4487,,base
ssp245,Fmean,WGOA,Rpath,COD,2064,290500.5932,74493.36841,55515.8698,,base
ssp245,Fmean,WGOA,Rpath,ATF,2064,1638230.075,594014.4612,22873.85149,,base
ssp245,Fmean,WGOA,Rpath,POL,2065,2747491.447,1623440.184,130646.5249,,base
ssp245,Fmean,WGOA,Rpath,COD,2065,290325.9718,74420.25226,55468.16593,,base
ssp245,Fmean,WGOA,Rpath,ATF,2065,1637926.481,593879.2309,22849.08788,,base
ssp245,Fmean,WGOA,Rpath,POL,2066,2746001.521,1623586.031,130671.7269,,base
ssp245,Fmean,WGOA,Rpath,COD,2066,290150.4174,74426.63716,55438.20287,,base
ssp245,Fmean,WGOA,Rpath,ATF,2066,1639304.101,594905.6761,22857.69218,,base
ssp245,Fmean,WGOA,Rpath,POL,2067,2739142.099,1618914.107,130428.0825,,base
ssp245,Fmean,WGOA,Rpath,COD,2067,289831.1527,74446.02788,55388.0882,,base
ssp245,Fmean,WGOA,Rpath,ATF,2067,1639376.41,595469.0185,22869.35464,,base
ssp245,Fmean,WGOA,Rpath,POL,2068,2735903.266,1616753.071,130157.4981,,base
ssp245,Fmean,WGOA,Rpath,COD,2068,289522.94,74494.97983,55314.61728,,base
ssp245,Fmean,WGOA,Rpath,ATF,2068,1639152.521,595926.653,22866.8853,,base
ssp245,Fmean,WGOA,Rpath,POL,2069,2727735.271,1610907.841,129912.3094,,base
ssp245,Fmean,WGOA,Rpath,COD,2069,289120.6575,74486.84979,55241.61237,,base
ssp245,Fmean,WGOA,Rpath,ATF,2069,1636820.836,595168.7724,22854.88455,,base
ssp245,Fmean,WGOA,Rpath,POL,2070,2723332.851,1607463.551,129535.497,,base
ssp245,Fmean,WGOA,Rpath,COD,2070,288770.6364,74385.87672,55162.40756,,base
ssp245,Fmean,WGOA,Rpath,ATF,2070,1633595.641,593569.0452,22812.40341,,base
ssp245,Fmean,WGOA,Rpath,POL,2071,2722188.315,1607230.912,129357.6066,,base
ssp245,Fmean,WGOA,Rpath,COD,2071,288564.2447,74254.66229,55104.91823,,base
ssp245,Fmean,WGOA,Rpath,ATF,2071,1632057.659,592628.4735,22773.93147,,base
ssp245,Fmean,WGOA,Rpath,POL,2072,2712971.375,1600831.814,129160.8157,,base
ssp245,Fmean,WGOA,Rpath,COD,2072,288216.7072,74096.07164,55066.0567,,base
ssp245,Fmean,WGOA,Rpath,ATF,2072,1629218.468,590941.7436,22753.7085,,base
ssp245,Fmean,WGOA,Rpath,POL,2073,2711874.99,1599931.927,128771.7771,,base
ssp245,Fmean,WGOA,Rpath,COD,2073,287981.1047,73994.16739,55007.21122,,base
ssp245,Fmean,WGOA,Rpath,ATF,2073,1627221.248,589515.2613,22707.90923,,base
ssp245,Fmean,WGOA,Rpath,POL,2074,2711910.643,1601067.94,128784.894,,base
ssp245,Fmean,WGOA,Rpath,COD,2074,287826.7815,74017.43403,54970.91244,,base
ssp245,Fmean,WGOA,Rpath,ATF,2074,1627767.629,589762.3179,22700.19697,,base
ssp245,Fmean,WGOA,Rpath,POL,2075,2704605.608,1596137.606,128626.1271,,base
ssp245,Fmean,WGOA,Rpath,COD,2075,287500.57,74047.30709,54929.70532,,base
ssp245,Fmean,WGOA,Rpath,ATF,2075,1626616.639,589457.091,22702.45977,,base
ssp245,Fmean,WGOA,Rpath,POL,2076,2698325.338,1591151.119,128254.5173,,base
ssp245,Fmean,WGOA,Rpath,COD,2076,287115.2438,74052.53502,54855.91693,,base
ssp245,Fmean,WGOA,Rpath,ATF,2076,1623739.5,588346.0008,22674.15165,,base
ssp245,Fmean,WGOA,Rpath,POL,2077,2699024.271,1591821.348,128068.0024,,base
ssp245,Fmean,WGOA,Rpath,COD,2077,286871.9259,74064.25941,54785.96001,,base
ssp245,Fmean,WGOA,Rpath,ATF,2077,1622174.664,587971.5791,22637.67716,,base
ssp245,Fmean,WGOA,Rpath,POL,2078,2696406.424,1590391.149,127998.0862,,base
ssp245,Fmean,WGOA,Rpath,COD,2078,286623.6076,74023.00453,54738.92497,,base
ssp245,Fmean,WGOA,Rpath,ATF,2078,1620887.852,587840.8925,22618.47166,,base
ssp245,Fmean,WGOA,Rpath,POL,2079,2690659.19,1586499.094,127755.5504,,base
ssp245,Fmean,WGOA,Rpath,COD,2079,286352.131,73931.13639,54686.22291,,base
ssp245,Fmean,WGOA,Rpath,ATF,2079,1619581.884,587728.4224,22598.98701,,base
ssp245,Fmean,WGOA,Rpath,POL,2080,2685079.233,1582481.645,127492.0202,,base
ssp245,Fmean,WGOA,Rpath,COD,2080,286047.7497,73854.04047,54628.58942,,base
ssp245,Fmean,WGOA,Rpath,ATF,2080,1617860.108,587338.3659,22581.06297,,base
ssp245,Fmean,WGOA,Rpath,POL,2081,2683255.857,1581162.29,127262.7039,,base
ssp245,Fmean,WGOA,Rpath,COD,2081,285783.5956,73811.63481,54570.74644,,base
ssp245,Fmean,WGOA,Rpath,ATF,2081,1616003.814,586701.417,22553.04777,,base
ssp245,Fmean,WGOA,Rpath,POL,2082,2673257.158,1573682.444,127013.2069,,base
ssp245,Fmean,WGOA,Rpath,COD,2082,285372.6741,73731.29647,54515.60464,,base
ssp245,Fmean,WGOA,Rpath,ATF,2082,1611801.321,584742.5042,22519.62388,,base
ssp245,Fmean,WGOA,Rpath,POL,2083,2666671.669,1567822.808,126537.6548,,base
ssp245,Fmean,WGOA,Rpath,COD,2083,284936.8236,73614.27599,54440.01356,,base
ssp245,Fmean,WGOA,Rpath,ATF,2083,1605857.93,581561.5664,22448.33776,,base
ssp245,Fmean,WGOA,Rpath,POL,2084,2668435.596,1569368.284,126388.4357,,base
ssp245,Fmean,WGOA,Rpath,COD,2084,284714.8867,73564.03072,54380.29131,,base
ssp245,Fmean,WGOA,Rpath,ATF,2084,1602813.902,579791.9192,22378.49217,,base
ssp245,Fmean,WGOA,Rpath,POL,2085,2666054.11,1568213.053,126347.8554,,base
ssp245,Fmean,WGOA,Rpath,COD,2085,284482.4432,73542.88901,54345.83698,,base
ssp245,Fmean,WGOA,Rpath,ATF,2085,1601106.038,578966.1575,22345.27554,,base
ssp245,Fmean,WGOA,Rpath,POL,2086,2662460.18,1565615.684,126160.1741,,base
ssp245,Fmean,WGOA,Rpath,COD,2086,284203.1987,73554.00413,54297.12121,,base
ssp245,Fmean,WGOA,Rpath,ATF,2086,1599596.172,578545.7026,22322.57257,,base
ssp245,Fmean,WGOA,Rpath,POL,2087,2661154.471,1564650.953,126050.9134,,base
ssp245,Fmean,WGOA,Rpath,COD,2087,283925.1764,73630.53959,54238.67735,,base
ssp245,Fmean,WGOA,Rpath,ATF,2087,1598407.064,578626.613,22306.09382,,base
ssp245,Fmean,WGOA,Rpath,POL,2088,2655198.738,1559595.252,125896.9926,,base
ssp245,Fmean,WGOA,Rpath,COD,2088,283495.0009,73669.02985,54175.0242,,base
ssp245,Fmean,WGOA,Rpath,ATF,2088,1594453.284,577423.5679,22278.36939,,base
ssp245,Fmean,WGOA,Rpath,POL,2089,2647820.281,1552765.99,125522.6179,,base
ssp245,Fmean,WGOA,Rpath,COD,2089,282988.767,73599.37312,54090.19297,,base
ssp245,Fmean,WGOA,Rpath,ATF,2089,1587546.739,574485.7667,22203.43845,,base
ssp245,Fmean,WGOA,Rpath,POL,2090,2647494.576,1551873.148,125249.738,,base
ssp245,Fmean,WGOA,Rpath,COD,2090,282694.0947,73502.34359,54010.80597,,base
ssp245,Fmean,WGOA,Rpath,ATF,2090,1582491.456,572274.6224,22109.66727,,base
ssp245,Fmean,WGOA,Rpath,POL,2091,2653158.678,1556736.936,125352.7367,,base
ssp245,Fmean,WGOA,Rpath,COD,2091,282629.1801,73466.22982,53975.19616,,base
ssp245,Fmean,WGOA,Rpath,ATF,2091,1582178.459,572648.1208,22066.28673,,base
ssp245,Fmean,WGOA,Rpath,POL,2092,2649179.29,1554524.544,125451.3914,,base
ssp245,Fmean,WGOA,Rpath,COD,2092,282434.3912,73461.55057,53958.09935,,base
ssp245,Fmean,WGOA,Rpath,ATF,2092,1582214.073,573513.6106,22072.00146,,base
ssp245,Fmean,WGOA,Rpath,POL,2093,2647303.248,1552652.231,125251.9119,,base
ssp245,Fmean,WGOA,Rpath,COD,2093,282172.9957,73510.36445,53907.28727,,base
ssp245,Fmean,WGOA,Rpath,ATF,2093,1581328.264,573953.6534,22064.10367,,base
ssp245,Fmean,WGOA,Rpath,POL,2094,2647686.201,1552723.414,125185.0023,,base
ssp245,Fmean,WGOA,Rpath,COD,2094,281968.6119,73610.93672,53848.62533,,base
ssp245,Fmean,WGOA,Rpath,ATF,2094,1580561.565,574482.9155,22049.41262,,base
ssp245,Fmean,WGOA,Rpath,POL,2095,2643845.266,1549751,125131.208,,base
ssp245,Fmean,WGOA,Rpath,COD,2095,281726.4471,73640.08908,53798.48618,,base
ssp245,Fmean,WGOA,Rpath,ATF,2095,1578627.637,574404.8767,22035.16885,,base
ssp245,Fmean,WGOA,Rpath,POL,2096,2647867.164,1552771.297,125065.4651,,base
ssp245,Fmean,WGOA,Rpath,COD,2096,281673.9879,73607.43364,53752.27661,,base
ssp245,Fmean,WGOA,Rpath,ATF,2096,1578507.722,575098.9479,22011.15108,,base
ssp245,Fmean,WGOA,Rpath,POL,2097,2648069.835,1553477.535,125220.5837,,base
ssp245,Fmean,WGOA,Rpath,COD,2097,281620.661,73540.46863,53739.28921,,base
ssp245,Fmean,WGOA,Rpath,ATF,2097,1579031.385,576057.1628,22018.73992,,base
ssp245,Fmean,WGOA,Rpath,POL,2098,2640100.514,1547061.893,125009.3885,,base
ssp245,Fmean,WGOA,Rpath,COD,2098,281398.7938,73401.27156,53715.71205,,base
ssp245,Fmean,WGOA,Rpath,ATF,2098,1576470.284,574995.2096,22008.18265,,base
ssp245,Fmean,WGOA,Rpath,POL,2099,2647519.601,1552385.542,124928.7813,,base
ssp245,Fmean,WGOA,Rpath,COD,2099,281413.5651,73348.12217,53685.52047,,base
ssp245,Fmean,WGOA,Rpath,ATF,2099,1576582.683,575010.6272,21980.2439,,base
ssp585,Fmean,WGOA,Rpath,POL,1991,2884927.165,1690895.406,87828.01,,base
ssp585,Fmean,WGOA,Rpath,COD,1991,399280.2939,93224.23736,64466.82999,,base
ssp585,Fmean,WGOA,Rpath,ATF,1991,1554327.805,597326.9774,16958.38001,,base
ssp585,Fmean,WGOA,Rpath,POL,1992,2892495.913,1696087.278,90585.18996,,base
ssp585,Fmean,WGOA,Rpath,COD,1992,371842.9001,88999.22879,78966.50009,,base
ssp585,Fmean,WGOA,Rpath,ATF,1992,1551901.376,598021.2117,20482.18006,,base
ssp585,Fmean,WGOA,Rpath,POL,1993,2886917.46,1690078.21,108230.1801,,base
ssp585,Fmean,WGOA,Rpath,COD,1993,375328.1754,91984.46817,45849.17007,,base
ssp585,Fmean,WGOA,Rpath,ATF,1993,1551566.347,599298.1593,18294.44992,,base
ssp585,Fmean,WGOA,Rpath,POL,1994,2891612.897,1691340.87,100412.3599,,base
ssp585,Fmean,WGOA,Rpath,COD,1994,374238.5054,92168.02449,45610.57997,,base
ssp585,Fmean,WGOA,Rpath,ATF,1994,1547453.432,598480.5088,21993.23998,,base
ssp585,Fmean,WGOA,Rpath,POL,1995,2920445.243,1709974.752,69168.12993,,base
ssp585,Fmean,WGOA,Rpath,COD,1995,354241.1182,88060.92648,67907.17999,,base
ssp585,Fmean,WGOA,Rpath,ATF,1995,1548788.073,599203.4556,17415.49004,,base
ssp585,Fmean,WGOA,Rpath,POL,1996,2949537.5,1727520.768,49825.87004,,base
ssp585,Fmean,WGOA,Rpath,COD,1996,348901.2699,89289.89982,55391.6601,,base
ssp585,Fmean,WGOA,Rpath,ATF,1996,1545296.542,597141.1539,21555.6099,,base
ssp585,Fmean,WGOA,Rpath,POL,1997,2946193.762,1722365.564,84179.64997,,base
ssp585,Fmean,WGOA,Rpath,COD,1997,339607.8718,88455.84666,58920.57999,,base
ssp585,Fmean,WGOA,Rpath,ATF,1997,1547340.939,596389.7317,14758.27989,,base
ssp585,Fmean,WGOA,Rpath,POL,1998,3007840.548,1762267.823,5428.379998,,base
ssp585,Fmean,WGOA,Rpath,COD,1998,338402.0081,87897.09963,50218.95011,,base
ssp585,Fmean,WGOA,Rpath,ATF,1998,1552042.171,596282.5118,12377.19001,,base
ssp585,Fmean,WGOA,Rpath,POL,1999,2993956.264,1751820.359,90556.90006,,base
ssp585,Fmean,WGOA,Rpath,COD,1999,323385.5045,83134.3282,66264.6701,,base
ssp585,Fmean,WGOA,Rpath,ATF,1999,1556822.572,596729.6537,14649.22992,,base
ssp585,Fmean,WGOA,Rpath,POL,2000,3049484.669,1789601.224,5552.830105,,base
ssp585,Fmean,WGOA,Rpath,COD,2000,321234.7048,82993.63067,53384.86994,,base
ssp585,Fmean,WGOA,Rpath,ATF,2000,1555589.603,595731.5303,22993.75009,,base
ssp585,Fmean,WGOA,Rpath,POL,2001,3082953.386,1808450.385,3452.299979,,base
ssp585,Fmean,WGOA,Rpath,COD,2001,327836.0522,85350.66779,40517.40995,,base
ssp585,Fmean,WGOA,Rpath,ATF,2001,1559150.397,597017.2815,17416.19999,,base
ssp585,Fmean,WGOA,Rpath,POL,2002,3117695.911,1828996.892,1698.029945,,base
ssp585,Fmean,WGOA,Rpath,COD,2002,329657.1998,86672.3968,41567.98996,,base
ssp585,Fmean,WGOA,Rpath,ATF,2002,1561074.367,598208.7603,20173.56001,,base
ssp585,Fmean,WGOA,Rpath,POL,2003,3105660.591,1817041.088,48590.07701,,base
ssp585,Fmean,WGOA,Rpath,COD,2003,321002.2329,86072.65487,52365.75509,,base
ssp585,Fmean,WGOA,Rpath,ATF,2003,1552272.454,595288.6341,30169.77189,,base
ssp585,Fmean,WGOA,Rpath,POL,2004,3100496.18,1811816.72,62434.43992,,base
ssp585,Fmean,WGOA,Rpath,COD,2004,310907.3461,86861.68446,56450.24197,,base
ssp585,Fmean,WGOA,Rpath,ATF,2004,1557805.526,597533.7477,15634.90804,,base
ssp585,Fmean,WGOA,Rpath,POL,2005,3085140.756,1801622.597,78302.79193,,base
ssp585,Fmean,WGOA,Rpath,COD,2005,308747.7124,89355.03295,47523.77993,,base
ssp585,Fmean,WGOA,Rpath,ATF,2005,1557456.933,596651.5277,19923.57305,,base
ssp585,Fmean,WGOA,Rpath,POL,2006,3088115.7,1805154.794,68928.30799,,base
ssp585,Fmean,WGOA,Rpath,COD,2006,305285.4254,89662.84203,47767.07996,,base
ssp585,Fmean,WGOA,Rpath,ATF,2006,1552052.557,593803.972,27622.69892,,base
ssp585,Fmean,WGOA,Rpath,POL,2007,3108388.666,1820162.189,51572.307,,base
ssp585,Fmean,WGOA,Rpath,COD,2007,298656.828,86970.58416,51812.178,,base
ssp585,Fmean,WGOA,Rpath,ATF,2007,1552833.111,593773.0969,25346.98698,,base
ssp585,Fmean,WGOA,Rpath,POL,2008,3122657.328,1829614.826,50786.20601,,base
ssp585,Fmean,WGOA,Rpath,COD,2008,288014.1972,83738.42574,58386.38403,,base
ssp585,Fmean,WGOA,Rpath,ATF,2008,1551453.517,592951.9777,29205.93997,,base
ssp585,Fmean,WGOA,Rpath,POL,2009,3143273.399,1841984.82,41549.50308,,base
ssp585,Fmean,WGOA,Rpath,COD,2009,284535.8483,83301.56554,51788.98001,,base
ssp585,Fmean,WGOA,Rpath,ATF,2009,1555113.026,594046.2661,24831.74204,,base
ssp585,Fmean,WGOA,Rpath,POL,2010,3136117.031,1835292.146,73443.38423,,base
ssp585,Fmean,WGOA,Rpath,COD,2010,260387.0744,76717.56805,76954.1546,,base
ssp585,Fmean,WGOA,Rpath,ATF,2010,1558263.173,594362.5648,24339.44647,,base
ssp585,Fmean,WGOA,Rpath,POL,2011,3141056.088,1838289.751,77694.47962,,base
ssp585,Fmean,WGOA,Rpath,COD,2011,234318.5161,69543.30604,83710.47539,,base
ssp585,Fmean,WGOA,Rpath,ATF,2011,1557071.61,592792.1032,30911.82176,,base
ssp585,Fmean,WGOA,Rpath,POL,2012,3133568.472,1833854.712,98934.69122,,base
ssp585,Fmean,WGOA,Rpath,COD,2012,216652.3988,64116.82151,76871.10999,,base
ssp585,Fmean,WGOA,Rpath,ATF,2012,1567597.99,595605.7671,20761.90991,,base
ssp585,Fmean,WGOA,Rpath,POL,2013,3129803.327,1832301.647,90796.63161,,base
ssp585,Fmean,WGOA,Rpath,COD,2013,207097.746,61173.05499,66829.78162,,base
ssp585,Fmean,WGOA,Rpath,ATF,2013,1575636.643,596480.792,21809.31232,,base
ssp585,Fmean,WGOA,Rpath,POL,2014,3087331.432,1803398.136,138948.062,,base
ssp585,Fmean,WGOA,Rpath,COD,2014,180191.4473,54326.17477,83491.7282,,base
ssp585,Fmean,WGOA,Rpath,ATF,2014,1567912.163,590069.7527,36524.50153,,base
ssp585,Fmean,WGOA,Rpath,POL,2015,3045526.286,1775739.079,162807.646,,base
ssp585,Fmean,WGOA,Rpath,COD,2015,157932.7221,48934.44114,77689.99201,,base
ssp585,Fmean,WGOA,Rpath,ATF,2015,1577268.818,588791.536,19296.58722,,base
ssp585,Fmean,WGOA,Rpath,POL,2016,3007798.292,1753763.798,173086.3524,,base
ssp585,Fmean,WGOA,Rpath,COD,2016,147656.6154,47339.00977,62867.32743,,base
ssp585,Fmean,WGOA,Rpath,ATF,2016,1586289.943,586210.8787,19976.29419,,base
ssp585,Fmean,WGOA,Rpath,POL,2017,2976739.358,1738811.225,184220.0285,,base
ssp585,Fmean,WGOA,Rpath,COD,2017,147736.1447,50239.67431,48204.21467,,base
ssp585,Fmean,WGOA,Rpath,ATF,2017,1591593.276,581990.6601,27053.50899,,base
ssp585,Fmean,WGOA,Rpath,POL,2018,2968841.332,1740812.462,150815.1922,,base
ssp585,Fmean,WGOA,Rpath,COD,2018,174522.2292,61112.90393,14681.2982,,base
ssp585,Fmean,WGOA,Rpath,ATF,2018,1607270.211,582229.7484,18870.25094,,base
ssp585,Fmean,WGOA,Rpath,POL,2019,2976191.205,1750709.517,110649.2716,,base
ssp585,Fmean,WGOA,Rpath,COD,2019,197788.813,66355.87669,15200.42058,,base
ssp585,Fmean,WGOA,Rpath,ATF,2019,1614692.328,580069.5368,24567.05196,,base
ssp585,Fmean,WGOA,Rpath,POL,2020,2989800.234,1764764.179,99971.06489,,base
ssp585,Fmean,WGOA,Rpath,COD,2020,228117.2462,75554.1577,6085.249339,,base
ssp585,Fmean,WGOA,Rpath,ATF,2020,1626337.879,581528.2622,21115.8993,,base
ssp585,Fmean,WGOA,Rpath,POL,2021,2900353.004,1708594.483,235024.9393,,base
ssp585,Fmean,WGOA,Rpath,COD,2021,211905.2639,68705.01033,59695.16453,,base
ssp585,Fmean,WGOA,Rpath,ATF,2021,1626825.821,581449.0595,32540.35224,,base
ssp585,Fmean,WGOA,Rpath,POL,2022,2815780.746,1655450.614,259893.1661,,base
ssp585,Fmean,WGOA,Rpath,COD,2022,201697.5877,61723.31353,63532.10015,,base
ssp585,Fmean,WGOA,Rpath,ATF,2022,1623564.678,581748.4256,34212.93276,,base
ssp585,Fmean,WGOA,Rpath,POL,2023,2761644.126,1622384.14,257583.7698,,base
ssp585,Fmean,WGOA,Rpath,COD,2023,200982.1843,55910.24118,58196.40865,,base
ssp585,Fmean,WGOA,Rpath,ATF,2023,1621792.524,583751.2941,31749.34148,,base
ssp585,Fmean,WGOA,Rpath,POL,2024,2813439.344,1663220.597,132847.7524,,base
ssp585,Fmean,WGOA,Rpath,COD,2024,218212.6458,57115.41771,39115.2933,,base
ssp585,Fmean,WGOA,Rpath,ATF,2024,1630429.995,590467.6202,22676.53405,,base
ssp585,Fmean,WGOA,Rpath,POL,2025,2835697.167,1679527.982,134843.2279,,base
ssp585,Fmean,WGOA,Rpath,COD,2025,230953.3212,59174.37649,42281.80879,,base
ssp585,Fmean,WGOA,Rpath,ATF,2025,1637326.477,595957.354,22786.6516,,base
ssp585,Fmean,WGOA,Rpath,POL,2026,2849849.991,1688221.831,135747.9602,,base
ssp585,Fmean,WGOA,Rpath,COD,2026,241589.2807,62747.10153,44540.73526,,base
ssp585,Fmean,WGOA,Rpath,ATF,2026,1642779.045,599767.5143,22880.17811,,base
ssp585,Fmean,WGOA,Rpath,POL,2027,2868370.698,1699222.421,136454.1567,,base
ssp585,Fmean,WGOA,Rpath,COD,2027,251499.8277,65954.40919,46438.67286,,base
ssp585,Fmean,WGOA,Rpath,ATF,2027,1648063.899,602539.8926,22945.63963,,base
ssp585,Fmean,WGOA,Rpath,POL,2028,2877033.418,1704478.426,137275.0137,,base
ssp585,Fmean,WGOA,Rpath,COD,2028,260933.8008,67343.02607,48219.375,,base
ssp585,Fmean,WGOA,Rpath,ATF,2028,1652963.564,605082.1787,23026.06549,,base
ssp585,Fmean,WGOA,Rpath,POL,2029,2883056.968,1707396.527,137641.9392,,base
ssp585,Fmean,WGOA,Rpath,COD,2029,269757.1233,67256.38112,49978.85513,,base
ssp585,Fmean,WGOA,Rpath,ATF,2029,1655820.1,606638.2447,23080.35128,,base
ssp585,Fmean,WGOA,Rpath,POL,2030,2889595.821,1711573.823,137969.1266,,base
ssp585,Fmean,WGOA,Rpath,COD,2030,277721.6905,66694.62477,51716.85045,,base
ssp585,Fmean,WGOA,Rpath,ATF,2030,1658805.5,608269.4147,23119.19124,,base
ssp585,Fmean,WGOA,Rpath,POL,2031,2889430.012,1711048.951,138196.1356,,base
ssp585,Fmean,WGOA,Rpath,COD,2031,284251.5184,66500.232,53315.71346,,base
ssp585,Fmean,WGOA,Rpath,ATF,2031,1660327.38,609042.9993,23157.33627,,base
ssp585,Fmean,WGOA,Rpath,POL,2032,2888346.753,1709600.248,138108.4067,,base
ssp585,Fmean,WGOA,Rpath,COD,2032,289225.9103,67248.53943,54614.4061,,base
ssp585,Fmean,WGOA,Rpath,ATF,2032,1660656.392,609061.0226,23165.93999,,base
ssp585,Fmean,WGOA,Rpath,POL,2033,2891570.974,1712405.355,138204.972,,base
ssp585,Fmean,WGOA,Rpath,COD,2033,292875.8849,68957.26126,55574.38126,,base
ssp585,Fmean,WGOA,Rpath,ATF,2033,1662787.343,610207.5507,23181.99081,,base
ssp585,Fmean,WGOA,Rpath,POL,2034,2896396.994,1716979.088,138393.9116,,base
ssp585,Fmean,WGOA,Rpath,COD,2034,295464.1714,71175.65245,56220.60014,,base
ssp585,Fmean,WGOA,Rpath,ATF,2034,1666601.463,612523.5697,23219.87044,,base
ssp585,Fmean,WGOA,Rpath,POL,2035,2898428.981,1719701.52,138592.179,,base
ssp585,Fmean,WGOA,Rpath,COD,2035,297257.2267,73196.97004,56622.49721,,base
ssp585,Fmean,WGOA,Rpath,ATF,2035,1671099.837,615497.6026,23279.43324,,base
ssp585,Fmean,WGOA,Rpath,POL,2036,2889216.909,1713441.873,138479.7291,,base
ssp585,Fmean,WGOA,Rpath,COD,2036,298365.7604,74485.13046,56856.91589,,base
ssp585,Fmean,WGOA,Rpath,ATF,2036,1672615.765,616861.7393,23328.56495,,base
ssp585,Fmean,WGOA,Rpath,POL,2037,2877410.705,1704172.05,137992.2828,,base
ssp585,Fmean,WGOA,Rpath,COD,2037,299037.3959,74895.46995,56994.61719,,base
ssp585,Fmean,WGOA,Rpath,ATF,2037,1670048.32,615511.3791,23327.21471,,base
ssp585,Fmean,WGOA,Rpath,POL,2038,2870972.424,1699083.696,137434.385,,base
ssp585,Fmean,WGOA,Rpath,COD,2038,299626.3041,74675.51537,57107.40626,,base
ssp585,Fmean,WGOA,Rpath,ATF,2038,1666325.736,612802.1517,23273.181,,base
ssp585,Fmean,WGOA,Rpath,POL,2039,2870516.613,1700298.677,137307.3889,,base
ssp585,Fmean,WGOA,Rpath,COD,2039,300207.033,74289.16016,57254.73626,,base
ssp585,Fmean,WGOA,Rpath,ATF,2039,1666008.753,611565.7524,23243.78699,,base
ssp585,Fmean,WGOA,Rpath,POL,2040,2864139.74,1697156.674,137163.0337,,base
ssp585,Fmean,WGOA,Rpath,COD,2040,300425.623,74057.95616,57393.49209,,base
ssp585,Fmean,WGOA,Rpath,ATF,2040,1666198.724,610565.0478,23246.77377,,base
ssp585,Fmean,WGOA,Rpath,POL,2041,2861750.736,1696312.898,136893.1911,,base
ssp585,Fmean,WGOA,Rpath,COD,2041,300319.4842,74229.72973,57453.07998,,base
ssp585,Fmean,WGOA,Rpath,ATF,2041,1667006.876,609988.3316,23251.87117,,base
ssp585,Fmean,WGOA,Rpath,POL,2042,2853855.906,1691193.665,136660.3757,,base
ssp585,Fmean,WGOA,Rpath,COD,2042,299811.399,74752.21343,57425.2234,,base
ssp585,Fmean,WGOA,Rpath,ATF,2042,1666636.017,609124.0501,23260.7249,,base
ssp585,Fmean,WGOA,Rpath,POL,2043,2843462.531,1683616.347,136168.556,,base
ssp585,Fmean,WGOA,Rpath,COD,2043,299041.6823,75351.41872,57298.75387,,base
ssp585,Fmean,WGOA,Rpath,ATF,2043,1664304.618,607493.861,23242.16201,,base
ssp585,Fmean,WGOA,Rpath,POL,2044,2835502.041,1677768.641,135699.1828,,base
ssp585,Fmean,WGOA,Rpath,COD,2044,298246.3653,75784.96813,57121.08067,,base
ssp585,Fmean,WGOA,Rpath,ATF,2044,1661090.872,605597.366,23204.58727,,base
ssp585,Fmean,WGOA,Rpath,POL,2045,2834169.307,1677432.25,135427.4004,,base
ssp585,Fmean,WGOA,Rpath,COD,2045,297653.2213,75938.41023,56955.34818,,base
ssp585,Fmean,WGOA,Rpath,ATF,2045,1659334.064,604565.2984,23165.11442,,base
ssp585,Fmean,WGOA,Rpath,POL,2046,2837105.068,1681334,135424.814,,base
ssp585,Fmean,WGOA,Rpath,COD,2046,297326.8773,75846.77877,56843.39883,,base
ssp585,Fmean,WGOA,Rpath,ATF,2046,1661286.88,605719.5315,23159.55847,,base
ssp585,Fmean,WGOA,Rpath,POL,2047,2835285.259,1681512.923,135455.9703,,base
ssp585,Fmean,WGOA,Rpath,COD,2047,297003.3983,75620.50547,56776.52943,,base
ssp585,Fmean,WGOA,Rpath,ATF,2047,1664334.133,607815.3132,23197.50616,,base
ssp585,Fmean,WGOA,Rpath,POL,2048,2827597.413,1676415.988,135227.7817,,base
ssp585,Fmean,WGOA,Rpath,COD,2048,296532.7911,75401.28311,56704.77553,,base
ssp585,Fmean,WGOA,Rpath,ATF,2048,1665497.365,609031.5593,23230.358,,base
ssp585,Fmean,WGOA,Rpath,POL,2049,2814675.155,1666410.553,134758.0223,,base
ssp585,Fmean,WGOA,Rpath,COD,2049,295844.475,75250.93388,56603.9128,,base
ssp585,Fmean,WGOA,Rpath,ATF,2049,1662562.139,607862.034,23226.35147,,base
ssp585,Fmean,WGOA,Rpath,POL,2050,2810625.778,1663121.084,134237.3294,,base
ssp585,Fmean,WGOA,Rpath,COD,2050,295294.0032,75194.326,56479.61747,,base
ssp585,Fmean,WGOA,Rpath,ATF,2050,1659213.87,605937.4289,23171.921,,base
ssp585,Fmean,WGOA,Rpath,POL,2051,2809262.346,1663225.145,134126.9409,,base
ssp585,Fmean,WGOA,Rpath,COD,2051,294904.515,75196.45963,56387.83002,,base
ssp585,Fmean,WGOA,Rpath,ATF,2051,1658098.274,604955.6887,23140.17497,,base
ssp585,Fmean,WGOA,Rpath,POL,2052,2805382.608,1661455.214,133984.5902,,base
ssp585,Fmean,WGOA,Rpath,COD,2052,294516.1343,75171.31454,56313.52508,,base
ssp585,Fmean,WGOA,Rpath,ATF,2052,1657751.507,604250.2022,23130.65572,,base
ssp585,Fmean,WGOA,Rpath,POL,2053,2797380.053,1655935.26,133680.5657,,base
ssp585,Fmean,WGOA,Rpath,COD,2053,294028.5485,75110.16644,56230.10061,,base
ssp585,Fmean,WGOA,Rpath,ATF,2053,1656294.328,602882.5601,23123.10978,,base
ssp585,Fmean,WGOA,Rpath,POL,2054,2790711.261,1650891.213,133232.2159,,base
ssp585,Fmean,WGOA,Rpath,COD,2054,293558.9068,75036.32343,56131.33207,,base
ssp585,Fmean,WGOA,Rpath,ATF,2054,1653818.837,600898.3217,23091.68555,,base
ssp585,Fmean,WGOA,Rpath,POL,2055,2785994.861,1648169.13,133009.7664,,base
ssp585,Fmean,WGOA,Rpath,COD,2055,293174.6402,74974.47878,56049.20382,,base
ssp585,Fmean,WGOA,Rpath,ATF,2055,1652352.957,599701.4009,23067.65789,,base
ssp585,Fmean,WGOA,Rpath,POL,2056,2783774.7,1646938.019,132743.1624,,base
ssp585,Fmean,WGOA,Rpath,COD,2056,292853.2336,74892.83818,55978.527,,base
ssp585,Fmean,WGOA,Rpath,ATF,2056,1651145.429,598926.749,23044.14459,,base
ssp585,Fmean,WGOA,Rpath,POL,2057,2778739.412,1644114.337,132595.5391,,base
ssp585,Fmean,WGOA,Rpath,COD,2057,292529.4056,74825.36305,55919.89816,,base
ssp585,Fmean,WGOA,Rpath,ATF,2057,1650503.883,598807.0928,23034.87493,,base
ssp585,Fmean,WGOA,Rpath,POL,2058,2774423.735,1640911.387,132305.4243,,base
ssp585,Fmean,WGOA,Rpath,COD,2058,292152.0916,74771.61691,55855.1472,,base
ssp585,Fmean,WGOA,Rpath,ATF,2058,1648829.33,598253.5945,23019.09266,,base
ssp585,Fmean,WGOA,Rpath,POL,2059,2766729.147,1635279.191,132014.5014,,base
ssp585,Fmean,WGOA,Rpath,COD,2059,291715.5392,74729.97121,55781.2755,,base
ssp585,Fmean,WGOA,Rpath,ATF,2059,1646008.142,597122.3845,22990.42891,,base
ssp585,Fmean,WGOA,Rpath,POL,2060,2766788.192,1635619.703,131751.5081,,base
ssp585,Fmean,WGOA,Rpath,COD,2060,291423.2805,74724.07889,55704.36399,,base
ssp585,Fmean,WGOA,Rpath,ATF,2060,1644782.762,596797.8437,22953.61315,,base
ssp585,Fmean,WGOA,Rpath,POL,2061,2755491.731,1627309.984,131581.2357,,base
ssp585,Fmean,WGOA,Rpath,COD,2061,290895.7163,74674.01694,55640.48507,,base
ssp585,Fmean,WGOA,Rpath,ATF,2061,1640943.151,595165.5312,22935.69774,,base
ssp585,Fmean,WGOA,Rpath,POL,2062,2755790.525,1627277.842,131113.8868,,base
ssp585,Fmean,WGOA,Rpath,COD,2062,290569.5303,74622.54914,55546.64869,,base
ssp585,Fmean,WGOA,Rpath,ATF,2062,1638277.205,593788.4948,22870.00494,,base
ssp585,Fmean,WGOA,Rpath,POL,2063,2756994.9,1629488.144,131181.6865,,base
ssp585,Fmean,WGOA,Rpath,COD,2063,290405.1332,74641.53132,55492.85873,,base
ssp585,Fmean,WGOA,Rpath,ATF,2063,1639389.723,594614.6261,22860.2825,,base
ssp585,Fmean,WGOA,Rpath,POL,2064,2749515.715,1624774.997,131113.9643,,base
ssp585,Fmean,WGOA,Rpath,COD,2064,290044.1092,74629.66218,55449.236,,base
ssp585,Fmean,WGOA,Rpath,ATF,2064,1639106.507,594930.7214,22877.39594,,base
ssp585,Fmean,WGOA,Rpath,POL,2065,2738435.16,1615528.034,130583.4742,,base
ssp585,Fmean,WGOA,Rpath,COD,2065,289473.7023,74546.47283,55360.66962,,base
ssp585,Fmean,WGOA,Rpath,ATF,2065,1634420.776,592732.866,22845.26623,,base
ssp585,Fmean,WGOA,Rpath,POL,2066,2735381.057,1612898.579,130174.8223,,base
ssp585,Fmean,WGOA,Rpath,COD,2066,289067.1896,74485.62382,55260.98551,,base
ssp585,Fmean,WGOA,Rpath,ATF,2066,1630334.125,590573.3746,22777.17786,,base
ssp585,Fmean,WGOA,Rpath,POL,2067,2727993.56,1607592.105,129957.8298,,base
ssp585,Fmean,WGOA,Rpath,COD,2067,288631.0503,74383.62224,55191.58581,,base
ssp585,Fmean,WGOA,Rpath,ATF,2067,1625849.079,588138.3962,22724.24216,,base
ssp585,Fmean,WGOA,Rpath,POL,2068,2724558.214,1605023.1,129587.7247,,base
ssp585,Fmean,WGOA,Rpath,COD,2068,288274.1441,74259.05381,55118.90605,,base
ssp585,Fmean,WGOA,Rpath,ATF,2068,1622082.232,585990.5467,22658.89122,,base
ssp585,Fmean,WGOA,Rpath,POL,2069,2725249.406,1606386.249,129513.3611,,base
ssp585,Fmean,WGOA,Rpath,COD,2069,288041.7855,74232.82335,55065.5186,,base
ssp585,Fmean,WGOA,Rpath,ATF,2069,1621481.784,585733.432,22626.20189,,base
ssp585,Fmean,WGOA,Rpath,POL,2070,2717438.297,1600898.04,129307.7031,,base
ssp585,Fmean,WGOA,Rpath,COD,2070,287659.2044,74241.12968,55011.23064,,base
ssp585,Fmean,WGOA,Rpath,ATF,2070,1619746.75,585152.186,22613.79036,,base
ssp585,Fmean,WGOA,Rpath,POL,2071,2716416.697,1600301.46,129050.386,,base
ssp585,Fmean,WGOA,Rpath,COD,2071,287361.2467,74305.80474,54934.28014,,base
ssp585,Fmean,WGOA,Rpath,ATF,2071,1618984.79,585335.5878,22592.21453,,base
ssp585,Fmean,WGOA,Rpath,POL,2072,2715716.733,1600353.248,129027.6327,,base
ssp585,Fmean,WGOA,Rpath,COD,2072,287110.1356,74389.43128,54871.50125,,base
ssp585,Fmean,WGOA,Rpath,ATF,2072,1618843.932,586197.8844,22587.34347,,base
ssp585,Fmean,WGOA,Rpath,POL,2073,2706935.309,1593589.114,128795.099,,base
ssp585,Fmean,WGOA,Rpath,COD,2073,286697.5236,74357.39092,54805.94507,,base
ssp585,Fmean,WGOA,Rpath,ATF,2073,1615621.619,585458.7519,22570.19,,base
ssp585,Fmean,WGOA,Rpath,POL,2074,2702661.277,1589701.8,128380.3755,,base
ssp585,Fmean,WGOA,Rpath,COD,2074,286369.555,74237.61268,54723.95915,,base
ssp585,Fmean,WGOA,Rpath,ATF,2074,1611555.77,583917.1262,22512.82617,,base
ssp585,Fmean,WGOA,Rpath,POL,2075,2699988.142,1587677.614,128240.0753,,base
ssp585,Fmean,WGOA,Rpath,COD,2075,286132.957,74101.77843,54672.01696,,base
ssp585,Fmean,WGOA,Rpath,ATF,2075,1608127.831,582436.7003,22463.36714,,base
ssp585,Fmean,WGOA,Rpath,POL,2076,2703726.667,1591175.334,128211.0756,,base
ssp585,Fmean,WGOA,Rpath,COD,2076,286082.6085,74007.04633,54645.52952,,base
ssp585,Fmean,WGOA,Rpath,ATF,2076,1607792.63,582401.9817,22427.60396,,base
ssp585,Fmean,WGOA,Rpath,POL,2077,2699127.515,1588260.188,128242.0699,,base
ssp585,Fmean,WGOA,Rpath,COD,2077,285859.0106,73954.0832,54635.39956,,base
ssp585,Fmean,WGOA,Rpath,ATF,2077,1607011.031,582280.693,22430.34872,,base
ssp585,Fmean,WGOA,Rpath,POL,2078,2691867.392,1582275.437,127865.0511,,base
ssp585,Fmean,WGOA,Rpath,COD,2078,285484.5363,73941.14985,54582.68277,,base
ssp585,Fmean,WGOA,Rpath,ATF,2078,1603992.131,580850.7781,22401.40468,,base
ssp585,Fmean,WGOA,Rpath,POL,2079,2687846.614,1578947.344,127576.084,,base
ssp585,Fmean,WGOA,Rpath,COD,2079,285122.2397,73992.6736,54509.63914,,base
ssp585,Fmean,WGOA,Rpath,ATF,2079,1600911.773,579333.041,22358.9779,,base
ssp585,Fmean,WGOA,Rpath,POL,2080,2683494.477,1575529.891,127342.2133,,base
ssp585,Fmean,WGOA,Rpath,COD,2080,284751.8492,74019.45114,54438.70576,,base
ssp585,Fmean,WGOA,Rpath,ATF,2080,1597302.003,577569.4663,22313.4305,,base
ssp585,Fmean,WGOA,Rpath,POL,2081,2680971.567,1574030.257,127167.3008,,base
ssp585,Fmean,WGOA,Rpath,COD,2081,284457.4307,74002.13362,54373.00616,,base
ssp585,Fmean,WGOA,Rpath,ATF,2081,1594775.494,576444.9357,22268.29667,,base
ssp585,Fmean,WGOA,Rpath,POL,2082,2675797.432,1570185.316,126961.4143,,base
ssp585,Fmean,WGOA,Rpath,COD,2082,284106.2621,73936.53637,54314.71089,,base
ssp585,Fmean,WGOA,Rpath,ATF,2082,1591825.689,575195.8712,22233.75142,,base
ssp585,Fmean,WGOA,Rpath,POL,2083,2673672.287,1568469.209,126704.5702,,base
ssp585,Fmean,WGOA,Rpath,COD,2083,283811.5691,73879.7405,54250.72036,,base
ssp585,Fmean,WGOA,Rpath,ATF,2083,1589374.596,574210.999,22190.69202,,base
ssp585,Fmean,WGOA,Rpath,POL,2084,2674975.118,1570094.965,126710.135,,base
ssp585,Fmean,WGOA,Rpath,COD,2084,283607.5123,73892.49161,54203.09349,,base
ssp585,Fmean,WGOA,Rpath,ATF,2084,1589197.442,574681.8114,22171.88032,,base
ssp585,Fmean,WGOA,Rpath,POL,2085,2670921.898,1567360.43,126606.4141,,base
ssp585,Fmean,WGOA,Rpath,COD,2085,283315.2359,73911.72465,54155.02177,,base
ssp585,Fmean,WGOA,Rpath,ATF,2085,1588376.43,575069.0407,22165.19246,,base
ssp585,Fmean,WGOA,Rpath,POL,2086,2663307.809,1561300.473,126316.9412,,base
ssp585,Fmean,WGOA,Rpath,COD,2086,282913.2355,73909.32542,54083.70351,,base
ssp585,Fmean,WGOA,Rpath,ATF,2086,1585521.927,574410.8364,22144.16828,,base
ssp585,Fmean,WGOA,Rpath,POL,2087,2659509.667,1557597.31,126044.8143,,base
ssp585,Fmean,WGOA,Rpath,COD,2087,282488.9195,73881.39264,54003.08306,,base
ssp585,Fmean,WGOA,Rpath,ATF,2087,1580897.754,572572.3354,22095.92209,,base
ssp585,Fmean,WGOA,Rpath,POL,2088,2659471.56,1557339.379,125866.2882,,base
ssp585,Fmean,WGOA,Rpath,COD,2088,282215.6426,73817.72422,53933.48037,,base
ssp585,Fmean,WGOA,Rpath,ATF,2088,1577058.107,570811.1082,22027.12318,,base
ssp585,Fmean,WGOA,Rpath,POL,2089,2654858.026,1554043.405,125760.5545,,base
ssp585,Fmean,WGOA,Rpath,COD,2089,281943.8978,73708.44506,53888.12211,,base
ssp585,Fmean,WGOA,Rpath,ATF,2089,1573733.53,569252.4088,21980.38839,,base
ssp585,Fmean,WGOA,Rpath,POL,2090,2654134.551,1553554.875,125586.1024,,base
ssp585,Fmean,WGOA,Rpath,COD,2090,281750.9224,73630.4546,53842.78122,,base
ssp585,Fmean,WGOA,Rpath,ATF,2090,1571912.036,568436.8346,21939.65215,,base
ssp585,Fmean,WGOA,Rpath,POL,2091,2648158.301,1548571.414,125456.4665,,base
ssp585,Fmean,WGOA,Rpath,COD,2091,281385.3527,73588.52684,53802.14718,,base
ssp585,Fmean,WGOA,Rpath,ATF,2091,1568151.452,566695.7112,21912.68712,,base
ssp585,Fmean,WGOA,Rpath,POL,2092,2644432.955,1544982.293,125142.1843,,base
ssp585,Fmean,WGOA,Rpath,COD,2092,281019.2332,73569.55684,53738.01043,,base
ssp585,Fmean,WGOA,Rpath,ATF,2092,1563273.338,564280.2038,21847.01752,,base
ssp585,Fmean,WGOA,Rpath,POL,2093,2644436.895,1544859.113,125000.7533,,base
ssp585,Fmean,WGOA,Rpath,COD,2093,280785.2572,73590.22653,53679.2715,,base
ssp585,Fmean,WGOA,Rpath,ATF,2093,1560327.016,563032.5571,21786.54738,,base
ssp585,Fmean,WGOA,Rpath,POL,2094,2643898.162,1544827.83,125002.4814,,base
ssp585,Fmean,WGOA,Rpath,COD,2094,280592.5997,73630.81074,53638.65271,,base
ssp585,Fmean,WGOA,Rpath,ATF,2094,1559212.329,563125.6453,21760.32316,,base
ssp585,Fmean,WGOA,Rpath,POL,2095,2647903.456,1548442.442,125036.7258,,base
ssp585,Fmean,WGOA,Rpath,COD,2095,280529.4597,73710.2777,53600.29051,,base
ssp585,Fmean,WGOA,Rpath,ATF,2095,1560866.9,565005.326,21756.08947,,base
ssp585,Fmean,WGOA,Rpath,POL,2096,2643862.647,1545689.385,125109.8653,,base
ssp585,Fmean,WGOA,Rpath,COD,2096,280313.6006,73779.23758,53569.73241,,base
ssp585,Fmean,WGOA,Rpath,ATF,2096,1561241.685,566545.4221,21782.1783,,base
ssp585,Fmean,WGOA,Rpath,POL,2097,2651741.394,1551601.781,125051.2775,,base
ssp585,Fmean,WGOA,Rpath,COD,2097,280309.6881,73857.96698,53519.38709,,base
ssp585,Fmean,WGOA,Rpath,ATF,2097,1563586.092,569008.8046,21781.90072,,base
ssp585,Fmean,WGOA,Rpath,POL,2098,2647726.042,1549586.981,125302.0143,,base
ssp585,Fmean,WGOA,Rpath,COD,2098,280229.8408,73891.38107,53503.38432,,base
ssp585,Fmean,WGOA,Rpath,ATF,2098,1565468.93,571420.7442,21825.36793,,base
ssp585,Fmean,WGOA,Rpath,POL,2099,2632554.712,1536065.872,124836.3053,,base
ssp585,Fmean,WGOA,Rpath,COD,2099,279686.1454,73703.26252,53454.42139,,base
ssp585,Fmean,WGOA,Rpath,ATF,2099,1558365.872,568387.8757,21807.07043,,base
persistence,F0,WGOA,Rpath,POL,1991,2884927.165,1690895.406,87828.01,,pcod_rec
persistence,F0,WGOA,Rpath,COD,1991,399280.2939,93224.23736,64466.82999,,pcod_rec
persistence,F0,WGOA,Rpath,ATF,1991,1554327.805,597326.9774,16958.38001,,pcod_rec
persistence,F0,WGOA,Rpath,POL,1992,2892495.913,1696087.278,90585.18996,,pcod_rec
persistence,F0,WGOA,Rpath,COD,1992,371842.9001,88999.22879,78966.50009,,pcod_rec
persistence,F0,WGOA,Rpath,ATF,1992,1551901.376,598021.2117,20482.18006,,pcod_rec
persistence,F0,WGOA,Rpath,POL,1993,2886917.46,1690078.21,108230.1801,,pcod_rec
persistence,F0,WGOA,Rpath,COD,1993,375328.1754,91984.46817,45849.17007,,pcod_rec
persistence,F0,WGOA,Rpath,ATF,1993,1551566.347,599298.1593,18294.44992,,pcod_rec
persistence,F0,WGOA,Rpath,POL,1994,2891612.897,1691340.87,100412.3599,,pcod_rec
persistence,F0,WGOA,Rpath,COD,1994,374238.5054,92168.02449,45610.57997,,pcod_rec
persistence,F0,WGOA,Rpath,ATF,1994,1547453.432,598480.5088,21993.23998,,pcod_rec
persistence,F0,WGOA,Rpath,POL,1995,2920445.243,1709974.752,69168.12993,,pcod_rec
persistence,F0,WGOA,Rpath,COD,1995,354241.1182,88060.92648,67907.17999,,pcod_rec
persistence,F0,WGOA,Rpath,ATF,1995,1548788.073,599203.4556,17415.49004,,pcod_rec
persistence,F0,WGOA,Rpath,POL,1996,2949537.5,1727520.768,49825.87004,,pcod_rec
persistence,F0,WGOA,Rpath,COD,1996,348901.2699,89289.89982,55391.6601,,pcod_rec
persistence,F0,WGOA,Rpath,ATF,1996,1545296.542,597141.1539,21555.6099,,pcod_rec
persistence,F0,WGOA,Rpath,POL,1997,2946193.762,1722365.564,84179.64997,,pcod_rec
persistence,F0,WGOA,Rpath,COD,1997,339607.8718,88455.84666,58920.57999,,pcod_rec
persistence,F0,WGOA,Rpath,ATF,1997,1547340.939,596389.7317,14758.27989,,pcod_rec
persistence,F0,WGOA,Rpath,POL,1998,3007840.548,1762267.823,5428.379998,,pcod_rec
persistence,F0,WGOA,Rpath,COD,1998,338402.0081,87897.09963,50218.95011,,pcod_rec
persistence,F0,WGOA,Rpath,ATF,1998,1552042.171,596282.5118,12377.19001,,pcod_rec
persistence,F0,WGOA,Rpath,POL,1999,2993956.264,1751820.359,90556.90006,,pcod_rec
persistence,F0,WGOA,Rpath,COD,1999,323385.5045,83134.3282,66264.6701,,pcod_rec
persistence,F0,WGOA,Rpath,ATF,1999,1556822.572,596729.6537,14649.22992,,pcod_rec
persistence,F0,WGOA,Rpath,POL,2000,3049484.669,1789601.224,5552.830105,,pcod_rec
persistence,F0,WGOA,Rpath,COD,2000,321234.7048,82993.63067,53384.86994,,pcod_rec
persistence,F0,WGOA,Rpath,ATF,2000,1555589.603,595731.5303,22993.75009,,pcod_rec
persistence,F0,WGOA,Rpath,POL,2001,3082953.386,1808450.385,3452.299979,,pcod_rec
persistence,F0,WGOA,Rpath,COD,2001,327836.0522,85350.66779,40517.40995,,pcod_rec
persistence,F0,WGOA,Rpath,ATF,2001,1559150.397,597017.2815,17416.19999,,pcod_rec
persistence,F0,WGOA,Rpath,POL,2002,3117695.911,1828996.892,1698.029945,,pcod_rec
persistence,F0,WGOA,Rpath,COD,2002,329657.1998,86672.3968,41567.98996,,pcod_rec
persistence,F0,WGOA,Rpath,ATF,2002,1561074.367,598208.7603,20173.56001,,pcod_rec
persistence,F0,WGOA,Rpath,POL,2003,3105660.591,1817041.088,48590.07701,,pcod_rec
persistence,F0,WGOA,Rpath,COD,2003,321002.2329,86072.65487,52365.75509,,pcod_rec
persistence,F0,WGOA,Rpath,ATF,2003,1552272.454,595288.6341,30169.77189,,pcod_rec
persistence,F0,WGOA,Rpath,POL,2004,3100496.18,1811816.72,62434.43992,,pcod_rec
persistence,F0,WGOA,Rpath,COD,2004,310907.3461,86861.68446,56450.24197,,pcod_rec
persistence,F0,WGOA,Rpath,ATF,2004,1557805.526,597533.7477,15634.90804,,pcod_rec
persistence,F0,WGOA,Rpath,POL,2005,3085140.756,1801622.597,78302.79193,,pcod_rec
persistence,F0,WGOA,Rpath,COD,2005,308747.7124,89355.03295,47523.77993,,pcod_rec
persistence,F0,WGOA,Rpath,ATF,2005,1557456.933,596651.5277,19923.57305,,pcod_rec
persistence,F0,WGOA,Rpath,POL,2006,3088115.7,1805154.794,68928.30799,,pcod_rec
persistence,F0,WGOA,Rpath,COD,2006,305285.4254,89662.84203,47767.07996,,pcod_rec
persistence,F0,WGOA,Rpath,ATF,2006,1552052.557,593803.972,27622.69892,,pcod_rec
persistence,F0,WGOA,Rpath,POL,2007,3108388.666,1820162.189,51572.307,,pcod_rec
persistence,F0,WGOA,Rpath,COD,2007,298656.828,86970.58416,51812.178,,pcod_rec
persistence,F0,WGOA,Rpath,ATF,2007,1552833.111,593773.0969,25346.98698,,pcod_rec
persistence,F0,WGOA,Rpath,POL,2008,3122657.328,1829614.826,50786.20601,,pcod_rec
persistence,F0,WGOA,Rpath,COD,2008,288014.1972,83738.42574,58386.38403,,pcod_rec
persistence,F0,WGOA,Rpath,ATF,2008,1551453.517,592951.9777,29205.93997,,pcod_rec
persistence,F0,WGOA,Rpath,POL,2009,3143273.399,1841984.82,41549.50308,,pcod_rec
persistence,F0,WGOA,Rpath,COD,2009,284535.8483,83301.56554,51788.98001,,pcod_rec
persistence,F0,WGOA,Rpath,ATF,2009,1555113.026,594046.2661,24831.74204,,pcod_rec
persistence,F0,WGOA,Rpath,POL,2010,3136117.031,1835292.146,73443.38423,,pcod_rec
persistence,F0,WGOA,Rpath,COD,2010,260387.0744,76717.56805,76954.1546,,pcod_rec
persistence,F0,WGOA,Rpath,ATF,2010,1558263.173,594362.5648,24339.44647,,pcod_rec
persistence,F0,WGOA,Rpath,POL,2011,3141056.088,1838289.751,77694.47962,,pcod_rec
persistence,F0,WGOA,Rpath,COD,2011,234318.5161,69543.30604,83710.47539,,pcod_rec
persistence,F0,WGOA,Rpath,ATF,2011,1557071.61,592792.1032,30911.82176,,pcod_rec
persistence,F0,WGOA,Rpath,POL,2012,3133568.472,1833854.712,98934.69122,,pcod_rec
persistence,F0,WGOA,Rpath,COD,2012,216652.3988,64116.82151,76871.10999,,pcod_rec
persistence,F0,WGOA,Rpath,ATF,2012,1567597.99,595605.7671,20761.90991,,pcod_rec
persistence,F0,WGOA,Rpath,POL,2013,3129803.327,1832301.647,90796.63161,,pcod_rec
persistence,F0,WGOA,Rpath,COD,2013,207097.746,61173.05499,66829.78162,,pcod_rec
persistence,F0,WGOA,Rpath,ATF,2013,1575636.643,596480.792,21809.31232,,pcod_rec
persistence,F0,WGOA,Rpath,POL,2014,3087331.432,1803398.136,138948.062,,pcod_rec
persistence,F0,WGOA,Rpath,COD,2014,180191.4473,54326.17477,83491.7282,,pcod_rec
persistence,F0,WGOA,Rpath,ATF,2014,1567912.163,590069.7527,36524.50153,,pcod_rec
persistence,F0,WGOA,Rpath,POL,2015,3045526.286,1775739.079,162807.646,,pcod_rec
persistence,F0,WGOA,Rpath,COD,2015,157932.7221,48934.44114,77689.99201,,pcod_rec
persistence,F0,WGOA,Rpath,ATF,2015,1577268.818,588791.536,19296.58722,,pcod_rec
persistence,F0,WGOA,Rpath,POL,2016,3007798.292,1753763.798,173086.3524,,pcod_rec
persistence,F0,WGOA,Rpath,COD,2016,147656.6154,47339.00977,62867.32743,,pcod_rec
persistence,F0,WGOA,Rpath,ATF,2016,1586289.943,586210.8787,19976.29419,,pcod_rec
persistence,F0,WGOA,Rpath,POL,2017,2976739.358,1738811.225,184220.0285,,pcod_rec
persistence,F0,WGOA,Rpath,COD,2017,147736.1447,50239.67431,48204.21467,,pcod_rec
persistence,F0,WGOA,Rpath,ATF,2017,1591593.276,581990.6601,27053.50899,,pcod_rec
persistence,F0,WGOA,Rpath,POL,2018,2968841.332,1740812.462,150815.1922,,pcod_rec
persistence,F0,WGOA,Rpath,COD,2018,174522.2292,61112.90393,14681.2982,,pcod_rec
persistence,F0,WGOA,Rpath,ATF,2018,1607270.211,582229.7484,18870.25094,,pcod_rec
persistence,F0,WGOA,Rpath,POL,2019,2976191.205,1750709.517,110649.2716,,pcod_rec
persistence,F0,WGOA,Rpath,COD,2019,197788.813,66355.87669,15200.42058,,pcod_rec
persistence,F0,WGOA,Rpath,ATF,2019,1614692.328,580069.5368,24567.05196,,pcod_rec
persistence,F0,WGOA,Rpath,POL,2020,2989800.234,1764764.179,99971.06489,,pcod_rec
persistence,F0,WGOA,Rpath,COD,2020,228117.2462,75554.1577,6085.249339,,pcod_rec
persistence,F0,WGOA,Rpath,ATF,2020,1626337.879,581528.2622,21115.8993,,pcod_rec
persistence,F0,WGOA,Rpath,POL,2021,2995471.355,1772438.505,93869.85877,,pcod_rec
persistence,F0,WGOA,Rpath,COD,2021,246074.3727,80181.00935,18686.81231,,pcod_rec
persistence,F0,WGOA,Rpath,ATF,2021,1646164.511,588168.3007,9846.300133,,pcod_rec
persistence,F0,WGOA,Rpath,POL,2022,2974120.546,1761962.339,123494.0341,,pcod_rec
persistence,F0,WGOA,Rpath,COD,2022,260979.5272,80696.13341,25387.70532,,pcod_rec
persistence,F0,WGOA,Rpath,ATF,2022,1660853.239,595237.3018,11531.83168,,pcod_rec
persistence,F0,WGOA,Rpath,POL,2023,2954851.425,1752685.59,124964.8454,,pcod_rec
persistence,F0,WGOA,Rpath,COD,2023,281428.0876,80437.53839,21018.29691,,pcod_rec
persistence,F0,WGOA,Rpath,ATF,2023,1673786.771,603767.5153,9114.887409,,pcod_rec
persistence,F0,WGOA,Rpath,POL,2024,3027028.356,1805008.94,0,,pcod_rec
persistence,F0,WGOA,Rpath,COD,2024,318578.5345,85647.45545,0,,pcod_rec
persistence,F0,WGOA,Rpath,ATF,2024,1692346.588,615925.9435,0,,pcod_rec
persistence,F0,WGOA,Rpath,POL,2025,3068557.401,1833252.367,0,,pcod_rec
persistence,F0,WGOA,Rpath,COD,2025,349935.2431,89592.99109,0,,pcod_rec
persistence,F0,WGOA,Rpath,ATF,2025,1707692.855,627451.8718,0,,pcod_rec
persistence,F0,WGOA,Rpath,POL,2026,3097588.978,1852722.443,0,,pcod_rec
persistence,F0,WGOA,Rpath,COD,2026,376995.8389,94557.91934,0,,pcod_rec
persistence,F0,WGOA,Rpath,ATF,2026,1720938.162,638088.3656,0,,pcod_rec
persistence,F0,WGOA,Rpath,POL,2027,3117209.927,1865125.839,0,,pcod_rec
persistence,F0,WGOA,Rpath,COD,2027,400357.9266,100868.6472,0,,pcod_rec
persistence,F0,WGOA,Rpath,ATF,2027,1731484.868,646680.372,0,,pcod_rec
persistence,F0,WGOA,Rpath,POL,2028,3130108.191,1873207.31,0,,pcod_rec
persistence,F0,WGOA,Rpath,COD,2028,420459.311,107598.0814,0,,pcod_rec
persistence,F0,WGOA,Rpath,ATF,2028,1739505.202,652927.2801,0,,pcod_rec
persistence,F0,WGOA,Rpath,POL,2029,3138679.446,1878931.31,0,,pcod_rec
persistence,F0,WGOA,Rpath,COD,2029,437738.2836,113727.9031,0,,pcod_rec
persistence,F0,WGOA,Rpath,ATF,2029,1745554.152,657061.4941,0,,pcod_rec
persistence,F0,WGOA,Rpath,POL,2030,3144504.998,1883372.032,0,,pcod_rec
persistence,F0,WGOA,Rpath,COD,2030,452631.9066,118853.1933,0,,pcod_rec
persistence,F0,WGOA,Rpath,ATF,2030,1750274.743,659326.0841,0,,pcod_rec
persistence,F0,WGOA,Rpath,POL,2031,3148589.314,1887019.232,0,,pcod_rec
persistence,F0,WGOA,Rpath,COD,2031,465594.3605,122853.427,0,,pcod_rec
persistence,F0,WGOA,Rpath,ATF,2031,1754190.209,660076.7214,0,,pcod_rec
persistence,F0,WGOA,Rpath,POL,2032,3151642.481,1890141.277,0,,pcod_rec
persistence,F0,WGOA,Rpath,COD,2032,477041.9704,125616.5722,0,,pcod_rec
persistence,F0,WGOA,Rpath,ATF,2032,1757644.353,659898.7324,0,,pcod_rec
persistence,F0,WGOA,Rpath,POL,2033,3154214.161,1892947.851,0,,pcod_rec
persistence,F0,WGOA,Rpath,COD,2033,487292.5066,127291.7989,0,,pcod_rec
persistence,F0,WGOA,Rpath,ATF,2033,1760824.81,659389.6091,0,,pcod_rec
persistence,F0,WGOA,Rpath,POL,2034,3156729.721,1895618.32,0,,pcod_rec
persistence,F0,WGOA,Rpath,COD,2034,496572.4229,128217.6079,0,,pcod_rec
persistence,F0,WGOA,Rpath,ATF,2034,1763810.934,659032.43,0,,pcod_rec
persistence,F0,WGOA,Rpath,POL,2035,3159509.777,1898301.732,0,,pcod_rec
persistence,F0,WGOA,Rpath,COD,2035,505038.6552,128754.5533,0,,pcod_rec
persistence,F0,WGOA,Rpath,ATF,2035,1766619.318,659126.0089,0,,pcod_rec
persistence,F0,WGOA,Rpath,POL,2036,3162801.413,1901129.125,0,,pcod_rec
persistence,F0,WGOA,Rpath,COD,2036,512800.6606,129169.4796,0,,pcod_rec
persistence,F0,WGOA,Rpath,ATF,2036,1769240.958,659784.7378,0,,pcod_rec
persistence,F0,WGOA,Rpath,POL,2037,3166806.02,1904226.689,0,,pcod_rec
persistence,F0,WGOA,Rpath,COD,2037,519940.8392,129650.8255,0,,pcod_rec
persistence,F0,WGOA,Rpath,ATF,2037,1771668.714,660977.871,0,,pcod_rec
persistence,F0,WGOA,Rpath,POL,2038,3171686.992,1907714.762,0,,pcod_rec
persistence,F0,WGOA,Rpath,COD,2038,526532.7595,130219.3919,0,,pcod_rec
persistence,F0,WGOA,Rpath,ATF,2038,1773913.755,662574.1346,0,,pcod_rec
persistence,F0,WGOA,Rpath,POL,2039,3177559.436,1911693.92,0,,pcod_rec
persistence,F0,WGOA,Rpath,COD,2039,532650.4105,130854.7921,0,,pcod_rec
persistence,F0,WGOA,Rpath,ATF,2039,1776010.877,664397.8696,0,,pcod_rec
persistence,F0,WGOA,Rpath,POL,2040,3184476.793,1916229.659,0,,pcod_rec
persistence,F0,WGOA,Rpath,COD,2040,538370.8781,131477.6998,0,,pcod_rec
persistence,F0,WGOA,Rpath,ATF,2040,1778014.721,666256.0139,0,,pcod_rec
persistence,F0,WGOA,Rpath,POL,2041,3192425.329,1921343.256,0,,pcod_rec
persistence,F0,WGOA,Rpath,COD,2041,543767.2691,131987.7661,0,,pcod_rec
persistence,F0,WGOA,Rpath,ATF,2041,1779990.219,668005.3958,0,,pcod_rec
persistence,F0,WGOA,Rpath,POL,2042,3201325.948,1927009.48,0,,pcod_rec
persistence,F0,WGOA,Rpath,COD,2042,548902.6673,132318.1821,0,,pcod_rec
persistence,F0,WGOA,Rpath,ATF,2042,1782001.156,669563.3989,0,,pcod_rec
persistence,F0,WGOA,Rpath,POL,2043,3211041.419,1933158.713,0,,pcod_rec
persistence,F0,WGOA,Rpath,COD,2043,553822.4078,132465.6938,0,,pcod_rec
persistence,F0,WGOA,Rpath,ATF,2043,1784100.079,670910.1066,0,,pcod_rec
persistence,F0,WGOA,Rpath,POL,2044,3221384.297,1939682.202,0,,pcod_rec
persistence,F0,WGOA,Rpath,COD,2044,558554.4571,132427.6673,0,,pcod_rec
persistence,F0,WGOA,Rpath,ATF,2044,1786321.459,672076.5117,0,,pcod_rec
persistence,F0,WGOA,Rpath,POL,2045,3232129.834,1946441.287,0,,pcod_rec
persistence,F0,WGOA,Rpath,COD,2045,563105.0311,132301.9773,0,,pcod_rec
persistence,F0,WGOA,Rpath,ATF,2045,1788678.916,673124.9643,0,,pcod_rec
persistence,F0,WGOA,Rpath,POL,2046,3243038.898,1953285.207,0,,pcod_rec
persistence,F0,WGOA,Rpath,COD,2046,567469.4438,132132.2276,0,,pcod_rec
persistence,F0,WGOA,Rpath,ATF,2046,1791165.982,674127.5775,0,,pcod_rec
persistence,F0,WGOA,Rpath,POL,2047,3253899.027,1960080.97,0,,pcod_rec
persistence,F0,WGOA,Rpath,COD,2047,571632.6424,131983.5214,0,,pcod_rec
persistence,F0,WGOA,Rpath,ATF,2047,1793759.752,675147.3332,0,,pcod_rec
persistence,F0,WGOA,Rpath,POL,2048,3264566.717,1966741.802,0,,pcod_rec
persistence,F0,WGOA,Rpath,COD,2048,575581.9884,131931.7577,0,,pcod_rec
persistence,F0,WGOA,Rpath,ATF,2048,1796427.536,676225.5954,0,,pcod_rec
persistence,F0,WGOA,Rpath,POL,2049,3274984.599,1973237.837,0,,pcod_rec
persistence,F0,WGOA,Rpath,COD,2049,579314.4035,131961.3288,0,,pcod_rec
persistence,F0,WGOA,Rpath,ATF,2049,1799134.203,677377.7567,0,,pcod_rec
persistence,F0,WGOA,Rpath,POL,2050,3285166.038,1979583.867,0,,pcod_rec
persistence,F0,WGOA,Rpath,COD,2050,582829.5101,132062.3508,0,,pcod_rec
persistence,F0,WGOA,Rpath,ATF,2050,1801848.616,678596.0305,0,,pcod_rec
persistence,F0,WGOA,Rpath,POL,2051,3295159.363,1985814.674,0,,pcod_rec
persistence,F0,WGOA,Rpath,COD,2051,586137.8331,132230.4203,0,,pcod_rec
persistence,F0,WGOA,Rpath,ATF,2051,1804547.905,679856.9563,0,,pcod_rec
persistence,F0,WGOA,Rpath,POL,2052,3305013.457,1991963.592,0,,pcod_rec
persistence,F0,WGOA,Rpath,COD,2052,589258.0537,132407.3647,0,,pcod_rec
persistence,F0,WGOA,Rpath,ATF,2052,1807218.364,681130.1697,0,,pcod_rec
persistence,F0,WGOA,Rpath,POL,2053,3314753.385,1998047.53,0,,pcod_rec
persistence,F0,WGOA,Rpath,COD,2053,592209.805,132557.997,0,,pcod_rec
persistence,F0,WGOA,Rpath,ATF,2053,1809854.033,682386.4319,0,,pcod_rec
persistence,F0,WGOA,Rpath,POL,2054,3324364.001,2004055.976,0,,pcod_rec
persistence,F0,WGOA,Rpath,COD,2054,595010.5787,132661.0999,0,,pcod_rec
persistence,F0,WGOA,Rpath,ATF,2054,1812454.257,683603.5693,0,,pcod_rec
persistence,F0,WGOA,Rpath,POL,2055,3333785.195,2009949.096,0,,pcod_rec
persistence,F0,WGOA,Rpath,COD,2055,597672.1188,132721.8702,0,,pcod_rec
persistence,F0,WGOA,Rpath,ATF,2055,1815020.439,684769.0648,0,,pcod_rec
persistence,F0,WGOA,Rpath,POL,2056,3342916.008,2015661.478,0,,pcod_rec
persistence,F0,WGOA,Rpath,COD,2056,600200.6706,132745.6301,0,,pcod_rec
persistence,F0,WGOA,Rpath,ATF,2056,1817553.136,685879.7516,0,,pcod_rec
persistence,F0,WGOA,Rpath,POL,2057,3351630.664,2021113.042,0,,pcod_rec
persistence,F0,WGOA,Rpath,COD,2057,602597.413,132738.7825,0,,pcod_rec
persistence,F0,WGOA,Rpath,ATF,2057,1820049.804,686939.1847,0,,pcod_rec
persistence,F0,WGOA,Rpath,POL,2058,3359812.748,2026231.554,0,,pcod_rec
persistence,F0,WGOA,Rpath,COD,2058,604858.6532,132721.0999,0,,pcod_rec
persistence,F0,WGOA,Rpath,ATF,2058,1822503.72,687953.954,0,,pcod_rec
persistence,F0,WGOA,Rpath,POL,2059,3367394.639,2030977.968,0,,pcod_rec
persistence,F0,WGOA,Rpath,COD,2059,606980.8835,132710.9116,0,,pcod_rec
persistence,F0,WGOA,Rpath,ATF,2059,1824904.582,688930.4429,0,,pcod_rec
persistence,F0,WGOA,Rpath,POL,2060,3374379.993,2035359.465,0,,pcod_rec
persistence,F0,WGOA,Rpath,COD,2060,608963.5558,132720.6728,0,,pcod_rec
persistence,F0,WGOA,Rpath,ATF,2060,1827240.436,689872.7914,0,,pcod_rec
persistence,F0,WGOA,Rpath,POL,2061,3380836.256,2039422.517,0,,pcod_rec
persistence,F0,WGOA,Rpath,COD,2061,610810.4511,132769.8888,0,,pcod_rec
persistence,F0,WGOA,Rpath,ATF,2061,1829500.228,690782.4975,0,,pcod_rec
persistence,F0,WGOA,Rpath,POL,2062,3386865.326,2043232.732,0,,pcod_rec
persistence,F0,WGOA,Rpath,COD,2062,612530.1642,132838.4617,0,,pcod_rec
persistence,F0,WGOA,Rpath,ATF,2062,1831675.923,691659.2863,0,,pcod_rec
persistence,F0,WGOA,Rpath,POL,2063,3392571.018,2046853.921,0,,pcod_rec
persistence,F0,WGOA,Rpath,COD,2063,614132.6466,132918.8448,0,,pcod_rec
persistence,F0,WGOA,Rpath,ATF,2063,1833763.216,692502.1968,0,,pcod_rec
persistence,F0,WGOA,Rpath,POL,2064,3398033.987,2050333.045,0,,pcod_rec
persistence,F0,WGOA,Rpath,COD,2064,615628.889,133000.3903,0,,pcod_rec
persistence,F0,WGOA,Rpath,ATF,2064,1835761.234,693310.6276,0,,pcod_rec
persistence,F0,WGOA,Rpath,POL,2065,3403296.643,2053691.962,0,,pcod_rec
persistence,F0,WGOA,Rpath,COD,2065,617029.5917,133072.7647,0,,pcod_rec
persistence,F0,WGOA,Rpath,ATF,2065,1837671.624,694085.1195,0,,pcod_rec
persistence,F0,WGOA,Rpath,POL,2066,3408357.028,2056924.486,0,,pcod_rec
persistence,F0,WGOA,Rpath,COD,2066,618343.4989,133128.6075,0,,pcod_rec
persistence,F0,WGOA,Rpath,ATF,2066,1839497.154,694827.3581,0,,pcod_rec
persistence,F0,WGOA,Rpath,POL,2067,3413171.41,2059998.717,0,,pcod_rec
persistence,F0,WGOA,Rpath,COD,2067,619576.4379,133164.757,0,,pcod_rec
persistence,F0,WGOA,Rpath,ATF,2067,1841240.363,695539.6865,0,,pcod_rec
persistence,F0,WGOA,Rpath,POL,2068,3417669.063,2062867.198,0,,pcod_rec
persistence,F0,WGOA,Rpath,COD,2068,620731.3118,133182.6122,0,,pcod_rec
persistence,F0,WGOA,Rpath,ATF,2068,1842902.461,696224.2921,0,,pcod_rec
persistence,F0,WGOA,Rpath,POL,2069,3421779.708,2065485.09,0,,pcod_rec
persistence,F0,WGOA,Rpath,COD,2069,621809.023,133187.8058,0,,pcod_rec
persistence,F0,WGOA,Rpath,ATF,2069,1844482.573,696882.1775,0,,pcod_rec
persistence,F0,WGOA,Rpath,POL,2070,3425465.554,2067830.607,0,,pcod_rec
persistence,F0,WGOA,Rpath,COD,2070,622810.1652,133194.9049,0,,pcod_rec
persistence,F0,WGOA,Rpath,ATF,2070,1845978.006,697512.6887,0,,pcod_rec
persistence,F0,WGOA,Rpath,POL,2071,3428741.204,2069916.582,0,,pcod_rec
persistence,F0,WGOA,Rpath,COD,2071,623736.871,133201.4358,0,,pcod_rec
persistence,F0,WGOA,Rpath,ATF,2071,1847385.463,698113.8243,0,,pcod_rec
persistence,F0,WGOA,Rpath,POL,2072,3431671.093,2071786.95,0,,pcod_rec
persistence,F0,WGOA,Rpath,COD,2072,624592.3619,133212.3216,0,,pcod_rec
persistence,F0,WGOA,Rpath,ATF,2072,1848702.504,698683.0766,0,,pcod_rec
persistence,F0,WGOA,Rpath,POL,2073,3434348.489,2073501.93,0,,pcod_rec
persistence,F0,WGOA,Rpath,COD,2073,625381.5704,133229.8685,0,,pcod_rec
persistence,F0,WGOA,Rpath,ATF,2073,1849928.723,699218.5651,0,,pcod_rec
persistence,F0,WGOA,Rpath,POL,2074,3436868.775,2075120.788,0,,pcod_rec
persistence,F0,WGOA,Rpath,COD,2074,626110.685,133254.0568,0,,pcod_rec
persistence,F0,WGOA,Rpath,ATF,2074,1851066.142,699719.9594,0,,pcod_rec
persistence,F0,WGOA,Rpath,POL,2075,3439307.626,2076688.635,0,,pcod_rec
persistence,F0,WGOA,Rpath,COD,2075,626786.1868,133282.9235,0,,pcod_rec
persistence,F0,WGOA,Rpath,ATF,2075,1852118.793,700188.8543,0,,pcod_rec
persistence,F0,WGOA,Rpath,POL,2076,3441707.286,2078228.646,0,,pcod_rec
persistence,F0,WGOA,Rpath,COD,2076,627413.9738,133313.2773,0,,pcod_rec
persistence,F0,WGOA,Rpath,ATF,2076,1853091.883,700628.608,0,,pcod_rec
persistence,F0,WGOA,Rpath,POL,2077,3444070.788,2079739.137,0,,pcod_rec
persistence,F0,WGOA,Rpath,COD,2077,627998.7281,133341.7655,0,,pcod_rec
persistence,F0,WGOA,Rpath,ATF,2077,1853990.829,701043.7349,0,,pcod_rec
persistence,F0,WGOA,Rpath,POL,2078,3446364.666,2081195.903,0,,pcod_rec
persistence,F0,WGOA,Rpath,COD,2078,628543.6129,133365.8493,0,,pcod_rec
persistence,F0,WGOA,Rpath,ATF,2078,1854820.324,701438.964,0,,pcod_rec
persistence,F0,WGOA,Rpath,POL,2079,3448531.129,2082560.541,0,,pcod_rec
persistence,F0,WGOA,Rpath,COD,2079,629050.3492,133383.7233,0,,pcod_rec
persistence,F0,WGOA,Rpath,ATF,2079,1855583.575,701818.1809,0,,pcod_rec
persistence,F0,WGOA,Rpath,POL,2080,3450510.206,2083795.075,0,,pcod_rec
persistence,F0,WGOA,Rpath,COD,2080,629519.686,133394.6647,0,,pcod_rec
persistence,F0,WGOA,Rpath,ATF,2080,1856281.877,702183.5106,0,,pcod_rec
persistence,F0,WGOA,Rpath,POL,2081,3452264.972,2084877.994,0,,pcod_rec
persistence,F0,WGOA,Rpath,COD,2081,629952.1998,133399.2045,0,,pcod_rec
persistence,F0,WGOA,Rpath,ATF,2081,1856914.86,702534.9404,0,,pcod_rec
persistence,F0,WGOA,Rpath,POL,2082,3453798.632,2085814.318,0,,pcod_rec
persistence,F0,WGOA,Rpath,COD,2082,630349.0822,133399.0232,0,,pcod_rec
persistence,F0,WGOA,Rpath,ATF,2082,1857481.414,702870.6711,0,,pcod_rec
persistence,F0,WGOA,Rpath,POL,2083,3455154.614,2086634.348,0,,pcod_rec
persistence,F0,WGOA,Rpath,COD,2083,630712.5287,133396.5792,0,,pcod_rec
persistence,F0,WGOA,Rpath,ATF,2083,1857980.924,703188.0683,0,,pcod_rec
persistence,F0,WGOA,Rpath,POL,2084,3456401.871,2087383.227,0,,pcod_rec
persistence,F0,WGOA,Rpath,COD,2084,631045.63,133394.5471,0,,pcod_rec
persistence,F0,WGOA,Rpath,ATF,2084,1858414.242,703484.8053,0,,pcod_rec
persistence,F0,WGOA,Rpath,POL,2085,3457613.859,2088107.27,0,,pcod_rec
persistence,F0,WGOA,Rpath,COD,2085,631351.9206,133395.2226,0,,pcod_rec
persistence,F0,WGOA,Rpath,ATF,2085,1858784.039,703759.7961,0,,pcod_rec
persistence,F0,WGOA,Rpath,POL,2086,3458849.885,2088842.475,0,,pcod_rec
persistence,F0,WGOA,Rpath,COD,2086,631634.8582,133400.053,0,,pcod_rec
persistence,F0,WGOA,Rpath,ATF,2086,1859094.55,704013.6616,0,,pcod_rec
persistence,F0,WGOA,Rpath,POL,2087,3460142.445,2089607.177,0,,pcod_rec
persistence,F0,WGOA,Rpath,COD,2087,631897.3913,133409.351,0,,pcod_rec
persistence,F0,WGOA,Rpath,ATF,2087,1859350.9,704248.6792,0,,pcod_rec
persistence,F0,WGOA,Rpath,POL,2088,3461491.721,2090399.169,0,,pcod_rec
persistence,F0,WGOA,Rpath,COD,2088,632141.6794,133422.2593,0,,pcod_rec
persistence,F0,WGOA,Rpath,ATF,2088,1859558.292,704468.2868,0,,pcod_rec
persistence,F0,WGOA,Rpath,POL,2089,3462867.271,2091197.287,0,,pcod_rec
persistence,F0,WGOA,Rpath,COD,2089,632368.9744,133436.9686,0,,pcod_rec
persistence,F0,WGOA,Rpath,ATF,2089,1859721.246,704676.2915,0,,pcod_rec
persistence,F0,WGOA,Rpath,POL,2090,3464217.935,2091968.18,0,,pcod_rec
persistence,F0,WGOA,Rpath,COD,2090,632579.7187,133451.1613,0,,pcod_rec
persistence,F0,WGOA,Rpath,ATF,2090,1859842.951,704875.9449,0,,pcod_rec
persistence,F0,WGOA,Rpath,POL,2091,3465489.379,2092677.834,0,,pcod_rec
persistence,F0,WGOA,Rpath,COD,2091,632773.8961,133462.6009,0,,pcod_rec
persistence,F0,WGOA,Rpath,ATF,2091,1859924.927,705069.1392,0,,pcod_rec
persistence,F0,WGOA,Rpath,POL,2092,3466643.966,2093304.186,0,,pcod_rec
persistence,F0,WGOA,Rpath,COD,2092,632951.5437,133469.7272,0,,pcod_rec
persistence,F0,WGOA,Rpath,ATF,2092,1859967.217,705256.0435,0,,pcod_rec
persistence,F0,WGOA,Rpath,POL,2093,3467675.244,2093845.778,0,,pcod_rec
persistence,F0,WGOA,Rpath,COD,2093,633113.2351,133472.0935,0,,pcod_rec
persistence,F0,WGOA,Rpath,ATF,2093,1859969.085,705435.2997,0,,pcod_rec
persistence,F0,WGOA,Rpath,POL,2094,3468609.764,2094321.928,0,,pcod_rec
persistence,F0,WGOA,Rpath,COD,2094,633260.283,133470.4955,0,,pcod_rec
persistence,F0,WGOA,Rpath,ATF,2094,1859929.992,705604.7343,0,,pcod_rec
persistence,F0,WGOA,Rpath,POL,2095,3469496.853,2094765.393,0,,pcod_rec
persistence,F0,WGOA,Rpath,COD,2095,633394.5922,133466.7441,0,,pcod_rec
persistence,F0,WGOA,Rpath,ATF,2095,1859850.434,705762.277,0,,pcod_rec
persistence,F0,WGOA,Rpath,POL,2096,3470392.396,2095211.756,0,,pcod_rec
persistence,F0,WGOA,Rpath,COD,2096,633518.2953,133463.1612,0,,pcod_rec
persistence,F0,WGOA,Rpath,ATF,2096,1859732.301,705906.7424,0,,pcod_rec
persistence,F0,WGOA,Rpath,POL,2097,3471342.943,2095689.543,0,,pcod_rec
persistence,F0,WGOA,Rpath,COD,2097,633633.3497,133461.9514,0,,pcod_rec
persistence,F0,WGOA,Rpath,ATF,2097,1859578.756,706038.2748,0,,pcod_rec
persistence,F0,WGOA,Rpath,POL,2098,3472374.266,2096213.489,0,,pcod_rec
persistence,F0,WGOA,Rpath,COD,2098,633741.2335,133464.6235,0,,pcod_rec
persistence,F0,WGOA,Rpath,ATF,2098,1859393.753,706158.3688,0,,pcod_rec
persistence,F0,WGOA,Rpath,POL,2099,3473485.955,2096781.645,0,,pcod_rec
persistence,F0,WGOA,Rpath,COD,2099,633842.7878,133471.6078,0,,pcod_rec
persistence,F0,WGOA,Rpath,ATF,2099,1859181.365,706269.4995,0,,pcod_rec
ssp126,F0,WGOA,Rpath,POL,1991,2884927.165,1690895.406,87828.01,,pcod_rec
ssp126,F0,WGOA,Rpath,COD,1991,399280.2939,93224.23736,64466.82999,,pcod_rec
ssp126,F0,WGOA,Rpath,ATF,1991,1554327.805,597326.9774,16958.38001,,pcod_rec
ssp126,F0,WGOA,Rpath,POL,1992,2892495.913,1696087.278,90585.18996,,pcod_rec
ssp126,F0,WGOA,Rpath,COD,1992,371842.9001,88999.22879,78966.50009,,pcod_rec
ssp126,F0,WGOA,Rpath,ATF,1992,1551901.376,598021.2117,20482.18006,,pcod_rec
ssp126,F0,WGOA,Rpath,POL,1993,2886917.46,1690078.21,108230.1801,,pcod_rec
ssp126,F0,WGOA,Rpath,COD,1993,375328.1754,91984.46817,45849.17007,,pcod_rec
ssp126,F0,WGOA,Rpath,ATF,1993,1551566.347,599298.1593,18294.44992,,pcod_rec
ssp126,F0,WGOA,Rpath,POL,1994,2891612.897,1691340.87,100412.3599,,pcod_rec
ssp126,F0,WGOA,Rpath,COD,1994,374238.5054,92168.02449,45610.57997,,pcod_rec
ssp126,F0,WGOA,Rpath,ATF,1994,1547453.432,598480.5088,21993.23998,,pcod_rec
ssp126,F0,WGOA,Rpath,POL,1995,2920445.243,1709974.752,69168.12993,,pcod_rec
ssp126,F0,WGOA,Rpath,COD,1995,354241.1182,88060.92648,67907.17999,,pcod_rec
ssp126,F0,WGOA,Rpath,ATF,1995,1548788.073,599203.4556,17415.49004,,pcod_rec
ssp126,F0,WGOA,Rpath,POL,1996,2949537.5,1727520.768,49825.87004,,pcod_rec
ssp126,F0,WGOA,Rpath,COD,1996,348901.2699,89289.89982,55391.6601,,pcod_rec
ssp126,F0,WGOA,Rpath,ATF,1996,1545296.542,597141.1539,21555.6099,,pcod_rec
ssp126,F0,WGOA,Rpath,POL,1997,2946193.762,1722365.564,84179.64997,,pcod_rec
ssp126,F0,WGOA,Rpath,COD,1997,339607.8718,88455.84666,58920.57999,,pcod_rec
ssp126,F0,WGOA,Rpath,ATF,1997,1547340.939,596389.7317,14758.27989,,pcod_rec
ssp126,F0,WGOA,Rpath,POL,1998,3007840.548,1762267.823,5428.379998,,pcod_rec
ssp126,F0,WGOA,Rpath,COD,1998,338402.0081,87897.09963,50218.95011,,pcod_rec
ssp126,F0,WGOA,Rpath,ATF,1998,1552042.171,596282.5118,12377.19001,,pcod_rec
ssp126,F0,WGOA,Rpath,POL,1999,2993956.264,1751820.359,90556.90006,,pcod_rec
ssp126,F0,WGOA,Rpath,COD,1999,323385.5045,83134.3282,66264.6701,,pcod_rec
ssp126,F0,WGOA,Rpath,ATF,1999,1556822.572,596729.6537,14649.22992,,pcod_rec
ssp126,F0,WGOA,Rpath,POL,2000,3049484.669,1789601.224,5552.830105,,pcod_rec
ssp126,F0,WGOA,Rpath,COD,2000,321234.7048,82993.63067,53384.86994,,pcod_rec
ssp126,F0,WGOA,Rpath,ATF,2000,1555589.603,595731.5303,22993.75009,,pcod_rec
ssp126,F0,WGOA,Rpath,POL,2001,3082953.386,1808450.385,3452.299979,,pcod_rec
ssp126,F0,WGOA,Rpath,COD,2001,327836.0522,85350.66779,40517.40995,,pcod_rec
ssp126,F0,WGOA,Rpath,ATF,2001,1559150.397,597017.2815,17416.19999,,pcod_rec
ssp126,F0,WGOA,Rpath,POL,2002,3117695.911,1828996.892,1698.029945,,pcod_rec
ssp126,F0,WGOA,Rpath,COD,2002,329657.1998,86672.3968,41567.98996,,pcod_rec
ssp126,F0,WGOA,Rpath,ATF,2002,1561074.367,598208.7603,20173.56001,,pcod_rec
ssp126,F0,WGOA,Rpath,POL,2003,3105660.591,1817041.088,48590.07701,,pcod_rec
ssp126,F0,WGOA,Rpath,COD,2003,321002.2329,86072.65487,52365.75509,,pcod_rec
ssp126,F0,WGOA,Rpath,ATF,2003,1552272.454,595288.6341,30169.77189,,pcod_rec
ssp126,F0,WGOA,Rpath,POL,2004,3100496.18,1811816.72,62434.43992,,pcod_rec
ssp126,F0,WGOA,Rpath,COD,2004,310907.3461,86861.68446,56450.24197,,pcod_rec
ssp126,F0,WGOA,Rpath,ATF,2004,1557805.526,597533.7477,15634.90804,,pcod_rec
ssp126,F0,WGOA,Rpath,POL,2005,3085140.756,1801622.597,78302.79193,,pcod_rec
ssp126,F0,WGOA,Rpath,COD,2005,308747.7124,89355.03295,47523.77993,,pcod_rec
ssp126,F0,WGOA,Rpath,ATF,2005,1557456.933,596651.5277,19923.57305,,pcod_rec
ssp126,F0,WGOA,Rpath,POL,2006,3088115.7,1805154.794,68928.30799,,pcod_rec
ssp126,F0,WGOA,Rpath,COD,2006,305285.4254,89662.84203,47767.07996,,pcod_rec
ssp126,F0,WGOA,Rpath,ATF,2006,1552052.557,593803.972,27622.69892,,pcod_rec
ssp126,F0,WGOA,Rpath,POL,2007,3108388.666,1820162.189,51572.307,,pcod_rec
ssp126,F0,WGOA,Rpath,COD,2007,298656.828,86970.58416,51812.178,,pcod_rec
ssp126,F0,WGOA,Rpath,ATF,2007,1552833.111,593773.0969,25346.98698,,pcod_rec
ssp126,F0,WGOA,Rpath,POL,2008,3122657.328,1829614.826,50786.20601,,pcod_rec
ssp126,F0,WGOA,Rpath,COD,2008,288014.1972,83738.42574,58386.38403,,pcod_rec
ssp126,F0,WGOA,Rpath,ATF,2008,1551453.517,592951.9777,29205.93997,,pcod_rec
ssp126,F0,WGOA,Rpath,POL,2009,3143273.399,1841984.82,41549.50308,,pcod_rec
ssp126,F0,WGOA,Rpath,COD,2009,284535.8483,83301.56554,51788.98001,,pcod_rec
ssp126,F0,WGOA,Rpath,ATF,2009,1555113.026,594046.2661,24831.74204,,pcod_rec
ssp126,F0,WGOA,Rpath,POL,2010,3136117.031,1835292.146,73443.38423,,pcod_rec
ssp126,F0,WGOA,Rpath,COD,2010,260387.0744,76717.56805,76954.1546,,pcod_rec
ssp126,F0,WGOA,Rpath,ATF,2010,1558263.173,594362.5648,24339.44647,,pcod_rec
ssp126,F0,WGOA,Rpath,POL,2011,3141056.088,1838289.751,77694.47962,,pcod_rec
ssp126,F0,WGOA,Rpath,COD,2011,234318.5161,69543.30604,83710.47539,,pcod_rec
ssp126,F0,WGOA,Rpath,ATF,2011,1557071.61,592792.1032,30911.82176,,pcod_rec
ssp126,F0,WGOA,Rpath,POL,2012,3133568.472,1833854.712,98934.69122,,pcod_rec
ssp126,F0,WGOA,Rpath,COD,2012,216652.3988,64116.82151,76871.10999,,pcod_rec
ssp126,F0,WGOA,Rpath,ATF,2012,1567597.99,595605.7671,20761.90991,,pcod_rec
ssp126,F0,WGOA,Rpath,POL,2013,3129803.327,1832301.647,90796.63161,,pcod_rec
ssp126,F0,WGOA,Rpath,COD,2013,207097.746,61173.05499,66829.78162,,pcod_rec
ssp126,F0,WGOA,Rpath,ATF,2013,1575636.643,596480.792,21809.31232,,pcod_rec
ssp126,F0,WGOA,Rpath,POL,2014,3087331.432,1803398.136,138948.062,,pcod_rec
ssp126,F0,WGOA,Rpath,COD,2014,180191.4473,54326.17477,83491.7282,,pcod_rec
ssp126,F0,WGOA,Rpath,ATF,2014,1567912.163,590069.7527,36524.50153,,pcod_rec
ssp126,F0,WGOA,Rpath,POL,2015,3045526.286,1775739.079,162807.646,,pcod_rec
ssp126,F0,WGOA,Rpath,COD,2015,157932.7221,48934.44114,77689.99201,,pcod_rec
ssp126,F0,WGOA,Rpath,ATF,2015,1577268.818,588791.536,19296.58722,,pcod_rec
ssp126,F0,WGOA,Rpath,POL,2016,3007798.292,1753763.798,173086.3524,,pcod_rec
ssp126,F0,WGOA,Rpath,COD,2016,147656.6154,47339.00977,62867.32743,,pcod_rec
ssp126,F0,WGOA,Rpath,ATF,2016,1586289.943,586210.8787,19976.29419,,pcod_rec
ssp126,F0,WGOA,Rpath,POL,2017,2976739.358,1738811.225,184220.0285,,pcod_rec
ssp126,F0,WGOA,Rpath,COD,2017,147736.1447,50239.67431,48204.21467,,pcod_rec
ssp126,F0,WGOA,Rpath,ATF,2017,1591593.276,581990.6601,27053.50899,,pcod_rec
ssp126,F0,WGOA,Rpath,POL,2018,2968841.332,1740812.462,150815.1922,,pcod_rec
ssp126,F0,WGOA,Rpath,COD,2018,174522.2292,61112.90393,14681.2982,,pcod_rec
ssp126,F0,WGOA,Rpath,ATF,2018,1607270.211,582229.7484,18870.25094,,pcod_rec
ssp126,F0,WGOA,Rpath,POL,2019,2976191.205,1750709.517,110649.2716,,pcod_rec
ssp126,F0,WGOA,Rpath,COD,2019,197788.813,66355.87669,15200.42058,,pcod_rec
ssp126,F0,WGOA,Rpath,ATF,2019,1614692.328,580069.5368,24567.05196,,pcod_rec
ssp126,F0,WGOA,Rpath,POL,2020,2989833.346,1764765.168,99971.06489,,pcod_rec
ssp126,F0,WGOA,Rpath,COD,2020,227902.927,75553.61902,6085.249339,,pcod_rec
ssp126,F0,WGOA,Rpath,ATF,2020,1626341.19,581530.1681,21115.8993,,pcod_rec
ssp126,F0,WGOA,Rpath,POL,2021,2994528.718,1771971.229,93869.85877,,pcod_rec
ssp126,F0,WGOA,Rpath,COD,2021,244949.2966,80179.72604,18686.81231,,pcod_rec
ssp126,F0,WGOA,Rpath,ATF,2021,1646071.368,588191.8605,9846.300133,,pcod_rec
ssp126,F0,WGOA,Rpath,POL,2022,2978830.781,1764855.489,123494.0341,,pcod_rec
ssp126,F0,WGOA,Rpath,COD,2022,257469.3256,80865.95298,25387.70532,,pcod_rec
ssp126,F0,WGOA,Rpath,ATF,2022,1660764.928,595204.1634,11531.83168,,pcod_rec
ssp126,F0,WGOA,Rpath,POL,2023,2967882.257,1761855.157,124964.8454,,pcod_rec
ssp126,F0,WGOA,Rpath,COD,2023,275130.3439,81457.4621,21018.29691,,pcod_rec
ssp126,F0,WGOA,Rpath,ATF,2023,1676534.63,605322.5082,9114.887409,,pcod_rec
ssp126,F0,WGOA,Rpath,POL,2024,3039554.024,1814254.483,0,,pcod_rec
ssp126,F0,WGOA,Rpath,COD,2024,309913.4296,89296.64854,0,,pcod_rec
ssp126,F0,WGOA,Rpath,ATF,2024,1697723.384,619112.4218,0,,pcod_rec
ssp126,F0,WGOA,Rpath,POL,2025,3076546.653,1838442.174,0,,pcod_rec
ssp126,F0,WGOA,Rpath,COD,2025,337573.1137,96352.34188,0,,pcod_rec
ssp126,F0,WGOA,Rpath,ATF,2025,1713058.999,630642.1838,0,,pcod_rec
ssp126,F0,WGOA,Rpath,POL,2026,3097267.765,1850704.621,0,,pcod_rec
ssp126,F0,WGOA,Rpath,COD,2026,361129.0393,102635.1385,0,,pcod_rec
ssp126,F0,WGOA,Rpath,ATF,2026,1723622.968,639422.0403,0,,pcod_rec
ssp126,F0,WGOA,Rpath,POL,2027,3117664.32,1863514.535,0,,pcod_rec
ssp126,F0,WGOA,Rpath,COD,2027,383582.8562,108197.3975,0,,pcod_rec
ssp126,F0,WGOA,Rpath,ATF,2027,1732184.989,646019.0884,0,,pcod_rec
ssp126,F0,WGOA,Rpath,POL,2028,3135702.802,1876717.84,0,,pcod_rec
ssp126,F0,WGOA,Rpath,COD,2028,402864.3679,112992.5932,0,,pcod_rec
ssp126,F0,WGOA,Rpath,ATF,2028,1740930.673,651609.5969,0,,pcod_rec
ssp126,F0,WGOA,Rpath,POL,2029,3137907.61,1878179.474,0,,pcod_rec
ssp126,F0,WGOA,Rpath,COD,2029,418458.0083,116774.4217,0,,pcod_rec
ssp126,F0,WGOA,Rpath,ATF,2029,1746321.032,654467.5412,0,,pcod_rec
ssp126,F0,WGOA,Rpath,POL,2030,3139433.838,1878242.337,0,,pcod_rec
ssp126,F0,WGOA,Rpath,COD,2030,431576.9924,120016.0604,0,,pcod_rec
ssp126,F0,WGOA,Rpath,ATF,2030,1748611.602,654526.7603,0,,pcod_rec
ssp126,F0,WGOA,Rpath,POL,2031,3142594.374,1880623.14,0,,pcod_rec
ssp126,F0,WGOA,Rpath,COD,2031,444195.7551,122241.1779,0,,pcod_rec
ssp126,F0,WGOA,Rpath,ATF,2031,1750689.732,653702.5479,0,,pcod_rec
ssp126,F0,WGOA,Rpath,POL,2032,3152864.456,1889686.951,0,,pcod_rec
ssp126,F0,WGOA,Rpath,COD,2032,456326.2707,125869.5636,0,,pcod_rec
ssp126,F0,WGOA,Rpath,ATF,2032,1755119.137,653963.3395,0,,pcod_rec
ssp126,F0,WGOA,Rpath,POL,2033,3152621.195,1891246.282,0,,pcod_rec
ssp126,F0,WGOA,Rpath,COD,2033,466476.3891,130410.4051,0,,pcod_rec
ssp126,F0,WGOA,Rpath,ATF,2033,1758972.575,654424.1325,0,,pcod_rec
ssp126,F0,WGOA,Rpath,POL,2034,3155795.137,1894431.249,0,,pcod_rec
ssp126,F0,WGOA,Rpath,COD,2034,476171.0499,132879.3272,0,,pcod_rec
ssp126,F0,WGOA,Rpath,ATF,2034,1762053.218,654919.3772,0,,pcod_rec
ssp126,F0,WGOA,Rpath,POL,2035,3158563.036,1897135.357,0,,pcod_rec
ssp126,F0,WGOA,Rpath,COD,2035,485599.936,132896.9179,0,,pcod_rec
ssp126,F0,WGOA,Rpath,ATF,2035,1765137.207,656029.5639,0,,pcod_rec
ssp126,F0,WGOA,Rpath,POL,2036,3163314.836,1901326.852,0,,pcod_rec
ssp126,F0,WGOA,Rpath,COD,2036,494570.1182,130605.8681,0,,pcod_rec
ssp126,F0,WGOA,Rpath,ATF,2036,1768632.662,658020.085,0,,pcod_rec
ssp126,F0,WGOA,Rpath,POL,2037,3165125.283,1902749.827,0,,pcod_rec
ssp126,F0,WGOA,Rpath,COD,2037,502334.0104,128343.3633,0,,pcod_rec
ssp126,F0,WGOA,Rpath,ATF,2037,1771134.548,659952.826,0,,pcod_rec
ssp126,F0,WGOA,Rpath,POL,2038,3168621.539,1904676.142,0,,pcod_rec
ssp126,F0,WGOA,Rpath,COD,2038,509659.5221,127403.5409,0,,pcod_rec
ssp126,F0,WGOA,Rpath,ATF,2038,1772927.46,661694.8039,0,,pcod_rec
ssp126,F0,WGOA,Rpath,POL,2039,3172208.089,1906555.374,0,,pcod_rec
ssp126,F0,WGOA,Rpath,COD,2039,516692.3006,127987.4854,0,,pcod_rec
ssp126,F0,WGOA,Rpath,ATF,2039,1773580.591,662786.4795,0,,pcod_rec
ssp126,F0,WGOA,Rpath,POL,2040,3182724.18,1913385.448,0,,pcod_rec
ssp126,F0,WGOA,Rpath,COD,2040,522258.7155,129919.1228,0,,pcod_rec
ssp126,F0,WGOA,Rpath,ATF,2040,1774792.57,663890.3764,0,,pcod_rec
ssp126,F0,WGOA,Rpath,POL,2041,3188969.16,1917424.241,0,,pcod_rec
ssp126,F0,WGOA,Rpath,COD,2041,525008.0649,132276.8289,0,,pcod_rec
ssp126,F0,WGOA,Rpath,ATF,2041,1776758.013,665361.5433,0,,pcod_rec
ssp126,F0,WGOA,Rpath,POL,2042,3191951.022,1916930.119,0,,pcod_rec
ssp126,F0,WGOA,Rpath,COD,2042,526467.9096,134908.2453,0,,pcod_rec
ssp126,F0,WGOA,Rpath,ATF,2042,1775743.792,664824.7849,0,,pcod_rec
ssp126,F0,WGOA,Rpath,POL,2043,3203882.291,1923908.271,0,,pcod_rec
ssp126,F0,WGOA,Rpath,COD,2043,530174.7942,138343.4566,0,,pcod_rec
ssp126,F0,WGOA,Rpath,ATF,2043,1775893.035,664526.5501,0,,pcod_rec
ssp126,F0,WGOA,Rpath,POL,2044,3226561.121,1941018.018,0,,pcod_rec
ssp126,F0,WGOA,Rpath,COD,2044,534463.8423,142472.3767,0,,pcod_rec
ssp126,F0,WGOA,Rpath,ATF,2044,1780699.035,666690.9146,0,,pcod_rec
ssp126,F0,WGOA,Rpath,POL,2045,3232386.383,1945156.006,0,,pcod_rec
ssp126,F0,WGOA,Rpath,COD,2045,536333.018,145049.8609,0,,pcod_rec
ssp126,F0,WGOA,Rpath,ATF,2045,1784287.67,668493.49,0,,pcod_rec
ssp126,F0,WGOA,Rpath,POL,2046,3237649.272,1946691.408,0,,pcod_rec
ssp126,F0,WGOA,Rpath,COD,2046,538421.7027,144976.136,0,,pcod_rec
ssp126,F0,WGOA,Rpath,ATF,2046,1785012.057,668588.9848,0,,pcod_rec
ssp126,F0,WGOA,Rpath,POL,2047,3248902.859,1953116.307,0,,pcod_rec
ssp126,F0,WGOA,Rpath,COD,2047,542427.6006,142764.0796,0,,pcod_rec
ssp126,F0,WGOA,Rpath,ATF,2047,1786041.104,668701.4029,0,,pcod_rec
ssp126,F0,WGOA,Rpath,POL,2048,3264755.148,1964312.171,0,,pcod_rec
ssp126,F0,WGOA,Rpath,COD,2048,547581.7369,138695.238,0,,pcod_rec
ssp126,F0,WGOA,Rpath,ATF,2048,1789522.967,670168.3939,0,,pcod_rec
ssp126,F0,WGOA,Rpath,POL,2049,3272964.566,1969783.972,0,,pcod_rec
ssp126,F0,WGOA,Rpath,COD,2049,552073.4454,134745.3018,0,,pcod_rec
ssp126,F0,WGOA,Rpath,ATF,2049,1792660.322,671733.7582,0,,pcod_rec
ssp126,F0,WGOA,Rpath,POL,2050,3281957.865,1974711.65,0,,pcod_rec
ssp126,F0,WGOA,Rpath,COD,2050,556428.9604,132707.727,0,,pcod_rec
ssp126,F0,WGOA,Rpath,ATF,2050,1794947.3,672810.5873,0,,pcod_rec
ssp126,F0,WGOA,Rpath,POL,2051,3297449.05,1985527.795,0,,pcod_rec
ssp126,F0,WGOA,Rpath,COD,2051,560234.7389,132012.5153,0,,pcod_rec
ssp126,F0,WGOA,Rpath,ATF,2051,1799783.904,675402.9368,0,,pcod_rec
ssp126,F0,WGOA,Rpath,POL,2052,3301467.897,1986905.34,0,,pcod_rec
ssp126,F0,WGOA,Rpath,COD,2052,562383.6239,131249.8128,0,,pcod_rec
ssp126,F0,WGOA,Rpath,ATF,2052,1802573.316,677057.8215,0,,pcod_rec
ssp126,F0,WGOA,Rpath,POL,2053,3315201.933,1995681.305,0,,pcod_rec
ssp126,F0,WGOA,Rpath,COD,2053,566511.4321,132639.1656,0,,pcod_rec
ssp126,F0,WGOA,Rpath,ATF,2053,1805967.68,678966.9856,0,,pcod_rec
ssp126,F0,WGOA,Rpath,POL,2054,3325086.627,2002256.906,0,,pcod_rec
ssp126,F0,WGOA,Rpath,COD,2054,568714.4373,135965.7635,0,,pcod_rec
ssp126,F0,WGOA,Rpath,ATF,2054,1809087.668,680699.7542,0,,pcod_rec
ssp126,F0,WGOA,Rpath,POL,2055,3330155.324,2004164.684,0,,pcod_rec
ssp126,F0,WGOA,Rpath,COD,2055,568796.5382,138961.7903,0,,pcod_rec
ssp126,F0,WGOA,Rpath,ATF,2055,1809965.905,680896.7547,0,,pcod_rec
ssp126,F0,WGOA,Rpath,POL,2056,3337997.476,2008225.278,0,,pcod_rec
ssp126,F0,WGOA,Rpath,COD,2056,570357.8644,140827.0705,0,,pcod_rec
ssp126,F0,WGOA,Rpath,ATF,2056,1810572.103,680597.1529,0,,pcod_rec
ssp126,F0,WGOA,Rpath,POL,2057,3352908.012,2018892.401,0,,pcod_rec
ssp126,F0,WGOA,Rpath,COD,2057,572782.1498,143217.6203,0,,pcod_rec
ssp126,F0,WGOA,Rpath,ATF,2057,1813690.461,681454.5528,0,,pcod_rec
ssp126,F0,WGOA,Rpath,POL,2058,3356793.29,2021212.207,0,,pcod_rec
ssp126,F0,WGOA,Rpath,COD,2058,573408.2834,142174.6146,0,,pcod_rec
ssp126,F0,WGOA,Rpath,ATF,2058,1815816.434,681866.6722,0,,pcod_rec
ssp126,F0,WGOA,Rpath,POL,2059,3360844.147,2022431.021,0,,pcod_rec
ssp126,F0,WGOA,Rpath,COD,2059,575216.3037,140530.626,0,,pcod_rec
ssp126,F0,WGOA,Rpath,ATF,2059,1816121.274,681129.1809,0,,pcod_rec
ssp126,F0,WGOA,Rpath,POL,2060,3373140.411,2031086.189,0,,pcod_rec
ssp126,F0,WGOA,Rpath,COD,2060,577037.218,140112.5022,0,,pcod_rec
ssp126,F0,WGOA,Rpath,ATF,2060,1819014.465,681932.974,0,,pcod_rec
ssp126,F0,WGOA,Rpath,POL,2061,3376397.496,2033052.118,0,,pcod_rec
ssp126,F0,WGOA,Rpath,COD,2061,576616.4522,138176.7338,0,,pcod_rec
ssp126,F0,WGOA,Rpath,ATF,2061,1821934.157,683147.9233,0,,pcod_rec
ssp126,F0,WGOA,Rpath,POL,2062,3383203.673,2037059.598,0,,pcod_rec
ssp126,F0,WGOA,Rpath,COD,2062,578785.0897,136726.1,0,,pcod_rec
ssp126,F0,WGOA,Rpath,ATF,2062,1824668.747,684473.0429,0,,pcod_rec
ssp126,F0,WGOA,Rpath,POL,2063,3393284.952,2044767.524,0,,pcod_rec
ssp126,F0,WGOA,Rpath,COD,2063,582141.7554,138595.9905,0,,pcod_rec
ssp126,F0,WGOA,Rpath,ATF,2063,1828732.914,686776.9705,0,,pcod_rec
ssp126,F0,WGOA,Rpath,POL,2064,3398675.65,2048864.639,0,,pcod_rec
ssp126,F0,WGOA,Rpath,COD,2064,584881.0294,140105.3502,0,,pcod_rec
ssp126,F0,WGOA,Rpath,ATF,2064,1831824.279,688656.9864,0,,pcod_rec
ssp126,F0,WGOA,Rpath,POL,2065,3403074.862,2051704.47,0,,pcod_rec
ssp126,F0,WGOA,Rpath,COD,2065,587322.9904,139684.201,0,,pcod_rec
ssp126,F0,WGOA,Rpath,ATF,2065,1833960.913,689937.1027,0,,pcod_rec
ssp126,F0,WGOA,Rpath,POL,2066,3404473.715,2052229.137,0,,pcod_rec
ssp126,F0,WGOA,Rpath,COD,2066,589488.5373,139019.4689,0,,pcod_rec
ssp126,F0,WGOA,Rpath,ATF,2066,1835287.565,690628.3808,0,,pcod_rec
ssp126,F0,WGOA,Rpath,POL,2067,3404544.013,2050754.592,0,,pcod_rec
ssp126,F0,WGOA,Rpath,COD,2067,591576.3905,135803.2534,0,,pcod_rec
ssp126,F0,WGOA,Rpath,ATF,2067,1834605.4,689865.2152,0,,pcod_rec
ssp126,F0,WGOA,Rpath,POL,2068,3411897.444,2055703.02,0,,pcod_rec
ssp126,F0,WGOA,Rpath,COD,2068,594403.2739,132486.6652,0,,pcod_rec
ssp126,F0,WGOA,Rpath,ATF,2068,1835738.65,689815.7597,0,,pcod_rec
ssp126,F0,WGOA,Rpath,POL,2069,3419095.032,2061384.967,0,,pcod_rec
ssp126,F0,WGOA,Rpath,COD,2069,596828.7757,131499.644,0,,pcod_rec
ssp126,F0,WGOA,Rpath,ATF,2069,1838816.947,690948.4766,0,,pcod_rec
ssp126,F0,WGOA,Rpath,POL,2070,3422358.519,2063855.992,0,,pcod_rec
ssp126,F0,WGOA,Rpath,COD,2070,598749.1687,132380.3553,0,,pcod_rec
ssp126,F0,WGOA,Rpath,ATF,2070,1841691.749,692191.7198,0,,pcod_rec
ssp126,F0,WGOA,Rpath,POL,2071,3430101.985,2069735.823,0,,pcod_rec
ssp126,F0,WGOA,Rpath,COD,2071,599940.0092,134759.4885,0,,pcod_rec
ssp126,F0,WGOA,Rpath,ATF,2071,1845246.813,694007.5466,0,,pcod_rec
ssp126,F0,WGOA,Rpath,POL,2072,3425849.204,2065866.27,0,,pcod_rec
ssp126,F0,WGOA,Rpath,COD,2072,599799.8666,136846.8901,0,,pcod_rec
ssp126,F0,WGOA,Rpath,ATF,2072,1846204.508,694590.7988,0,,pcod_rec
ssp126,F0,WGOA,Rpath,POL,2073,3427742.621,2066189.51,0,,pcod_rec
ssp126,F0,WGOA,Rpath,COD,2073,599257.6443,138563.2606,0,,pcod_rec
ssp126,F0,WGOA,Rpath,ATF,2073,1846157.983,694464.7354,0,,pcod_rec
ssp126,F0,WGOA,Rpath,POL,2074,3426432.354,2064245.172,0,,pcod_rec
ssp126,F0,WGOA,Rpath,COD,2074,596761.5927,139508.6424,0,,pcod_rec
ssp126,F0,WGOA,Rpath,ATF,2074,1845339.224,693822.422,0,,pcod_rec
ssp126,F0,WGOA,Rpath,POL,2075,3429479.464,2065858.782,0,,pcod_rec
ssp126,F0,WGOA,Rpath,COD,2075,597122.7583,141182.7045,0,,pcod_rec
ssp126,F0,WGOA,Rpath,ATF,2075,1844726.949,693055.8492,0,,pcod_rec
ssp126,F0,WGOA,Rpath,POL,2076,3442045.783,2076360.115,0,,pcod_rec
ssp126,F0,WGOA,Rpath,COD,2076,599069.6601,143452.3247,0,,pcod_rec
ssp126,F0,WGOA,Rpath,ATF,2076,1847860.502,694310.223,0,,pcod_rec
ssp126,F0,WGOA,Rpath,POL,2077,3445827.997,2080910.948,0,,pcod_rec
ssp126,F0,WGOA,Rpath,COD,2077,600270.4283,144878.7919,0,,pcod_rec
ssp126,F0,WGOA,Rpath,ATF,2077,1852216.579,696573.7655,0,,pcod_rec
ssp126,F0,WGOA,Rpath,POL,2078,3439244.11,2075537.126,0,,pcod_rec
ssp126,F0,WGOA,Rpath,COD,2078,601774.9916,142777.3355,0,,pcod_rec
ssp126,F0,WGOA,Rpath,ATF,2078,1852683.923,696827.1144,0,,pcod_rec
ssp126,F0,WGOA,Rpath,POL,2079,3441488.618,2076176.36,0,,pcod_rec
ssp126,F0,WGOA,Rpath,COD,2079,603600.7557,139865.9389,0,,pcod_rec
ssp126,F0,WGOA,Rpath,ATF,2079,1852203.11,696386.7526,0,,pcod_rec
ssp126,F0,WGOA,Rpath,POL,2080,3440884.597,2075330.264,0,,pcod_rec
ssp126,F0,WGOA,Rpath,COD,2080,605087.2555,134702.2174,0,,pcod_rec
ssp126,F0,WGOA,Rpath,ATF,2080,1851979.006,696168.0455,0,,pcod_rec
ssp126,F0,WGOA,Rpath,POL,2081,3442650.128,2076224.597,0,,pcod_rec
ssp126,F0,WGOA,Rpath,COD,2081,606244.0164,130076.6853,0,,pcod_rec
ssp126,F0,WGOA,Rpath,ATF,2081,1851936.15,696079.5695,0,,pcod_rec
ssp126,F0,WGOA,Rpath,POL,2082,3438994.593,2072215.027,0,,pcod_rec
ssp126,F0,WGOA,Rpath,COD,2082,604367.9267,128621.5357,0,,pcod_rec
ssp126,F0,WGOA,Rpath,ATF,2082,1850378.858,695177.9247,0,,pcod_rec
ssp126,F0,WGOA,Rpath,POL,2083,3440327.625,2071811.767,0,,pcod_rec
ssp126,F0,WGOA,Rpath,COD,2083,603866.1483,130901.1533,0,,pcod_rec
ssp126,F0,WGOA,Rpath,ATF,2083,1848999.504,694255.5386,0,,pcod_rec
ssp126,F0,WGOA,Rpath,POL,2084,3452295.071,2081663.947,0,,pcod_rec
ssp126,F0,WGOA,Rpath,COD,2084,605473.8297,137030.742,0,,pcod_rec
ssp126,F0,WGOA,Rpath,ATF,2084,1851613.602,695711.0875,0,,pcod_rec
ssp126,F0,WGOA,Rpath,POL,2085,3461553.425,2090505.428,0,,pcod_rec
ssp126,F0,WGOA,Rpath,COD,2085,605603.3008,144063.6129,0,,pcod_rec
ssp126,F0,WGOA,Rpath,ATF,2085,1856679.502,698985.2877,0,,pcod_rec
ssp126,F0,WGOA,Rpath,POL,2086,3457710.782,2088377.588,0,,pcod_rec
ssp126,F0,WGOA,Rpath,COD,2086,604995.5745,147404.3894,0,,pcod_rec
ssp126,F0,WGOA,Rpath,ATF,2086,1859535.213,701361.1034,0,,pcod_rec
ssp126,F0,WGOA,Rpath,POL,2087,3453001.934,2083757.517,0,,pcod_rec
ssp126,F0,WGOA,Rpath,COD,2087,604630.2338,147435.8181,0,,pcod_rec
ssp126,F0,WGOA,Rpath,ATF,2087,1859111.251,701644.2298,0,,pcod_rec
ssp126,F0,WGOA,Rpath,POL,2088,3451753.196,2081992.743,0,,pcod_rec
ssp126,F0,WGOA,Rpath,COD,2088,604942.0476,143802.4751,0,,pcod_rec
ssp126,F0,WGOA,Rpath,ATF,2088,1857663.813,700982.5027,0,,pcod_rec
ssp126,F0,WGOA,Rpath,POL,2089,3452996.243,2082304.839,0,,pcod_rec
ssp126,F0,WGOA,Rpath,COD,2089,605123.5832,137582.7875,0,,pcod_rec
ssp126,F0,WGOA,Rpath,ATF,2089,1856302.77,699950.4709,0,,pcod_rec
ssp126,F0,WGOA,Rpath,POL,2090,3453554.876,2082760.204,0,,pcod_rec
ssp126,F0,WGOA,Rpath,COD,2090,606244.3772,133466.6355,0,,pcod_rec
ssp126,F0,WGOA,Rpath,ATF,2090,1856013.876,699390.271,0,,pcod_rec
ssp126,F0,WGOA,Rpath,POL,2091,3458966.154,2086846.917,0,,pcod_rec
ssp126,F0,WGOA,Rpath,COD,2091,608260.3166,132663.3708,0,,pcod_rec
ssp126,F0,WGOA,Rpath,ATF,2091,1856825.951,699315.4709,0,,pcod_rec
ssp126,F0,WGOA,Rpath,POL,2092,3459701.926,2087796.23,0,,pcod_rec
ssp126,F0,WGOA,Rpath,COD,2092,608116.6437,133951.7322,0,,pcod_rec
ssp126,F0,WGOA,Rpath,ATF,2092,1858001.309,699700.4484,0,,pcod_rec
ssp126,F0,WGOA,Rpath,POL,2093,3452802.41,2081316.372,0,,pcod_rec
ssp126,F0,WGOA,Rpath,COD,2093,606315.155,135416.6716,0,,pcod_rec
ssp126,F0,WGOA,Rpath,ATF,2093,1855882.892,698427.657,0,,pcod_rec
ssp126,F0,WGOA,Rpath,POL,2094,3454098.372,2080988.201,0,,pcod_rec
ssp126,F0,WGOA,Rpath,COD,2094,606013.6432,138084.509,0,,pcod_rec
ssp126,F0,WGOA,Rpath,ATF,2094,1853576.435,697083.4894,0,,pcod_rec
ssp126,F0,WGOA,Rpath,POL,2095,3461861.185,2087452.833,0,,pcod_rec
ssp126,F0,WGOA,Rpath,COD,2095,606272.9714,140910.3495,0,,pcod_rec
ssp126,F0,WGOA,Rpath,ATF,2095,1854698.844,697872.4706,0,,pcod_rec
ssp126,F0,WGOA,Rpath,POL,2096,3462163.57,2088510.386,0,,pcod_rec
ssp126,F0,WGOA,Rpath,COD,2096,604827.2306,142163.0085,0,,pcod_rec
ssp126,F0,WGOA,Rpath,ATF,2096,1856160.515,699235.1094,0,,pcod_rec
ssp126,F0,WGOA,Rpath,POL,2097,3454318.597,2081114.043,0,,pcod_rec
ssp126,F0,WGOA,Rpath,COD,2097,601428.1608,142332.0151,0,,pcod_rec
ssp126,F0,WGOA,Rpath,ATF,2097,1853575.33,698324.2579,0,,pcod_rec
ssp126,F0,WGOA,Rpath,POL,2098,3455410.532,2080263.449,0,,pcod_rec
ssp126,F0,WGOA,Rpath,COD,2098,599853.2496,143066.0175,0,,pcod_rec
ssp126,F0,WGOA,Rpath,ATF,2098,1850726.317,696947.8978,0,,pcod_rec
ssp126,F0,WGOA,Rpath,POL,2099,3461652.316,2085387.604,0,,pcod_rec
ssp126,F0,WGOA,Rpath,COD,2099,600599.7333,143381.8895,0,,pcod_rec
ssp126,F0,WGOA,Rpath,ATF,2099,1850983.529,697287.6686,0,,pcod_rec
ssp245,F0,WGOA,Rpath,POL,1991,2884927.165,1690895.406,87828.01,,pcod_rec
ssp245,F0,WGOA,Rpath,COD,1991,399280.2939,93224.23736,64466.82999,,pcod_rec
ssp245,F0,WGOA,Rpath,ATF,1991,1554327.805,597326.9774,16958.38001,,pcod_rec
ssp245,F0,WGOA,Rpath,POL,1992,2892495.913,1696087.278,90585.18996,,pcod_rec
ssp245,F0,WGOA,Rpath,COD,1992,371842.9001,88999.22879,78966.50009,,pcod_rec
ssp245,F0,WGOA,Rpath,ATF,1992,1551901.376,598021.2117,20482.18006,,pcod_rec
ssp245,F0,WGOA,Rpath,POL,1993,2886917.46,1690078.21,108230.1801,,pcod_rec
ssp245,F0,WGOA,Rpath,COD,1993,375328.1754,91984.46817,45849.17007,,pcod_rec
ssp245,F0,WGOA,Rpath,ATF,1993,1551566.347,599298.1593,18294.44992,,pcod_rec
ssp245,F0,WGOA,Rpath,POL,1994,2891612.897,1691340.87,100412.3599,,pcod_rec
ssp245,F0,WGOA,Rpath,COD,1994,374238.5054,92168.02449,45610.57997,,pcod_rec
ssp245,F0,WGOA,Rpath,ATF,1994,1547453.432,598480.5088,21993.23998,,pcod_rec
ssp245,F0,WGOA,Rpath,POL,1995,2920445.243,1709974.752,69168.12993,,pcod_rec
ssp245,F0,WGOA,Rpath,COD,1995,354241.1182,88060.92648,67907.17999,,pcod_rec
ssp245,F0,WGOA,Rpath,ATF,1995,1548788.073,599203.4556,17415.49004,,pcod_rec
ssp245,F0,WGOA,Rpath,POL,1996,2949537.5,1727520.768,49825.87004,,pcod_rec
ssp245,F0,WGOA,Rpath,COD,1996,348901.2699,89289.89982,55391.6601,,pcod_rec
ssp245,F0,WGOA,Rpath,ATF,1996,1545296.542,597141.1539,21555.6099,,pcod_rec
ssp245,F0,WGOA,Rpath,POL,1997,2946193.762,1722365.564,84179.64997,,pcod_rec
ssp245,F0,WGOA,Rpath,COD,1997,339607.8718,88455.84666,58920.57999,,pcod_rec
ssp245,F0,WGOA,Rpath,ATF,1997,1547340.939,596389.7317,14758.27989,,pcod_rec
ssp245,F0,WGOA,Rpath,POL,1998,3007840.548,1762267.823,5428.379998,,pcod_rec
ssp245,F0,WGOA,Rpath,COD,1998,338402.0081,87897.09963,50218.95011,,pcod_rec
ssp245,F0,WGOA,Rpath,ATF,1998,1552042.171,596282.5118,12377.19001,,pcod_rec
ssp245,F0,WGOA,Rpath,POL,1999,2993956.264,1751820.359,90556.90006,,pcod_rec
ssp245,F0,WGOA,Rpath,COD,1999,323385.5045,83134.3282,66264.6701,,pcod_rec
ssp245,F0,WGOA,Rpath,ATF,1999,1556822.572,596729.6537,14649.22992,,pcod_rec
ssp245,F0,WGOA,Rpath,POL,2000,3049484.669,1789601.224,5552.830105,,pcod_rec
ssp245,F0,WGOA,Rpath,COD,2000,321234.7048,82993.63067,53384.86994,,pcod_rec
ssp245,F0,WGOA,Rpath,ATF,2000,1555589.603,595731.5303,22993.75009,,pcod_rec
ssp245,F0,WGOA,Rpath,POL,2001,3082953.386,1808450.385,3452.299979,,pcod_rec
ssp245,F0,WGOA,Rpath,COD,2001,327836.0522,85350.66779,40517.40995,,pcod_rec
ssp245,F0,WGOA,Rpath,ATF,2001,1559150.397,597017.2815,17416.19999,,pcod_rec
ssp245,F0,WGOA,Rpath,POL,2002,3117695.911,1828996.892,1698.029945,,pcod_rec
ssp245,F0,WGOA,Rpath,COD,2002,329657.1998,86672.3968,41567.98996,,pcod_rec
ssp245,F0,WGOA,Rpath,ATF,2002,1561074.367,598208.7603,20173.56001,,pcod_rec
ssp245,F0,WGOA,Rpath,POL,2003,3105660.591,1817041.088,48590.07701,,pcod_rec
ssp245,F0,WGOA,Rpath,COD,2003,321002.2329,86072.65487,52365.75509,,pcod_rec
ssp245,F0,WGOA,Rpath,ATF,2003,1552272.454,595288.6341,30169.77189,,pcod_rec
ssp245,F0,WGOA,Rpath,POL,2004,3100496.18,1811816.72,62434.43992,,pcod_rec
ssp245,F0,WGOA,Rpath,COD,2004,310907.3461,86861.68446,56450.24197,,pcod_rec
ssp245,F0,WGOA,Rpath,ATF,2004,1557805.526,597533.7477,15634.90804,,pcod_rec
ssp245,F0,WGOA,Rpath,POL,2005,3085140.756,1801622.597,78302.79193,,pcod_rec
ssp245,F0,WGOA,Rpath,COD,2005,308747.7124,89355.03295,47523.77993,,pcod_rec
ssp245,F0,WGOA,Rpath,ATF,2005,1557456.933,596651.5277,19923.57305,,pcod_rec
ssp245,F0,WGOA,Rpath,POL,2006,3088115.7,1805154.794,68928.30799,,pcod_rec
ssp245,F0,WGOA,Rpath,COD,2006,305285.4254,89662.84203,47767.07996,,pcod_rec
ssp245,F0,WGOA,Rpath,ATF,2006,1552052.557,593803.972,27622.69892,,pcod_rec
ssp245,F0,WGOA,Rpath,POL,2007,3108388.666,1820162.189,51572.307,,pcod_rec
ssp245,F0,WGOA,Rpath,COD,2007,298656.828,86970.58416,51812.178,,pcod_rec
ssp245,F0,WGOA,Rpath,ATF,2007,1552833.111,593773.0969,25346.98698,,pcod_rec
ssp245,F0,WGOA,Rpath,POL,2008,3122657.328,1829614.826,50786.20601,,pcod_rec
ssp245,F0,WGOA,Rpath,COD,2008,288014.1972,83738.42574,58386.38403,,pcod_rec
ssp245,F0,WGOA,Rpath,ATF,2008,1551453.517,592951.9777,29205.93997,,pcod_rec
ssp245,F0,WGOA,Rpath,POL,2009,3143273.399,1841984.82,41549.50308,,pcod_rec
ssp245,F0,WGOA,Rpath,COD,2009,284535.8483,83301.56554,51788.98001,,pcod_rec
ssp245,F0,WGOA,Rpath,ATF,2009,1555113.026,594046.2661,24831.74204,,pcod_rec
ssp245,F0,WGOA,Rpath,POL,2010,3136117.031,1835292.146,73443.38423,,pcod_rec
ssp245,F0,WGOA,Rpath,COD,2010,260387.0744,76717.56805,76954.1546,,pcod_rec
ssp245,F0,WGOA,Rpath,ATF,2010,1558263.173,594362.5648,24339.44647,,pcod_rec
ssp245,F0,WGOA,Rpath,POL,2011,3141056.088,1838289.751,77694.47962,,pcod_rec
ssp245,F0,WGOA,Rpath,COD,2011,234318.5161,69543.30604,83710.47539,,pcod_rec
ssp245,F0,WGOA,Rpath,ATF,2011,1557071.61,592792.1032,30911.82176,,pcod_rec
ssp245,F0,WGOA,Rpath,POL,2012,3133568.472,1833854.712,98934.69122,,pcod_rec
ssp245,F0,WGOA,Rpath,COD,2012,216652.3988,64116.82151,76871.10999,,pcod_rec
ssp245,F0,WGOA,Rpath,ATF,2012,1567597.99,595605.7671,20761.90991,,pcod_rec
ssp245,F0,WGOA,Rpath,POL,2013,3129803.327,1832301.647,90796.63161,,pcod_rec
ssp245,F0,WGOA,Rpath,COD,2013,207097.746,61173.05499,66829.78162,,pcod_rec
ssp245,F0,WGOA,Rpath,ATF,2013,1575636.643,596480.792,21809.31232,,pcod_rec
ssp245,F0,WGOA,Rpath,POL,2014,3087331.432,1803398.136,138948.062,,pcod_rec
ssp245,F0,WGOA,Rpath,COD,2014,180191.4473,54326.17477,83491.7282,,pcod_rec
ssp245,F0,WGOA,Rpath,ATF,2014,1567912.163,590069.7527,36524.50153,,pcod_rec
ssp245,F0,WGOA,Rpath,POL,2015,3045526.286,1775739.079,162807.646,,pcod_rec
ssp245,F0,WGOA,Rpath,COD,2015,157932.7221,48934.44114,77689.99201,,pcod_rec
ssp245,F0,WGOA,Rpath,ATF,2015,1577268.818,588791.536,19296.58722,,pcod_rec
ssp245,F0,WGOA,Rpath,POL,2016,3007798.292,1753763.798,173086.3524,,pcod_rec
ssp245,F0,WGOA,Rpath,COD,2016,147656.6154,47339.00977,62867.32743,,pcod_rec
ssp245,F0,WGOA,Rpath,ATF,2016,1586289.943,586210.8787,19976.29419,,pcod_rec
ssp245,F0,WGOA,Rpath,POL,2017,2976739.358,1738811.225,184220.0285,,pcod_rec
ssp245,F0,WGOA,Rpath,COD,2017,147736.1447,50239.67431,48204.21467,,pcod_rec
ssp245,F0,WGOA,Rpath,ATF,2017,1591593.276,581990.6601,27053.50899,,pcod_rec
ssp245,F0,WGOA,Rpath,POL,2018,2968841.332,1740812.462,150815.1922,,pcod_rec
ssp245,F0,WGOA,Rpath,COD,2018,174522.2292,61112.90393,14681.2982,,pcod_rec
ssp245,F0,WGOA,Rpath,ATF,2018,1607270.211,582229.7484,18870.25094,,pcod_rec
ssp245,F0,WGOA,Rpath,POL,2019,2976191.205,1750709.517,110649.2716,,pcod_rec
ssp245,F0,WGOA,Rpath,COD,2019,197788.813,66355.87669,15200.42058,,pcod_rec
ssp245,F0,WGOA,Rpath,ATF,2019,1614692.328,580069.5368,24567.05196,,pcod_rec
ssp245,F0,WGOA,Rpath,POL,2020,2989895.252,1764767.026,99971.06489,,pcod_rec
ssp245,F0,WGOA,Rpath,COD,2020,227504.7379,75552.62082,6085.249339,,pcod_rec
ssp245,F0,WGOA,Rpath,ATF,2020,1626347.351,581533.7136,21115.8993,,pcod_rec
ssp245,F0,WGOA,Rpath,POL,2021,3005214.213,1780482.043,93869.85877,,pcod_rec
ssp245,F0,WGOA,Rpath,COD,2021,244912.1329,80220.53551,18686.81231,,pcod_rec
ssp245,F0,WGOA,Rpath,ATF,2021,1649276.26,589931.7678,9846.300133,,pcod_rec
ssp245,F0,WGOA,Rpath,POL,2022,2978104.55,1765658.82,123494.0341,,pcod_rec
ssp245,F0,WGOA,Rpath,COD,2022,259184.8799,81308.34725,25387.70532,,pcod_rec
ssp245,F0,WGOA,Rpath,ATF,2022,1664357.422,597477.4276,11531.83168,,pcod_rec
ssp245,F0,WGOA,Rpath,POL,2023,2960276.444,1756633.795,124964.8454,,pcod_rec
ssp245,F0,WGOA,Rpath,COD,2023,278276.7699,81928.00171,21018.29691,,pcod_rec
ssp245,F0,WGOA,Rpath,ATF,2023,1677165.002,605950.8114,9114.887409,,pcod_rec
ssp245,F0,WGOA,Rpath,POL,2024,3026962.263,1804461.756,0,,pcod_rec
ssp245,F0,WGOA,Rpath,COD,2024,314299.1763,87702.62095,0,,pcod_rec
ssp245,F0,WGOA,Rpath,ATF,2024,1694161.581,617131.5787,0,,pcod_rec
ssp245,F0,WGOA,Rpath,POL,2025,3069400.681,1833012.183,0,,pcod_rec
ssp245,F0,WGOA,Rpath,COD,2025,345274.1176,91267.8204,0,,pcod_rec
ssp245,F0,WGOA,Rpath,ATF,2025,1708050.201,627394.7307,0,,pcod_rec
ssp245,F0,WGOA,Rpath,POL,2026,3098344.322,1852893.289,0,,pcod_rec
ssp245,F0,WGOA,Rpath,COD,2026,371889.117,95990.03838,0,,pcod_rec
ssp245,F0,WGOA,Rpath,ATF,2026,1720703.674,637164.054,0,,pcod_rec
ssp245,F0,WGOA,Rpath,POL,2027,3116402.229,1864225.205,0,,pcod_rec
ssp245,F0,WGOA,Rpath,COD,2027,395049.439,102007.1657,0,,pcod_rec
ssp245,F0,WGOA,Rpath,ATF,2027,1730416.635,644713.0719,0,,pcod_rec
ssp245,F0,WGOA,Rpath,POL,2028,3128366.241,1871774.711,0,,pcod_rec
ssp245,F0,WGOA,Rpath,COD,2028,415303.0853,108194.92,0,,pcod_rec
ssp245,F0,WGOA,Rpath,ATF,2028,1738022.669,650254.8471,0,,pcod_rec
ssp245,F0,WGOA,Rpath,POL,2029,3137847.681,1878170.503,0,,pcod_rec
ssp245,F0,WGOA,Rpath,COD,2029,432623.8378,113209.9208,0,,pcod_rec
ssp245,F0,WGOA,Rpath,ATF,2029,1744057.895,654172.7009,0,,pcod_rec
ssp245,F0,WGOA,Rpath,POL,2030,3142558.889,1882007.159,0,,pcod_rec
ssp245,F0,WGOA,Rpath,COD,2030,447522.4412,117825.0678,0,,pcod_rec
ssp245,F0,WGOA,Rpath,ATF,2030,1749024.91,656764.6823,0,,pcod_rec
ssp245,F0,WGOA,Rpath,POL,2031,3148579.956,1887058.355,0,,pcod_rec
ssp245,F0,WGOA,Rpath,COD,2031,460517.0556,122046.0615,0,,pcod_rec
ssp245,F0,WGOA,Rpath,ATF,2031,1753435.008,658220.7062,0,,pcod_rec
ssp245,F0,WGOA,Rpath,POL,2032,3149890.071,1888966.103,0,,pcod_rec
ssp245,F0,WGOA,Rpath,COD,2032,471565.1617,125308.6336,0,,pcod_rec
ssp245,F0,WGOA,Rpath,ATF,2032,1756917.804,658694.7187,0,,pcod_rec
ssp245,F0,WGOA,Rpath,POL,2033,3151609.22,1890478.646,0,,pcod_rec
ssp245,F0,WGOA,Rpath,COD,2033,481398.005,127681.5111,0,,pcod_rec
ssp245,F0,WGOA,Rpath,ATF,2033,1759081.763,658128.0425,0,,pcod_rec
ssp245,F0,WGOA,Rpath,POL,2034,3156444.633,1894757.068,0,,pcod_rec
ssp245,F0,WGOA,Rpath,COD,2034,488737.9479,129583.1156,0,,pcod_rec
ssp245,F0,WGOA,Rpath,ATF,2034,1761927.75,658082.9918,0,,pcod_rec
ssp245,F0,WGOA,Rpath,POL,2035,3153006.523,1891738.78,0,,pcod_rec
ssp245,F0,WGOA,Rpath,COD,2035,493923.5071,130584.8094,0,,pcod_rec
ssp245,F0,WGOA,Rpath,ATF,2035,1762361.242,657039.0681,0,,pcod_rec
ssp245,F0,WGOA,Rpath,POL,2036,3157144.752,1894307.071,0,,pcod_rec
ssp245,F0,WGOA,Rpath,COD,2036,499880.6138,132394.7574,0,,pcod_rec
ssp245,F0,WGOA,Rpath,ATF,2036,1763257.136,656573.1817,0,,pcod_rec
ssp245,F0,WGOA,Rpath,POL,2037,3165085.773,1900570.749,0,,pcod_rec
ssp245,F0,WGOA,Rpath,COD,2037,505233.1204,135539.9142,0,,pcod_rec
ssp245,F0,WGOA,Rpath,ATF,2037,1765763.869,657484.4848,0,,pcod_rec
ssp245,F0,WGOA,Rpath,POL,2038,3170111.464,1904514.716,0,,pcod_rec
ssp245,F0,WGOA,Rpath,COD,2038,508860.8332,138476.3775,0,,pcod_rec
ssp245,F0,WGOA,Rpath,ATF,2038,1768141.842,658866.6065,0,,pcod_rec
ssp245,F0,WGOA,Rpath,POL,2039,3174889.745,1907133.459,0,,pcod_rec
ssp245,F0,WGOA,Rpath,COD,2039,511779.7265,140738.475,0,,pcod_rec
ssp245,F0,WGOA,Rpath,ATF,2039,1769427.591,659922.9056,0,,pcod_rec
ssp245,F0,WGOA,Rpath,POL,2040,3181158.507,1910830.494,0,,pcod_rec
ssp245,F0,WGOA,Rpath,COD,2040,514968.2284,141765.6308,0,,pcod_rec
ssp245,F0,WGOA,Rpath,ATF,2040,1770632.733,661052.4058,0,,pcod_rec
ssp245,F0,WGOA,Rpath,POL,2041,3189176.708,1915679.64,0,,pcod_rec
ssp245,F0,WGOA,Rpath,COD,2041,519191.3773,140993.8749,0,,pcod_rec
ssp245,F0,WGOA,Rpath,ATF,2041,1771754.556,662048.7961,0,,pcod_rec
ssp245,F0,WGOA,Rpath,POL,2042,3202918.501,1925484.907,0,,pcod_rec
ssp245,F0,WGOA,Rpath,COD,2042,524978.1065,140400.0438,0,,pcod_rec
ssp245,F0,WGOA,Rpath,ATF,2042,1774560.084,663862.6148,0,,pcod_rec
ssp245,F0,WGOA,Rpath,POL,2043,3214586.669,1933940.339,0,,pcod_rec
ssp245,F0,WGOA,Rpath,COD,2043,530226.4018,139541.9005,0,,pcod_rec
ssp245,F0,WGOA,Rpath,ATF,2043,1778099.196,666045.8104,0,,pcod_rec
ssp245,F0,WGOA,Rpath,POL,2044,3221336.225,1937742.74,0,,pcod_rec
ssp245,F0,WGOA,Rpath,COD,2044,535675.7686,137007.6137,0,,pcod_rec
ssp245,F0,WGOA,Rpath,ATF,2044,1780388.296,667410.5215,0,,pcod_rec
ssp245,F0,WGOA,Rpath,POL,2045,3232781.953,1944666.172,0,,pcod_rec
ssp245,F0,WGOA,Rpath,COD,2045,541900.3333,133652.7122,0,,pcod_rec
ssp245,F0,WGOA,Rpath,ATF,2045,1782659.837,668551.8059,0,,pcod_rec
ssp245,F0,WGOA,Rpath,POL,2046,3243785.77,1951557.229,0,,pcod_rec
ssp245,F0,WGOA,Rpath,COD,2046,547052.0581,130481.5468,0,,pcod_rec
ssp245,F0,WGOA,Rpath,ATF,2046,1785431.157,669903.7475,0,,pcod_rec
ssp245,F0,WGOA,Rpath,POL,2047,3249690.834,1954116.998,0,,pcod_rec
ssp245,F0,WGOA,Rpath,COD,2047,551932.4978,128004.9446,0,,pcod_rec
ssp245,F0,WGOA,Rpath,ATF,2047,1786676.283,670413.0064,0,,pcod_rec
ssp245,F0,WGOA,Rpath,POL,2048,3264537.899,1963284.007,0,,pcod_rec
ssp245,F0,WGOA,Rpath,COD,2048,555609.8125,128694.0075,0,,pcod_rec
ssp245,F0,WGOA,Rpath,ATF,2048,1788657.789,671120.8604,0,,pcod_rec
ssp245,F0,WGOA,Rpath,POL,2049,3272309.933,1967572.488,0,,pcod_rec
ssp245,F0,WGOA,Rpath,COD,2049,556589.7485,131106.102,0,,pcod_rec
ssp245,F0,WGOA,Rpath,ATF,2049,1791091.395,672191.8079,0,,pcod_rec
ssp245,F0,WGOA,Rpath,POL,2050,3283797.065,1974333.946,0,,pcod_rec
ssp245,F0,WGOA,Rpath,COD,2050,559446.1993,134711.0374,0,,pcod_rec
ssp245,F0,WGOA,Rpath,ATF,2050,1793767.489,673357.1128,0,,pcod_rec
ssp245,F0,WGOA,Rpath,POL,2051,3301161.276,1987080.548,0,,pcod_rec
ssp245,F0,WGOA,Rpath,COD,2051,562445.3574,140353.4028,0,,pcod_rec
ssp245,F0,WGOA,Rpath,ATF,2051,1798865.115,675981.2417,0,,pcod_rec
ssp245,F0,WGOA,Rpath,POL,2052,3307251.072,1990762.58,0,,pcod_rec
ssp245,F0,WGOA,Rpath,COD,2052,562363.7316,144085.8002,0,,pcod_rec
ssp245,F0,WGOA,Rpath,ATF,2052,1801999.699,677622.6861,0,,pcod_rec
ssp245,F0,WGOA,Rpath,POL,2053,3311421.38,1991767.867,0,,pcod_rec
ssp245,F0,WGOA,Rpath,COD,2053,563297.5765,144686.4361,0,,pcod_rec
ssp245,F0,WGOA,Rpath,ATF,2053,1802769.632,677742.318,0,,pcod_rec
ssp245,F0,WGOA,Rpath,POL,2054,3325264.515,2000855.827,0,,pcod_rec
ssp245,F0,WGOA,Rpath,COD,2054,565853.1635,145215.1048,0,,pcod_rec
ssp245,F0,WGOA,Rpath,ATF,2054,1804712.052,678211.6614,0,,pcod_rec
ssp245,F0,WGOA,Rpath,POL,2055,3333409.806,2006053.923,0,,pcod_rec
ssp245,F0,WGOA,Rpath,COD,2055,565869.2445,142303.1329,0,,pcod_rec
ssp245,F0,WGOA,Rpath,ATF,2055,1807034.37,678824.5359,0,,pcod_rec
ssp245,F0,WGOA,Rpath,POL,2056,3338999.157,2008358.397,0,,pcod_rec
ssp245,F0,WGOA,Rpath,COD,2056,565687.3131,138423.9146,0,,pcod_rec
ssp245,F0,WGOA,Rpath,ATF,2056,1808406.378,678830.5132,0,,pcod_rec
ssp245,F0,WGOA,Rpath,POL,2057,3346812.941,2012520.326,0,,pcod_rec
ssp245,F0,WGOA,Rpath,COD,2057,567926.1193,138047.1505,0,,pcod_rec
ssp245,F0,WGOA,Rpath,ATF,2057,1809716.839,678744.8323,0,,pcod_rec
ssp245,F0,WGOA,Rpath,POL,2058,3360426.803,2022539.588,0,,pcod_rec
ssp245,F0,WGOA,Rpath,COD,2058,571939.5552,139807.834,0,,pcod_rec
ssp245,F0,WGOA,Rpath,ATF,2058,1813162.28,679939.4047,0,,pcod_rec
ssp245,F0,WGOA,Rpath,POL,2059,3372615.897,2031880.095,0,,pcod_rec
ssp245,F0,WGOA,Rpath,COD,2059,573726.4478,140452.794,0,,pcod_rec
ssp245,F0,WGOA,Rpath,ATF,2059,1817934.881,682197.65,0,,pcod_rec
ssp245,F0,WGOA,Rpath,POL,2060,3371754.435,2030340.744,0,,pcod_rec
ssp245,F0,WGOA,Rpath,COD,2060,573870.2467,140885.9811,0,,pcod_rec
ssp245,F0,WGOA,Rpath,ATF,2060,1820278.096,683489.7012,0,,pcod_rec
ssp245,F0,WGOA,Rpath,POL,2061,3376644.774,2032093.517,0,,pcod_rec
ssp245,F0,WGOA,Rpath,COD,2061,575149.0847,140311.0206,0,,pcod_rec
ssp245,F0,WGOA,Rpath,ATF,2061,1821116.429,683823.3619,0,,pcod_rec
ssp245,F0,WGOA,Rpath,POL,2062,3382348.407,2034892.235,0,,pcod_rec
ssp245,F0,WGOA,Rpath,COD,2062,575049.5659,138700.5747,0,,pcod_rec
ssp245,F0,WGOA,Rpath,ATF,2062,1821844.376,683974.5112,0,,pcod_rec
ssp245,F0,WGOA,Rpath,POL,2063,3388118.601,2038080.397,0,,pcod_rec
ssp245,F0,WGOA,Rpath,COD,2063,573691.0153,137131.0166,0,,pcod_rec
ssp245,F0,WGOA,Rpath,ATF,2063,1823228.235,684397.6652,0,,pcod_rec
ssp245,F0,WGOA,Rpath,POL,2064,3392762.595,2040731.722,0,,pcod_rec
ssp245,F0,WGOA,Rpath,COD,2064,574292.7868,139361.7006,0,,pcod_rec
ssp245,F0,WGOA,Rpath,ATF,2064,1824806.569,684916.3594,0,,pcod_rec
ssp245,F0,WGOA,Rpath,POL,2065,3405508.797,2050298.528,0,,pcod_rec
ssp245,F0,WGOA,Rpath,COD,2065,576826.5678,145045.5824,0,,pcod_rec
ssp245,F0,WGOA,Rpath,ATF,2065,1827921.158,686172.1561,0,,pcod_rec
ssp245,F0,WGOA,Rpath,POL,2066,3414036.795,2057820.662,0,,pcod_rec
ssp245,F0,WGOA,Rpath,COD,2066,577813.7249,148134.3638,0,,pcod_rec
ssp245,F0,WGOA,Rpath,ATF,2066,1832691.718,688505.4828,0,,pcod_rec
ssp245,F0,WGOA,Rpath,POL,2067,3415590.203,2058981.506,0,,pcod_rec
ssp245,F0,WGOA,Rpath,COD,2067,579240.6089,147708.1857,0,,pcod_rec
ssp245,F0,WGOA,Rpath,ATF,2067,1836195.646,690268.8784,0,,pcod_rec
ssp245,F0,WGOA,Rpath,POL,2068,3420434.432,2062432.069,0,,pcod_rec
ssp245,F0,WGOA,Rpath,COD,2068,582362.6588,144981.9121,0,,pcod_rec
ssp245,F0,WGOA,Rpath,ATF,2068,1839356.441,691836.6239,0,,pcod_rec
ssp245,F0,WGOA,Rpath,POL,2069,3419057.349,2060819.874,0,,pcod_rec
ssp245,F0,WGOA,Rpath,COD,2069,585024.2585,139405.9012,0,,pcod_rec
ssp245,F0,WGOA,Rpath,ATF,2069,1840338.116,692132.3551,0,,pcod_rec
ssp245,F0,WGOA,Rpath,POL,2070,3421398.443,2061634.353,0,,pcod_rec
ssp245,F0,WGOA,Rpath,COD,2070,588481.0214,133048.1111,0,,pcod_rec
ssp245,F0,WGOA,Rpath,ATF,2070,1840341.502,691619.4358,0,,pcod_rec
ssp245,F0,WGOA,Rpath,POL,2071,3427511.174,2066063.855,0,,pcod_rec
ssp245,F0,WGOA,Rpath,COD,2071,590424.9601,130014.4866,0,,pcod_rec
ssp245,F0,WGOA,Rpath,ATF,2071,1842001.817,691940.192,0,,pcod_rec
ssp245,F0,WGOA,Rpath,POL,2072,3424131.705,2062805.159,0,,pcod_rec
ssp245,F0,WGOA,Rpath,COD,2072,590806.7003,129753.6001,0,,pcod_rec
ssp245,F0,WGOA,Rpath,ATF,2072,1842330.764,691665.4562,0,,pcod_rec
ssp245,F0,WGOA,Rpath,POL,2073,3429640.62,2066118.003,0,,pcod_rec
ssp245,F0,WGOA,Rpath,COD,2073,592938.8684,131757.8662,0,,pcod_rec
ssp245,F0,WGOA,Rpath,ATF,2073,1843333.357,691677.2756,0,,pcod_rec
ssp245,F0,WGOA,Rpath,POL,2074,3436652.338,2072175.778,0,,pcod_rec
ssp245,F0,WGOA,Rpath,COD,2074,593533.927,136898.8247,0,,pcod_rec
ssp245,F0,WGOA,Rpath,ATF,2074,1846777.027,693360.8692,0,,pcod_rec
ssp245,F0,WGOA,Rpath,POL,2075,3435133.112,2070926.057,0,,pcod_rec
ssp245,F0,WGOA,Rpath,COD,2075,591259.5724,141039.3103,0,,pcod_rec
ssp245,F0,WGOA,Rpath,ATF,2075,1848476.446,694364.8771,0,,pcod_rec
ssp245,F0,WGOA,Rpath,POL,2076,3434349.246,2069451.348,0,,pcod_rec
ssp245,F0,WGOA,Rpath,COD,2076,591023.1829,144526.265,0,,pcod_rec
ssp245,F0,WGOA,Rpath,ATF,2076,1848372.792,694356.689,0,,pcod_rec
ssp245,F0,WGOA,Rpath,POL,2077,3441384.052,2074964.262,0,,pcod_rec
ssp245,F0,WGOA,Rpath,COD,2077,593332.7138,147902.3224,0,,pcod_rec
ssp245,F0,WGOA,Rpath,ATF,2077,1849440.858,694873.9368,0,,pcod_rec
ssp245,F0,WGOA,Rpath,POL,2078,3444493.242,2077979.242,0,,pcod_rec
ssp245,F0,WGOA,Rpath,COD,2078,594087.8013,146967.8157,0,,pcod_rec
ssp245,F0,WGOA,Rpath,ATF,2078,1850738.853,695475.8575,0,,pcod_rec
ssp245,F0,WGOA,Rpath,POL,2079,3443920.73,2077568.154,0,,pcod_rec
ssp245,F0,WGOA,Rpath,COD,2079,593233.2783,142693.3087,0,,pcod_rec
ssp245,F0,WGOA,Rpath,ATF,2079,1852144.078,696109.3795,0,,pcod_rec
ssp245,F0,WGOA,Rpath,POL,2080,3443093.287,2076455.422,0,,pcod_rec
ssp245,F0,WGOA,Rpath,COD,2080,595043.0956,139030.8213,0,,pcod_rec
ssp245,F0,WGOA,Rpath,ATF,2080,1853186.089,696539.594,0,,pcod_rec
ssp245,F0,WGOA,Rpath,POL,2081,3446351.352,2078518.797,0,,pcod_rec
ssp245,F0,WGOA,Rpath,COD,2081,596449.5671,136258.203,0,,pcod_rec
ssp245,F0,WGOA,Rpath,ATF,2081,1853917.665,696710.8715,0,,pcod_rec
ssp245,F0,WGOA,Rpath,POL,2082,3440520.291,2072859.984,0,,pcod_rec
ssp245,F0,WGOA,Rpath,COD,2082,592542.7654,133014.8587,0,,pcod_rec
ssp245,F0,WGOA,Rpath,ATF,2082,1852297.29,695642.5852,0,,pcod_rec
ssp245,F0,WGOA,Rpath,POL,2083,3438414.957,2068937.375,0,,pcod_rec
ssp245,F0,WGOA,Rpath,COD,2083,590236.2683,133780.2396,0,,pcod_rec
ssp245,F0,WGOA,Rpath,ATF,2083,1848944.685,693473.4811,0,,pcod_rec
ssp245,F0,WGOA,Rpath,POL,2084,3445892.408,2074345.71,0,,pcod_rec
ssp245,F0,WGOA,Rpath,COD,2084,589739.3688,140786.3418,0,,pcod_rec
ssp245,F0,WGOA,Rpath,ATF,2084,1848339.905,692787.6449,0,,pcod_rec
ssp245,F0,WGOA,Rpath,POL,2085,3448340.22,2076713.46,0,,pcod_rec
ssp245,F0,WGOA,Rpath,COD,2085,586884.0999,147640.5286,0,,pcod_rec
ssp245,F0,WGOA,Rpath,ATF,2085,1848960.309,692977.603,0,,pcod_rec
ssp245,F0,WGOA,Rpath,POL,2086,3448696.445,2077156.309,0,,pcod_rec
ssp245,F0,WGOA,Rpath,COD,2086,584407.5728,152108.2029,0,,pcod_rec
ssp245,F0,WGOA,Rpath,ATF,2086,1849774.473,693441.4838,0,,pcod_rec
ssp245,F0,WGOA,Rpath,POL,2087,3451209.027,2079298.572,0,,pcod_rec
ssp245,F0,WGOA,Rpath,COD,2087,582444.7261,156619.7443,0,,pcod_rec
ssp245,F0,WGOA,Rpath,ATF,2087,1850887.913,694223.7666,0,,pcod_rec
ssp245,F0,WGOA,Rpath,POL,2088,3448116.263,2075991.647,0,,pcod_rec
ssp245,F0,WGOA,Rpath,COD,2088,578036.778,155113.7938,0,,pcod_rec
ssp245,F0,WGOA,Rpath,ATF,2088,1849216.176,693521.705,0,,pcod_rec
ssp245,F0,WGOA,Rpath,POL,2089,3443458.567,2070045.953,0,,pcod_rec
ssp245,F0,WGOA,Rpath,COD,2089,572567.5888,149427.7269,0,,pcod_rec
ssp245,F0,WGOA,Rpath,ATF,2089,1844656.542,690992.6728,0,,pcod_rec
ssp245,F0,WGOA,Rpath,POL,2090,3447185.252,2071316.606,0,,pcod_rec
ssp245,F0,WGOA,Rpath,COD,2090,570776.0244,146576.4152,0,,pcod_rec
ssp245,F0,WGOA,Rpath,ATF,2090,1842061.64,689296.4215,0,,pcod_rec
ssp245,F0,WGOA,Rpath,POL,2091,3458200.468,2080278.425,0,,pcod_rec
ssp245,F0,WGOA,Rpath,COD,2091,569484.9138,147416.7658,0,,pcod_rec
ssp245,F0,WGOA,Rpath,ATF,2091,1844212.376,690332.6383,0,,pcod_rec
ssp245,F0,WGOA,Rpath,POL,2092,3458169.876,2080776.713,0,,pcod_rec
ssp245,F0,WGOA,Rpath,COD,2092,565127.9922,149210.3827,0,,pcod_rec
ssp245,F0,WGOA,Rpath,ATF,2092,1846770.637,691991.056,0,,pcod_rec
ssp245,F0,WGOA,Rpath,POL,2093,3459817.135,2081540.45,0,,pcod_rec
ssp245,F0,WGOA,Rpath,COD,2093,563346.3029,153361.6734,0,,pcod_rec
ssp245,F0,WGOA,Rpath,ATF,2093,1848350.95,693242.6747,0,,pcod_rec
ssp245,F0,WGOA,Rpath,POL,2094,3463699.088,2084507.189,0,,pcod_rec
ssp245,F0,WGOA,Rpath,COD,2094,562025.9774,157222.658,0,,pcod_rec
ssp245,F0,WGOA,Rpath,ATF,2094,1849887.124,694501.9203,0,,pcod_rec
ssp245,F0,WGOA,Rpath,POL,2095,3462087.807,2083406.51,0,,pcod_rec
ssp245,F0,WGOA,Rpath,COD,2095,561773.255,156119.2045,0,,pcod_rec
ssp245,F0,WGOA,Rpath,ATF,2095,1850162.267,695063.4165,0,,pcod_rec
ssp245,F0,WGOA,Rpath,POL,2096,3469035.169,2089564.867,0,,pcod_rec
ssp245,F0,WGOA,Rpath,COD,2096,565426.5039,153068.0983,0,,pcod_rec
ssp245,F0,WGOA,Rpath,ATF,2096,1852182.928,696371.3127,0,,pcod_rec
ssp245,F0,WGOA,Rpath,POL,2097,3471234.222,2092516.466,0,,pcod_rec
ssp245,F0,WGOA,Rpath,COD,2097,567495.2576,149463.5267,0,,pcod_rec
ssp245,F0,WGOA,Rpath,ATF,2097,1854771.699,697947.4921,0,,pcod_rec
ssp245,F0,WGOA,Rpath,POL,2098,3463167.142,2085784.269,0,,pcod_rec
ssp245,F0,WGOA,Rpath,COD,2098,570290.9845,141215.209,0,,pcod_rec
ssp245,F0,WGOA,Rpath,ATF,2098,1854166.684,697494.0256,0,,pcod_rec
ssp245,F0,WGOA,Rpath,POL,2099,3472982.667,2093555.967,0,,pcod_rec
ssp245,F0,WGOA,Rpath,COD,2099,578189.3865,134991.4934,0,,pcod_rec
ssp245,F0,WGOA,Rpath,ATF,2099,1856173.473,698232.6413,0,,pcod_rec
ssp585,F0,WGOA,Rpath,POL,1991,2884927.165,1690895.406,87828.01,,pcod_rec
ssp585,F0,WGOA,Rpath,COD,1991,399280.2939,93224.23736,64466.82999,,pcod_rec
ssp585,F0,WGOA,Rpath,ATF,1991,1554327.805,597326.9774,16958.38001,,pcod_rec
ssp585,F0,WGOA,Rpath,POL,1992,2892495.913,1696087.278,90585.18996,,pcod_rec
ssp585,F0,WGOA,Rpath,COD,1992,371842.9001,88999.22879,78966.50009,,pcod_rec
ssp585,F0,WGOA,Rpath,ATF,1992,1551901.376,598021.2117,20482.18006,,pcod_rec
ssp585,F0,WGOA,Rpath,POL,1993,2886917.46,1690078.21,108230.1801,,pcod_rec
ssp585,F0,WGOA,Rpath,COD,1993,375328.1754,91984.46817,45849.17007,,pcod_rec
ssp585,F0,WGOA,Rpath,ATF,1993,1551566.347,599298.1593,18294.44992,,pcod_rec
ssp585,F0,WGOA,Rpath,POL,1994,2891612.897,1691340.87,100412.3599,,pcod_rec
ssp585,F0,WGOA,Rpath,COD,1994,374238.5054,92168.02449,45610.57997,,pcod_rec
ssp585,F0,WGOA,Rpath,ATF,1994,1547453.432,598480.5088,21993.23998,,pcod_rec
ssp585,F0,WGOA,Rpath,POL,1995,2920445.243,1709974.752,69168.12993,,pcod_rec
ssp585,F0,WGOA,Rpath,COD,1995,354241.1182,88060.92648,67907.17999,,pcod_rec
ssp585,F0,WGOA,Rpath,ATF,1995,1548788.073,599203.4556,17415.49004,,pcod_rec
ssp585,F0,WGOA,Rpath,POL,1996,2949537.5,1727520.768,49825.87004,,pcod_rec
ssp585,F0,WGOA,Rpath,COD,1996,348901.2699,89289.89982,55391.6601,,pcod_rec
ssp585,F0,WGOA,Rpath,ATF,1996,1545296.542,597141.1539,21555.6099,,pcod_rec
ssp585,F0,WGOA,Rpath,POL,1997,2946193.762,1722365.564,84179.64997,,pcod_rec
ssp585,F0,WGOA,Rpath,COD,1997,339607.8718,88455.84666,58920.57999,,pcod_rec
ssp585,F0,WGOA,Rpath,ATF,1997,1547340.939,596389.7317,14758.27989,,pcod_rec
ssp585,F0,WGOA,Rpath,POL,1998,3007840.548,1762267.823,5428.379998,,pcod_rec
ssp585,F0,WGOA,Rpath,COD,1998,338402.0081,87897.09963,50218.95011,,pcod_rec
ssp585,F0,WGOA,Rpath,ATF,1998,1552042.171,596282.5118,12377.19001,,pcod_rec
ssp585,F0,WGOA,Rpath,POL,1999,2993956.264,1751820.359,90556.90006,,pcod_rec
ssp585,F0,WGOA,Rpath,COD,1999,323385.5045,83134.3282,66264.6701,,pcod_rec
ssp585,F0,WGOA,Rpath,ATF,1999,1556822.572,596729.6537,14649.22992,,pcod_rec
ssp585,F0,WGOA,Rpath,POL,2000,3049484.669,1789601.224,5552.830105,,pcod_rec
ssp585,F0,WGOA,Rpath,COD,2000,321234.7048,82993.63067,53384.86994,,pcod_rec
ssp585,F0,WGOA,Rpath,ATF,2000,1555589.603,595731.5303,22993.75009,,pcod_rec
ssp585,F0,WGOA,Rpath,POL,2001,3082953.386,1808450.385,3452.299979,,pcod_rec
ssp585,F0,WGOA,Rpath,COD,2001,327836.0522,85350.66779,40517.40995,,pcod_rec
ssp585,F0,WGOA,Rpath,ATF,2001,1559150.397,597017.2815,17416.19999,,pcod_rec
ssp585,F0,WGOA,Rpath,POL,2002,3117695.911,1828996.892,1698.029945,,pcod_rec
ssp585,F0,WGOA,Rpath,COD,2002,329657.1998,86672.3968,41567.98996,,pcod_rec
ssp585,F0,WGOA,Rpath,ATF,2002,1561074.367,598208.7603,20173.56001,,pcod_rec
ssp585,F0,WGOA,Rpath,POL,2003,3105660.591,1817041.088,48590.07701,,pcod_rec
ssp585,F0,WGOA,Rpath,COD,2003,321002.2329,86072.65487,52365.75509,,pcod_rec
ssp585,F0,WGOA,Rpath,ATF,2003,1552272.454,595288.6341,30169.77189,,pcod_rec
ssp585,F0,WGOA,Rpath,POL,2004,3100496.18,1811816.72,62434.43992,,pcod_rec
ssp585,F0,WGOA,Rpath,COD,2004,310907.3461,86861.68446,56450.24197,,pcod_rec
ssp585,F0,WGOA,Rpath,ATF,2004,1557805.526,597533.7477,15634.90804,,pcod_rec
ssp585,F0,WGOA,Rpath,POL,2005,3085140.756,1801622.597,78302.79193,,pcod_rec
ssp585,F0,WGOA,Rpath,COD,2005,308747.7124,89355.03295,47523.77993,,pcod_rec
ssp585,F0,WGOA,Rpath,ATF,2005,1557456.933,596651.5277,19923.57305,,pcod_rec
ssp585,F0,WGOA,Rpath,POL,2006,3088115.7,1805154.794,68928.30799,,pcod_rec
ssp585,F0,WGOA,Rpath,COD,2006,305285.4254,89662.84203,47767.07996,,pcod_rec
ssp585,F0,WGOA,Rpath,ATF,2006,1552052.557,593803.972,27622.69892,,pcod_rec
ssp585,F0,WGOA,Rpath,POL,2007,3108388.666,1820162.189,51572.307,,pcod_rec
ssp585,F0,WGOA,Rpath,COD,2007,298656.828,86970.58416,51812.178,,pcod_rec
ssp585,F0,WGOA,Rpath,ATF,2007,1552833.111,593773.0969,25346.98698,,pcod_rec
ssp585,F0,WGOA,Rpath,POL,2008,3122657.328,1829614.826,50786.20601,,pcod_rec
ssp585,F0,WGOA,Rpath,COD,2008,288014.1972,83738.42574,58386.38403,,pcod_rec
ssp585,F0,WGOA,Rpath,ATF,2008,1551453.517,592951.9777,29205.93997,,pcod_rec
ssp585,F0,WGOA,Rpath,POL,2009,3143273.399,1841984.82,41549.50308,,pcod_rec
ssp585,F0,WGOA,Rpath,COD,2009,284535.8483,83301.56554,51788.98001,,pcod_rec
ssp585,F0,WGOA,Rpath,ATF,2009,1555113.026,594046.2661,24831.74204,,pcod_rec
ssp585,F0,WGOA,Rpath,POL,2010,3136117.031,1835292.146,73443.38423,,pcod_rec
ssp585,F0,WGOA,Rpath,COD,2010,260387.0744,76717.56805,76954.1546,,pcod_rec
ssp585,F0,WGOA,Rpath,ATF,2010,1558263.173,594362.5648,24339.44647,,pcod_rec
ssp585,F0,WGOA,Rpath,POL,2011,3141056.088,1838289.751,77694.47962,,pcod_rec
ssp585,F0,WGOA,Rpath,COD,2011,234318.5161,69543.30604,83710.47539,,pcod_rec
ssp585,F0,WGOA,Rpath,ATF,2011,1557071.61,592792.1032,30911.82176,,pcod_rec
ssp585,F0,WGOA,Rpath,POL,2012,3133568.472,1833854.712,98934.69122,,pcod_rec
ssp585,F0,WGOA,Rpath,COD,2012,216652.3988,64116.82151,76871.10999,,pcod_rec
ssp585,F0,WGOA,Rpath,ATF,2012,1567597.99,595605.7671,20761.90991,,pcod_rec
ssp585,F0,WGOA,Rpath,POL,2013,3129803.327,1832301.647,90796.63161,,pcod_rec
ssp585,F0,WGOA,Rpath,COD,2013,207097.746,61173.05499,66829.78162,,pcod_rec
ssp585,F0,WGOA,Rpath,ATF,2013,1575636.643,596480.792,21809.31232,,pcod_rec
ssp585,F0,WGOA,Rpath,POL,2014,3087331.432,1803398.136,138948.062,,pcod_rec
ssp585,F0,WGOA,Rpath,COD,2014,180191.4473,54326.17477,83491.7282,,pcod_rec
ssp585,F0,WGOA,Rpath,ATF,2014,1567912.163,590069.7527,36524.50153,,pcod_rec
ssp585,F0,WGOA,Rpath,POL,2015,3045526.286,1775739.079,162807.646,,pcod_rec
ssp585,F0,WGOA,Rpath,COD,2015,157932.7221,48934.44114,77689.99201,,pcod_rec
ssp585,F0,WGOA,Rpath,ATF,2015,1577268.818,588791.536,19296.58722,,pcod_rec
ssp585,F0,WGOA,Rpath,POL,2016,3007798.292,1753763.798,173086.3524,,pcod_rec
ssp585,F0,WGOA,Rpath,COD,2016,147656.6154,47339.00977,62867.32743,,pcod_rec
ssp585,F0,WGOA,Rpath,ATF,2016,1586289.943,586210.8787,19976.29419,,pcod_rec
ssp585,F0,WGOA,Rpath,POL,2017,2976739.358,1738811.225,184220.0285,,pcod_rec
ssp585,F0,WGOA,Rpath,COD,2017,147736.1447,50239.67431,48204.21467,,pcod_rec
ssp585,F0,WGOA,Rpath,ATF,2017,1591593.276,581990.6601,27053.50899,,pcod_rec
ssp585,F0,WGOA,Rpath,POL,2018,2968841.332,1740812.462,150815.1922,,pcod_rec
ssp585,F0,WGOA,Rpath,COD,2018,174522.2292,61112.90393,14681.2982,,pcod_rec
ssp585,F0,WGOA,Rpath,ATF,2018,1607270.211,582229.7484,18870.25094,,pcod_rec
ssp585,F0,WGOA,Rpath,POL,2019,2976191.205,1750709.517,110649.2716,,pcod_rec
ssp585,F0,WGOA,Rpath,COD,2019,197788.813,66355.87669,15200.42058,,pcod_rec
ssp585,F0,WGOA,Rpath,ATF,2019,1614692.328,580069.5368,24567.05196,,pcod_rec
ssp585,F0,WGOA,Rpath,POL,2020,2989817.059,1764764.681,99971.06489,,pcod_rec
ssp585,F0,WGOA,Rpath,COD,2020,228008.227,75553.88356,6085.249339,,pcod_rec
ssp585,F0,WGOA,Rpath,ATF,2020,1626339.563,581529.2315,21115.8993,,pcod_rec
ssp585,F0,WGOA,Rpath,POL,2021,3000119.072,1776590.567,93869.85877,,pcod_rec
ssp585,F0,WGOA,Rpath,COD,2021,245580.7582,80221.13042,18686.81231,,pcod_rec
ssp585,F0,WGOA,Rpath,ATF,2021,1647798.114,589127.8093,9846.300133,,pcod_rec
ssp585,F0,WGOA,Rpath,POL,2022,2974597.092,1762537.726,123494.0341,,pcod_rec
ssp585,F0,WGOA,Rpath,COD,2022,259688.5526,80822.6865,25387.70532,,pcod_rec
ssp585,F0,WGOA,Rpath,ATF,2022,1661918.541,596007.9305,11531.83168,,pcod_rec
ssp585,F0,WGOA,Rpath,POL,2023,2960399.285,1756385.385,124964.8454,,pcod_rec
ssp585,F0,WGOA,Rpath,COD,2023,278382.0336,81008.75839,21018.29691,,pcod_rec
ssp585,F0,WGOA,Rpath,ATF,2023,1675290.781,604738.3002,9114.887409,,pcod_rec
ssp585,F0,WGOA,Rpath,POL,2024,3038634.666,1813671.705,0,,pcod_rec
ssp585,F0,WGOA,Rpath,COD,2024,313889.7009,87088.46955,0,,pcod_rec
ssp585,F0,WGOA,Rpath,ATF,2024,1696253.498,618233.3535,0,,pcod_rec
ssp585,F0,WGOA,Rpath,POL,2025,3075884.628,1838808.24,0,,pcod_rec
ssp585,F0,WGOA,Rpath,COD,2025,343858.7835,92550.02009,0,,pcod_rec
ssp585,F0,WGOA,Rpath,ATF,2025,1712337.17,630209.2969,0,,pcod_rec
ssp585,F0,WGOA,Rpath,POL,2026,3097488.15,1852152.781,0,,pcod_rec
ssp585,F0,WGOA,Rpath,COD,2026,369283.8557,98797.0128,0,,pcod_rec
ssp585,F0,WGOA,Rpath,ATF,2026,1723816.04,639702.6105,0,,pcod_rec
ssp585,F0,WGOA,Rpath,POL,2027,3119305.634,1865610.206,0,,pcod_rec
ssp585,F0,WGOA,Rpath,COD,2027,391322.0522,105566.5476,0,,pcod_rec
ssp585,F0,WGOA,Rpath,ATF,2027,1732717.516,646774.6506,0,,pcod_rec
ssp585,F0,WGOA,Rpath,POL,2028,3128997.434,1871885.149,0,,pcod_rec
ssp585,F0,WGOA,Rpath,COD,2028,410129.6865,111339.7109,0,,pcod_rec
ssp585,F0,WGOA,Rpath,ATF,2028,1739756.844,651833.2071,0,,pcod_rec
ssp585,F0,WGOA,Rpath,POL,2029,3134960.213,1875373.357,0,,pcod_rec
ssp585,F0,WGOA,Rpath,COD,2029,427190.0239,115353.8418,0,,pcod_rec
ssp585,F0,WGOA,Rpath,ATF,2029,1743874.037,654192.0489,0,,pcod_rec
ssp585,F0,WGOA,Rpath,POL,2030,3141777.343,1880613.069,0,,pcod_rec
ssp585,F0,WGOA,Rpath,COD,2030,441499.3021,119737.4739,0,,pcod_rec
ssp585,F0,WGOA,Rpath,ATF,2030,1747726.06,655342.302,0,,pcod_rec
ssp585,F0,WGOA,Rpath,POL,2031,3142603.79,1881574.286,0,,pcod_rec
ssp585,F0,WGOA,Rpath,COD,2031,452525.7583,123023.4466,0,,pcod_rec
ssp585,F0,WGOA,Rpath,ATF,2031,1750186.345,654948.658,0,,pcod_rec
ssp585,F0,WGOA,Rpath,POL,2032,3143587.404,1882191.43,0,,pcod_rec
ssp585,F0,WGOA,Rpath,COD,2032,462116.1664,126161.61,0,,pcod_rec
ssp585,F0,WGOA,Rpath,ATF,2032,1751725.181,653624.0228,0,,pcod_rec
ssp585,F0,WGOA,Rpath,POL,2033,3150154.956,1888150.905,0,,pcod_rec
ssp585,F0,WGOA,Rpath,COD,2033,472092.1241,129195.5712,0,,pcod_rec
ssp585,F0,WGOA,Rpath,ATF,2033,1755286.522,653614.0304,0,,pcod_rec
ssp585,F0,WGOA,Rpath,POL,2034,3159641.824,1896911.313,0,,pcod_rec
ssp585,F0,WGOA,Rpath,COD,2034,480979.9621,132427.131,0,,pcod_rec
ssp585,F0,WGOA,Rpath,ATF,2034,1760689.028,655232.0568,0,,pcod_rec
ssp585,F0,WGOA,Rpath,POL,2035,3167659.893,1904464.627,0,,pcod_rec
ssp585,F0,WGOA,Rpath,COD,2035,488618.5021,135013.3037,0,,pcod_rec
ssp585,F0,WGOA,Rpath,ATF,2035,1766996.316,658214.2283,0,,pcod_rec
ssp585,F0,WGOA,Rpath,POL,2036,3165226.098,1902966.92,0,,pcod_rec
ssp585,F0,WGOA,Rpath,COD,2036,495141.3803,135910.6276,0,,pcod_rec
ssp585,F0,WGOA,Rpath,ATF,2036,1770494.606,660370.4976,0,,pcod_rec
ssp585,F0,WGOA,Rpath,POL,2037,3161544.47,1898669.079,0,,pcod_rec
ssp585,F0,WGOA,Rpath,COD,2037,499861.2223,134582.2917,0,,pcod_rec
ssp585,F0,WGOA,Rpath,ATF,2037,1769986,660519.4541,0,,pcod_rec
ssp585,F0,WGOA,Rpath,POL,2038,3165157.679,1899448.154,0,,pcod_rec
ssp585,F0,WGOA,Rpath,COD,2038,504893.7279,132703.0991,0,,pcod_rec
ssp585,F0,WGOA,Rpath,ATF,2038,1768370.996,659827.392,0,,pcod_rec
ssp585,F0,WGOA,Rpath,POL,2039,3176732.667,1908086.996,0,,pcod_rec
ssp585,F0,WGOA,Rpath,COD,2039,510072.5622,133291.9299,0,,pcod_rec
ssp585,F0,WGOA,Rpath,ATF,2039,1770130.552,660901.5894,0,,pcod_rec
ssp585,F0,WGOA,Rpath,POL,2040,3183538.358,1913153.91,0,,pcod_rec
ssp585,F0,WGOA,Rpath,COD,2040,514803.3282,135516.4351,0,,pcod_rec
ssp585,F0,WGOA,Rpath,ATF,2040,1772461.678,662281.4401,0,,pcod_rec
ssp585,F0,WGOA,Rpath,POL,2041,3195155.061,1921439.93,0,,pcod_rec
ssp585,F0,WGOA,Rpath,COD,2041,520632.3514,138464.804,0,,pcod_rec
ssp585,F0,WGOA,Rpath,ATF,2041,1775447.453,663909.2071,0,,pcod_rec
ssp585,F0,WGOA,Rpath,POL,2042,3201730.474,1925532.913,0,,pcod_rec
ssp585,F0,WGOA,Rpath,COD,2042,524367.6374,140392.9814,0,,pcod_rec
ssp585,F0,WGOA,Rpath,ATF,2042,1777400.192,664945.9587,0,,pcod_rec
ssp585,F0,WGOA,Rpath,POL,2043,3206324.333,1926923.487,0,,pcod_rec
ssp585,F0,WGOA,Rpath,COD,2043,526491.3051,139031.1783,0,,pcod_rec
ssp585,F0,WGOA,Rpath,ATF,2043,1777721.455,664986.0837,0,,pcod_rec
ssp585,F0,WGOA,Rpath,POL,2044,3213776.09,1930127.696,0,,pcod_rec
ssp585,F0,WGOA,Rpath,COD,2044,530222.0287,136835.8885,0,,pcod_rec
ssp585,F0,WGOA,Rpath,ATF,2044,1777440.704,664591.8102,0,,pcod_rec
ssp585,F0,WGOA,Rpath,POL,2045,3228373.293,1939658.712,0,,pcod_rec
ssp585,F0,WGOA,Rpath,COD,2045,535789.6792,136386.9229,0,,pcod_rec
ssp585,F0,WGOA,Rpath,ATF,2045,1778705.654,664933.9041,0,,pcod_rec
ssp585,F0,WGOA,Rpath,POL,2046,3247685.541,1954274.857,0,,pcod_rec
ssp585,F0,WGOA,Rpath,COD,2046,541525.2647,136408.9326,0,,pcod_rec
ssp585,F0,WGOA,Rpath,ATF,2046,1783794.196,667492.2794,0,,pcod_rec
ssp585,F0,WGOA,Rpath,POL,2047,3261592.237,1964752.056,0,,pcod_rec
ssp585,F0,WGOA,Rpath,COD,2047,546800.1506,137228.1983,0,,pcod_rec
ssp585,F0,WGOA,Rpath,ATF,2047,1790156.779,671127.3501,0,,pcod_rec
ssp585,F0,WGOA,Rpath,POL,2048,3268649.8,1968867.706,0,,pcod_rec
ssp585,F0,WGOA,Rpath,COD,2048,550569.6326,137006.7755,0,,pcod_rec
ssp585,F0,WGOA,Rpath,ATF,2048,1794766.309,674022.6452,0,,pcod_rec
ssp585,F0,WGOA,Rpath,POL,2049,3269750.836,1966873.069,0,,pcod_rec
ssp585,F0,WGOA,Rpath,COD,2049,553078.3685,134235.6359,0,,pcod_rec
ssp585,F0,WGOA,Rpath,ATF,2049,1795388.128,674652.2014,0,,pcod_rec
ssp585,F0,WGOA,Rpath,POL,2050,3280322.41,1972146.616,0,,pcod_rec
ssp585,F0,WGOA,Rpath,COD,2050,557096.9363,131724.2977,0,,pcod_rec
ssp585,F0,WGOA,Rpath,ATF,2050,1795564.689,674592.5631,0,,pcod_rec
ssp585,F0,WGOA,Rpath,POL,2051,3294081.147,1981602.8,0,,pcod_rec
ssp585,F0,WGOA,Rpath,COD,2051,561155.2646,132060.0703,0,,pcod_rec
ssp585,F0,WGOA,Rpath,ATF,2051,1797891.181,675514.66,0,,pcod_rec
ssp585,F0,WGOA,Rpath,POL,2052,3305235.84,1989316.825,0,,pcod_rec
ssp585,F0,WGOA,Rpath,COD,2052,563551.3479,134486.4899,0,,pcod_rec
ssp585,F0,WGOA,Rpath,ATF,2052,1800961.642,676726.0999,0,,pcod_rec
ssp585,F0,WGOA,Rpath,POL,2053,3311846.373,1992753.518,0,,pcod_rec
ssp585,F0,WGOA,Rpath,COD,2053,564140.866,137481.0042,0,,pcod_rec
ssp585,F0,WGOA,Rpath,ATF,2053,1802979.446,677242.5436,0,,pcod_rec
ssp585,F0,WGOA,Rpath,POL,2054,3319757.441,1996439.786,0,,pcod_rec
ssp585,F0,WGOA,Rpath,COD,2054,564349.4189,140311.4221,0,,pcod_rec
ssp585,F0,WGOA,Rpath,ATF,2054,1804044.274,677039.4846,0,,pcod_rec
ssp585,F0,WGOA,Rpath,POL,2055,3329547.628,2002679.017,0,,pcod_rec
ssp585,F0,WGOA,Rpath,COD,2055,566209.7132,141717.7085,0,,pcod_rec
ssp585,F0,WGOA,Rpath,ATF,2055,1806175.767,677496.8068,0,,pcod_rec
ssp585,F0,WGOA,Rpath,POL,2056,3341381.605,2010550.283,0,,pcod_rec
ssp585,F0,WGOA,Rpath,COD,2056,568142.5065,142947.122,0,,pcod_rec
ssp585,F0,WGOA,Rpath,ATF,2056,1808494.575,678153.4681,0,,pcod_rec
ssp585,F0,WGOA,Rpath,POL,2057,3349571.342,2016310.131,0,,pcod_rec
ssp585,F0,WGOA,Rpath,COD,2057,569866.3642,143429.2665,0,,pcod_rec
ssp585,F0,WGOA,Rpath,ATF,2057,1811487.511,679411.6094,0,,pcod_rec
ssp585,F0,WGOA,Rpath,POL,2058,3357392.741,2020970.145,0,,pcod_rec
ssp585,F0,WGOA,Rpath,COD,2058,571410.3387,143134.3398,0,,pcod_rec
ssp585,F0,WGOA,Rpath,ATF,2058,1813464.917,680164.473,0,,pcod_rec
ssp585,F0,WGOA,Rpath,POL,2059,3360774.968,2022024.487,0,,pcod_rec
ssp585,F0,WGOA,Rpath,COD,2059,572691.7537,140794.1556,0,,pcod_rec
ssp585,F0,WGOA,Rpath,ATF,2059,1814396.6,680372.7214,0,,pcod_rec
ssp585,F0,WGOA,Rpath,POL,2060,3372070.703,2029520.759,0,,pcod_rec
ssp585,F0,WGOA,Rpath,COD,2060,574467.3367,138069.1938,0,,pcod_rec
ssp585,F0,WGOA,Rpath,ATF,2060,1816902.69,681436.8534,0,,pcod_rec
ssp585,F0,WGOA,Rpath,POL,2061,3370431.931,2026533.699,0,,pcod_rec
ssp585,F0,WGOA,Rpath,COD,2061,573683.7536,135558.8875,0,,pcod_rec
ssp585,F0,WGOA,Rpath,ATF,2061,1816816.856,681256.3608,0,,pcod_rec
ssp585,F0,WGOA,Rpath,POL,2062,3381316.396,2033128.642,0,,pcod_rec
ssp585,F0,WGOA,Rpath,COD,2062,575278.8935,136360.6657,0,,pcod_rec
ssp585,F0,WGOA,Rpath,ATF,2062,1817810.933,681400.9786,0,,pcod_rec
ssp585,F0,WGOA,Rpath,POL,2063,3393484.301,2042613.931,0,,pcod_rec
ssp585,F0,WGOA,Rpath,COD,2063,576001.6237,139236.7145,0,,pcod_rec
ssp585,F0,WGOA,Rpath,ATF,2063,1822513.617,683839.0269,0,,pcod_rec
ssp585,F0,WGOA,Rpath,POL,2064,3395804.406,2044115.484,0,,pcod_rec
ssp585,F0,WGOA,Rpath,COD,2064,573822.2766,143196.6689,0,,pcod_rec
ssp585,F0,WGOA,Rpath,ATF,2064,1825792.713,685738.7167,0,,pcod_rec
ssp585,F0,WGOA,Rpath,POL,2065,3393744.98,2039959.864,0,,pcod_rec
ssp585,F0,WGOA,Rpath,COD,2065,570680.7165,145066.687,0,,pcod_rec
ssp585,F0,WGOA,Rpath,ATF,2065,1824611.282,684966.1426,0,,pcod_rec
ssp585,F0,WGOA,Rpath,POL,2066,3400875.748,2043547.172,0,,pcod_rec
ssp585,F0,WGOA,Rpath,COD,2066,567749.1154,148755.5597,0,,pcod_rec
ssp585,F0,WGOA,Rpath,ATF,2066,1823987.966,684121.0459,0,,pcod_rec
ssp585,F0,WGOA,Rpath,POL,2067,3403291.045,2043930.737,0,,pcod_rec
ssp585,F0,WGOA,Rpath,COD,2067,563050.6613,149999.0069,0,,pcod_rec
ssp585,F0,WGOA,Rpath,ATF,2067,1823024.643,682911.3348,0,,pcod_rec
ssp585,F0,WGOA,Rpath,POL,2068,3409478.173,2047530.375,0,,pcod_rec
ssp585,F0,WGOA,Rpath,COD,2068,561302.3857,152229.5094,0,,pcod_rec
ssp585,F0,WGOA,Rpath,ATF,2068,1822789.301,681873.8448,0,,pcod_rec
ssp585,F0,WGOA,Rpath,POL,2069,3419895.767,2055828.943,0,,pcod_rec
ssp585,F0,WGOA,Rpath,COD,2069,558482.882,156147.614,0,,pcod_rec
ssp585,F0,WGOA,Rpath,ATF,2069,1825683.474,682640.7515,0,,pcod_rec
ssp585,F0,WGOA,Rpath,POL,2070,3420074.116,2055314.152,0,,pcod_rec
ssp585,F0,WGOA,Rpath,COD,2070,553131.3399,156964.5426,0,,pcod_rec
ssp585,F0,WGOA,Rpath,ATF,2070,1827620.155,683082.1673,0,,pcod_rec
ssp585,F0,WGOA,Rpath,POL,2071,3426740.108,2060036.023,0,,pcod_rec
ssp585,F0,WGOA,Rpath,COD,2071,552652.5175,156228.5775,0,,pcod_rec
ssp585,F0,WGOA,Rpath,ATF,2071,1830614.75,684290.0304,0,,pcod_rec
ssp585,F0,WGOA,Rpath,POL,2072,3433031.341,2065209.652,0,,pcod_rec
ssp585,F0,WGOA,Rpath,COD,2072,551525.1336,156091.8248,0,,pcod_rec
ssp585,F0,WGOA,Rpath,ATF,2072,1834087.734,686079.4948,0,,pcod_rec
ssp585,F0,WGOA,Rpath,POL,2073,3429734.119,2061698.978,0,,pcod_rec
ssp585,F0,WGOA,Rpath,COD,2073,546835.9762,152181.9078,0,,pcod_rec
ssp585,F0,WGOA,Rpath,ATF,2073,1834491.924,686286.1191,0,,pcod_rec
ssp585,F0,WGOA,Rpath,POL,2074,3431562.21,2061126.641,0,,pcod_rec
ssp585,F0,WGOA,Rpath,COD,2074,542777.7853,149364.8146,0,,pcod_rec
ssp585,F0,WGOA,Rpath,ATF,2074,1834157.883,685852.9333,0,,pcod_rec
ssp585,F0,WGOA,Rpath,POL,2075,3435049.603,2062800.05,0,,pcod_rec
ssp585,F0,WGOA,Rpath,COD,2075,542265.9517,150757.8214,0,,pcod_rec
ssp585,F0,WGOA,Rpath,ATF,2075,1834381.586,685596.1489,0,,pcod_rec
ssp585,F0,WGOA,Rpath,POL,2076,3445721.34,2071859.573,0,,pcod_rec
ssp585,F0,WGOA,Rpath,COD,2076,544037.9398,152373.776,0,,pcod_rec
ssp585,F0,WGOA,Rpath,ATF,2076,1837448.898,686744.273,0,,pcod_rec
ssp585,F0,WGOA,Rpath,POL,2077,3446525.416,2073448.345,0,,pcod_rec
ssp585,F0,WGOA,Rpath,COD,2077,543461.1849,155074.9685,0,,pcod_rec
ssp585,F0,WGOA,Rpath,ATF,2077,1839890.487,687693.2081,0,,pcod_rec
ssp585,F0,WGOA,Rpath,POL,2078,3443890.351,2070765.876,0,,pcod_rec
ssp585,F0,WGOA,Rpath,COD,2078,541811.6107,155607.2874,0,,pcod_rec
ssp585,F0,WGOA,Rpath,ATF,2078,1840062.657,687277.8422,0,,pcod_rec
ssp585,F0,WGOA,Rpath,POL,2079,3444918.16,2070695.657,0,,pcod_rec
ssp585,F0,WGOA,Rpath,COD,2079,541167.9627,152367.8056,0,,pcod_rec
ssp585,F0,WGOA,Rpath,ATF,2079,1840214.591,686781.8781,0,,pcod_rec
ssp585,F0,WGOA,Rpath,POL,2080,3445590.484,2070232.043,0,,pcod_rec
ssp585,F0,WGOA,Rpath,COD,2080,540672.8087,147270.3143,0,,pcod_rec
ssp585,F0,WGOA,Rpath,ATF,2080,1839797.293,685989.7337,0,,pcod_rec
ssp585,F0,WGOA,Rpath,POL,2081,3448425.717,2072201.772,0,,pcod_rec
ssp585,F0,WGOA,Rpath,COD,2081,540367.4363,143958.179,0,,pcod_rec
ssp585,F0,WGOA,Rpath,ATF,2081,1840454.498,685868.5052,0,,pcod_rec
ssp585,F0,WGOA,Rpath,POL,2082,3447875.298,2071254.473,0,,pcod_rec
ssp585,F0,WGOA,Rpath,COD,2082,539146.2554,145546.1889,0,,pcod_rec
ssp585,F0,WGOA,Rpath,ATF,2082,1840590.799,685633.6113,0,,pcod_rec
ssp585,F0,WGOA,Rpath,POL,2083,3450244.034,2072821.606,0,,pcod_rec
ssp585,F0,WGOA,Rpath,COD,2083,540175.4732,149800.5063,0,,pcod_rec
ssp585,F0,WGOA,Rpath,ATF,2083,1841139.519,685699.4674,0,,pcod_rec
ssp585,F0,WGOA,Rpath,POL,2084,3455965.69,2078515.306,0,,pcod_rec
ssp585,F0,WGOA,Rpath,COD,2084,542307.8868,153965.5294,0,,pcod_rec
ssp585,F0,WGOA,Rpath,ATF,2084,1843838.695,687185.8737,0,,pcod_rec
ssp585,F0,WGOA,Rpath,POL,2085,3455071.47,2078437.658,0,,pcod_rec
ssp585,F0,WGOA,Rpath,COD,2085,540516.3273,154662.9781,0,,pcod_rec
ssp585,F0,WGOA,Rpath,ATF,2085,1845808.761,688495.9106,0,,pcod_rec
ssp585,F0,WGOA,Rpath,POL,2086,3449958.585,2073497.796,0,,pcod_rec
ssp585,F0,WGOA,Rpath,COD,2086,537512.3441,151202.3047,0,,pcod_rec
ssp585,F0,WGOA,Rpath,ATF,2086,1845859.397,688787.7247,0,,pcod_rec
ssp585,F0,WGOA,Rpath,POL,2087,3449015.881,2071142.242,0,,pcod_rec
ssp585,F0,WGOA,Rpath,COD,2087,537107.318,148570.5826,0,,pcod_rec
ssp585,F0,WGOA,Rpath,ATF,2087,1844038.538,687823.317,0,,pcod_rec
ssp585,F0,WGOA,Rpath,POL,2088,3452951.772,2073358.955,0,,pcod_rec
ssp585,F0,WGOA,Rpath,COD,2088,535588.4207,147336.3806,0,,pcod_rec
ssp585,F0,WGOA,Rpath,ATF,2088,1842863.371,686883.6742,0,,pcod_rec
ssp585,F0,WGOA,Rpath,POL,2089,3451885.387,2072152.858,0,,pcod_rec
ssp585,F0,WGOA,Rpath,COD,2089,532400.9028,148665.4194,0,,pcod_rec
ssp585,F0,WGOA,Rpath,ATF,2089,1842213.815,686190.9668,0,,pcod_rec
ssp585,F0,WGOA,Rpath,POL,2090,3455704.612,2074641.618,0,,pcod_rec
ssp585,F0,WGOA,Rpath,COD,2090,528306.3362,154861.7257,0,,pcod_rec
ssp585,F0,WGOA,Rpath,ATF,2090,1843133.975,686320.8882,0,,pcod_rec
ssp585,F0,WGOA,Rpath,POL,2091,3453593.017,2071692.323,0,,pcod_rec
ssp585,F0,WGOA,Rpath,COD,2091,522246.0678,160469.7264,0,,pcod_rec
ssp585,F0,WGOA,Rpath,ATF,2091,1842076.018,685444.3176,0,,pcod_rec
ssp585,F0,WGOA,Rpath,POL,2092,3454305.371,2070562.468,0,,pcod_rec
ssp585,F0,WGOA,Rpath,COD,2092,515735.1014,163711.6998,0,,pcod_rec
ssp585,F0,WGOA,Rpath,ATF,2092,1839934.711,683773.6324,0,,pcod_rec
ssp585,F0,WGOA,Rpath,POL,2093,3459374.392,2073805.324,0,,pcod_rec
ssp585,F0,WGOA,Rpath,COD,2093,510260.4401,167810.7023,0,,pcod_rec
ssp585,F0,WGOA,Rpath,ATF,2093,1839861.884,683203.61,0,,pcod_rec
ssp585,F0,WGOA,Rpath,POL,2094,3463167.215,2077300.194,0,,pcod_rec
ssp585,F0,WGOA,Rpath,COD,2094,507076.8403,171554.2517,0,,pcod_rec
ssp585,F0,WGOA,Rpath,ATF,2094,1841675.342,683870.3718,0,,pcod_rec
ssp585,F0,WGOA,Rpath,POL,2095,3471537.844,2085410.451,0,,pcod_rec
ssp585,F0,WGOA,Rpath,COD,2095,505403.787,173604.1344,0,,pcod_rec
ssp585,F0,WGOA,Rpath,ATF,2095,1846298.588,686250.9282,0,,pcod_rec
ssp585,F0,WGOA,Rpath,POL,2096,3468903.333,2085026.9,0,,pcod_rec
ssp585,F0,WGOA,Rpath,COD,2096,508033.9577,170931.1598,0,,pcod_rec
ssp585,F0,WGOA,Rpath,ATF,2096,1849551.082,688140.9999,0,,pcod_rec
ssp585,F0,WGOA,Rpath,POL,2097,3478915.467,2094825.495,0,,pcod_rec
ssp585,F0,WGOA,Rpath,COD,2097,514775.8523,163734.1315,0,,pcod_rec
ssp585,F0,WGOA,Rpath,ATF,2097,1854646.795,690905.5206,0,,pcod_rec
ssp585,F0,WGOA,Rpath,POL,2098,3474547.818,2093586.022,0,,pcod_rec
ssp585,F0,WGOA,Rpath,COD,2098,518590.5449,150729.0877,0,,pcod_rec
ssp585,F0,WGOA,Rpath,ATF,2098,1859251.142,693740.9512,0,,pcod_rec
ssp585,F0,WGOA,Rpath,POL,2099,3455654.891,2076645.188,0,,pcod_rec
ssp585,F0,WGOA,Rpath,COD,2099,525740.9474,135329.0653,0,,pcod_rec
ssp585,F0,WGOA,Rpath,ATF,2099,1854347.946,691140.9363,0,,pcod_rec
persistence,Fmean,WGOA,Rpath,POL,1991,2884927.165,1690895.406,87828.01,,pcod_rec
persistence,Fmean,WGOA,Rpath,COD,1991,399280.2939,93224.23736,64466.82999,,pcod_rec
persistence,Fmean,WGOA,Rpath,ATF,1991,1554327.805,597326.9774,16958.38001,,pcod_rec
persistence,Fmean,WGOA,Rpath,POL,1992,2892495.913,1696087.278,90585.18996,,pcod_rec
persistence,Fmean,WGOA,Rpath,COD,1992,371842.9001,88999.22879,78966.50009,,pcod_rec
persistence,Fmean,WGOA,Rpath,ATF,1992,1551901.376,598021.2117,20482.18006,,pcod_rec
persistence,Fmean,WGOA,Rpath,POL,1993,2886917.46,1690078.21,108230.1801,,pcod_rec
persistence,Fmean,WGOA,Rpath,COD,1993,375328.1754,91984.46817,45849.17007,,pcod_rec
persistence,Fmean,WGOA,Rpath,ATF,1993,1551566.347,599298.1593,18294.44992,,pcod_rec
persistence,Fmean,WGOA,Rpath,POL,1994,2891612.897,1691340.87,100412.3599,,pcod_rec
persistence,Fmean,WGOA,Rpath,COD,1994,374238.5054,92168.02449,45610.57997,,pcod_rec
persistence,Fmean,WGOA,Rpath,ATF,1994,1547453.432,598480.5088,21993.23998,,pcod_rec
persistence,Fmean,WGOA,Rpath,POL,1995,2920445.243,1709974.752,69168.12993,,pcod_rec
persistence,Fmean,WGOA,Rpath,COD,1995,354241.1182,88060.92648,67907.17999,,pcod_rec
persistence,Fmean,WGOA,Rpath,ATF,1995,1548788.073,599203.4556,17415.49004,,pcod_rec
persistence,Fmean,WGOA,Rpath,POL,1996,2949537.5,1727520.768,49825.87004,,pcod_rec
persistence,Fmean,WGOA,Rpath,COD,1996,348901.2699,89289.89982,55391.6601,,pcod_rec
persistence,Fmean,WGOA,Rpath,ATF,1996,1545296.542,597141.1539,21555.6099,,pcod_rec
persistence,Fmean,WGOA,Rpath,POL,1997,2946193.762,1722365.564,84179.64997,,pcod_rec
persistence,Fmean,WGOA,Rpath,COD,1997,339607.8718,88455.84666,58920.57999,,pcod_rec
persistence,Fmean,WGOA,Rpath,ATF,1997,1547340.939,596389.7317,14758.27989,,pcod_rec
persistence,Fmean,WGOA,Rpath,POL,1998,3007840.548,1762267.823,5428.379998,,pcod_rec
persistence,Fmean,WGOA,Rpath,COD,1998,338402.0081,87897.09963,50218.95011,,pcod_rec
persistence,Fmean,WGOA,Rpath,ATF,1998,1552042.171,596282.5118,12377.19001,,pcod_rec
persistence,Fmean,WGOA,Rpath,POL,1999,2993956.264,1751820.359,90556.90006,,pcod_rec
persistence,Fmean,WGOA,Rpath,COD,1999,323385.5045,83134.3282,66264.6701,,pcod_rec
persistence,Fmean,WGOA,Rpath,ATF,1999,1556822.572,596729.6537,14649.22992,,pcod_rec
persistence,Fmean,WGOA,Rpath,POL,2000,3049484.669,1789601.224,5552.830105,,pcod_rec
persistence,Fmean,WGOA,Rpath,COD,2000,321234.7048,82993.63067,53384.86994,,pcod_rec
persistence,Fmean,WGOA,Rpath,ATF,2000,1555589.603,595731.5303,22993.75009,,pcod_rec
persistence,Fmean,WGOA,Rpath,POL,2001,3082953.386,1808450.385,3452.299979,,pcod_rec
persistence,Fmean,WGOA,Rpath,COD,2001,327836.0522,85350.66779,40517.40995,,pcod_rec
persistence,Fmean,WGOA,Rpath,ATF,2001,1559150.397,597017.2815,17416.19999,,pcod_rec
persistence,Fmean,WGOA,Rpath,POL,2002,3117695.911,1828996.892,1698.029945,,pcod_rec
persistence,Fmean,WGOA,Rpath,COD,2002,329657.1998,86672.3968,41567.98996,,pcod_rec
persistence,Fmean,WGOA,Rpath,ATF,2002,1561074.367,598208.7603,20173.56001,,pcod_rec
persistence,Fmean,WGOA,Rpath,POL,2003,3105660.591,1817041.088,48590.07701,,pcod_rec
persistence,Fmean,WGOA,Rpath,COD,2003,321002.2329,86072.65487,52365.75509,,pcod_rec
persistence,Fmean,WGOA,Rpath,ATF,2003,1552272.454,595288.6341,30169.77189,,pcod_rec
persistence,Fmean,WGOA,Rpath,POL,2004,3100496.18,1811816.72,62434.43992,,pcod_rec
persistence,Fmean,WGOA,Rpath,COD,2004,310907.3461,86861.68446,56450.24197,,pcod_rec
persistence,Fmean,WGOA,Rpath,ATF,2004,1557805.526,597533.7477,15634.90804,,pcod_rec
persistence,Fmean,WGOA,Rpath,POL,2005,3085140.756,1801622.597,78302.79193,,pcod_rec
persistence,Fmean,WGOA,Rpath,COD,2005,308747.7124,89355.03295,47523.77993,,pcod_rec
persistence,Fmean,WGOA,Rpath,ATF,2005,1557456.933,596651.5277,19923.57305,,pcod_rec
persistence,Fmean,WGOA,Rpath,POL,2006,3088115.7,1805154.794,68928.30799,,pcod_rec
persistence,Fmean,WGOA,Rpath,COD,2006,305285.4254,89662.84203,47767.07996,,pcod_rec
persistence,Fmean,WGOA,Rpath,ATF,2006,1552052.557,593803.972,27622.69892,,pcod_rec
persistence,Fmean,WGOA,Rpath,POL,2007,3108388.666,1820162.189,51572.307,,pcod_rec
persistence,Fmean,WGOA,Rpath,COD,2007,298656.828,86970.58416,51812.178,,pcod_rec
persistence,Fmean,WGOA,Rpath,ATF,2007,1552833.111,593773.0969,25346.98698,,pcod_rec
persistence,Fmean,WGOA,Rpath,POL,2008,3122657.328,1829614.826,50786.20601,,pcod_rec
persistence,Fmean,WGOA,Rpath,COD,2008,288014.1972,83738.42574,58386.38403,,pcod_rec
persistence,Fmean,WGOA,Rpath,ATF,2008,1551453.517,592951.9777,29205.93997,,pcod_rec
persistence,Fmean,WGOA,Rpath,POL,2009,3143273.399,1841984.82,41549.50308,,pcod_rec
persistence,Fmean,WGOA,Rpath,COD,2009,284535.8483,83301.56554,51788.98001,,pcod_rec
persistence,Fmean,WGOA,Rpath,ATF,2009,1555113.026,594046.2661,24831.74204,,pcod_rec
persistence,Fmean,WGOA,Rpath,POL,2010,3136117.031,1835292.146,73443.38423,,pcod_rec
persistence,Fmean,WGOA,Rpath,COD,2010,260387.0744,76717.56805,76954.1546,,pcod_rec
persistence,Fmean,WGOA,Rpath,ATF,2010,1558263.173,594362.5648,24339.44647,,pcod_rec
persistence,Fmean,WGOA,Rpath,POL,2011,3141056.088,1838289.751,77694.47962,,pcod_rec
persistence,Fmean,WGOA,Rpath,COD,2011,234318.5161,69543.30604,83710.47539,,pcod_rec
persistence,Fmean,WGOA,Rpath,ATF,2011,1557071.61,592792.1032,30911.82176,,pcod_rec
persistence,Fmean,WGOA,Rpath,POL,2012,3133568.472,1833854.712,98934.69122,,pcod_rec
persistence,Fmean,WGOA,Rpath,COD,2012,216652.3988,64116.82151,76871.10999,,pcod_rec
persistence,Fmean,WGOA,Rpath,ATF,2012,1567597.99,595605.7671,20761.90991,,pcod_rec
persistence,Fmean,WGOA,Rpath,POL,2013,3129803.327,1832301.647,90796.63161,,pcod_rec
persistence,Fmean,WGOA,Rpath,COD,2013,207097.746,61173.05499,66829.78162,,pcod_rec
persistence,Fmean,WGOA,Rpath,ATF,2013,1575636.643,596480.792,21809.31232,,pcod_rec
persistence,Fmean,WGOA,Rpath,POL,2014,3087331.432,1803398.136,138948.062,,pcod_rec
persistence,Fmean,WGOA,Rpath,COD,2014,180191.4473,54326.17477,83491.7282,,pcod_rec
persistence,Fmean,WGOA,Rpath,ATF,2014,1567912.163,590069.7527,36524.50153,,pcod_rec
persistence,Fmean,WGOA,Rpath,POL,2015,3045526.286,1775739.079,162807.646,,pcod_rec
persistence,Fmean,WGOA,Rpath,COD,2015,157932.7221,48934.44114,77689.99201,,pcod_rec
persistence,Fmean,WGOA,Rpath,ATF,2015,1577268.818,588791.536,19296.58722,,pcod_rec
persistence,Fmean,WGOA,Rpath,POL,2016,3007798.292,1753763.798,173086.3524,,pcod_rec
persistence,Fmean,WGOA,Rpath,COD,2016,147656.6154,47339.00977,62867.32743,,pcod_rec
persistence,Fmean,WGOA,Rpath,ATF,2016,1586289.943,586210.8787,19976.29419,,pcod_rec
persistence,Fmean,WGOA,Rpath,POL,2017,2976739.358,1738811.225,184220.0285,,pcod_rec
persistence,Fmean,WGOA,Rpath,COD,2017,147736.1447,50239.67431,48204.21467,,pcod_rec
persistence,Fmean,WGOA,Rpath,ATF,2017,1591593.276,581990.6601,27053.50899,,pcod_rec
persistence,Fmean,WGOA,Rpath,POL,2018,2968841.332,1740812.462,150815.1922,,pcod_rec
persistence,Fmean,WGOA,Rpath,COD,2018,174522.2292,61112.90393,14681.2982,,pcod_rec
persistence,Fmean,WGOA,Rpath,ATF,2018,1607270.211,582229.7484,18870.25094,,pcod_rec
persistence,Fmean,WGOA,Rpath,POL,2019,2976191.205,1750709.517,110649.2716,,pcod_rec
persistence,Fmean,WGOA,Rpath,COD,2019,197788.813,66355.87669,15200.42058,,pcod_rec
persistence,Fmean,WGOA,Rpath,ATF,2019,1614692.328,580069.5368,24567.05196,,pcod_rec
persistence,Fmean,WGOA,Rpath,POL,2020,2989800.234,1764764.179,99971.06489,,pcod_rec
persistence,Fmean,WGOA,Rpath,COD,2020,228117.2462,75554.1577,6085.249339,,pcod_rec
persistence,Fmean,WGOA,Rpath,ATF,2020,1626337.879,581528.2622,21115.8993,,pcod_rec
persistence,Fmean,WGOA,Rpath,POL,2021,2895986.769,1704616.097,234794.642,,pcod_rec
persistence,Fmean,WGOA,Rpath,COD,2021,211867.5003,68663.20701,59686.05616,,pcod_rec
persistence,Fmean,WGOA,Rpath,ATF,2021,1625228.737,580512.1136,32525.47993,,pcod_rec
persistence,Fmean,WGOA,Rpath,POL,2022,2815689.971,1654975.164,259664.7733,,pcod_rec
persistence,Fmean,WGOA,Rpath,COD,2022,201770.6953,61680.91136,63520.22561,,pcod_rec
persistence,Fmean,WGOA,Rpath,ATF,2022,1622599.484,581039.4574,34187.49665,,pcod_rec
persistence,Fmean,WGOA,Rpath,POL,2023,2757029.512,1619047.208,257435.4887,,pcod_rec
persistence,Fmean,WGOA,Rpath,COD,2023,201108.0658,55838.09304,58203.26398,,pcod_rec
persistence,Fmean,WGOA,Rpath,ATF,2023,1620485.603,582891.9769,31733.10849,,pcod_rec
persistence,Fmean,WGOA,Rpath,POL,2024,2803699.805,1655397.968,132412.4355,,pcod_rec
persistence,Fmean,WGOA,Rpath,COD,2024,218361.6462,56963.3,39127.96755,,pcod_rec
persistence,Fmean,WGOA,Rpath,ATF,2024,1626941.426,588368.4648,22641.95502,,pcod_rec
persistence,Fmean,WGOA,Rpath,POL,2025,2830359.236,1674880.493,134391.3157,,pcod_rec
persistence,Fmean,WGOA,Rpath,COD,2025,231267.725,58979.78799,42309.36372,,pcod_rec
persistence,Fmean,WGOA,Rpath,ATF,2025,1633286.322,593466.7017,22730.17837,,pcod_rec
persistence,Fmean,WGOA,Rpath,POL,2026,2851741.237,1689606.345,135529.2289,,pcod_rec
persistence,Fmean,WGOA,Rpath,COD,2026,242204.5204,62549.73493,44612.19183,,pcod_rec
persistence,Fmean,WGOA,Rpath,ATF,2026,1640631.284,598340.1473,22825.99877,,pcod_rec
persistence,Fmean,WGOA,Rpath,POL,2027,2868055.483,1699664.664,136458.6312,,pcod_rec
persistence,Fmean,WGOA,Rpath,COD,2027,252294.1042,65774.92221,46565.08427,,pcod_rec
persistence,Fmean,WGOA,Rpath,ATF,2027,1647653.359,602454.2545,22927.18494,,pcod_rec
persistence,Fmean,WGOA,Rpath,POL,2028,2879911.519,1706675.93,137181.6498,,pcod_rec
persistence,Fmean,WGOA,Rpath,COD,2028,261914.2058,67217.28797,48371.92333,,pcod_rec
persistence,Fmean,WGOA,Rpath,ATF,2028,1653719.893,606015.2572,23019.30236,,pcod_rec
persistence,Fmean,WGOA,Rpath,POL,2029,2888255.293,1711683.328,137722.5347,,pcod_rec
persistence,Fmean,WGOA,Rpath,COD,2029,270980.8906,67214.51671,50162.5045,,pcod_rec
persistence,Fmean,WGOA,Rpath,ATF,2029,1658700.411,609162.5546,23097.12739,,pcod_rec
persistence,Fmean,WGOA,Rpath,POL,2030,2893738.511,1715116.27,138104.553,,pcod_rec
persistence,Fmean,WGOA,Rpath,COD,2030,279131.4522,66666.77095,51935.64519,,pcod_rec
persistence,Fmean,WGOA,Rpath,ATF,2030,1662713.693,611745.9763,23160.59842,,pcod_rec
persistence,Fmean,WGOA,Rpath,POL,2031,2896847.029,1717151.484,138348.8869,,pcod_rec
persistence,Fmean,WGOA,Rpath,COD,2031,285946.2402,66433.34783,53566.82547,,pcod_rec
persistence,Fmean,WGOA,Rpath,ATF,2031,1665922.38,613614.135,23211.64295,,pcod_rec
persistence,Fmean,WGOA,Rpath,POL,2032,2898012.356,1717981.579,138478.959,,pcod_rec
persistence,Fmean,WGOA,Rpath,COD,2032,291197.9041,67138.67325,54921.12958,,pcod_rec
persistence,Fmean,WGOA,Rpath,ATF,2032,1668462.839,614868.251,23252.33154,,pcod_rec
persistence,Fmean,WGOA,Rpath,POL,2033,2897597.35,1717841.144,138517.5056,,pcod_rec
persistence,Fmean,WGOA,Rpath,COD,2033,294962.5438,68766.27626,55926.41343,,pcod_rec
persistence,Fmean,WGOA,Rpath,ATF,2033,1670443.116,615675.8693,23284.36689,,pcod_rec
persistence,Fmean,WGOA,Rpath,POL,2034,2895868.786,1716939.025,138482.1304,,pcod_rec
persistence,Fmean,WGOA,Rpath,COD,2034,297537.7098,70878.30534,56592.2654,,pcod_rec
persistence,Fmean,WGOA,Rpath,ATF,2034,1671953.944,616157.5679,23309.11567,,pcod_rec
persistence,Fmean,WGOA,Rpath,POL,2035,2893008.344,1715412.511,138383.805,,pcod_rec
persistence,Fmean,WGOA,Rpath,COD,2035,299302.0962,72815.27871,56997.00761,,pcod_rec
persistence,Fmean,WGOA,Rpath,ATF,2035,1673075.896,616365.0462,23327.78088,,pcod_rec
persistence,Fmean,WGOA,Rpath,POL,2036,2889157.784,1713336.38,138228.9345,,pcod_rec
persistence,Fmean,WGOA,Rpath,COD,2036,300579.19,74094.99296,57246.34143,,pcod_rec
persistence,Fmean,WGOA,Rpath,ATF,2036,1673880.635,616323.4422,23341.47352,,pcod_rec
persistence,Fmean,WGOA,Rpath,POL,2037,2884466.647,1710764.986,138023.0279,,pcod_rec
persistence,Fmean,WGOA,Rpath,COD,2037,301567.6283,74575.93086,57431.05798,,pcod_rec
persistence,Fmean,WGOA,Rpath,ATF,2037,1674428.564,616069.7533,23351.17424,,pcod_rec
persistence,Fmean,WGOA,Rpath,POL,2038,2879120.684,1707772.912,137773.676,,pcod_rec
persistence,Fmean,WGOA,Rpath,COD,2038,302325.0659,74470.9522,57598.79709,,pcod_rec
persistence,Fmean,WGOA,Rpath,ATF,2038,1674766.749,615659.7431,23357.66165,,pcod_rec
persistence,Fmean,WGOA,Rpath,POL,2039,2873337.532,1704469.165,137491.415,,pcod_rec
persistence,Fmean,WGOA,Rpath,COD,2039,302816.2573,74171.43221,57752.11359,,pcod_rec
persistence,Fmean,WGOA,Rpath,ATF,2039,1674929.292,615168.745,23361.48519,,pcod_rec
persistence,Fmean,WGOA,Rpath,POL,2040,2867337.456,1700984.492,137188.5627,,pcod_rec
persistence,Fmean,WGOA,Rpath,COD,2040,302989.0599,74028.98241,57865.41888,,pcod_rec
persistence,Fmean,WGOA,Rpath,ATF,2040,1674939.861,614648.3268,23363.00067,,pcod_rec
persistence,Fmean,WGOA,Rpath,POL,2041,2861308.4,1697445.518,136877.0344,,pcod_rec
persistence,Fmean,WGOA,Rpath,COD,2041,302836.445,74213.36925,57910.48045,,pcod_rec
persistence,Fmean,WGOA,Rpath,ATF,2041,1674815.149,614146.1035,23362.43898,,pcod_rec
persistence,Fmean,WGOA,Rpath,POL,2042,2855382.534,1693950.911,136566.3186,,pcod_rec
persistence,Fmean,WGOA,Rpath,COD,2042,302417.233,74664.31964,57876.09036,,pcod_rec
persistence,Fmean,WGOA,Rpath,ATF,2042,1674568.818,613684.7334,23359.98257,,pcod_rec
persistence,Fmean,WGOA,Rpath,POL,2043,2849631.584,1690558.654,136262.4093,,pcod_rec
persistence,Fmean,WGOA,Rpath,COD,2043,301835.4468,75196.77978,57774.4271,,pcod_rec
persistence,Fmean,WGOA,Rpath,ATF,2043,1674214.643,613259.3886,23355.81856,,pcod_rec
persistence,Fmean,WGOA,Rpath,POL,2044,2844076.749,1687286.48,135967.8723,,pcod_rec
persistence,Fmean,WGOA,Rpath,COD,2044,301203.5444,75603.28829,57634.64164,,pcod_rec
persistence,Fmean,WGOA,Rpath,ATF,2044,1673768.059,612845.6142,23350.1714,,pcod_rec
persistence,Fmean,WGOA,Rpath,POL,2045,2838705.046,1684121.969,135682.7095,,pcod_rec
persistence,Fmean,WGOA,Rpath,COD,2045,300605.336,75752.97662,57489.17153,,pcod_rec
persistence,Fmean,WGOA,Rpath,ATF,2045,1673245.628,612413.6052,23343.29983,,pcod_rec
persistence,Fmean,WGOA,Rpath,POL,2046,2833484.647,1681035.763,135405.4269,,pcod_rec
persistence,Fmean,WGOA,Rpath,COD,2046,300075.2707,75648.98071,57361.52161,,pcod_rec
persistence,Fmean,WGOA,Rpath,ATF,2046,1672663.266,611942.0241,23335.46578,,pcod_rec
persistence,Fmean,WGOA,Rpath,POL,2047,2828374.935,1677993.132,135133.8872,,pcod_rec
persistence,Fmean,WGOA,Rpath,COD,2047,299602.411,75396.99639,57259.64087,,pcod_rec
persistence,Fmean,WGOA,Rpath,ATF,2047,1672034.217,611425.6759,23326.89635,,pcod_rec
persistence,Fmean,WGOA,Rpath,POL,2048,2823331.888,1674961.449,134865.8108,,pcod_rec
persistence,Fmean,WGOA,Rpath,COD,2048,299150.7508,75135.94338,57176.95181,,pcod_rec
persistence,Fmean,WGOA,Rpath,ATF,2048,1671367.445,610874.5554,23317.75387,,pcod_rec
persistence,Fmean,WGOA,Rpath,POL,2049,2818313.012,1671914.821,134599.0238,,pcod_rec
persistence,Fmean,WGOA,Rpath,COD,2049,298685.0032,74970.72191,57099.67114,,pcod_rec
persistence,Fmean,WGOA,Rpath,ATF,2049,1670666.86,610307.2316,23308.12226,,pcod_rec
persistence,Fmean,WGOA,Rpath,POL,2050,2813285.012,1668837.892,134331.7143,,pcod_rec
persistence,Fmean,WGOA,Rpath,COD,2050,298189.105,74934.42875,57015.3493,,pcod_rec
persistence,Fmean,WGOA,Rpath,ATF,2050,1669931.746,609742.203,23298.01176,,pcod_rec
persistence,Fmean,WGOA,Rpath,POL,2051,2808232.68,1665728.818,134062.8064,,pcod_rec
persistence,Fmean,WGOA,Rpath,COD,2051,297670.7282,74990.67391,56918.60928,,pcod_rec
persistence,Fmean,WGOA,Rpath,ATF,2051,1669158.283,609191.1134,23287.37994,,pcod_rec
persistence,Fmean,WGOA,Rpath,POL,2052,2803163.168,1662598.741,133792.2604,,pcod_rec
persistence,Fmean,WGOA,Rpath,COD,2052,297153.2196,75066.87314,56812.24796,,pcod_rec
persistence,Fmean,WGOA,Rpath,ATF,2052,1668341.494,608656.0733,23276.16048,,pcod_rec
persistence,Fmean,WGOA,Rpath,POL,2053,2798103.218,1659467.806,133521.0853,,pcod_rec
persistence,Fmean,WGOA,Rpath,COD,2053,296661.9196,75096.20946,56704.28465,,pcod_rec
persistence,Fmean,WGOA,Rpath,ATF,2053,1667476.952,608131.3164,23264.28922,,pcod_rec
persistence,Fmean,WGOA,Rpath,POL,2054,2793091.308,1656359.977,133251.0705,,pcod_rec
persistence,Fmean,WGOA,Rpath,COD,2054,296212.3246,75047.52112,56603.21414,,pcod_rec
persistence,Fmean,WGOA,Rpath,ATF,2054,1666561.787,607607.5524,23251.72101,,pcod_rec
persistence,Fmean,WGOA,Rpath,POL,2055,2788168.812,1653299.188,132984.3895,,pcod_rec
persistence,Fmean,WGOA,Rpath,COD,2055,295805.0516,74932.16365,56514.03721,,pcod_rec
persistence,Fmean,WGOA,Rpath,ATF,2055,1665594.809,607076.4742,23238.43373,,pcod_rec
persistence,Fmean,WGOA,Rpath,POL,2056,2783371.705,1650306.192,132723.1929,,pcod_rec
persistence,Fmean,WGOA,Rpath,COD,2056,295428.502,74789.67008,56436.71292,,pcod_rec
persistence,Fmean,WGOA,Rpath,ATF,2056,1664576.195,606533.6404,23224.42389,,pcod_rec
persistence,Fmean,WGOA,Rpath,POL,2057,2778723.358,1647395.109,132469.1885,,pcod_rec
persistence,Fmean,WGOA,Rpath,COD,2057,295066.4082,74663.61213,56367.22218,,pcod_rec
persistence,Fmean,WGOA,Rpath,ATF,2057,1663507.041,605978.9956,23209.70047,,pcod_rec
persistence,Fmean,WGOA,Rpath,POL,2058,2774229.455,1644570.117,132223.2732,,pcod_rec
persistence,Fmean,WGOA,Rpath,COD,2058,294705.7472,74581.02192,56300.18752,,pcod_rec
persistence,Fmean,WGOA,Rpath,ATF,2058,1662389.022,605415.5043,23194.28035,,pcod_rec
persistence,Fmean,WGOA,Rpath,POL,2059,2769875.177,1641822.618,131985.269,,pcod_rec
persistence,Fmean,WGOA,Rpath,COD,2059,294341.2988,74543.89056,56231.50471,,pcod_rec
persistence,Fmean,WGOA,Rpath,ATF,2059,1661224.279,604847.1123,23178.18716,,pcod_rec
persistence,Fmean,WGOA,Rpath,POL,2060,2765625.245,1639130.066,131753.8045,,pcod_rec
persistence,Fmean,WGOA,Rpath,COD,2060,293975.5169,74533.81765,56159.78108,,pcod_rec
persistence,Fmean,WGOA,Rpath,ATF,2060,1660015.308,604276.9788,23161.45168,,pcod_rec
persistence,Fmean,WGOA,Rpath,POL,2061,2761427.871,1636457.963,131526.4125,,pcod_rec
persistence,Fmean,WGOA,Rpath,COD,2061,293614.8742,74524.79422,56086.20085,,pcod_rec
persistence,Fmean,WGOA,Rpath,ATF,2061,1658764.759,603706.6767,23144.1101,,pcod_rec
persistence,Fmean,WGOA,Rpath,POL,2062,2757224.08,1633766.438,131299.9219,,pcod_rec
persistence,Fmean,WGOA,Rpath,COD,2062,293265.201,74496.56827,56013.24465,,pcod_rec
persistence,Fmean,WGOA,Rpath,ATF,2062,1657475.075,603136.3668,23126.20003,,pcod_rec
persistence,Fmean,WGOA,Rpath,POL,2063,2752962.647,1631021.227,131071.1846,,pcod_rec
persistence,Fmean,WGOA,Rpath,COD,2063,292928.4414,74442.42672,55943.11618,,pcod_rec
persistence,Fmean,WGOA,Rpath,ATF,2063,1656147.865,602565.2601,23107.75239,,pcod_rec
persistence,Fmean,WGOA,Rpath,POL,2064,2748616.426,1628205.351,130837.9995,,pcod_rec
persistence,Fmean,WGOA,Rpath,COD,2064,292602.0545,74369.12941,55876.67276,,pcod_rec
persistence,Fmean,WGOA,Rpath,ATF,2064,1654783.549,601992.1319,23088.78269,,pcod_rec
persistence,Fmean,WGOA,Rpath,POL,2065,2744192.097,1625325.525,130599.8571,,pcod_rec
persistence,Fmean,WGOA,Rpath,COD,2065,292280.7562,74290.80603,55813.24215,,pcod_rec
persistence,Fmean,WGOA,Rpath,ATF,2065,1653381.66,601415.8094,23069.29022,,pcod_rec
persistence,Fmean,WGOA,Rpath,POL,2066,2739727.866,1622409.744,130358.1155,,pcod_rec
persistence,Fmean,WGOA,Rpath,COD,2066,291959.2629,74220.95937,55751.20569,,pcod_rec
persistence,Fmean,WGOA,Rpath,ATF,2066,1651941.371,600835.2758,23049.2647,,pcod_rec
persistence,Fmean,WGOA,Rpath,POL,2067,2735281.243,1619498.138,130115.5381,,pcod_rec
persistence,Fmean,WGOA,Rpath,COD,2067,291634.5476,74166.61504,55688.90386,,pcod_rec
persistence,Fmean,WGOA,Rpath,ATF,2067,1650462.092,600249.6145,23028.69488,,pcod_rec
persistence,Fmean,WGOA,Rpath,POL,2068,2730913.667,1616632.233,129875.4893,,pcod_rec
persistence,Fmean,WGOA,Rpath,COD,2068,291306.6893,74126.74171,55625.37758,,pcod_rec
persistence,Fmean,WGOA,Rpath,ATF,2068,1648943.942,599658.0127,23007.5769,,pcod_rec
persistence,Fmean,WGOA,Rpath,POL,2069,2726677.989,1613846.756,129641.1579,,pcod_rec
persistence,Fmean,WGOA,Rpath,COD,2069,290978.2406,74094.6488,55560.64678,,pcod_rec
persistence,Fmean,WGOA,Rpath,ATF,2069,1647387.975,599059.9076,22985.91953,,pcod_rec
persistence,Fmean,WGOA,Rpath,POL,2070,2722611.016,1611165.127,129415.0197,,pcod_rec
persistence,Fmean,WGOA,Rpath,COD,2070,290652.7054,74062.34811,55495.50269,,pcod_rec
persistence,Fmean,WGOA,Rpath,ATF,2070,1645796.241,598455.314,22963.74583,,pcod_rec
persistence,Fmean,WGOA,Rpath,POL,2071,2718730.292,1608597.69,129198.5567,,pcod_rec
persistence,Fmean,WGOA,Rpath,COD,2071,290332.959,74024.44588,55431.01069,,pcod_rec
persistence,Fmean,WGOA,Rpath,ATF,2071,1644171.625,597845.0848,22941.09195,,pcod_rec
persistence,Fmean,WGOA,Rpath,POL,2072,2715033.147,1606141.219,128992.1478,,pcod_rec
persistence,Fmean,WGOA,Rpath,COD,2072,290020.2719,73979.90459,55368.00264,,pcod_rec
persistence,Fmean,WGOA,Rpath,ATF,2072,1642517.615,597231.0146,22918.00355,,pcod_rec
persistence,Fmean,WGOA,Rpath,POL,2073,2711496.678,1603778.856,128795.0394,,pcod_rec
persistence,Fmean,WGOA,Rpath,COD,2073,289714.1797,73931.36663,55306.77832,,pcod_rec
persistence,Fmean,WGOA,Rpath,ATF,2073,1640838.107,596615.7582,22894.53238,,pcod_rec
persistence,Fmean,WGOA,Rpath,POL,2074,2708078.898,1601480.911,128605.3703,,pcod_rec
persistence,Fmean,WGOA,Rpath,COD,2074,289413.0266,73882.92099,55247.09331,,pcod_rec
persistence,Fmean,WGOA,Rpath,ATF,2074,1639137.218,596002.5381,22870.73375,,pcod_rec
persistence,Fmean,WGOA,Rpath,POL,2075,2704723.112,1599208.232,128420.3257,,pcod_rec
persistence,Fmean,WGOA,Rpath,COD,2075,289114.7925,73837.7137,55188.37028,,pcod_rec
persistence,Fmean,WGOA,Rpath,ATF,2075,1637418.893,595394.5365,22846.66319,,pcod_rec
persistence,Fmean,WGOA,Rpath,POL,2076,2701368.777,1596920.312,128236.5795,,pcod_rec
persistence,Fmean,WGOA,Rpath,COD,2076,288817.836,73796.56904,55129.99455,,pcod_rec
persistence,Fmean,WGOA,Rpath,ATF,2076,1635686.249,594794.0529,22822.36951,,pcod_rec
persistence,Fmean,WGOA,Rpath,POL,2077,2697969.124,1594587.703,128051.1222,,pcod_rec
persistence,Fmean,WGOA,Rpath,COD,2077,288521.3506,73758.06997,55071.55986,,pcod_rec
persistence,Fmean,WGOA,Rpath,ATF,2077,1633941.018,594201.7629,22797.88623,,pcod_rec
persistence,Fmean,WGOA,Rpath,POL,2078,2694508.502,1592203.36,127862.2624,,pcod_rec
persistence,Fmean,WGOA,Rpath,COD,2078,288225.4634,73719.75828,55012.98299,,pcod_rec
persistence,Fmean,WGOA,Rpath,ATF,2078,1632183.558,593616.5073,22773.22749,,pcod_rec
persistence,Fmean,WGOA,Rpath,POL,2079,2691009.126,1589785.919,127670.2855,,pcod_rec
persistence,Fmean,WGOA,Rpath,COD,2079,287931.0034,73679.63874,54954.46894,,pcod_rec
persistence,Fmean,WGOA,Rpath,ATF,2079,1630413.486,593035.759,22748.39281,,pcod_rec
persistence,Fmean,WGOA,Rpath,POL,2080,2687523.579,1587373.239,127477.3792,,pcod_rec
persistence,Fmean,WGOA,Rpath,COD,2080,287639.0897,73637.18699,54896.36882,,pcod_rec
persistence,Fmean,WGOA,Rpath,ATF,2080,1628630.499,592456.5351,22723.37763,,pcod_rec
persistence,Fmean,WGOA,Rpath,POL,2081,2684118.615,1585010.803,127286.9233,,pcod_rec
persistence,Fmean,WGOA,Rpath,COD,2081,287350.7689,73593.46346,54839.01562,,pcod_rec
persistence,Fmean,WGOA,Rpath,ATF,2081,1626834.991,591876.3646,22698.18362,,pcod_rec
persistence,Fmean,WGOA,Rpath,POL,2082,2680858.756,1582741.028,127102.5784,,pcod_rec
persistence,Fmean,WGOA,Rpath,COD,2082,287066.8693,73550.44241,54782.62165,,pcod_rec
persistence,Fmean,WGOA,Rpath,ATF,2082,1625028.272,591293.9829,22672.82425,,pcod_rec
persistence,Fmean,WGOA,Rpath,POL,2083,2677794.763,1580596.396,126927.5341,,pcod_rec
persistence,Fmean,WGOA,Rpath,COD,2083,286788.0729,73510.01222,54727.27343,,pcod_rec
persistence,Fmean,WGOA,Rpath,ATF,2083,1623212.48,590709.6161,22647.32522,,pcod_rec
persistence,Fmean,WGOA,Rpath,POL,2084,2674957.623,1578596.185,126764.0451,,pcod_rec
persistence,Fmean,WGOA,Rpath,COD,2084,286515.0654,73473.16623,54672.99843,,pcod_rec
persistence,Fmean,WGOA,Rpath,ATF,2084,1621390.408,590124.8912,22621.72208,,pcod_rec
persistence,Fmean,WGOA,Rpath,POL,2085,2672356.186,1576745.123,126613.203,,pcod_rec
persistence,Fmean,WGOA,Rpath,COD,2085,286248.6034,73439.71392,54619.8441,,pcod_rec
persistence,Fmean,WGOA,Rpath,ATF,2085,1619565.352,589542.4879,22596.05774,,pcod_rec
persistence,Fmean,WGOA,Rpath,POL,2086,2669976.386,1575032.651,126474.8419,,pcod_rec
persistence,Fmean,WGOA,Rpath,COD,2086,285989.4202,73408.53817,54567.91597,,pcod_rec
persistence,Fmean,WGOA,Rpath,ATF,2086,1617741.006,588965.6699,22570.38072,,pcod_rec
persistence,Fmean,WGOA,Rpath,POL,2087,2667781.244,1573432.569,126347.5031,,pcod_rec
persistence,Fmean,WGOA,Rpath,COD,2087,285737.9863,73379.09242,54517.35297,,pcod_rec
persistence,Fmean,WGOA,Rpath,ATF,2087,1615921.37,588397.8393,22544.74393,,pcod_rec
persistence,Fmean,WGOA,Rpath,POL,2088,2665712.765,1571904.356,126228.4778,,pcod_rec
persistence,Fmean,WGOA,Rpath,COD,2088,285494.3741,73350.14293,54468.25489,,pcod_rec
persistence,Fmean,WGOA,Rpath,ATF,2088,1614110.549,587842.135,22519.20312,,pcod_rec
persistence,Fmean,WGOA,Rpath,POL,2089,2663699.23,1570398.9,126114.0739,,pcod_rec
persistence,Fmean,WGOA,Rpath,COD,2089,285258.0531,73319.9338,54420.60733,,pcod_rec
persistence,Fmean,WGOA,Rpath,ATF,2089,1612312.173,587307.0753,22493.81195,,pcod_rec
persistence,Fmean,WGOA,Rpath,POL,2090,2661671.827,1568870.819,126000.3184,,pcod_rec
persistence,Fmean,WGOA,Rpath,COD,2090,285027.8816,73288.21766,54374.30611,,pcod_rec
persistence,Fmean,WGOA,Rpath,ATF,2090,1610528.642,586787.9977,22468.61195,,pcod_rec
persistence,Fmean,WGOA,Rpath,POL,2091,2659587.51,1567294.343,125884.1071,,pcod_rec
persistence,Fmean,WGOA,Rpath,COD,2091,284802.7162,73255.19795,54329.17942,,pcod_rec
persistence,Fmean,WGOA,Rpath,ATF,2091,1608760.632,586283.7395,22443.62341,,pcod_rec
persistence,Fmean,WGOA,Rpath,POL,2092,2657445.635,1565673.679,125764.3286,,pcod_rec
persistence,Fmean,WGOA,Rpath,COD,2092,284581.8022,73221.53437,54285.03628,,pcod_rec
persistence,Fmean,WGOA,Rpath,ATF,2092,1607007.503,585791.7428,22418.84723,,pcod_rec
persistence,Fmean,WGOA,Rpath,POL,2093,2655287.64,1564040.932,125642.2701,,pcod_rec
persistence,Fmean,WGOA,Rpath,COD,2093,284365.0611,73188.30135,54241.78241,,pcod_rec
persistence,Fmean,WGOA,Rpath,ATF,2093,1605268.215,585308.5492,22394.27161,,pcod_rec
persistence,Fmean,WGOA,Rpath,POL,2094,2653181.262,1562443.894,125521.086,,pcod_rec
persistence,Fmean,WGOA,Rpath,COD,2094,284153.0744,73156.55883,54199.44643,,pcod_rec
persistence,Fmean,WGOA,Rpath,ATF,2094,1603542.21,584830.841,22369.88573,,pcod_rec
persistence,Fmean,WGOA,Rpath,POL,2095,2651200.085,1560931.938,125404.7471,,pcod_rec
persistence,Fmean,WGOA,Rpath,COD,2095,283946.8584,73127.07603,54158.15633,,pcod_rec
persistence,Fmean,WGOA,Rpath,ATF,2095,1601829.858,584356.2934,22345.68973,,pcod_rec
persistence,Fmean,WGOA,Rpath,POL,2096,2649407.285,1559545.927,125297.0429,,pcod_rec
persistence,Fmean,WGOA,Rpath,COD,2096,283747.6035,73100.25177,54118.10128,,pcod_rec
persistence,Fmean,WGOA,Rpath,ATF,2096,1600132.468,583884.1453,22321.69724,,pcod_rec
persistence,Fmean,WGOA,Rpath,POL,2097,2647846.239,1558313.039,125200.9082,,pcod_rec
persistence,Fmean,WGOA,Rpath,COD,2097,283556.4709,73076.0832,54079.49276,,pcod_rec
persistence,Fmean,WGOA,Rpath,ATF,2097,1598452.074,583415.4297,22297.93337,,pcod_rec
persistence,Fmean,WGOA,Rpath,POL,2098,2646536.857,1557244.975,125118.0813,,pcod_rec
persistence,Fmean,WGOA,Rpath,COD,2098,283374.4456,73054.23679,54042.53274,,pcod_rec
persistence,Fmean,WGOA,Rpath,ATF,2098,1596791.212,582952.4751,22274.43101,,pcod_rec
persistence,Fmean,WGOA,Rpath,POL,2099,2645474.508,1556337.289,125048.972,,pcod_rec
persistence,Fmean,WGOA,Rpath,COD,2099,283202.2138,73034.19209,54007.38915,,pcod_rec
persistence,Fmean,WGOA,Rpath,ATF,2099,1595152.78,582498.4415,22251.22807,,pcod_rec
ssp126,Fmean,WGOA,Rpath,POL,1991,2884927.165,1690895.406,87828.01,,pcod_rec
ssp126,Fmean,WGOA,Rpath,COD,1991,399280.2939,93224.23736,64466.82999,,pcod_rec
ssp126,Fmean,WGOA,Rpath,ATF,1991,1554327.805,597326.9774,16958.38001,,pcod_rec
ssp126,Fmean,WGOA,Rpath,POL,1992,2892495.913,1696087.278,90585.18996,,pcod_rec
ssp126,Fmean,WGOA,Rpath,COD,1992,371842.9001,88999.22879,78966.50009,,pcod_rec
ssp126,Fmean,WGOA,Rpath,ATF,1992,1551901.376,598021.2117,20482.18006,,pcod_rec
ssp126,Fmean,WGOA,Rpath,POL,1993,2886917.46,1690078.21,108230.1801,,pcod_rec
ssp126,Fmean,WGOA,Rpath,COD,1993,375328.1754,91984.46817,45849.17007,,pcod_rec
ssp126,Fmean,WGOA,Rpath,ATF,1993,1551566.347,599298.1593,18294.44992,,pcod_rec
ssp126,Fmean,WGOA,Rpath,POL,1994,2891612.897,1691340.87,100412.3599,,pcod_rec
ssp126,Fmean,WGOA,Rpath,COD,1994,374238.5054,92168.02449,45610.57997,,pcod_rec
ssp126,Fmean,WGOA,Rpath,ATF,1994,1547453.432,598480.5088,21993.23998,,pcod_rec
ssp126,Fmean,WGOA,Rpath,POL,1995,2920445.243,1709974.752,69168.12993,,pcod_rec
ssp126,Fmean,WGOA,Rpath,COD,1995,354241.1182,88060.92648,67907.17999,,pcod_rec
ssp126,Fmean,WGOA,Rpath,ATF,1995,1548788.073,599203.4556,17415.49004,,pcod_rec
ssp126,Fmean,WGOA,Rpath,POL,1996,2949537.5,1727520.768,49825.87004,,pcod_rec
ssp126,Fmean,WGOA,Rpath,COD,1996,348901.2699,89289.89982,55391.6601,,pcod_rec
ssp126,Fmean,WGOA,Rpath,ATF,1996,1545296.542,597141.1539,21555.6099,,pcod_rec
ssp126,Fmean,WGOA,Rpath,POL,1997,2946193.762,1722365.564,84179.64997,,pcod_rec
ssp126,Fmean,WGOA,Rpath,COD,1997,339607.8718,88455.84666,58920.57999,,pcod_rec
ssp126,Fmean,WGOA,Rpath,ATF,1997,1547340.939,596389.7317,14758.27989,,pcod_rec
ssp126,Fmean,WGOA,Rpath,POL,1998,3007840.548,1762267.823,5428.379998,,pcod_rec
ssp126,Fmean,WGOA,Rpath,COD,1998,338402.0081,87897.09963,50218.95011,,pcod_rec
ssp126,Fmean,WGOA,Rpath,ATF,1998,1552042.171,596282.5118,12377.19001,,pcod_rec
ssp126,Fmean,WGOA,Rpath,POL,1999,2993956.264,1751820.359,90556.90006,,pcod_rec
ssp126,Fmean,WGOA,Rpath,COD,1999,323385.5045,83134.3282,66264.6701,,pcod_rec
ssp126,Fmean,WGOA,Rpath,ATF,1999,1556822.572,596729.6537,14649.22992,,pcod_rec
ssp126,Fmean,WGOA,Rpath,POL,2000,3049484.669,1789601.224,5552.830105,,pcod_rec
ssp126,Fmean,WGOA,Rpath,COD,2000,321234.7048,82993.63067,53384.86994,,pcod_rec
ssp126,Fmean,WGOA,Rpath,ATF,2000,1555589.603,595731.5303,22993.75009,,pcod_rec
ssp126,Fmean,WGOA,Rpath,POL,2001,3082953.386,1808450.385,3452.299979,,pcod_rec
ssp126,Fmean,WGOA,Rpath,COD,2001,327836.0522,85350.66779,40517.40995,,pcod_rec
ssp126,Fmean,WGOA,Rpath,ATF,2001,1559150.397,597017.2815,17416.19999,,pcod_rec
ssp126,Fmean,WGOA,Rpath,POL,2002,3117695.911,1828996.892,1698.029945,,pcod_rec
ssp126,Fmean,WGOA,Rpath,COD,2002,329657.1998,86672.3968,41567.98996,,pcod_rec
ssp126,Fmean,WGOA,Rpath,ATF,2002,1561074.367,598208.7603,20173.56001,,pcod_rec
ssp126,Fmean,WGOA,Rpath,POL,2003,3105660.591,1817041.088,48590.07701,,pcod_rec
ssp126,Fmean,WGOA,Rpath,COD,2003,321002.2329,86072.65487,52365.75509,,pcod_rec
ssp126,Fmean,WGOA,Rpath,ATF,2003,1552272.454,595288.6341,30169.77189,,pcod_rec
ssp126,Fmean,WGOA,Rpath,POL,2004,3100496.18,1811816.72,62434.43992,,pcod_rec
ssp126,Fmean,WGOA,Rpath,COD,2004,310907.3461,86861.68446,56450.24197,,pcod_rec
ssp126,Fmean,WGOA,Rpath,ATF,2004,1557805.526,597533.7477,15634.90804,,pcod_rec
ssp126,Fmean,WGOA,Rpath,POL,2005,3085140.756,1801622.597,78302.79193,,pcod_rec
ssp126,Fmean,WGOA,Rpath,COD,2005,308747.7124,89355.03295,47523.77993,,pcod_rec
ssp126,Fmean,WGOA,Rpath,ATF,2005,1557456.933,596651.5277,19923.57305,,pcod_rec
ssp126,Fmean,WGOA,Rpath,POL,2006,3088115.7,1805154.794,68928.30799,,pcod_rec
ssp126,Fmean,WGOA,Rpath,COD,2006,305285.4254,89662.84203,47767.07996,,pcod_rec
ssp126,Fmean,WGOA,Rpath,ATF,2006,1552052.557,593803.972,27622.69892,,pcod_rec
ssp126,Fmean,WGOA,Rpath,POL,2007,3108388.666,1820162.189,51572.307,,pcod_rec
ssp126,Fmean,WGOA,Rpath,COD,2007,298656.828,86970.58416,51812.178,,pcod_rec
ssp126,Fmean,WGOA,Rpath,ATF,2007,1552833.111,593773.0969,25346.98698,,pcod_rec
ssp126,Fmean,WGOA,Rpath,POL,2008,3122657.328,1829614.826,50786.20601,,pcod_rec
ssp126,Fmean,WGOA,Rpath,COD,2008,288014.1972,83738.42574,58386.38403,,pcod_rec
ssp126,Fmean,WGOA,Rpath,ATF,2008,1551453.517,592951.9777,29205.93997,,pcod_rec
ssp126,Fmean,WGOA,Rpath,POL,2009,3143273.399,1841984.82,41549.50308,,pcod_rec
ssp126,Fmean,WGOA,Rpath,COD,2009,284535.8483,83301.56554,51788.98001,,pcod_rec
ssp126,Fmean,WGOA,Rpath,ATF,2009,1555113.026,594046.2661,24831.74204,,pcod_rec
ssp126,Fmean,WGOA,Rpath,POL,2010,3136117.031,1835292.146,73443.38423,,pcod_rec
ssp126,Fmean,WGOA,Rpath,COD,2010,260387.0744,76717.56805,76954.1546,,pcod_rec
ssp126,Fmean,WGOA,Rpath,ATF,2010,1558263.173,594362.5648,24339.44647,,pcod_rec
ssp126,Fmean,WGOA,Rpath,POL,2011,3141056.088,1838289.751,77694.47962,,pcod_rec
ssp126,Fmean,WGOA,Rpath,COD,2011,234318.5161,69543.30604,83710.47539,,pcod_rec
ssp126,Fmean,WGOA,Rpath,ATF,2011,1557071.61,592792.1032,30911.82176,,pcod_rec
ssp126,Fmean,WGOA,Rpath,POL,2012,3133568.472,1833854.712,98934.69122,,pcod_rec
ssp126,Fmean,WGOA,Rpath,COD,2012,216652.3988,64116.82151,76871.10999,,pcod_rec
ssp126,Fmean,WGOA,Rpath,ATF,2012,1567597.99,595605.7671,20761.90991,,pcod_rec
ssp126,Fmean,WGOA,Rpath,POL,2013,3129803.327,1832301.647,90796.63161,,pcod_rec
ssp126,Fmean,WGOA,Rpath,COD,2013,207097.746,61173.05499,66829.78162,,pcod_rec
ssp126,Fmean,WGOA,Rpath,ATF,2013,1575636.643,596480.792,21809.31232,,pcod_rec
ssp126,Fmean,WGOA,Rpath,POL,2014,3087331.432,1803398.136,138948.062,,pcod_rec
ssp126,Fmean,WGOA,Rpath,COD,2014,180191.4473,54326.17477,83491.7282,,pcod_rec
ssp126,Fmean,WGOA,Rpath,ATF,2014,1567912.163,590069.7527,36524.50153,,pcod_rec
ssp126,Fmean,WGOA,Rpath,POL,2015,3045526.286,1775739.079,162807.646,,pcod_rec
ssp126,Fmean,WGOA,Rpath,COD,2015,157932.7221,48934.44114,77689.99201,,pcod_rec
ssp126,Fmean,WGOA,Rpath,ATF,2015,1577268.818,588791.536,19296.58722,,pcod_rec
ssp126,Fmean,WGOA,Rpath,POL,2016,3007798.292,1753763.798,173086.3524,,pcod_rec
ssp126,Fmean,WGOA,Rpath,COD,2016,147656.6154,47339.00977,62867.32743,,pcod_rec
ssp126,Fmean,WGOA,Rpath,ATF,2016,1586289.943,586210.8787,19976.29419,,pcod_rec
ssp126,Fmean,WGOA,Rpath,POL,2017,2976739.358,1738811.225,184220.0285,,pcod_rec
ssp126,Fmean,WGOA,Rpath,COD,2017,147736.1447,50239.67431,48204.21467,,pcod_rec
ssp126,Fmean,WGOA,Rpath,ATF,2017,1591593.276,581990.6601,27053.50899,,pcod_rec
ssp126,Fmean,WGOA,Rpath,POL,2018,2968841.332,1740812.462,150815.1922,,pcod_rec
ssp126,Fmean,WGOA,Rpath,COD,2018,174522.2292,61112.90393,14681.2982,,pcod_rec
ssp126,Fmean,WGOA,Rpath,ATF,2018,1607270.211,582229.7484,18870.25094,,pcod_rec
ssp126,Fmean,WGOA,Rpath,POL,2019,2976191.205,1750709.517,110649.2716,,pcod_rec
ssp126,Fmean,WGOA,Rpath,COD,2019,197788.813,66355.87669,15200.42058,,pcod_rec
ssp126,Fmean,WGOA,Rpath,ATF,2019,1614692.328,580069.5368,24567.05196,,pcod_rec
ssp126,Fmean,WGOA,Rpath,POL,2020,2989833.346,1764765.168,99971.06489,,pcod_rec
ssp126,Fmean,WGOA,Rpath,COD,2020,227902.927,75553.61902,6085.249339,,pcod_rec
ssp126,Fmean,WGOA,Rpath,ATF,2020,1626341.19,581530.1681,21115.8993,,pcod_rec
ssp126,Fmean,WGOA,Rpath,POL,2021,2895010.176,1704120.604,234924.7852,,pcod_rec
ssp126,Fmean,WGOA,Rpath,COD,2021,210752.3867,68660.95585,59699.40491,,pcod_rec
ssp126,Fmean,WGOA,Rpath,ATF,2021,1625126.816,580530.6716,32534.26176,,pcod_rec
ssp126,Fmean,WGOA,Rpath,POL,2022,2820245.509,1657717.364,259779.9339,,pcod_rec
ssp126,Fmean,WGOA,Rpath,COD,2022,198408.5517,61837.93557,63487.52242,,pcod_rec
ssp126,Fmean,WGOA,Rpath,ATF,2022,1622507.005,581000.9279,34187.04056,,pcod_rec
ssp126,Fmean,WGOA,Rpath,POL,2023,2769621.372,1627756.559,257872.1959,,pcod_rec
ssp126,Fmean,WGOA,Rpath,COD,2023,194989.8632,56735.82877,57928.11484,,pcod_rec
ssp126,Fmean,WGOA,Rpath,ATF,2023,1623233.373,584416.2021,31749.29015,,pcod_rec
ssp126,Fmean,WGOA,Rpath,POL,2024,2816116.79,1664388.137,133117.5125,,pcod_rec
ssp126,Fmean,WGOA,Rpath,COD,2024,210033.8646,59921.58685,38122.66898,,pcod_rec
ssp126,Fmean,WGOA,Rpath,ATF,2024,1632426.146,591528.7751,22702.81358,,pcod_rec
ssp126,Fmean,WGOA,Rpath,POL,2025,2838903.308,1680379.552,134972.691,,pcod_rec
ssp126,Fmean,WGOA,Rpath,COD,2025,220424.0631,63760.53682,40502.0752,,pcod_rec
ssp126,Fmean,WGOA,Rpath,ATF,2025,1639005.235,596625.5956,22810.67356,,pcod_rec
ssp126,Fmean,WGOA,Rpath,POL,2026,2852647.416,1688530.001,135865.5321,,pcod_rec
ssp126,Fmean,WGOA,Rpath,COD,2026,229481.6057,66145.44174,42518.88266,,pcod_rec
ssp126,Fmean,WGOA,Rpath,ATF,2026,1643966.021,599656.4945,22895.88792,,pcod_rec
ssp126,Fmean,WGOA,Rpath,POL,2027,2869853.467,1699191.77,136619.2265,,pcod_rec
ssp126,Fmean,WGOA,Rpath,COD,2027,239615.6688,66980.73281,44179.10482,,pcod_rec
ssp126,Fmean,WGOA,Rpath,ATF,2027,1649373.221,601806.8106,22964.15082,,pcod_rec
ssp126,Fmean,WGOA,Rpath,POL,2028,2886466.972,1711008.807,137517.4602,,pcod_rec
ssp126,Fmean,WGOA,Rpath,COD,2028,249373.796,67741.47679,45750.71098,,pcod_rec
ssp126,Fmean,WGOA,Rpath,ATF,2028,1656546.637,604687.7488,23050.66011,,pcod_rec
ssp126,Fmean,WGOA,Rpath,POL,2029,2888286.833,1711622.952,138064.9708,,pcod_rec
ssp126,Fmean,WGOA,Rpath,COD,2029,257778.378,67078.06421,47825.60606,,pcod_rec
ssp126,Fmean,WGOA,Rpath,ATF,2029,1661115.227,606533.8815,23143.65905,,pcod_rec
ssp126,Fmean,WGOA,Rpath,POL,2030,2889422.074,1710701.823,138108.9652,,pcod_rec
ssp126,Fmean,WGOA,Rpath,COD,2030,264243.6047,65269.4565,49751.42739,,pcod_rec
ssp126,Fmean,WGOA,Rpath,ATF,2030,1662879.272,606969.9144,23189.57565,,pcod_rec
ssp126,Fmean,WGOA,Rpath,POL,2031,2891606.702,1711550.594,138234.9681,,pcod_rec
ssp126,Fmean,WGOA,Rpath,COD,2031,269464.6906,66038.35461,51123.00242,,pcod_rec
ssp126,Fmean,WGOA,Rpath,ATF,2031,1664421.857,607410.1011,23212.99418,,pcod_rec
ssp126,Fmean,WGOA,Rpath,POL,2032,2899732.067,1718154.53,138428.7694,,pcod_rec
ssp126,Fmean,WGOA,Rpath,COD,2032,274454.5327,70274.1423,51853.48879,,pcod_rec
ssp126,Fmean,WGOA,Rpath,ATF,2032,1668171.86,609295.623,23239.42878,,pcod_rec
ssp126,Fmean,WGOA,Rpath,POL,2033,2896330.537,1716781.025,138690.6123,,pcod_rec
ssp126,Fmean,WGOA,Rpath,COD,2033,278624.143,73491.0816,52495.7481,,pcod_rec
ssp126,Fmean,WGOA,Rpath,ATF,2033,1670971.269,611200.1366,23298.14003,,pcod_rec
ssp126,Fmean,WGOA,Rpath,POL,2034,2894797.346,1716218.7,138548.5101,,pcod_rec
ssp126,Fmean,WGOA,Rpath,COD,2034,282981.3937,74103.98244,53229.04753,,pcod_rec
ssp126,Fmean,WGOA,Rpath,ATF,2034,1672665.784,612573.2849,23325.45303,,pcod_rec
ssp126,Fmean,WGOA,Rpath,POL,2035,2891284.651,1714404.322,138402.6146,,pcod_rec
ssp126,Fmean,WGOA,Rpath,COD,2035,287146.4862,72121.17532,54025.42155,,pcod_rec
ssp126,Fmean,WGOA,Rpath,ATF,2035,1674091.888,613713.8976,23344.7084,,pcod_rec
ssp126,Fmean,WGOA,Rpath,POL,2036,2888173.504,1713182.481,138275.4071,,pcod_rec
ssp126,Fmean,WGOA,Rpath,COD,2036,290486.1994,70815.00759,54907.20745,,pcod_rec
ssp126,Fmean,WGOA,Rpath,ATF,2036,1675750.742,614861.5815,23369.01126,,pcod_rec
ssp126,Fmean,WGOA,Rpath,POL,2037,2880939.024,1708622.152,138021.176,,pcod_rec
ssp126,Fmean,WGOA,Rpath,COD,2037,292163.7568,70140.92887,55712.55839,,pcod_rec
ssp126,Fmean,WGOA,Rpath,ATF,2037,1676309.381,615235.5359,23384.82345,,pcod_rec
ssp126,Fmean,WGOA,Rpath,POL,2038,2874205.801,1703983.786,137635.8425,,pcod_rec
ssp126,Fmean,WGOA,Rpath,COD,2038,292683.7458,71108.41544,56180.31364,,pcod_rec
ssp126,Fmean,WGOA,Rpath,ATF,2038,1676120.867,614977.9015,23386.795,,pcod_rec
ssp126,Fmean,WGOA,Rpath,POL,2039,2866461.988,1698807.169,137337.0441,,pcod_rec
ssp126,Fmean,WGOA,Rpath,COD,2039,292570.078,73572.41232,56190.5321,,pcod_rec
ssp126,Fmean,WGOA,Rpath,ATF,2039,1674771.289,613899.2254,23382.17159,,pcod_rec
ssp126,Fmean,WGOA,Rpath,POL,2040,2864178.649,1697738.015,136969.5748,,pcod_rec
ssp126,Fmean,WGOA,Rpath,COD,2040,291582.5294,76513.77583,55966.76346,,pcod_rec
ssp126,Fmean,WGOA,Rpath,ATF,2040,1673957.762,612839.235,23355.95319,,pcod_rec
ssp126,Fmean,WGOA,Rpath,POL,2041,2856619.903,1693381.754,136831.0231,,pcod_rec
ssp126,Fmean,WGOA,Rpath,COD,2041,288845.0475,77832.72175,55810.60695,,pcod_rec
ssp126,Fmean,WGOA,Rpath,ATF,2041,1673760.125,612201.5556,23358.16831,,pcod_rec
ssp126,Fmean,WGOA,Rpath,POL,2042,2845473.382,1684476.009,136282.1155,,pcod_rec
ssp126,Fmean,WGOA,Rpath,COD,2042,285213.5538,77659.93769,55547.8865,,pcod_rec
ssp126,Fmean,WGOA,Rpath,ATF,2042,1670504.159,609740.9209,23335.51123,,pcod_rec
ssp126,Fmean,WGOA,Rpath,POL,2043,2842183.959,1682193.891,135897.4369,,pcod_rec
ssp126,Fmean,WGOA,Rpath,COD,2043,283354.3941,78446.88837,54847.87256,,pcod_rec
ssp126,Fmean,WGOA,Rpath,ATF,2043,1668383.922,607673.9235,23294.55186,,pcod_rec
ssp126,Fmean,WGOA,Rpath,POL,2044,2848235.181,1688826.66,135939.4523,,pcod_rec
ssp126,Fmean,WGOA,Rpath,COD,2044,282736.7232,80820.82076,53975.88663,,pcod_rec
ssp126,Fmean,WGOA,Rpath,ATF,2044,1670839.669,608126.7736,23285.96183,,pcod_rec
ssp126,Fmean,WGOA,Rpath,POL,2045,2838163.858,1683158.563,135967.1226,,pcod_rec
ssp126,Fmean,WGOA,Rpath,COD,2045,281676.0727,80810.6011,53692.4776,,pcod_rec
ssp126,Fmean,WGOA,Rpath,ATF,2045,1671833.951,608260.886,23326.11284,,pcod_rec
ssp126,Fmean,WGOA,Rpath,POL,2046,2827776.673,1675158.033,135360.0824,,pcod_rec
ssp126,Fmean,WGOA,Rpath,COD,2046,281199.6216,77261.71029,53822.772,,pcod_rec
ssp126,Fmean,WGOA,Rpath,ATF,2046,1669777.841,606771.6753,23316.57839,,pcod_rec
ssp126,Fmean,WGOA,Rpath,POL,2047,2823160.821,1671848.358,134966.3556,,pcod_rec
ssp126,Fmean,WGOA,Rpath,COD,2047,281377.1457,74039.65746,53818.03931,,pcod_rec
ssp126,Fmean,WGOA,Rpath,ATF,2047,1667875.718,605318.0396,23287.603,,pcod_rec
ssp126,Fmean,WGOA,Rpath,POL,2048,2823002.191,1672989.25,134805.8594,,pcod_rec
ssp126,Fmean,WGOA,Rpath,COD,2048,281727.0569,74089.12854,53817.46965,,pcod_rec
ssp126,Fmean,WGOA,Rpath,ATF,2048,1668281.96,605192.6245,23269.85291,,pcod_rec
ssp126,Fmean,WGOA,Rpath,POL,2049,2816141.737,1669083.504,134698.8984,,pcod_rec
ssp126,Fmean,WGOA,Rpath,COD,2049,281502.9581,75184.80608,53857.99818,,pcod_rec
ssp126,Fmean,WGOA,Rpath,ATF,2049,1668194.695,605162.819,23282.25369,,pcod_rec
ssp126,Fmean,WGOA,Rpath,POL,2050,2810338.007,1664910.752,134261.0218,,pcod_rec
ssp126,Fmean,WGOA,Rpath,COD,2050,281297.9637,75254.0201,53906.12335,,pcod_rec
ssp126,Fmean,WGOA,Rpath,ATF,2050,1667157.102,604668.9444,23266.96605,,pcod_rec
ssp126,Fmean,WGOA,Rpath,POL,2051,2810337.36,1666063.555,134128.2702,,pcod_rec
ssp126,Fmean,WGOA,Rpath,COD,2051,280471.905,75677.03262,53778.67369,,pcod_rec
ssp126,Fmean,WGOA,Rpath,ATF,2051,1668559.336,605620.4855,23267.30001,,pcod_rec
ssp126,Fmean,WGOA,Rpath,POL,2052,2800162.245,1658934.314,133897.5193,,pcod_rec
ssp126,Fmean,WGOA,Rpath,COD,2052,278604.8517,75701.18436,53789.04608,,pcod_rec
ssp126,Fmean,WGOA,Rpath,ATF,2052,1667868.033,605607.7317,23279.05085,,pcod_rec
ssp126,Fmean,WGOA,Rpath,POL,2053,2798865.423,1658384.011,133537.831,,pcod_rec
ssp126,Fmean,WGOA,Rpath,COD,2053,278481.2686,76790.89237,53454.43941,,pcod_rec
ssp126,Fmean,WGOA,Rpath,ATF,2053,1667864.347,605804.7582,23266.89908,,pcod_rec
ssp126,Fmean,WGOA,Rpath,POL,2054,2794071.955,1655913.448,133450.3522,,pcod_rec
ssp126,Fmean,WGOA,Rpath,COD,2054,277616.2232,77515.70218,53012.88286,,pcod_rec
ssp126,Fmean,WGOA,Rpath,ATF,2054,1667618.506,605765.3984,23270.10132,,pcod_rec
ssp126,Fmean,WGOA,Rpath,POL,2055,2785235.056,1649374.197,133053.5602,,pcod_rec
ssp126,Fmean,WGOA,Rpath,COD,2055,276127.3496,77685.0739,53024.53854,,pcod_rec
ssp126,Fmean,WGOA,Rpath,ATF,2055,1665147.115,604211.2826,23251.41633,,pcod_rec
ssp126,Fmean,WGOA,Rpath,POL,2056,2779244.467,1644916.259,132661.0466,,pcod_rec
ssp126,Fmean,WGOA,Rpath,COD,2056,275853.9327,75697.00723,52958.50509,,pcod_rec
ssp126,Fmean,WGOA,Rpath,ATF,2056,1662434.839,602209.6408,23215.79664,,pcod_rec
ssp126,Fmean,WGOA,Rpath,POL,2057,2779954.6,1646491.478,132480.7283,,pcod_rec
ssp126,Fmean,WGOA,Rpath,COD,2057,275884.1439,75464.47882,52658.22135,,pcod_rec
ssp126,Fmean,WGOA,Rpath,ATF,2057,1662248.582,601399.5992,23187.44937,,pcod_rec
ssp126,Fmean,WGOA,Rpath,POL,2058,2771570.715,1641129.831,132386.8284,,pcod_rec
ssp126,Fmean,WGOA,Rpath,COD,2058,274730.5457,76029.40312,52673.14051,,pcod_rec
ssp126,Fmean,WGOA,Rpath,ATF,2058,1661016.055,600242.4705,23191.46823,,pcod_rec
ssp126,Fmean,WGOA,Rpath,POL,2059,2764337.071,1635350.317,131858.1739,,pcod_rec
ssp126,Fmean,WGOA,Rpath,COD,2059,274518.519,75460.65354,52716.46241,,pcod_rec
ssp126,Fmean,WGOA,Rpath,ATF,2059,1657990.478,598111.2201,23154.52279,,pcod_rec
ssp126,Fmean,WGOA,Rpath,POL,2060,2764873.406,1636441.421,131665.9189,,pcod_rec
ssp126,Fmean,WGOA,Rpath,COD,2060,273780.233,75224.14152,52433.35381,,pcod_rec
ssp126,Fmean,WGOA,Rpath,ATF,2060,1657510.17,597561.2387,23125.81391,,pcod_rec
ssp126,Fmean,WGOA,Rpath,POL,2061,2758024.474,1632125.758,131564.3486,,pcod_rec
ssp126,Fmean,WGOA,Rpath,COD,2061,271354.4892,75775.91053,52470.14362,,pcod_rec
ssp126,Fmean,WGOA,Rpath,ATF,2061,1656989.752,597454.099,23124.80876,,pcod_rec
ssp126,Fmean,WGOA,Rpath,POL,2062,2754871.695,1629828.166,131215.0987,,pcod_rec
ssp126,Fmean,WGOA,Rpath,COD,2062,270750.0415,76313.74983,52243.15192,,pcod_rec
ssp126,Fmean,WGOA,Rpath,ATF,2062,1656381.834,597502.1573,23111.71588,,pcod_rec
ssp126,Fmean,WGOA,Rpath,POL,2063,2754572.954,1630803.371,131171.8362,,pcod_rec
ssp126,Fmean,WGOA,Rpath,COD,2063,271179.3655,77255.56615,51625.16471,,pcod_rec
ssp126,Fmean,WGOA,Rpath,ATF,2063,1657175.849,598465.7814,23112.93512,,pcod_rec
ssp126,Fmean,WGOA,Rpath,POL,2064,2750051.102,1628549.823,131056.2425,,pcod_rec
ssp126,Fmean,WGOA,Rpath,COD,2064,272328.7704,78447.08878,51450.29142,,pcod_rec
ssp126,Fmean,WGOA,Rpath,ATF,2064,1657027.578,598948.2849,23118.97276,,pcod_rec
ssp126,Fmean,WGOA,Rpath,POL,2065,2744430.992,1624966.892,130754.1997,,pcod_rec
ssp126,Fmean,WGOA,Rpath,COD,2065,274290.4411,75598.10341,51748.92358,,pcod_rec
ssp126,Fmean,WGOA,Rpath,ATF,2065,1655927.335,598774.7262,23109.39681,,pcod_rec
ssp126,Fmean,WGOA,Rpath,POL,2066,2736179.263,1619389.931,130435.7826,,pcod_rec
ssp126,Fmean,WGOA,Rpath,COD,2066,275834.9926,71687.91651,52295.18994,,pcod_rec
ssp126,Fmean,WGOA,Rpath,ATF,2066,1653990.401,597989.7134,23091.77885,,pcod_rec
ssp126,Fmean,WGOA,Rpath,POL,2067,2727344.843,1612363.591,129955.3167,,pcod_rec
ssp126,Fmean,WGOA,Rpath,COD,2067,276279.1058,69844.23303,52868.87575,,pcod_rec
ssp126,Fmean,WGOA,Rpath,ATF,2067,1650098.042,595878.9484,23053.32827,,pcod_rec
ssp126,Fmean,WGOA,Rpath,POL,2068,2725261.82,1611036.392,129601.8757,,pcod_rec
ssp126,Fmean,WGOA,Rpath,COD,2068,276267.4014,70720.56717,53116.30936,,pcod_rec
ssp126,Fmean,WGOA,Rpath,ATF,2068,1648022.972,594571.3711,23003.09746,,pcod_rec
ssp126,Fmean,WGOA,Rpath,POL,2069,2723590.389,1610751.732,129511.8744,,pcod_rec
ssp126,Fmean,WGOA,Rpath,COD,2069,275571.031,73593.8804,52981.96321,,pcod_rec
ssp126,Fmean,WGOA,Rpath,ATF,2069,1647852.414,594534.9622,22988.11894,,pcod_rec
ssp126,Fmean,WGOA,Rpath,POL,2070,2719190.261,1608212.637,129373.242,,pcod_rec
ssp126,Fmean,WGOA,Rpath,COD,2070,274957.6662,76423.63853,52735.7,,pcod_rec
ssp126,Fmean,WGOA,Rpath,ATF,2070,1647473.488,594727.5562,22987.41934,,pcod_rec
ssp126,Fmean,WGOA,Rpath,POL,2071,2719058.115,1608827.838,129227.2807,,pcod_rec
ssp126,Fmean,WGOA,Rpath,COD,2071,274384.7612,77611.78347,52395.23839,,pcod_rec
ssp126,Fmean,WGOA,Rpath,ATF,2071,1647790.098,595487.6892,22982.88963,,pcod_rec
ssp126,Fmean,WGOA,Rpath,POL,2072,2709231.558,1601711.709,129002.1346,,pcod_rec
ssp126,Fmean,WGOA,Rpath,COD,2072,273701.8529,76472.73796,52331.22287,,pcod_rec
ssp126,Fmean,WGOA,Rpath,ATF,2072,1645612.987,595004.7029,22976.89999,,pcod_rec
ssp126,Fmean,WGOA,Rpath,POL,2073,2705128.337,1598270.676,128569.297,,pcod_rec
ssp126,Fmean,WGOA,Rpath,COD,2073,272865.6732,75156.11927,52253.79667,,pcod_rec
ssp126,Fmean,WGOA,Rpath,ATF,2073,1642612.624,593769.4069,22934.9034,,pcod_rec
ssp126,Fmean,WGOA,Rpath,POL,2074,2698557.523,1593092.151,128322.7919,,pcod_rec
ssp126,Fmean,WGOA,Rpath,COD,2074,270602.2672,73703.22777,52291.16138,,pcod_rec
ssp126,Fmean,WGOA,Rpath,ATF,2074,1638966.073,591962.8187,22892.24492,,pcod_rec
ssp126,Fmean,WGOA,Rpath,POL,2075,2695981.97,1590926.4,128035.5911,,pcod_rec
ssp126,Fmean,WGOA,Rpath,COD,2075,270044.0838,74699.81749,52067.65084,,pcod_rec
ssp126,Fmean,WGOA,Rpath,ATF,2075,1635700.26,590062.7329,22841.01324,,pcod_rec
ssp126,Fmean,WGOA,Rpath,POL,2076,2701246.493,1596002.032,128067.3885,,pcod_rec
ssp126,Fmean,WGOA,Rpath,COD,2076,270520.234,76410.70862,51478.04537,,pcod_rec
ssp126,Fmean,WGOA,Rpath,ATF,2076,1636223.017,590135.8706,22813.79805,,pcod_rec
ssp126,Fmean,WGOA,Rpath,POL,2077,2698709.545,1595961.858,128212.7507,,pcod_rec
ssp126,Fmean,WGOA,Rpath,COD,2077,271311.3083,77769.45798,51323.91286,,pcod_rec
ssp126,Fmean,WGOA,Rpath,ATF,2077,1637911.619,591216.5324,22834.58182,,pcod_rec
ssp126,Fmean,WGOA,Rpath,POL,2078,2687579.48,1587741.424,127876.2657,,pcod_rec
ssp126,Fmean,WGOA,Rpath,COD,2078,272931.0985,75089.3877,51596.01902,,pcod_rec
ssp126,Fmean,WGOA,Rpath,ATF,2078,1635811.82,590492.7478,22840.98538,,pcod_rec
ssp126,Fmean,WGOA,Rpath,POL,2079,2683980.99,1584540.306,127392.0649,,pcod_rec
ssp126,Fmean,WGOA,Rpath,COD,2079,274202.1603,71618.56888,51957.33054,,pcod_rec
ssp126,Fmean,WGOA,Rpath,ATF,2079,1632789.105,589165.2184,22795.95565,,pcod_rec
ssp126,Fmean,WGOA,Rpath,POL,2080,2678098.985,1580289.086,127172.9655,,pcod_rec
ssp126,Fmean,WGOA,Rpath,COD,2080,274316.9082,69923.24341,52509.51316,,pcod_rec
ssp126,Fmean,WGOA,Rpath,ATF,2080,1629948.977,588047.9092,22758.68502,,pcod_rec
ssp126,Fmean,WGOA,Rpath,POL,2081,2674722.27,1577682.274,126919.1639,,pcod_rec
ssp126,Fmean,WGOA,Rpath,COD,2081,273218.2945,70659.03925,52728.03406,,pcod_rec
ssp126,Fmean,WGOA,Rpath,ATF,2081,1627320.51,587109.1372,22721.06909,,pcod_rec
ssp126,Fmean,WGOA,Rpath,POL,2082,2667530.063,1571577.645,126634.1988,,pcod_rec
ssp126,Fmean,WGOA,Rpath,COD,2082,269542.2467,72880.16123,52574.89713,,pcod_rec
ssp126,Fmean,WGOA,Rpath,ATF,2082,1623294.83,585488.1675,22678.23804,,pcod_rec
ssp126,Fmean,WGOA,Rpath,POL,2083,2665159.54,1568928.863,126299.8552,,pcod_rec
ssp126,Fmean,WGOA,Rpath,COD,2083,267108.9373,76778.47128,52019.83415,,pcod_rec
ssp126,Fmean,WGOA,Rpath,ATF,2083,1619589.496,583917.6408,22617.41163,,pcod_rec
ssp126,Fmean,WGOA,Rpath,POL,2084,2671613.013,1574819.652,126419.587,,pcod_rec
ssp126,Fmean,WGOA,Rpath,COD,2084,266802.3191,80294.49261,50939.98876,,pcod_rec
ssp126,Fmean,WGOA,Rpath,ATF,2084,1619921.268,584542.2066,22588.43282,,pcod_rec
ssp126,Fmean,WGOA,Rpath,POL,2085,2675396.352,1579594.999,126703.5864,,pcod_rec
ssp126,Fmean,WGOA,Rpath,COD,2085,267523.7003,81166.65155,50370.96134,,pcod_rec
ssp126,Fmean,WGOA,Rpath,ATF,2085,1622694.639,586725.8568,22607.72596,,pcod_rec
ssp126,Fmean,WGOA,Rpath,POL,2086,2668072.147,1575127.225,126676.1601,,pcod_rec
ssp126,Fmean,WGOA,Rpath,COD,2086,269457.0963,76952.42925,50625.44464,,pcod_rec
ssp126,Fmean,WGOA,Rpath,ATF,2086,1623350.735,587916.9058,22641.52078,,pcod_rec
ssp126,Fmean,WGOA,Rpath,POL,2087,2660404.35,1568694.681,126220.3964,,pcod_rec
ssp126,Fmean,WGOA,Rpath,COD,2087,271373.9644,70568.59004,51268.42946,,pcod_rec
ssp126,Fmean,WGOA,Rpath,ATF,2087,1620920.691,587114.7886,22627.04211,,pcod_rec
ssp126,Fmean,WGOA,Rpath,POL,2088,2655856.622,1564710.315,125931.9858,,pcod_rec
ssp126,Fmean,WGOA,Rpath,COD,2088,272085.7945,67702.35248,51963.23878,,pcod_rec
ssp126,Fmean,WGOA,Rpath,ATF,2088,1617518.323,585493.402,22589.47106,,pcod_rec
ssp126,Fmean,WGOA,Rpath,POL,2089,2653853.811,1562649.617,125670.4665,,pcod_rec
ssp126,Fmean,WGOA,Rpath,COD,2089,270959.2488,68433.25638,52366.96833,,pcod_rec
ssp126,Fmean,WGOA,Rpath,ATF,2089,1614242.253,583733.0002,22535.38278,,pcod_rec
ssp126,Fmean,WGOA,Rpath,POL,2090,2651510.475,1560934.819,125606.5185,,pcod_rec
ssp126,Fmean,WGOA,Rpath,COD,2090,269485.8636,72077.00658,52242.93351,,pcod_rec
ssp126,Fmean,WGOA,Rpath,ATF,2090,1612008.29,582663.7441,22502.27236,,pcod_rec
ssp126,Fmean,WGOA,Rpath,POL,2091,2653376.799,1562416.167,125510.5355,,pcod_rec
ssp126,Fmean,WGOA,Rpath,COD,2091,268515.5685,76690.23283,51599.8567,,pcod_rec
ssp126,Fmean,WGOA,Rpath,ATF,2091,1610889.375,582260.5025,22470.71363,,pcod_rec
ssp126,Fmean,WGOA,Rpath,POL,2092,2651062.724,1561373.044,125597.0703,,pcod_rec
ssp126,Fmean,WGOA,Rpath,COD,2092,266909.9454,79351.06716,51031.98854,,pcod_rec
ssp126,Fmean,WGOA,Rpath,ATF,2092,1610094.56,582288.461,22465.62861,,pcod_rec
ssp126,Fmean,WGOA,Rpath,POL,2093,2642509.117,1554347.89,125298.1017,,pcod_rec
ssp126,Fmean,WGOA,Rpath,COD,2093,265548.4275,77823.01121,50874.56963,,pcod_rec
ssp126,Fmean,WGOA,Rpath,ATF,2093,1606194.457,580656.3609,22436.54744,,pcod_rec
ssp126,Fmean,WGOA,Rpath,POL,2094,2640738.909,1552242.061,124955.7303,,pcod_rec
ssp126,Fmean,WGOA,Rpath,COD,2094,265642.117,74845.70236,50694.35818,,pcod_rec
ssp126,Fmean,WGOA,Rpath,ATF,2094,1602268.457,578750.7695,22375.70717,,pcod_rec
ssp126,Fmean,WGOA,Rpath,POL,2095,2644055.793,1555452.023,124977.9342,,pcod_rec
ssp126,Fmean,WGOA,Rpath,COD,2095,266258.0171,73444.56309,50598.26571,,pcod_rec
ssp126,Fmean,WGOA,Rpath,ATF,2095,1601747.438,578608.7694,22338.04418,,pcod_rec
ssp126,Fmean,WGOA,Rpath,POL,2096,2641252.398,1554161.969,125068.5338,,pcod_rec
ssp126,Fmean,WGOA,Rpath,COD,2096,265888.3881,73209.73383,50774.90165,,pcod_rec
ssp126,Fmean,WGOA,Rpath,ATF,2096,1601608.267,578922.6702,22342.80623,,pcod_rec
ssp126,Fmean,WGOA,Rpath,POL,2097,2632480.107,1546350.937,124740.7075,,pcod_rec
ssp126,Fmean,WGOA,Rpath,COD,2097,263993.4246,72086.49945,51027.49297,,pcod_rec
ssp126,Fmean,WGOA,Rpath,ATF,2097,1597673.795,577270.565,22320.14156,,pcod_rec
ssp126,Fmean,WGOA,Rpath,POL,2098,2631727.721,1544303.947,124387.8671,,pcod_rec
ssp126,Fmean,WGOA,Rpath,COD,2098,262376.1125,72764.95267,50844.28974,,pcod_rec
ssp126,Fmean,WGOA,Rpath,ATF,2098,1593606.013,575402.4138,22255.32999,,pcod_rec
ssp126,Fmean,WGOA,Rpath,POL,2099,2635318.629,1547415.42,124503.1582,,pcod_rec
ssp126,Fmean,WGOA,Rpath,COD,2099,261743.8337,75552.54243,50282.67735,,pcod_rec
ssp126,Fmean,WGOA,Rpath,ATF,2099,1592582.957,575282.4944,22217.23266,,pcod_rec
ssp245,Fmean,WGOA,Rpath,POL,1991,2884927.165,1690895.406,87828.01,,pcod_rec
ssp245,Fmean,WGOA,Rpath,COD,1991,399280.2939,93224.23736,64466.82999,,pcod_rec
ssp245,Fmean,WGOA,Rpath,ATF,1991,1554327.805,597326.9774,16958.38001,,pcod_rec
ssp245,Fmean,WGOA,Rpath,POL,1992,2892495.913,1696087.278,90585.18996,,pcod_rec
ssp245,Fmean,WGOA,Rpath,COD,1992,371842.9001,88999.22879,78966.50009,,pcod_rec
ssp245,Fmean,WGOA,Rpath,ATF,1992,1551901.376,598021.2117,20482.18006,,pcod_rec
ssp245,Fmean,WGOA,Rpath,POL,1993,2886917.46,1690078.21,108230.1801,,pcod_rec
ssp245,Fmean,WGOA,Rpath,COD,1993,375328.1754,91984.46817,45849.17007,,pcod_rec
ssp245,Fmean,WGOA,Rpath,ATF,1993,1551566.347,599298.1593,18294.44992,,pcod_rec
ssp245,Fmean,WGOA,Rpath,POL,1994,2891612.897,1691340.87,100412.3599,,pcod_rec
ssp245,Fmean,WGOA,Rpath,COD,1994,374238.5054,92168.02449,45610.57997,,pcod_rec
ssp245,Fmean,WGOA,Rpath,ATF,1994,1547453.432,598480.5088,21993.23998,,pcod_rec
ssp245,Fmean,WGOA,Rpath,POL,1995,2920445.243,1709974.752,69168.12993,,pcod_rec
ssp245,Fmean,WGOA,Rpath,COD,1995,354241.1182,88060.92648,67907.17999,,pcod_rec
ssp245,Fmean,WGOA,Rpath,ATF,1995,1548788.073,599203.4556,17415.49004,,pcod_rec
ssp245,Fmean,WGOA,Rpath,POL,1996,2949537.5,1727520.768,49825.87004,,pcod_rec
ssp245,Fmean,WGOA,Rpath,COD,1996,348901.2699,89289.89982,55391.6601,,pcod_rec
ssp245,Fmean,WGOA,Rpath,ATF,1996,1545296.542,597141.1539,21555.6099,,pcod_rec
ssp245,Fmean,WGOA,Rpath,POL,1997,2946193.762,1722365.564,84179.64997,,pcod_rec
ssp245,Fmean,WGOA,Rpath,COD,1997,339607.8718,88455.84666,58920.57999,,pcod_rec
ssp245,Fmean,WGOA,Rpath,ATF,1997,1547340.939,596389.7317,14758.27989,,pcod_rec
ssp245,Fmean,WGOA,Rpath,POL,1998,3007840.548,1762267.823,5428.379998,,pcod_rec
ssp245,Fmean,WGOA,Rpath,COD,1998,338402.0081,87897.09963,50218.95011,,pcod_rec
ssp245,Fmean,WGOA,Rpath,ATF,1998,1552042.171,596282.5118,12377.19001,,pcod_rec
ssp245,Fmean,WGOA,Rpath,POL,1999,2993956.264,1751820.359,90556.90006,,pcod_rec
ssp245,Fmean,WGOA,Rpath,COD,1999,323385.5045,83134.3282,66264.6701,,pcod_rec
ssp245,Fmean,WGOA,Rpath,ATF,1999,1556822.572,596729.6537,14649.22992,,pcod_rec
ssp245,Fmean,WGOA,Rpath,POL,2000,3049484.669,1789601.224,5552.830105,,pcod_rec
ssp245,Fmean,WGOA,Rpath,COD,2000,321234.7048,82993.63067,53384.86994,,pcod_rec
ssp245,Fmean,WGOA,Rpath,ATF,2000,1555589.603,595731.5303,22993.75009,,pcod_rec
ssp245,Fmean,WGOA,Rpath,POL,2001,3082953.386,1808450.385,3452.299979,,pcod_rec
ssp245,Fmean,WGOA,Rpath,COD,2001,327836.0522,85350.66779,40517.40995,,pcod_rec
ssp245,Fmean,WGOA,Rpath,ATF,2001,1559150.397,597017.2815,17416.19999,,pcod_rec
ssp245,Fmean,WGOA,Rpath,POL,2002,3117695.911,1828996.892,1698.029945,,pcod_rec
ssp245,Fmean,WGOA,Rpath,COD,2002,329657.1998,86672.3968,41567.98996,,pcod_rec
ssp245,Fmean,WGOA,Rpath,ATF,2002,1561074.367,598208.7603,20173.56001,,pcod_rec
ssp245,Fmean,WGOA,Rpath,POL,2003,3105660.591,1817041.088,48590.07701,,pcod_rec
ssp245,Fmean,WGOA,Rpath,COD,2003,321002.2329,86072.65487,52365.75509,,pcod_rec
ssp245,Fmean,WGOA,Rpath,ATF,2003,1552272.454,595288.6341,30169.77189,,pcod_rec
ssp245,Fmean,WGOA,Rpath,POL,2004,3100496.18,1811816.72,62434.43992,,pcod_rec
ssp245,Fmean,WGOA,Rpath,COD,2004,310907.3461,86861.68446,56450.24197,,pcod_rec
ssp245,Fmean,WGOA,Rpath,ATF,2004,1557805.526,597533.7477,15634.90804,,pcod_rec
ssp245,Fmean,WGOA,Rpath,POL,2005,3085140.756,1801622.597,78302.79193,,pcod_rec
ssp245,Fmean,WGOA,Rpath,COD,2005,308747.7124,89355.03295,47523.77993,,pcod_rec
ssp245,Fmean,WGOA,Rpath,ATF,2005,1557456.933,596651.5277,19923.57305,,pcod_rec
ssp245,Fmean,WGOA,Rpath,POL,2006,3088115.7,1805154.794,68928.30799,,pcod_rec
ssp245,Fmean,WGOA,Rpath,COD,2006,305285.4254,89662.84203,47767.07996,,pcod_rec
ssp245,Fmean,WGOA,Rpath,ATF,2006,1552052.557,593803.972,27622.69892,,pcod_rec
ssp245,Fmean,WGOA,Rpath,POL,2007,3108388.666,1820162.189,51572.307,,pcod_rec
ssp245,Fmean,WGOA,Rpath,COD,2007,298656.828,86970.58416,51812.178,,pcod_rec
ssp245,Fmean,WGOA,Rpath,ATF,2007,1552833.111,593773.0969,25346.98698,,pcod_rec
ssp245,Fmean,WGOA,Rpath,POL,2008,3122657.328,1829614.826,50786.20601,,pcod_rec
ssp245,Fmean,WGOA,Rpath,COD,2008,288014.1972,83738.42574,58386.38403,,pcod_rec
ssp245,Fmean,WGOA,Rpath,ATF,2008,1551453.517,592951.9777,29205.93997,,pcod_rec
ssp245,Fmean,WGOA,Rpath,POL,2009,3143273.399,1841984.82,41549.50308,,pcod_rec
ssp245,Fmean,WGOA,Rpath,COD,2009,284535.8483,83301.56554,51788.98001,,pcod_rec
ssp245,Fmean,WGOA,Rpath,ATF,2009,1555113.026,594046.2661,24831.74204,,pcod_rec
ssp245,Fmean,WGOA,Rpath,POL,2010,3136117.031,1835292.146,73443.38423,,pcod_rec
ssp245,Fmean,WGOA,Rpath,COD,2010,260387.0744,76717.56805,76954.1546,,pcod_rec
ssp245,Fmean,WGOA,Rpath,ATF,2010,1558263.173,594362.5648,24339.44647,,pcod_rec
ssp245,Fmean,WGOA,Rpath,POL,2011,3141056.088,1838289.751,77694.47962,,pcod_rec
ssp245,Fmean,WGOA,Rpath,COD,2011,234318.5161,69543.30604,83710.47539,,pcod_rec
ssp245,Fmean,WGOA,Rpath,ATF,2011,1557071.61,592792.1032,30911.82176,,pcod_rec
ssp245,Fmean,WGOA,Rpath,POL,2012,3133568.472,1833854.712,98934.69122,,pcod_rec
ssp245,Fmean,WGOA,Rpath,COD,2012,216652.3988,64116.82151,76871.10999,,pcod_rec
ssp245,Fmean,WGOA,Rpath,ATF,2012,1567597.99,595605.7671,20761.90991,,pcod_rec
ssp245,Fmean,WGOA,Rpath,POL,2013,3129803.327,1832301.647,90796.63161,,pcod_rec
ssp245,Fmean,WGOA,Rpath,COD,2013,207097.746,61173.05499,66829.78162,,pcod_rec
ssp245,Fmean,WGOA,Rpath,ATF,2013,1575636.643,596480.792,21809.31232,,pcod_rec
ssp245,Fmean,WGOA,Rpath,POL,2014,3087331.432,1803398.136,138948.062,,pcod_rec
ssp245,Fmean,WGOA,Rpath,COD,2014,180191.4473,54326.17477,83491.7282,,pcod_rec
ssp245,Fmean,WGOA,Rpath,ATF,2014,1567912.163,590069.7527,36524.50153,,pcod_rec
ssp245,Fmean,WGOA,Rpath,POL,2015,3045526.286,1775739.079,162807.646,,pcod_rec
ssp245,Fmean,WGOA,Rpath,COD,2015,157932.7221,48934.44114,77689.99201,,pcod_rec
ssp245,Fmean,WGOA,Rpath,ATF,2015,1577268.818,588791.536,19296.58722,,pcod_rec
ssp245,Fmean,WGOA,Rpath,POL,2016,3007798.292,1753763.798,173086.3524,,pcod_rec
ssp245,Fmean,WGOA,Rpath,COD,2016,147656.6154,47339.00977,62867.32743,,pcod_rec
ssp245,Fmean,WGOA,Rpath,ATF,2016,1586289.943,586210.8787,19976.29419,,pcod_rec
ssp245,Fmean,WGOA,Rpath,POL,2017,2976739.358,1738811.225,184220.0285,,pcod_rec
ssp245,Fmean,WGOA,Rpath,COD,2017,147736.1447,50239.67431,48204.21467,,pcod_rec
ssp245,Fmean,WGOA,Rpath,ATF,2017,1591593.276,581990.6601,27053.50899,,pcod_rec
ssp245,Fmean,WGOA,Rpath,POL,2018,2968841.332,1740812.462,150815.1922,,pcod_rec
ssp245,Fmean,WGOA,Rpath,COD,2018,174522.2292,61112.90393,14681.2982,,pcod_rec
ssp245,Fmean,WGOA,Rpath,ATF,2018,1607270.211,582229.7484,18870.25094,,pcod_rec
ssp245,Fmean,WGOA,Rpath,POL,2019,2976191.205,1750709.517,110649.2716,,pcod_rec
ssp245,Fmean,WGOA,Rpath,COD,2019,197788.813,66355.87669,15200.42058,,pcod_rec
ssp245,Fmean,WGOA,Rpath,ATF,2019,1614692.328,580069.5368,24567.05196,,pcod_rec
ssp245,Fmean,WGOA,Rpath,POL,2020,2989895.252,1764767.026,99971.06489,,pcod_rec
ssp245,Fmean,WGOA,Rpath,COD,2020,227504.7379,75552.62082,6085.249339,,pcod_rec
ssp245,Fmean,WGOA,Rpath,ATF,2020,1626347.351,581533.7136,21115.8993,,pcod_rec
ssp245,Fmean,WGOA,Rpath,POL,2021,2905440.236,1712367.435,235101.0836,,pcod_rec
ssp245,Fmean,WGOA,Rpath,COD,2021,210667.0545,68697.40025,59717.84173,,pcod_rec
ssp245,Fmean,WGOA,Rpath,ATF,2021,1628312.33,582257.937,32545.42087,,pcod_rec
ssp245,Fmean,WGOA,Rpath,POL,2022,2819494.701,1658467.851,260116.0204,,pcod_rec
ssp245,Fmean,WGOA,Rpath,COD,2022,199920.0608,62242.95382,63377.6039,,pcod_rec
ssp245,Fmean,WGOA,Rpath,ATF,2022,1626060.027,583239.1295,34241.36663,,pcod_rec
ssp245,Fmean,WGOA,Rpath,POL,2023,2762382.417,1622849.918,257699.5896,,pcod_rec
ssp245,Fmean,WGOA,Rpath,COD,2023,198214.4022,57054.75505,57767.82091,,pcod_rec
ssp245,Fmean,WGOA,Rpath,ATF,2023,1623870.363,585032.9061,31781.1014,,pcod_rec
ssp245,Fmean,WGOA,Rpath,POL,2024,2803901.573,1655065.384,132687.556,,pcod_rec
ssp245,Fmean,WGOA,Rpath,COD,2024,214785.4576,57941.08249,38611.46863,,pcod_rec
ssp245,Fmean,WGOA,Rpath,ATF,2024,1628829.029,589543.4879,22688.35423,,pcod_rec
ssp245,Fmean,WGOA,Rpath,POL,2025,2831577.385,1674953.707,134496.4331,,pcod_rec
ssp245,Fmean,WGOA,Rpath,COD,2025,227608.5005,59411.20871,41629.2719,,pcod_rec
ssp245,Fmean,WGOA,Rpath,ATF,2025,1633830.133,593401.0801,22749.71821,,pcod_rec
ssp245,Fmean,WGOA,Rpath,POL,2026,2852927.969,1690128.48,135726.2573,,pcod_rec
ssp245,Fmean,WGOA,Rpath,COD,2026,238491.8898,63018.16219,43830.3054,,pcod_rec
ssp245,Fmean,WGOA,Rpath,ATF,2026,1640704.645,597436.2459,22836.72748,,pcod_rec
ssp245,Fmean,WGOA,Rpath,POL,2027,2867739.653,1699156.227,136583.8326,,pcod_rec
ssp245,Fmean,WGOA,Rpath,COD,2027,248775.3889,65881.95554,45853.06319,,pcod_rec
ssp245,Fmean,WGOA,Rpath,ATF,2027,1647006.461,600539.0121,22928.75729,,pcod_rec
ssp245,Fmean,WGOA,Rpath,POL,2028,2878610.561,1705597.614,137253.4488,,pcod_rec
ssp245,Fmean,WGOA,Rpath,COD,2028,258688.9354,66588.00532,47712.84854,,pcod_rec
ssp245,Fmean,WGOA,Rpath,ATF,2028,1652744.768,603414.8668,23014.36211,,pcod_rec
ssp245,Fmean,WGOA,Rpath,POL,2029,2887727.64,1711171.39,137734.0253,,pcod_rec
ssp245,Fmean,WGOA,Rpath,COD,2029,267745.0813,66565.12852,49561.05073,,pcod_rec
ssp245,Fmean,WGOA,Rpath,ATF,2029,1657767.866,606377.4708,23086.6782,,pcod_rec
ssp245,Fmean,WGOA,Rpath,POL,2030,2891971.277,1713910.972,138158.2418,,pcod_rec
ssp245,Fmean,WGOA,Rpath,COD,2030,275693.3411,66246.70008,51405.82813,,pcod_rec
ssp245,Fmean,WGOA,Rpath,ATF,2030,1662033.879,609319.4975,23156.95694,,pcod_rec
ssp245,Fmean,WGOA,Rpath,POL,2031,2896841.575,1717218.555,138380.8782,,pcod_rec
ssp245,Fmean,WGOA,Rpath,COD,2031,282247.2184,66435.72109,52974.57754,,pcod_rec
ssp245,Fmean,WGOA,Rpath,ATF,2031,1665737.798,611933.7061,23210.09804,,pcod_rec
ssp245,Fmean,WGOA,Rpath,POL,2032,2896200.636,1716828.708,138581.7663,,pcod_rec
ssp245,Fmean,WGOA,Rpath,COD,2032,286938.9505,67698.82996,54240.25744,,pcod_rec
ssp245,Fmean,WGOA,Rpath,ATF,2032,1668285.152,613861.4928,23260.17199,,pcod_rec
ssp245,Fmean,WGOA,Rpath,POL,2033,2894964.271,1715476.68,138462.8674,,pcod_rec
ssp245,Fmean,WGOA,Rpath,COD,2033,290296.7563,69758.73568,55148.76141,,pcod_rec
ssp245,Fmean,WGOA,Rpath,ATF,2033,1669251.957,614622.7332,23279.26502,,pcod_rec
ssp245,Fmean,WGOA,Rpath,POL,2034,2895334.686,1716079.253,138503.3611,,pcod_rec
ssp245,Fmean,WGOA,Rpath,COD,2034,291422.3156,71862.46941,55699.93596,,pcod_rec
ssp245,Fmean,WGOA,Rpath,ATF,2034,1670640.032,615390.6845,23297.94771,,pcod_rec
ssp245,Fmean,WGOA,Rpath,POL,2035,2886511.284,1709156.435,138301.2053,,pcod_rec
ssp245,Fmean,WGOA,Rpath,COD,2035,290295.4491,73536.37245,56102.47467,,pcod_rec
ssp245,Fmean,WGOA,Rpath,ATF,2035,1669404.663,614429.3177,23303.07194,,pcod_rec
ssp245,Fmean,WGOA,Rpath,POL,2036,2883710.302,1706992.801,137981.5987,,pcod_rec
ssp245,Fmean,WGOA,Rpath,COD,2036,289545.1491,75660.44971,55930.91883,,pcod_rec
ssp245,Fmean,WGOA,Rpath,ATF,2036,1668628.835,613250.9688,23284.4867,,pcod_rec
ssp245,Fmean,WGOA,Rpath,POL,2037,2883004.182,1707621.206,137925.2443,,pcod_rec
ssp245,Fmean,WGOA,Rpath,COD,2037,288735.6923,78250.83075,55404.2588,,pcod_rec
ssp245,Fmean,WGOA,Rpath,ATF,2037,1669498.029,612712.8651,23283.20561,,pcod_rec
ssp245,Fmean,WGOA,Rpath,POL,2038,2877906.677,1705176.771,137841.2255,,pcod_rec
ssp245,Fmean,WGOA,Rpath,COD,2038,287492.1009,79992.19447,55093.83407,,pcod_rec
ssp245,Fmean,WGOA,Rpath,ATF,2038,1670235.64,612086.7503,23299.55462,,pcod_rec
ssp245,Fmean,WGOA,Rpath,POL,2039,2871166.131,1700681.1,137494.0959,,pcod_rec
ssp245,Fmean,WGOA,Rpath,COD,2039,286279.8646,78497.97586,54982.95889,,pcod_rec
ssp245,Fmean,WGOA,Rpath,ATF,2039,1669871.289,610833.4274,23300.94025,,pcod_rec
ssp245,Fmean,WGOA,Rpath,POL,2040,2864602.673,1696510.267,137183.1477,,pcod_rec
ssp245,Fmean,WGOA,Rpath,COD,2040,285152.589,76624.14208,54816.4011,,pcod_rec
ssp245,Fmean,WGOA,Rpath,ATF,2040,1669395.803,609584.4848,23297.53713,,pcod_rec
ssp245,Fmean,WGOA,Rpath,POL,2041,2858771.694,1692845.893,136847.32,,pcod_rec
ssp245,Fmean,WGOA,Rpath,COD,2041,284520.9778,76163.95872,54638.96444,,pcod_rec
ssp245,Fmean,WGOA,Rpath,ATF,2041,1668772.552,608343.2013,23288.50356,,pcod_rec
ssp245,Fmean,WGOA,Rpath,POL,2042,2857431.459,1693251.825,136636.1195,,pcod_rec
ssp245,Fmean,WGOA,Rpath,COD,2042,285202.1223,77030.10747,54365.41533,,pcod_rec
ssp245,Fmean,WGOA,Rpath,ATF,2042,1669700.289,608151.7495,23286.87273,,pcod_rec
ssp245,Fmean,WGOA,Rpath,POL,2043,2853325.812,1691920.517,136528.0188,,pcod_rec
ssp245,Fmean,WGOA,Rpath,COD,2043,285806.3965,76992.08407,54274.64716,,pcod_rec
ssp245,Fmean,WGOA,Rpath,ATF,2043,1671085.918,608573.0035,23305.61528,,pcod_rec
ssp245,Fmean,WGOA,Rpath,POL,2044,2844210.049,1686028.153,136181.9121,,pcod_rec
ssp245,Fmean,WGOA,Rpath,COD,2044,286612.0964,75648.9165,54548.88655,,pcod_rec
ssp245,Fmean,WGOA,Rpath,ATF,2044,1670898.292,608407.6557,23316.82482,,pcod_rec
ssp245,Fmean,WGOA,Rpath,POL,2045,2839335.067,1682954.335,135778.4635,,pcod_rec
ssp245,Fmean,WGOA,Rpath,COD,2045,287602.5873,73689.11768,54771.44692,,pcod_rec
ssp245,Fmean,WGOA,Rpath,ATF,2045,1670426.494,608158.3338,23309.3547,,pcod_rec
ssp245,Fmean,WGOA,Rpath,POL,2046,2834054.749,1679877.121,135524.0127,,pcod_rec
ssp245,Fmean,WGOA,Rpath,COD,2046,287342.6189,73057.04624,54998.74755,,pcod_rec
ssp245,Fmean,WGOA,Rpath,ATF,2046,1670191.371,608131.7273,23304.34807,,pcod_rec
ssp245,Fmean,WGOA,Rpath,POL,2047,2824428.079,1673031.481,135204.3174,,pcod_rec
ssp245,Fmean,WGOA,Rpath,COD,2047,286677.1868,73738.00421,55177.9191,,pcod_rec
ssp245,Fmean,WGOA,Rpath,ATF,2047,1668238.762,607240.1024,23298.51569,,pcod_rec
ssp245,Fmean,WGOA,Rpath,POL,2048,2823398.252,1672432.827,134816.6308,,pcod_rec
ssp245,Fmean,WGOA,Rpath,COD,2048,285109.2594,75197.80282,54930.28371,,pcod_rec
ssp245,Fmean,WGOA,Rpath,ATF,2048,1666953.012,606476.9236,23263.93184,,pcod_rec
ssp245,Fmean,WGOA,Rpath,POL,2049,2816092.105,1667612.331,134657.2811,,pcod_rec
ssp245,Fmean,WGOA,Rpath,COD,2049,281804.2204,76874.36365,54715.79061,,pcod_rec
ssp245,Fmean,WGOA,Rpath,ATF,2049,1666016.031,605944.9522,23253.96654,,pcod_rec
ssp245,Fmean,WGOA,Rpath,POL,2050,2812573.771,1665215.728,134296.5339,,pcod_rec
ssp245,Fmean,WGOA,Rpath,COD,2050,280339.9518,78621.44301,54205.11268,,pcod_rec
ssp245,Fmean,WGOA,Rpath,ATF,2050,1665385.74,605428.1809,23237.33642,,pcod_rec
ssp245,Fmean,WGOA,Rpath,POL,2051,2814239.44,1668102.211,134298.8812,,pcod_rec
ssp245,Fmean,WGOA,Rpath,COD,2051,279715.6635,79951.87162,53382.25191,,pcod_rec
ssp245,Fmean,WGOA,Rpath,ATF,2051,1667244.679,606232.919,23244.72681,,pcod_rec
ssp245,Fmean,WGOA,Rpath,POL,2052,2805641.047,1662759.023,134150.3926,,pcod_rec
ssp245,Fmean,WGOA,Rpath,COD,2052,278111.9061,80047.79811,53136.18995,,pcod_rec
ssp245,Fmean,WGOA,Rpath,ATF,2052,1667136.098,605985.7029,23262.52017,,pcod_rec
ssp245,Fmean,WGOA,Rpath,POL,2053,2795490.178,1655015.063,133640.6533,,pcod_rec
ssp245,Fmean,WGOA,Rpath,COD,2053,277794.8113,76816.02391,53272.70758,,pcod_rec
ssp245,Fmean,WGOA,Rpath,ATF,2053,1664681.486,604244.3341,23246.86553,,pcod_rec
ssp245,Fmean,WGOA,Rpath,POL,2054,2794172.817,1654542.444,133311.9366,,pcod_rec
ssp245,Fmean,WGOA,Rpath,COD,2054,277991.0213,74437.89349,53058.60455,,pcod_rec
ssp245,Fmean,WGOA,Rpath,ATF,2054,1663431.86,602907.401,23215.32758,,pcod_rec
ssp245,Fmean,WGOA,Rpath,POL,2055,2788056.645,1650792.401,133129.1423,,pcod_rec
ssp245,Fmean,WGOA,Rpath,COD,2055,275814.518,74487.76202,53146.59575,,pcod_rec
ssp245,Fmean,WGOA,Rpath,ATF,2055,1662487.456,601805.2494,23201.98907,,pcod_rec
ssp245,Fmean,WGOA,Rpath,POL,2056,2780394.336,1644870.11,132725.9827,,pcod_rec
ssp245,Fmean,WGOA,Rpath,COD,2056,273008.002,75158.92933,53219.32237,,pcod_rec
ssp245,Fmean,WGOA,Rpath,ATF,2056,1660569.106,600280.733,23183.89671,,pcod_rec
ssp245,Fmean,WGOA,Rpath,POL,2057,2775491.813,1641217.322,132394.1833,,pcod_rec
ssp245,Fmean,WGOA,Rpath,COD,2057,271420.3576,76265.9724,52620.64312,,pcod_rec
ssp245,Fmean,WGOA,Rpath,ATF,2057,1658620.553,598834.77,23156.35551,,pcod_rec
ssp245,Fmean,WGOA,Rpath,POL,2058,2776199.614,1643101.43,132298.1054,,pcod_rec
ssp245,Fmean,WGOA,Rpath,COD,2058,271371.1093,80260.17114,51761.52443,,pcod_rec
ssp245,Fmean,WGOA,Rpath,ATF,2058,1658818.419,598709.5583,23139.45072,,pcod_rec
ssp245,Fmean,WGOA,Rpath,POL,2059,2775829.429,1644471.956,132267.929,,pcod_rec
ssp245,Fmean,WGOA,Rpath,COD,2059,271302.9103,81010.04841,51386.46871,,pcod_rec
ssp245,Fmean,WGOA,Rpath,ATF,2059,1660281.054,599549.3111,23147.13594,,pcod_rec
ssp245,Fmean,WGOA,Rpath,POL,2060,2764252.47,1636515.128,132050.8888,,pcod_rec
ssp245,Fmean,WGOA,Rpath,COD,2060,271268.5618,76806.67053,51737.21962,,pcod_rec
ssp245,Fmean,WGOA,Rpath,ATF,2060,1659218.775,599316.3266,23163.65107,,pcod_rec
ssp245,Fmean,WGOA,Rpath,POL,2061,2758372.658,1631662.808,131534.5627,,pcod_rec
ssp245,Fmean,WGOA,Rpath,COD,2061,271376.2246,72461.91307,52005.28349,,pcod_rec
ssp245,Fmean,WGOA,Rpath,ATF,2061,1656718.87,598103.4112,23134.70496,,pcod_rec
ssp245,Fmean,WGOA,Rpath,POL,2062,2753720.981,1627993.155,131236.913,,pcod_rec
ssp245,Fmean,WGOA,Rpath,COD,2062,269445.7554,71924.88704,52108.24146,,pcod_rec
ssp245,Fmean,WGOA,Rpath,ATF,2062,1654187.939,596721.439,23098.82496,,pcod_rec
ssp245,Fmean,WGOA,Rpath,POL,2063,2749597.411,1624858.092,130968.0019,,pcod_rec
ssp245,Fmean,WGOA,Rpath,COD,2063,266125.4529,74515.98645,52041.56391,,pcod_rec
ssp245,Fmean,WGOA,Rpath,ATF,2063,1652396.098,595703.5337,23065.87583,,pcod_rec
ssp245,Fmean,WGOA,Rpath,POL,2064,2744857.303,1621564.853,130771.5951,,pcod_rec
ssp245,Fmean,WGOA,Rpath,COD,2064,264197.0258,77644.50001,51393.32998,,pcod_rec
ssp245,Fmean,WGOA,Rpath,ATF,2064,1650919.83,594954.486,23046.99494,,pcod_rec
ssp245,Fmean,WGOA,Rpath,POL,2065,2747147.729,1624257.785,130649.9348,,pcod_rec
ssp245,Fmean,WGOA,Rpath,COD,2065,264150.8713,81584.80679,50361.84466,,pcod_rec
ssp245,Fmean,WGOA,Rpath,ATF,2065,1651092.302,595049.6301,23028.93987,,pcod_rec
ssp245,Fmean,WGOA,Rpath,POL,2066,2745278.72,1624940.973,130705.2371,,pcod_rec
ssp245,Fmean,WGOA,Rpath,COD,2066,264686.0716,81839.61451,49905.35518,,pcod_rec
ssp245,Fmean,WGOA,Rpath,ATF,2066,1652861.439,596136.8681,23042.94697,,pcod_rec
ssp245,Fmean,WGOA,Rpath,POL,2067,2737260.931,1620007.29,130423.5993,,pcod_rec
ssp245,Fmean,WGOA,Rpath,COD,2067,266884.8448,76728.68871,50309.56,,pcod_rec
ssp245,Fmean,WGOA,Rpath,ATF,2067,1653297.762,596566.2576,23060.18361,,pcod_rec
ssp245,Fmean,WGOA,Rpath,POL,2068,2732271.627,1617031.799,130069.7029,,pcod_rec
ssp245,Fmean,WGOA,Rpath,COD,2068,269595.4654,71033.81001,50846.61235,,pcod_rec
ssp245,Fmean,WGOA,Rpath,ATF,2068,1653351.991,596717.3784,23063.18514,,pcod_rec
ssp245,Fmean,WGOA,Rpath,POL,2069,2722603.334,1610141.853,129731.1876,,pcod_rec
ssp245,Fmean,WGOA,Rpath,COD,2069,270768.6679,68796.6703,51577.16609,,pcod_rec
ssp245,Fmean,WGOA,Rpath,ATF,2069,1651204.308,595646.7154,23055.21038,,pcod_rec
ssp245,Fmean,WGOA,Rpath,POL,2070,2717028.083,1605732.176,129267.0284,,pcod_rec
ssp245,Fmean,WGOA,Rpath,COD,2070,271382.0947,69705.01281,52108.49854,,pcod_rec
ssp245,Fmean,WGOA,Rpath,ATF,2070,1648093.367,593929.7429,23015.47587,,pcod_rec
ssp245,Fmean,WGOA,Rpath,POL,2071,2715343.333,1604906.544,129037.2212,,pcod_rec
ssp245,Fmean,WGOA,Rpath,COD,2071,270100.9083,71926.51511,52129.25596,,pcod_rec
ssp245,Fmean,WGOA,Rpath,ATF,2071,1646581.96,593183.8335,22978.16211,,pcod_rec
ssp245,Fmean,WGOA,Rpath,POL,2072,2706335.889,1598298.214,128823.6641,,pcod_rec
ssp245,Fmean,WGOA,Rpath,COD,2072,267679.3509,75420.38435,51984.79904,,pcod_rec
ssp245,Fmean,WGOA,Rpath,ATF,2072,1643745.824,592034.2965,22957.88336,,pcod_rec
ssp245,Fmean,WGOA,Rpath,POL,2073,2705442.188,1597560.437,128448.6675,,pcod_rec
ssp245,Fmean,WGOA,Rpath,COD,2073,266915.4892,78142.5382,51373.11889,,pcod_rec
ssp245,Fmean,WGOA,Rpath,ATF,2073,1641718.725,591235.4926,22911.40662,,pcod_rec
ssp245,Fmean,WGOA,Rpath,POL,2074,2705603.563,1599102.835,128492.3296,,pcod_rec
ssp245,Fmean,WGOA,Rpath,COD,2074,266066.5304,79617.17133,50708.12629,,pcod_rec
ssp245,Fmean,WGOA,Rpath,ATF,2074,1642171.146,591908.1208,22902.02177,,pcod_rec
ssp245,Fmean,WGOA,Rpath,POL,2075,2698422.787,1594322.531,128342.5869,,pcod_rec
ssp245,Fmean,WGOA,Rpath,COD,2075,264776.2203,78313.18598,50672.27415,,pcod_rec
ssp245,Fmean,WGOA,Rpath,ATF,2075,1640977.517,591760.65,22902.69981,,pcod_rec
ssp245,Fmean,WGOA,Rpath,POL,2076,2691918.576,1589188.647,127957.6732,,pcod_rec
ssp245,Fmean,WGOA,Rpath,COD,2076,265391.7555,74783.84447,50735.82197,,pcod_rec
ssp245,Fmean,WGOA,Rpath,ATF,2076,1638166.271,590537.8256,22874.72848,,pcod_rec
ssp245,Fmean,WGOA,Rpath,POL,2077,2691931.143,1589738.295,127760.0199,,pcod_rec
ssp245,Fmean,WGOA,Rpath,COD,2077,267338.7246,73427.61226,50553.83796,,pcod_rec
ssp245,Fmean,WGOA,Rpath,ATF,2077,1636648.025,589773.8328,22839.27874,,pcod_rec
ssp245,Fmean,WGOA,Rpath,POL,2078,2688539.936,1588088.345,127665.7551,,pcod_rec
ssp245,Fmean,WGOA,Rpath,COD,2078,268232.5468,73722.81133,50778.33859,,pcod_rec
ssp245,Fmean,WGOA,Rpath,ATF,2078,1635356.517,589131.5539,22820.41551,,pcod_rec
ssp245,Fmean,WGOA,Rpath,POL,2079,2682277.516,1583662.025,127372.0388,,pcod_rec
ssp245,Fmean,WGOA,Rpath,COD,2079,267733.4445,72112.83437,51406.72363,,pcod_rec
ssp245,Fmean,WGOA,Rpath,ATF,2079,1634114.712,588666.4005,22801.76802,,pcod_rec
ssp245,Fmean,WGOA,Rpath,POL,2080,2676387.953,1579140.973,127067.0696,,pcod_rec
ssp245,Fmean,WGOA,Rpath,COD,2080,267773.7618,70894.10523,51617.04605,,pcod_rec
ssp245,Fmean,WGOA,Rpath,ATF,2080,1632510.147,588219.8513,22785.91404,,pcod_rec
ssp245,Fmean,WGOA,Rpath,POL,2081,2674545.016,1577749.957,126833.159,,pcod_rec
ssp245,Fmean,WGOA,Rpath,COD,2081,266187.8625,73558.32489,51245.69099,,pcod_rec
ssp245,Fmean,WGOA,Rpath,ATF,2081,1630666.601,587708.6447,22758.83092,,pcod_rec
ssp245,Fmean,WGOA,Rpath,POL,2082,2665590.389,1570419.19,126600.461,,pcod_rec
ssp245,Fmean,WGOA,Rpath,COD,2082,261180.8777,76516.27986,51109.1004,,pcod_rec
ssp245,Fmean,WGOA,Rpath,ATF,2082,1626546.581,586073.2365,22725.39136,,pcod_rec
ssp245,Fmean,WGOA,Rpath,POL,2083,2660353.477,1564893.535,126162.2121,,pcod_rec
ssp245,Fmean,WGOA,Rpath,COD,2083,257794.7837,77711.32491,50596.43045,,pcod_rec
ssp245,Fmean,WGOA,Rpath,ATF,2083,1620895.233,583382.4598,22656.45216,,pcod_rec
ssp245,Fmean,WGOA,Rpath,POL,2084,2663234.86,1567313.169,126096.875,,pcod_rec
ssp245,Fmean,WGOA,Rpath,COD,2084,255650.1638,79750.67448,49356.91901,,pcod_rec
ssp245,Fmean,WGOA,Rpath,ATF,2084,1618170.734,581969.9516,22590.21927,,pcod_rec
ssp245,Fmean,WGOA,Rpath,POL,2085,2661825.298,1567171.55,126142.5431,,pcod_rec
ssp245,Fmean,WGOA,Rpath,COD,2085,253456.9609,82144.84551,48569.19139,,pcod_rec
ssp245,Fmean,WGOA,Rpath,ATF,2085,1616842.185,581216.7372,22560.67256,,pcod_rec
ssp245,Fmean,WGOA,Rpath,POL,2086,2658459.688,1565104.199,125992.1584,,pcod_rec
ssp245,Fmean,WGOA,Rpath,COD,2086,253375.4578,79261.54724,48323.23338,,pcod_rec
ssp245,Fmean,WGOA,Rpath,ATF,2086,1615848.213,580572.1949,22543.95911,,pcod_rec
ssp245,Fmean,WGOA,Rpath,POL,2087,2656701.631,1564218.163,125882.3981,,pcod_rec
ssp245,Fmean,WGOA,Rpath,COD,2087,253818.274,74743.84628,48205.44652,,pcod_rec
ssp245,Fmean,WGOA,Rpath,ATF,2087,1615225.571,580175.0499,22535.49298,,pcod_rec
ssp245,Fmean,WGOA,Rpath,POL,2088,2650445.611,1558845.28,125700.0767,,pcod_rec
ssp245,Fmean,WGOA,Rpath,COD,2088,251959.3588,72307.13532,48543.21885,,pcod_rec
ssp245,Fmean,WGOA,Rpath,ATF,2088,1611890.408,578446.578,22516.53477,,pcod_rec
ssp245,Fmean,WGOA,Rpath,POL,2089,2643496.464,1551574.527,125291.8487,,pcod_rec
ssp245,Fmean,WGOA,Rpath,COD,2089,248074.3073,71341.52259,48845.18545,,pcod_rec
ssp245,Fmean,WGOA,Rpath,ATF,2089,1605795.128,575201.0863,22452.17228,,pcod_rec
ssp245,Fmean,WGOA,Rpath,POL,2090,2644075.505,1550728.179,125036.5377,,pcod_rec
ssp245,Fmean,WGOA,Rpath,COD,2090,245116.213,73780.07699,48295.53532,,pcod_rec
ssp245,Fmean,WGOA,Rpath,ATF,2090,1601730.723,573028.265,22371.34048,,pcod_rec
ssp245,Fmean,WGOA,Rpath,POL,2091,2650760.161,1556465.695,125214.9106,,pcod_rec
ssp245,Fmean,WGOA,Rpath,COD,2091,241691.8673,80454.48078,47103.37404,,pcod_rec
ssp245,Fmean,WGOA,Rpath,ATF,2091,1602396.824,573677.546,22341.07962,,pcod_rec
ssp245,Fmean,WGOA,Rpath,POL,2092,2648043.222,1555308.065,125396.829,,pcod_rec
ssp245,Fmean,WGOA,Rpath,COD,2092,237615.4907,83516.54764,46253.5936,,pcod_rec
ssp245,Fmean,WGOA,Rpath,ATF,2092,1603492.146,574975.6926,22359.97842,,pcod_rec
ssp245,Fmean,WGOA,Rpath,POL,2093,2646562.065,1554184.796,125246.6374,,pcod_rec
ssp245,Fmean,WGOA,Rpath,COD,2093,236506.7932,81336.32981,45503.07258,,pcod_rec
ssp245,Fmean,WGOA,Rpath,ATF,2093,1603751.563,575793.8302,22367.13797,,pcod_rec
ssp245,Fmean,WGOA,Rpath,POL,2094,2646565.915,1554674.352,125205.0256,,pcod_rec
ssp245,Fmean,WGOA,Rpath,COD,2094,236195.8342,78053.89567,44863.53908,,pcod_rec
ssp245,Fmean,WGOA,Rpath,ATF,2094,1604092.711,576387.6351,22368.03144,,pcod_rec
ssp245,Fmean,WGOA,Rpath,POL,2095,2641614.243,1551469.994,125124.0045,,pcod_rec
ssp245,Fmean,WGOA,Rpath,COD,2095,237662.7233,75050.23289,45035.41046,,pcod_rec
ssp245,Fmean,WGOA,Rpath,ATF,2095,1603221.656,576058.4637,22369.27012,,pcod_rec
ssp245,Fmean,WGOA,Rpath,POL,2096,2643460.611,1553779.88,124979.3276,,pcod_rec
ssp245,Fmean,WGOA,Rpath,COD,2096,241731.4675,71479.68181,45350.58492,,pcod_rec
ssp245,Fmean,WGOA,Rpath,ATF,2096,1604048.492,576285.9261,22360.25991,,pcod_rec
ssp245,Fmean,WGOA,Rpath,POL,2097,2641253.771,1553454.509,125028.2579,,pcod_rec
ssp245,Fmean,WGOA,Rpath,COD,2097,244013.7832,69734.40228,45902.75915,,pcod_rec
ssp245,Fmean,WGOA,Rpath,ATF,2097,1605272.696,576776.0983,22380.40891,,pcod_rec
ssp245,Fmean,WGOA,Rpath,POL,2098,2631149.265,1545587.206,124680.3614,,pcod_rec
ssp245,Fmean,WGOA,Rpath,COD,2098,246143.3202,68557.00864,47015.03442,,pcod_rec
ssp245,Fmean,WGOA,Rpath,ATF,2098,1603234.368,575632.99,22379.51656,,pcod_rec
ssp245,Fmean,WGOA,Rpath,POL,2099,2636061.555,1549629.108,124472.1457,,pcod_rec
ssp245,Fmean,WGOA,Rpath,COD,2099,250132.1102,68748.66278,47331.68537,,pcod_rec
ssp245,Fmean,WGOA,Rpath,ATF,2099,1603615.37,575895.219,22358.28435,,pcod_rec
ssp585,Fmean,WGOA,Rpath,POL,1991,2884927.165,1690895.406,87828.01,,pcod_rec
ssp585,Fmean,WGOA,Rpath,COD,1991,399280.2939,93224.23736,64466.82999,,pcod_rec
ssp585,Fmean,WGOA,Rpath,ATF,1991,1554327.805,597326.9774,16958.38001,,pcod_rec
ssp585,Fmean,WGOA,Rpath,POL,1992,2892495.913,1696087.278,90585.18996,,pcod_rec
ssp585,Fmean,WGOA,Rpath,COD,1992,371842.9001,88999.22879,78966.50009,,pcod_rec
ssp585,Fmean,WGOA,Rpath,ATF,1992,1551901.376,598021.2117,20482.18006,,pcod_rec
ssp585,Fmean,WGOA,Rpath,POL,1993,2886917.46,1690078.21,108230.1801,,pcod_rec
ssp585,Fmean,WGOA,Rpath,COD,1993,375328.1754,91984.46817,45849.17007,,pcod_rec
ssp585,Fmean,WGOA,Rpath,ATF,1993,1551566.347,599298.1593,18294.44992,,pcod_rec
ssp585,Fmean,WGOA,Rpath,POL,1994,2891612.897,1691340.87,100412.3599,,pcod_rec
ssp585,Fmean,WGOA,Rpath,COD,1994,374238.5054,92168.02449,45610.57997,,pcod_rec
ssp585,Fmean,WGOA,Rpath,ATF,1994,1547453.432,598480.5088,21993.23998,,pcod_rec
ssp585,Fmean,WGOA,Rpath,POL,1995,2920445.243,1709974.752,69168.12993,,pcod_rec
ssp585,Fmean,WGOA,Rpath,COD,1995,354241.1182,88060.92648,67907.17999,,pcod_rec
ssp585,Fmean,WGOA,Rpath,ATF,1995,1548788.073,599203.4556,17415.49004,,pcod_rec
ssp585,Fmean,WGOA,Rpath,POL,1996,2949537.5,1727520.768,49825.87004,,pcod_rec
ssp585,Fmean,WGOA,Rpath,COD,1996,348901.2699,89289.89982,55391.6601,,pcod_rec
ssp585,Fmean,WGOA,Rpath,ATF,1996,1545296.542,597141.1539,21555.6099,,pcod_rec
ssp585,Fmean,WGOA,Rpath,POL,1997,2946193.762,1722365.564,84179.64997,,pcod_rec
ssp585,Fmean,WGOA,Rpath,COD,1997,339607.8718,88455.84666,58920.57999,,pcod_rec
ssp585,Fmean,WGOA,Rpath,ATF,1997,1547340.939,596389.7317,14758.27989,,pcod_rec
ssp585,Fmean,WGOA,Rpath,POL,1998,3007840.548,1762267.823,5428.379998,,pcod_rec
ssp585,Fmean,WGOA,Rpath,COD,1998,338402.0081,87897.09963,50218.95011,,pcod_rec
ssp585,Fmean,WGOA,Rpath,ATF,1998,1552042.171,596282.5118,12377.19001,,pcod_rec
ssp585,Fmean,WGOA,Rpath,POL,1999,2993956.264,1751820.359,90556.90006,,pcod_rec
ssp585,Fmean,WGOA,Rpath,COD,1999,323385.5045,83134.3282,66264.6701,,pcod_rec
ssp585,Fmean,WGOA,Rpath,ATF,1999,1556822.572,596729.6537,14649.22992,,pcod_rec
ssp585,Fmean,WGOA,Rpath,POL,2000,3049484.669,1789601.224,5552.830105,,pcod_rec
ssp585,Fmean,WGOA,Rpath,COD,2000,321234.7048,82993.63067,53384.86994,,pcod_rec
ssp585,Fmean,WGOA,Rpath,ATF,2000,1555589.603,595731.5303,22993.75009,,pcod_rec
ssp585,Fmean,WGOA,Rpath,POL,2001,3082953.386,1808450.385,3452.299979,,pcod_rec
ssp585,Fmean,WGOA,Rpath,COD,2001,327836.0522,85350.66779,40517.40995,,pcod_rec
ssp585,Fmean,WGOA,Rpath,ATF,2001,1559150.397,597017.2815,17416.19999,,pcod_rec
ssp585,Fmean,WGOA,Rpath,POL,2002,3117695.911,1828996.892,1698.029945,,pcod_rec
ssp585,Fmean,WGOA,Rpath,COD,2002,329657.1998,86672.3968,41567.98996,,pcod_rec
ssp585,Fmean,WGOA,Rpath,ATF,2002,1561074.367,598208.7603,20173.56001,,pcod_rec
ssp585,Fmean,WGOA,Rpath,POL,2003,3105660.591,1817041.088,48590.07701,,pcod_rec
ssp585,Fmean,WGOA,Rpath,COD,2003,321002.2329,86072.65487,52365.75509,,pcod_rec
ssp585,Fmean,WGOA,Rpath,ATF,2003,1552272.454,595288.6341,30169.77189,,pcod_rec
ssp585,Fmean,WGOA,Rpath,POL,2004,3100496.18,1811816.72,62434.43992,,pcod_rec
ssp585,Fmean,WGOA,Rpath,COD,2004,310907.3461,86861.68446,56450.24197,,pcod_rec
ssp585,Fmean,WGOA,Rpath,ATF,2004,1557805.526,597533.7477,15634.90804,,pcod_rec
ssp585,Fmean,WGOA,Rpath,POL,2005,3085140.756,1801622.597,78302.79193,,pcod_rec
ssp585,Fmean,WGOA,Rpath,COD,2005,308747.7124,89355.03295,47523.77993,,pcod_rec
ssp585,Fmean,WGOA,Rpath,ATF,2005,1557456.933,596651.5277,19923.57305,,pcod_rec
ssp585,Fmean,WGOA,Rpath,POL,2006,3088115.7,1805154.794,68928.30799,,pcod_rec
ssp585,Fmean,WGOA,Rpath,COD,2006,305285.4254,89662.84203,47767.07996,,pcod_rec
ssp585,Fmean,WGOA,Rpath,ATF,2006,1552052.557,593803.972,27622.69892,,pcod_rec
ssp585,Fmean,WGOA,Rpath,POL,2007,3108388.666,1820162.189,51572.307,,pcod_rec
ssp585,Fmean,WGOA,Rpath,COD,2007,298656.828,86970.58416,51812.178,,pcod_rec
ssp585,Fmean,WGOA,Rpath,ATF,2007,1552833.111,593773.0969,25346.98698,,pcod_rec
ssp585,Fmean,WGOA,Rpath,POL,2008,3122657.328,1829614.826,50786.20601,,pcod_rec
ssp585,Fmean,WGOA,Rpath,COD,2008,288014.1972,83738.42574,58386.38403,,pcod_rec
ssp585,Fmean,WGOA,Rpath,ATF,2008,1551453.517,592951.9777,29205.93997,,pcod_rec
ssp585,Fmean,WGOA,Rpath,POL,2009,3143273.399,1841984.82,41549.50308,,pcod_rec
ssp585,Fmean,WGOA,Rpath,COD,2009,284535.8483,83301.56554,51788.98001,,pcod_rec
ssp585,Fmean,WGOA,Rpath,ATF,2009,1555113.026,594046.2661,24831.74204,,pcod_rec
ssp585,Fmean,WGOA,Rpath,POL,2010,3136117.031,1835292.146,73443.38423,,pcod_rec
ssp585,Fmean,WGOA,Rpath,COD,2010,260387.0744,76717.56805,76954.1546,,pcod_rec
ssp585,Fmean,WGOA,Rpath,ATF,2010,1558263.173,594362.5648,24339.44647,,pcod_rec
ssp585,Fmean,WGOA,Rpath,POL,2011,3141056.088,1838289.751,77694.47962,,pcod_rec
ssp585,Fmean,WGOA,Rpath,COD,2011,234318.5161,69543.30604,83710.47539,,pcod_rec
ssp585,Fmean,WGOA,Rpath,ATF,2011,1557071.61,592792.1032,30911.82176,,pcod_rec
ssp585,Fmean,WGOA,Rpath,POL,2012,3133568.472,1833854.712,98934.69122,,pcod_rec
ssp585,Fmean,WGOA,Rpath,COD,2012,216652.3988,64116.82151,76871.10999,,pcod_rec
ssp585,Fmean,WGOA,Rpath,ATF,2012,1567597.99,595605.7671,20761.90991,,pcod_rec
ssp585,Fmean,WGOA,Rpath,POL,2013,3129803.327,1832301.647,90796.63161,,pcod_rec
ssp585,Fmean,WGOA,Rpath,COD,2013,207097.746,61173.05499,66829.78162,,pcod_rec
ssp585,Fmean,WGOA,Rpath,ATF,2013,1575636.643,596480.792,21809.31232,,pcod_rec
ssp585,Fmean,WGOA,Rpath,POL,2014,3087331.432,1803398.136,138948.062,,pcod_rec
ssp585,Fmean,WGOA,Rpath,COD,2014,180191.4473,54326.17477,83491.7282,,pcod_rec
ssp585,Fmean,WGOA,Rpath,ATF,2014,1567912.163,590069.7527,36524.50153,,pcod_rec
ssp585,Fmean,WGOA,Rpath,POL,2015,3045526.286,1775739.079,162807.646,,pcod_rec
ssp585,Fmean,WGOA,Rpath,COD,2015,157932.7221,48934.44114,77689.99201,,pcod_rec
ssp585,Fmean,WGOA,Rpath,ATF,2015,1577268.818,588791.536,19296.58722,,pcod_rec
ssp585,Fmean,WGOA,Rpath,POL,2016,3007798.292,1753763.798,173086.3524,,pcod_rec
ssp585,Fmean,WGOA,Rpath,COD,2016,147656.6154,47339.00977,62867.32743,,pcod_rec
ssp585,Fmean,WGOA,Rpath,ATF,2016,1586289.943,586210.8787,19976.29419,,pcod_rec
ssp585,Fmean,WGOA,Rpath,POL,2017,2976739.358,1738811.225,184220.0285,,pcod_rec
ssp585,Fmean,WGOA,Rpath,COD,2017,147736.1447,50239.67431,48204.21467,,pcod_rec
ssp585,Fmean,WGOA,Rpath,ATF,2017,1591593.276,581990.6601,27053.50899,,pcod_rec
ssp585,Fmean,WGOA,Rpath,POL,2018,2968841.332,1740812.462,150815.1922,,pcod_rec
ssp585,Fmean,WGOA,Rpath,COD,2018,174522.2292,61112.90393,14681.2982,,pcod_rec
ssp585,Fmean,WGOA,Rpath,ATF,2018,1607270.211,582229.7484,18870.25094,,pcod_rec
ssp585,Fmean,WGOA,Rpath,POL,2019,2976191.205,1750709.517,110649.2716,,pcod_rec
ssp585,Fmean,WGOA,Rpath,COD,2019,197788.813,66355.87669,15200.42058,,pcod_rec
ssp585,Fmean,WGOA,Rpath,ATF,2019,1614692.328,580069.5368,24567.05196,,pcod_rec
ssp585,Fmean,WGOA,Rpath,POL,2020,2989817.059,1764764.681,99971.06489,,pcod_rec
ssp585,Fmean,WGOA,Rpath,COD,2020,228008.227,75553.88356,6085.249339,,pcod_rec
ssp585,Fmean,WGOA,Rpath,ATF,2020,1626339.563,581529.2315,21115.8993,,pcod_rec
ssp585,Fmean,WGOA,Rpath,POL,2021,2900460.261,1708595.149,235025.6551,,pcod_rec
ssp585,Fmean,WGOA,Rpath,COD,2021,211370.0191,68698.33293,59699.33443,,pcod_rec
ssp585,Fmean,WGOA,Rpath,ATF,2021,1626843.125,581459.7268,32540.45068,,pcod_rec
ssp585,Fmean,WGOA,Rpath,POL,2022,2816101.119,1655480.425,259897.8429,,pcod_rec
ssp585,Fmean,WGOA,Rpath,COD,2022,200495.1739,61791.95294,63513.33561,,pcod_rec
ssp585,Fmean,WGOA,Rpath,ATF,2022,1623634.556,581788.1912,34213.45624,,pcod_rec
ssp585,Fmean,WGOA,Rpath,POL,2023,2762421.543,1622561.713,257601.2995,,pcod_rec
ssp585,Fmean,WGOA,Rpath,COD,2023,198224.4355,56330.0056,58040.49104,,pcod_rec
ssp585,Fmean,WGOA,Rpath,ATF,2023,1621979.77,583838.6075,31750.86388,,pcod_rec
ssp585,Fmean,WGOA,Rpath,POL,2024,2814919.955,1663629.979,132891.7858,,pcod_rec
ssp585,Fmean,WGOA,Rpath,COD,2024,213957.8659,58060.29785,38768.48634,,pcod_rec
ssp585,Fmean,WGOA,Rpath,ATF,2024,1630848.745,590635.2159,22680.26063,,pcod_rec
ssp585,Fmean,WGOA,Rpath,POL,2025,2837737.129,1680361.982,134923.9852,,pcod_rec
ssp585,Fmean,WGOA,Rpath,COD,2025,225750.8175,61059.97565,41499.08759,,pcod_rec
ssp585,Fmean,WGOA,Rpath,ATF,2025,1638028.945,596156.631,22793.75697,,pcod_rec
ssp585,Fmean,WGOA,Rpath,POL,2026,2852329.466,1689489.749,135869.8156,,pcod_rec
ssp585,Fmean,WGOA,Rpath,COD,2026,235813.5914,65111.86274,43425.65826,,pcod_rec
ssp585,Fmean,WGOA,Rpath,ATF,2026,1643789.913,599912.6929,22891.1346,,pcod_rec
ssp585,Fmean,WGOA,Rpath,POL,2027,2870898.338,1700736.3,136592.1091,,pcod_rec
ssp585,Fmean,WGOA,Rpath,COD,2027,245600.0769,67584.58656,45236.84679,,pcod_rec
ssp585,Fmean,WGOA,Rpath,ATF,2027,1649393.923,602546.3261,22960.95353,,pcod_rec
ssp585,Fmean,WGOA,Rpath,POL,2028,2879491.422,1705968.677,137411.5192,,pcod_rec
ssp585,Fmean,WGOA,Rpath,COD,2028,254714.4463,67010.62447,47115.02342,,pcod_rec
ssp585,Fmean,WGOA,Rpath,ATF,2028,1654647.964,604914.6876,23046.35449,,pcod_rec
ssp585,Fmean,WGOA,Rpath,POL,2029,2885269.876,1708763.227,137764.6765,,pcod_rec
ssp585,Fmean,WGOA,Rpath,COD,2029,263585.3341,66548.06454,48930.5909,,pcod_rec
ssp585,Fmean,WGOA,Rpath,ATF,2029,1657869.608,606322.928,23106.03942,,pcod_rec
ssp585,Fmean,WGOA,Rpath,POL,2030,2891604.039,1712865.36,138083.7949,,pcod_rec
ssp585,Fmean,WGOA,Rpath,COD,2030,271090.1909,66388.06933,50562.51349,,pcod_rec
ssp585,Fmean,WGOA,Rpath,ATF,2030,1661185.849,607846.2342,23149.94266,,pcod_rec
ssp585,Fmean,WGOA,Rpath,POL,2031,2891447.857,1712263.468,138301.8611,,pcod_rec
ssp585,Fmean,WGOA,Rpath,COD,2031,276006.349,67221.87955,52149.37659,,pcod_rec
ssp585,Fmean,WGOA,Rpath,ATF,2031,1663031.051,608643.0272,23192.64859,,pcod_rec
ssp585,Fmean,WGOA,Rpath,POL,2032,2890644.314,1710756.255,138210.5399,,pcod_rec
ssp585,Fmean,WGOA,Rpath,COD,2032,279101.2789,68205.53837,53346.661,,pcod_rec
ssp585,Fmean,WGOA,Rpath,ATF,2032,1663737.487,608864.4589,23206.18727,,pcod_rec
ssp585,Fmean,WGOA,Rpath,POL,2033,2894073.024,1713714.105,138322.3319,,pcod_rec
ssp585,Fmean,WGOA,Rpath,COD,2033,282026.7928,71136.13347,53823.09741,,pcod_rec
ssp585,Fmean,WGOA,Rpath,ATF,2033,1666232.514,610271.6366,23227.41328,,pcod_rec
ssp585,Fmean,WGOA,Rpath,POL,2034,2898908.812,1718614.608,138536.3862,,pcod_rec
ssp585,Fmean,WGOA,Rpath,COD,2034,284505.8435,75045.97106,53973.90601,,pcod_rec
ssp585,Fmean,WGOA,Rpath,ATF,2034,1670328.168,612753.3186,23269.43169,,pcod_rec
ssp585,Fmean,WGOA,Rpath,POL,2035,2900658.694,1721491.733,138738.6822,,pcod_rec
ssp585,Fmean,WGOA,Rpath,COD,2035,286777.0819,76725.55212,54311.77725,,pcod_rec
ssp585,Fmean,WGOA,Rpath,ATF,2035,1675075.785,615755.5667,23332.45232,,pcod_rec
ssp585,Fmean,WGOA,Rpath,POL,2036,2890895.576,1715050.978,138601.4601,,pcod_rec
ssp585,Fmean,WGOA,Rpath,COD,2036,288462.9122,75157.2378,54760.34219,,pcod_rec
ssp585,Fmean,WGOA,Rpath,ATF,2036,1676832.262,617068.264,23385.21813,,pcod_rec
ssp585,Fmean,WGOA,Rpath,POL,2037,2878732.703,1705382.104,138077.5207,,pcod_rec
ssp585,Fmean,WGOA,Rpath,COD,2037,288258.8442,73039.72966,55235.15887,,pcod_rec
ssp585,Fmean,WGOA,Rpath,ATF,2037,1674535.412,615671.5485,23387.72255,,pcod_rec
ssp585,Fmean,WGOA,Rpath,POL,2038,2872348.185,1699926.606,137493.5326,,pcod_rec
ssp585,Fmean,WGOA,Rpath,COD,2038,287408.9549,72650.19602,55534.41431,,pcod_rec
ssp585,Fmean,WGOA,Rpath,ATF,2038,1671178.031,612963.1562,23338.33832,,pcod_rec
ssp585,Fmean,WGOA,Rpath,POL,2039,2872153.438,1701149.738,137372.119,,pcod_rec
ssp585,Fmean,WGOA,Rpath,COD,2039,286264.2858,74814.20697,55267.05279,,pcod_rec
ssp585,Fmean,WGOA,Rpath,ATF,2039,1671239.881,611783.1444,23314.17234,,pcod_rec
ssp585,Fmean,WGOA,Rpath,POL,2040,2866253.228,1698338.007,137260.0472,,pcod_rec
ssp585,Fmean,WGOA,Rpath,COD,2040,284948.1694,77968.10471,54892.9953,,pcod_rec
ssp585,Fmean,WGOA,Rpath,ATF,2040,1671816.95,610915.1342,23322.05962,,pcod_rec
ssp585,Fmean,WGOA,Rpath,POL,2041,2863840.858,1697940.727,137018.2948,,pcod_rec
ssp585,Fmean,WGOA,Rpath,COD,2041,285261.622,80172.10252,54391.02767,,pcod_rec
ssp585,Fmean,WGOA,Rpath,ATF,2041,1672971.092,610453.1358,23332.0218,,pcod_rec
ssp585,Fmean,WGOA,Rpath,POL,2042,2855599.203,1693054.704,136794.1485,,pcod_rec
ssp585,Fmean,WGOA,Rpath,COD,2042,284878.5649,79052.35868,54139.73402,,pcod_rec
ssp585,Fmean,WGOA,Rpath,ATF,2042,1672884.988,609578.239,23345.06121,,pcod_rec
ssp585,Fmean,WGOA,Rpath,POL,2043,2844835.527,1685208.391,136271.1647,,pcod_rec
ssp585,Fmean,WGOA,Rpath,COD,2043,283434.7673,76235.55411,54469.47848,,pcod_rec
ssp585,Fmean,WGOA,Rpath,ATF,2043,1670907.304,607878.5036,23331.05351,,pcod_rec
ssp585,Fmean,WGOA,Rpath,POL,2044,2836557.296,1678886.01,135762.0718,,pcod_rec
ssp585,Fmean,WGOA,Rpath,COD,2044,282434.5225,73504.12909,54582.93329,,pcod_rec
ssp585,Fmean,WGOA,Rpath,ATF,2044,1668146.124,605901.9322,23299.73035,,pcod_rec
ssp585,Fmean,WGOA,Rpath,POL,2045,2834899.841,1678353.459,135477.7528,,pcod_rec
ssp585,Fmean,WGOA,Rpath,COD,2045,282204.6887,74650.65839,54194.18558,,pcod_rec
ssp585,Fmean,WGOA,Rpath,ATF,2045,1666800.151,604771.7102,23266.57305,,pcod_rec
ssp585,Fmean,WGOA,Rpath,POL,2046,2837425.427,1682329.365,135476.1182,,pcod_rec
ssp585,Fmean,WGOA,Rpath,COD,2046,282548.259,77985.77301,53828.0577,,pcod_rec
ssp585,Fmean,WGOA,Rpath,ATF,2046,1669068.514,605862.0065,23265.88403,,pcod_rec
ssp585,Fmean,WGOA,Rpath,POL,2047,2834900.17,1682484.307,135491.193,,pcod_rec
ssp585,Fmean,WGOA,Rpath,COD,2047,283567.1101,78491.73626,53764.98524,,pcod_rec
ssp585,Fmean,WGOA,Rpath,ATF,2047,1672341.893,607977.8188,23307.60985,,pcod_rec
ssp585,Fmean,WGOA,Rpath,POL,2048,2826341.935,1677054.968,135220.8532,,pcod_rec
ssp585,Fmean,WGOA,Rpath,COD,2048,283774.6563,75932.79829,53967.31984,,pcod_rec
ssp585,Fmean,WGOA,Rpath,ATF,2048,1673644.491,609291.7553,23343.25871,,pcod_rec
ssp585,Fmean,WGOA,Rpath,POL,2049,2812884.297,1666442.03,134696.0034,,pcod_rec
ssp585,Fmean,WGOA,Rpath,COD,2049,282544.6761,73113.10804,54394.85389,,pcod_rec
ssp585,Fmean,WGOA,Rpath,ATF,2049,1670854.03,608294.9652,23341.54943,,pcod_rec
ssp585,Fmean,WGOA,Rpath,POL,2050,2808539.14,1662647.714,134135.6579,,pcod_rec
ssp585,Fmean,WGOA,Rpath,COD,2050,281673.7581,72800.64032,54413.17657,,pcod_rec
ssp585,Fmean,WGOA,Rpath,ATF,2050,1667670.66,606562.0509,23289.57166,,pcod_rec
ssp585,Fmean,WGOA,Rpath,POL,2051,2807133.798,1662661.081,134022.7379,,pcod_rec
ssp585,Fmean,WGOA,Rpath,COD,2051,280690.4098,75365.01899,53997.44044,,pcod_rec
ssp585,Fmean,WGOA,Rpath,ATF,2051,1666664.573,605742.075,23259.56733,,pcod_rec
ssp585,Fmean,WGOA,Rpath,POL,2052,2803380.237,1661069.536,133892.969,,pcod_rec
ssp585,Fmean,WGOA,Rpath,COD,2052,279233.9526,78621.58554,53619.50212,,pcod_rec
ssp585,Fmean,WGOA,Rpath,ATF,2052,1666396.967,605200.3596,23250.82531,,pcod_rec
ssp585,Fmean,WGOA,Rpath,POL,2053,2795602.092,1655704.452,133597.5131,,pcod_rec
ssp585,Fmean,WGOA,Rpath,COD,2053,277259.7258,78777.59327,53362.54362,,pcod_rec
ssp585,Fmean,WGOA,Rpath,ATF,2053,1665065.761,603997.4104,23244.37237,,pcod_rec
ssp585,Fmean,WGOA,Rpath,POL,2054,2789238.263,1650732.89,133155.5654,,pcod_rec
ssp585,Fmean,WGOA,Rpath,COD,2054,275201.9302,77394.78642,53110.84258,,pcod_rec
ssp585,Fmean,WGOA,Rpath,ATF,2054,1662815.022,602124.7785,23215.21904,,pcod_rec
ssp585,Fmean,WGOA,Rpath,POL,2055,2784741.331,1648127.753,132946.8052,,pcod_rec
ssp585,Fmean,WGOA,Rpath,COD,2055,274293.9756,76924.78424,52757.77186,,pcod_rec
ssp585,Fmean,WGOA,Rpath,ATF,2055,1661662.449,600908.8815,23194.90861,,pcod_rec
ssp585,Fmean,WGOA,Rpath,POL,2056,2782501.015,1647132.451,132698.1041,,pcod_rec
ssp585,Fmean,WGOA,Rpath,COD,2056,273762.9757,77629.39456,52317.708,,pcod_rec
ssp585,Fmean,WGOA,Rpath,ATF,2056,1660766.965,599926.0257,23175.5817,,pcod_rec
ssp585,Fmean,WGOA,Rpath,POL,2057,2777283.979,1644411.389,132555.719,,pcod_rec
ssp585,Fmean,WGOA,Rpath,COD,2057,273811.6722,77304.41069,52235.54599,,pcod_rec
ssp585,Fmean,WGOA,Rpath,ATF,2057,1660472.624,599541.3399,23170.85633,,pcod_rec
ssp585,Fmean,WGOA,Rpath,POL,2058,2772437.048,1641115,132246.3611,,pcod_rec
ssp585,Fmean,WGOA,Rpath,COD,2058,273738.7471,75912.72569,52226.35132,,pcod_rec
ssp585,Fmean,WGOA,Rpath,ATF,2058,1659126.274,598739.3638,23160.12534,,pcod_rec
ssp585,Fmean,WGOA,Rpath,POL,2059,2764412.153,1635165.575,131928.3708,,pcod_rec
ssp585,Fmean,WGOA,Rpath,COD,2059,273154.9027,73863.74514,52444.83968,,pcod_rec
ssp585,Fmean,WGOA,Rpath,ATF,2059,1656669.871,597478.6591,23136.63303,,pcod_rec
ssp585,Fmean,WGOA,Rpath,POL,2060,2764094.483,1635224.571,131635.2293,,pcod_rec
ssp585,Fmean,WGOA,Rpath,COD,2060,272127.7745,74218.61206,52399.45246,,pcod_rec
ssp585,Fmean,WGOA,Rpath,ATF,2060,1655796.09,597132.7524,23105.17887,,pcod_rec
ssp585,Fmean,WGOA,Rpath,POL,2061,2753192.04,1626759.45,131458.6165,,pcod_rec
ssp585,Fmean,WGOA,Rpath,COD,2061,269015.9155,74678.97126,52329.66222,,pcod_rec
ssp585,Fmean,WGOA,Rpath,ATF,2061,1652351.449,595642.3762,23092.46461,,pcod_rec
ssp585,Fmean,WGOA,Rpath,POL,2062,2753808.625,1626840.943,131001.5957,,pcod_rec
ssp585,Fmean,WGOA,Rpath,COD,2062,267557.7129,77485.7709,51842.35889,,pcod_rec
ssp585,Fmean,WGOA,Rpath,ATF,2062,1650121.229,594547.8678,23032.4337,,pcod_rec
ssp585,Fmean,WGOA,Rpath,POL,2063,2755414.056,1629497.92,131108.5147,,pcod_rec
ssp585,Fmean,WGOA,Rpath,COD,2063,265871.0066,79222.64597,51089.9519,,pcod_rec
ssp585,Fmean,WGOA,Rpath,ATF,2063,1651638.356,595647.3329,23028.1116,,pcod_rec
ssp585,Fmean,WGOA,Rpath,POL,2064,2748368.679,1625185.393,131068.1234,,pcod_rec
ssp585,Fmean,WGOA,Rpath,COD,2064,263162.3899,80361.33524,50740.74335,,pcod_rec
ssp585,Fmean,WGOA,Rpath,ATF,2064,1651790.222,596170.335,23050.50699,,pcod_rec
ssp585,Fmean,WGOA,Rpath,POL,2065,2737811.574,1616076.707,130549.6551,,pcod_rec
ssp585,Fmean,WGOA,Rpath,COD,2065,260358.3043,77695.51681,50542.08191,,pcod_rec
ssp585,Fmean,WGOA,Rpath,ATF,2065,1647678.586,594094.1435,23025.29516,,pcod_rec
ssp585,Fmean,WGOA,Rpath,POL,2066,2735293.961,1613632.409,130159.1826,,pcod_rec
ssp585,Fmean,WGOA,Rpath,COD,2066,257260.5746,76721.31897,50030.59655,,pcod_rec
ssp585,Fmean,WGOA,Rpath,ATF,2066,1644297.74,591922.7824,22966.07576,,pcod_rec
ssp585,Fmean,WGOA,Rpath,POL,2067,2729004.054,1608671.358,129981.3631,,pcod_rec
ssp585,Fmean,WGOA,Rpath,COD,2067,252691.3205,77688.29164,49541.79651,,pcod_rec
ssp585,Fmean,WGOA,Rpath,ATF,2067,1640709.608,589424.476,22923.9496,,pcod_rec
ssp585,Fmean,WGOA,Rpath,POL,2068,2726471.21,1606669.133,129662.9084,,pcod_rec
ssp585,Fmean,WGOA,Rpath,COD,2068,250331.6863,79714.27623,48798.46988,,pcod_rec
ssp585,Fmean,WGOA,Rpath,ATF,2068,1638036.679,587197.3939,22872.28987,,pcod_rec
ssp585,Fmean,WGOA,Rpath,POL,2069,2727788.902,1608888.528,129654.3773,,pcod_rec
ssp585,Fmean,WGOA,Rpath,COD,2069,247323.0237,81210.93018,47760.2159,,pcod_rec
ssp585,Fmean,WGOA,Rpath,ATF,2069,1638577.461,586757.3739,22854.78362,,pcod_rec
ssp585,Fmean,WGOA,Rpath,POL,2070,2720749.585,1603942.815,129491.8369,,pcod_rec
ssp585,Fmean,WGOA,Rpath,COD,2070,243470.3849,80713.3115,47411.17996,,pcod_rec
ssp585,Fmean,WGOA,Rpath,ATF,2070,1638155.992,586064.8406,22859.0411,,pcod_rec
ssp585,Fmean,WGOA,Rpath,POL,2071,2719669.672,1603607.925,129245.4816,,pcod_rec
ssp585,Fmean,WGOA,Rpath,COD,2071,242884.8803,78228.35583,46927.59314,,pcod_rec
ssp585,Fmean,WGOA,Rpath,ATF,2071,1638854.799,586144.9807,22857.36011,,pcod_rec
ssp585,Fmean,WGOA,Rpath,POL,2072,2718576.776,1603936.48,129237.179,,pcod_rec
ssp585,Fmean,WGOA,Rpath,COD,2072,241435.6319,77527.17979,46254.70109,,pcod_rec
ssp585,Fmean,WGOA,Rpath,ATF,2072,1640107.915,586783.0048,22872.61711,,pcod_rec
ssp585,Fmean,WGOA,Rpath,POL,2073,2709605.582,1597053.686,128985.6533,,pcod_rec
ssp585,Fmean,WGOA,Rpath,COD,2073,238066.6791,77294.00272,46321.1836,,pcod_rec
ssp585,Fmean,WGOA,Rpath,ATF,2073,1638300.608,585917.9464,22875.07624,,pcod_rec
ssp585,Fmean,WGOA,Rpath,POL,2074,2705378.502,1592825.402,128535.0534,,pcod_rec
ssp585,Fmean,WGOA,Rpath,COD,2074,234627.3613,74905.46205,46221.80445,,pcod_rec
ssp585,Fmean,WGOA,Rpath,ATF,2074,1635821.032,584488.5064,22839.19293,,pcod_rec
ssp585,Fmean,WGOA,Rpath,POL,2075,2702854.293,1590858.484,128402.1896,,pcod_rec
ssp585,Fmean,WGOA,Rpath,COD,2075,232503.8822,76593.6657,45471.86859,,pcod_rec
ssp585,Fmean,WGOA,Rpath,ATF,2075,1634033.578,583302.0894,22812.62783,,pcod_rec
ssp585,Fmean,WGOA,Rpath,POL,2076,2706240.487,1594935.622,128407.9507,,pcod_rec
ssp585,Fmean,WGOA,Rpath,COD,2076,232224.1431,81277.13846,44482.88012,,pcod_rec
ssp585,Fmean,WGOA,Rpath,ATF,2076,1635233.324,583541.704,22798.42678,,pcod_rec
ssp585,Fmean,WGOA,Rpath,POL,2077,2700607.889,1592377.709,128443.304,,pcod_rec
ssp585,Fmean,WGOA,Rpath,COD,2077,232284.5604,80949.73858,43991.70015,,pcod_rec
ssp585,Fmean,WGOA,Rpath,ATF,2077,1635801.687,583557.2057,22821.0268,,pcod_rec
ssp585,Fmean,WGOA,Rpath,POL,2078,2691598.884,1585819.403,127993.723,,pcod_rec
ssp585,Fmean,WGOA,Rpath,COD,2078,232791.8561,75534.64448,44323.27836,,pcod_rec
ssp585,Fmean,WGOA,Rpath,ATF,2078,1633995.209,582210.0816,22810.35739,,pcod_rec
ssp585,Fmean,WGOA,Rpath,POL,2079,2685570.618,1581307.299,127585.5851,,pcod_rec
ssp585,Fmean,WGOA,Rpath,COD,2079,232980.6348,70555.57812,44803.58217,,pcod_rec
ssp585,Fmean,WGOA,Rpath,ATF,2079,1632056.872,580757.9289,22785.47558,,pcod_rec
ssp585,Fmean,WGOA,Rpath,POL,2080,2679730.118,1576708.786,127244.1852,,pcod_rec
ssp585,Fmean,WGOA,Rpath,COD,2080,231813.378,70328.33567,45070.75473,,pcod_rec
ssp585,Fmean,WGOA,Rpath,ATF,2080,1629534.733,579074.1072,22756.23592,,pcod_rec
ssp585,Fmean,WGOA,Rpath,POL,2081,2676266.003,1574456.231,126997.0487,,pcod_rec
ssp585,Fmean,WGOA,Rpath,COD,2081,229969.503,73810.67827,44924.15244,,pcod_rec
ssp585,Fmean,WGOA,Rpath,ATF,2081,1628071.504,578147.111,22726.26519,,pcod_rec
ssp585,Fmean,WGOA,Rpath,POL,2082,2670674.742,1570390.519,126762.6462,,pcod_rec
ssp585,Fmean,WGOA,Rpath,COD,2082,227491.694,77449.89175,44398.87623,,pcod_rec
ssp585,Fmean,WGOA,Rpath,ATF,2082,1626128.958,577298.9698,22705.92328,,pcod_rec
ssp585,Fmean,WGOA,Rpath,POL,2083,2667940.309,1568765.842,126498.7839,,pcod_rec
ssp585,Fmean,WGOA,Rpath,COD,2083,227183.7245,79709.82052,43731.15185,,pcod_rec
ssp585,Fmean,WGOA,Rpath,ATF,2083,1624636.903,576858.0063,22676.02165,,pcod_rec
ssp585,Fmean,WGOA,Rpath,POL,2084,2667843.166,1570492.531,126486.9838,,pcod_rec
ssp585,Fmean,WGOA,Rpath,COD,2084,228529.4044,79352.39341,43109.48272,,pcod_rec
ssp585,Fmean,WGOA,Rpath,ATF,2084,1625278.486,577706.5801,22669.23952,,pcod_rec
ssp585,Fmean,WGOA,Rpath,POL,2085,2662011.295,1567185.656,126315.645,,pcod_rec
ssp585,Fmean,WGOA,Rpath,COD,2085,228700.8545,75557.67682,43335.13721,,pcod_rec
ssp585,Fmean,WGOA,Rpath,ATF,2085,1625113.417,578175.3641,22672.75373,,pcod_rec
ssp585,Fmean,WGOA,Rpath,POL,2086,2652811.045,1559770.393,125899.465,,pcod_rec
ssp585,Fmean,WGOA,Rpath,COD,2086,227945.0405,70064.53819,44231.75811,,pcod_rec
ssp585,Fmean,WGOA,Rpath,ATF,2086,1622941.98,577481.2653,22661.89867,,pcod_rec
ssp585,Fmean,WGOA,Rpath,POL,2087,2647846.666,1554889.881,125523.7935,,pcod_rec
ssp585,Fmean,WGOA,Rpath,COD,2087,226870.0423,68906.15399,44383.01402,,pcod_rec
ssp585,Fmean,WGOA,Rpath,ATF,2087,1619039.518,575601.9133,22624.58115,,pcod_rec
ssp585,Fmean,WGOA,Rpath,POL,2088,2647564.379,1554225.319,125312.8934,,pcod_rec
ssp585,Fmean,WGOA,Rpath,COD,2088,223773.7002,74426.58193,43927.89225,,pcod_rec
ssp585,Fmean,WGOA,Rpath,ATF,2088,1615939.196,573888.9234,22565.50942,,pcod_rec
ssp585,Fmean,WGOA,Rpath,POL,2089,2643417.567,1551135.875,125216.3151,,pcod_rec
ssp585,Fmean,WGOA,Rpath,COD,2089,219975.2453,79410.6167,43316.09615,,pcod_rec
ssp585,Fmean,WGOA,Rpath,ATF,2089,1613467.109,572593.3397,22529.15039,,pcod_rec
ssp585,Fmean,WGOA,Rpath,POL,2090,2643397.359,1551194.744,125077.4902,,pcod_rec
ssp585,Fmean,WGOA,Rpath,COD,2090,215962.2828,80613.94906,42418.22512,,pcod_rec
ssp585,Fmean,WGOA,Rpath,ATF,2090,1612676.462,572213.5164,22500.67008,,pcod_rec
ssp585,Fmean,WGOA,Rpath,POL,2091,2638444.314,1546873.783,124997.2206,,pcod_rec
ssp585,Fmean,WGOA,Rpath,COD,2091,210982.2856,80342.10294,41570.791,,pcod_rec
ssp585,Fmean,WGOA,Rpath,ATF,2091,1610103.394,570905.7909,22488.56652,,pcod_rec
ssp585,Fmean,WGOA,Rpath,POL,2092,2635844.354,1543881.969,124732.0472,,pcod_rec
ssp585,Fmean,WGOA,Rpath,COD,2092,206180.6323,78903.24813,40808.844,,pcod_rec
ssp585,Fmean,WGOA,Rpath,ATF,2092,1606695.587,568723.4239,22440.58149,,pcod_rec
ssp585,Fmean,WGOA,Rpath,POL,2093,2636869.588,1544460.129,124649.3554,,pcod_rec
ssp585,Fmean,WGOA,Rpath,COD,2093,202264.8158,78217.99009,39903.1536,,pcod_rec
ssp585,Fmean,WGOA,Rpath,ATF,2093,1605581.101,567398.9209,22402.51899,,pcod_rec
ssp585,Fmean,WGOA,Rpath,POL,2094,2636844.857,1545275.192,124716.2333,,pcod_rec
ssp585,Fmean,WGOA,Rpath,COD,2094,200283.5642,78648.00111,38979.63646,,pcod_rec
ssp585,Fmean,WGOA,Rpath,ATF,2094,1606561.8,567146.8588,22403.39772,,pcod_rec
ssp585,Fmean,WGOA,Rpath,POL,2095,2640300.566,1549578.355,124788.0873,,pcod_rec
ssp585,Fmean,WGOA,Rpath,COD,2095,200031.0834,77833.93703,38239.55467,,pcod_rec
ssp585,Fmean,WGOA,Rpath,ATF,2095,1610440.178,568487.0503,22429.03422,,pcod_rec
ssp585,Fmean,WGOA,Rpath,POL,2096,2634194.745,1546751.634,124832.2876,,pcod_rec
ssp585,Fmean,WGOA,Rpath,COD,2096,203722.6773,74463.34876,38131.41955,,pcod_rec
ssp585,Fmean,WGOA,Rpath,ATF,2096,1612879.93,569393.9619,22486.37699,,pcod_rec
ssp585,Fmean,WGOA,Rpath,POL,2097,2637945.028,1551639.147,124645.9152,,pcod_rec
ssp585,Fmean,WGOA,Rpath,COD,2097,210006.3267,70396.69454,38464.04255,,pcod_rec
ssp585,Fmean,WGOA,Rpath,ATF,2097,1616913.897,571183.5236,22513.44474,,pcod_rec
ssp585,Fmean,WGOA,Rpath,POL,2098,2629264.868,1547355.091,124675.9436,,pcod_rec
ssp585,Fmean,WGOA,Rpath,COD,2098,214184.0341,65840.01579,39866.16885,,pcod_rec
ssp585,Fmean,WGOA,Rpath,ATF,2098,1619922.915,573078.3125,22579.31734,,pcod_rec
ssp585,Fmean,WGOA,Rpath,POL,2099,2609607.841,1530781.98,123920.7708,,pcod_rec
ssp585,Fmean,WGOA,Rpath,COD,2099,218995.7896,61907.02677,41834.38313,,pcod_rec
ssp585,Fmean,WGOA,Rpath,ATF,2099,1613265.849,570123.5136,22575.25101,,pcod_rec
persistence,F0,WGOA,Rpath,POL,1991,2884927.165,1690895.406,87828.01,,pcod_rec_pp
persistence,F0,WGOA,Rpath,COD,1991,399280.2939,93224.23736,64466.82999,,pcod_rec_pp
persistence,F0,WGOA,Rpath,ATF,1991,1554327.805,597326.9774,16958.38001,,pcod_rec_pp
persistence,F0,WGOA,Rpath,POL,1992,2892495.913,1696087.278,90585.18996,,pcod_rec_pp
persistence,F0,WGOA,Rpath,COD,1992,371842.9001,88999.22879,78966.50009,,pcod_rec_pp
persistence,F0,WGOA,Rpath,ATF,1992,1551901.376,598021.2117,20482.18006,,pcod_rec_pp
persistence,F0,WGOA,Rpath,POL,1993,2886917.46,1690078.21,108230.1801,,pcod_rec_pp
persistence,F0,WGOA,Rpath,COD,1993,375328.1754,91984.46817,45849.17007,,pcod_rec_pp
persistence,F0,WGOA,Rpath,ATF,1993,1551566.347,599298.1593,18294.44992,,pcod_rec_pp
persistence,F0,WGOA,Rpath,POL,1994,2891612.897,1691340.87,100412.3599,,pcod_rec_pp
persistence,F0,WGOA,Rpath,COD,1994,374238.5054,92168.02449,45610.57997,,pcod_rec_pp
persistence,F0,WGOA,Rpath,ATF,1994,1547453.432,598480.5088,21993.23998,,pcod_rec_pp
persistence,F0,WGOA,Rpath,POL,1995,2920445.243,1709974.752,69168.12993,,pcod_rec_pp
persistence,F0,WGOA,Rpath,COD,1995,354241.1182,88060.92648,67907.17999,,pcod_rec_pp
persistence,F0,WGOA,Rpath,ATF,1995,1548788.073,599203.4556,17415.49004,,pcod_rec_pp
persistence,F0,WGOA,Rpath,POL,1996,2949537.5,1727520.768,49825.87004,,pcod_rec_pp
persistence,F0,WGOA,Rpath,COD,1996,348901.2699,89289.89982,55391.6601,,pcod_rec_pp
persistence,F0,WGOA,Rpath,ATF,1996,1545296.542,597141.1539,21555.6099,,pcod_rec_pp
persistence,F0,WGOA,Rpath,POL,1997,2946193.762,1722365.564,84179.64997,,pcod_rec_pp
persistence,F0,WGOA,Rpath,COD,1997,339607.8718,88455.84666,58920.57999,,pcod_rec_pp
persistence,F0,WGOA,Rpath,ATF,1997,1547340.939,596389.7317,14758.27989,,pcod_rec_pp
persistence,F0,WGOA,Rpath,POL,1998,3007840.548,1762267.823,5428.379998,,pcod_rec_pp
persistence,F0,WGOA,Rpath,COD,1998,338402.0081,87897.09963,50218.95011,,pcod_rec_pp
persistence,F0,WGOA,Rpath,ATF,1998,1552042.171,596282.5118,12377.19001,,pcod_rec_pp
persistence,F0,WGOA,Rpath,POL,1999,2993956.264,1751820.359,90556.90006,,pcod_rec_pp
persistence,F0,WGOA,Rpath,COD,1999,323385.5045,83134.3282,66264.6701,,pcod_rec_pp
persistence,F0,WGOA,Rpath,ATF,1999,1556822.572,596729.6537,14649.22992,,pcod_rec_pp
persistence,F0,WGOA,Rpath,POL,2000,3049484.669,1789601.224,5552.830105,,pcod_rec_pp
persistence,F0,WGOA,Rpath,COD,2000,321234.7048,82993.63067,53384.86994,,pcod_rec_pp
persistence,F0,WGOA,Rpath,ATF,2000,1555589.603,595731.5303,22993.75009,,pcod_rec_pp
persistence,F0,WGOA,Rpath,POL,2001,3082953.386,1808450.385,3452.299979,,pcod_rec_pp
persistence,F0,WGOA,Rpath,COD,2001,327836.0522,85350.66779,40517.40995,,pcod_rec_pp
persistence,F0,WGOA,Rpath,ATF,2001,1559150.397,597017.2815,17416.19999,,pcod_rec_pp
persistence,F0,WGOA,Rpath,POL,2002,3117695.911,1828996.892,1698.029945,,pcod_rec_pp
persistence,F0,WGOA,Rpath,COD,2002,329657.1998,86672.3968,41567.98996,,pcod_rec_pp
persistence,F0,WGOA,Rpath,ATF,2002,1561074.367,598208.7603,20173.56001,,pcod_rec_pp
persistence,F0,WGOA,Rpath,POL,2003,3105660.591,1817041.088,48590.07701,,pcod_rec_pp
persistence,F0,WGOA,Rpath,COD,2003,321002.2329,86072.65487,52365.75509,,pcod_rec_pp
persistence,F0,WGOA,Rpath,ATF,2003,1552272.454,595288.6341,30169.77189,,pcod_rec_pp
persistence,F0,WGOA,Rpath,POL,2004,3100496.18,1811816.72,62434.43992,,pcod_rec_pp
persistence,F0,WGOA,Rpath,COD,2004,310907.3461,86861.68446,56450.24197,,pcod_rec_pp
persistence,F0,WGOA,Rpath,ATF,2004,1557805.526,597533.7477,15634.90804,,pcod_rec_pp
persistence,F0,WGOA,Rpath,POL,2005,3085140.756,1801622.597,78302.79193,,pcod_rec_pp
persistence,F0,WGOA,Rpath,COD,2005,308747.7124,89355.03295,47523.77993,,pcod_rec_pp
persistence,F0,WGOA,Rpath,ATF,2005,1557456.933,596651.5277,19923.57305,,pcod_rec_pp
persistence,F0,WGOA,Rpath,POL,2006,3088115.7,1805154.794,68928.30799,,pcod_rec_pp
persistence,F0,WGOA,Rpath,COD,2006,305285.4254,89662.84203,47767.07996,,pcod_rec_pp
persistence,F0,WGOA,Rpath,ATF,2006,1552052.557,593803.972,27622.69892,,pcod_rec_pp
persistence,F0,WGOA,Rpath,POL,2007,3108388.666,1820162.189,51572.307,,pcod_rec_pp
persistence,F0,WGOA,Rpath,COD,2007,298656.828,86970.58416,51812.178,,pcod_rec_pp
persistence,F0,WGOA,Rpath,ATF,2007,1552833.111,593773.0969,25346.98698,,pcod_rec_pp
persistence,F0,WGOA,Rpath,POL,2008,3122657.328,1829614.826,50786.20601,,pcod_rec_pp
persistence,F0,WGOA,Rpath,COD,2008,288014.1972,83738.42574,58386.38403,,pcod_rec_pp
persistence,F0,WGOA,Rpath,ATF,2008,1551453.517,592951.9777,29205.93997,,pcod_rec_pp
persistence,F0,WGOA,Rpath,POL,2009,3143273.399,1841984.82,41549.50308,,pcod_rec_pp
persistence,F0,WGOA,Rpath,COD,2009,284535.8483,83301.56554,51788.98001,,pcod_rec_pp
persistence,F0,WGOA,Rpath,ATF,2009,1555113.026,594046.2661,24831.74204,,pcod_rec_pp
persistence,F0,WGOA,Rpath,POL,2010,3136117.031,1835292.146,73443.38423,,pcod_rec_pp
persistence,F0,WGOA,Rpath,COD,2010,260387.0744,76717.56805,76954.1546,,pcod_rec_pp
persistence,F0,WGOA,Rpath,ATF,2010,1558263.173,594362.5648,24339.44647,,pcod_rec_pp
persistence,F0,WGOA,Rpath,POL,2011,3141056.088,1838289.751,77694.47962,,pcod_rec_pp
persistence,F0,WGOA,Rpath,COD,2011,234318.5161,69543.30604,83710.47539,,pcod_rec_pp
persistence,F0,WGOA,Rpath,ATF,2011,1557071.61,592792.1032,30911.82176,,pcod_rec_pp
persistence,F0,WGOA,Rpath,POL,2012,3133568.472,1833854.712,98934.69122,,pcod_rec_pp
persistence,F0,WGOA,Rpath,COD,2012,216652.3988,64116.82151,76871.10999,,pcod_rec_pp
persistence,F0,WGOA,Rpath,ATF,2012,1567597.99,595605.7671,20761.90991,,pcod_rec_pp
persistence,F0,WGOA,Rpath,POL,2013,3129803.327,1832301.647,90796.63161,,pcod_rec_pp
persistence,F0,WGOA,Rpath,COD,2013,207097.746,61173.05499,66829.78162,,pcod_rec_pp
persistence,F0,WGOA,Rpath,ATF,2013,1575636.643,596480.792,21809.31232,,pcod_rec_pp
persistence,F0,WGOA,Rpath,POL,2014,3087331.432,1803398.136,138948.062,,pcod_rec_pp
persistence,F0,WGOA,Rpath,COD,2014,180191.4473,54326.17477,83491.7282,,pcod_rec_pp
persistence,F0,WGOA,Rpath,ATF,2014,1567912.163,590069.7527,36524.50153,,pcod_rec_pp
persistence,F0,WGOA,Rpath,POL,2015,3045526.286,1775739.079,162807.646,,pcod_rec_pp
persistence,F0,WGOA,Rpath,COD,2015,157932.7221,48934.44114,77689.99201,,pcod_rec_pp
persistence,F0,WGOA,Rpath,ATF,2015,1577268.818,588791.536,19296.58722,,pcod_rec_pp
persistence,F0,WGOA,Rpath,POL,2016,3007798.292,1753763.798,173086.3524,,pcod_rec_pp
persistence,F0,WGOA,Rpath,COD,2016,147656.6154,47339.00977,62867.32743,,pcod_rec_pp
persistence,F0,WGOA,Rpath,ATF,2016,1586289.943,586210.8787,19976.29419,,pcod_rec_pp
persistence,F0,WGOA,Rpath,POL,2017,2976739.358,1738811.225,184220.0285,,pcod_rec_pp
persistence,F0,WGOA,Rpath,COD,2017,147736.1447,50239.67431,48204.21467,,pcod_rec_pp
persistence,F0,WGOA,Rpath,ATF,2017,1591593.276,581990.6601,27053.50899,,pcod_rec_pp
persistence,F0,WGOA,Rpath,POL,2018,2968841.332,1740812.462,150815.1922,,pcod_rec_pp
persistence,F0,WGOA,Rpath,COD,2018,174522.2292,61112.90393,14681.2982,,pcod_rec_pp
persistence,F0,WGOA,Rpath,ATF,2018,1607270.211,582229.7484,18870.25094,,pcod_rec_pp
persistence,F0,WGOA,Rpath,POL,2019,2976191.205,1750709.517,110649.2716,,pcod_rec_pp
persistence,F0,WGOA,Rpath,COD,2019,197788.813,66355.87669,15200.42058,,pcod_rec_pp
persistence,F0,WGOA,Rpath,ATF,2019,1614692.328,580069.5368,24567.05196,,pcod_rec_pp
persistence,F0,WGOA,Rpath,POL,2020,2989800.234,1764764.179,99971.06489,,pcod_rec_pp
persistence,F0,WGOA,Rpath,COD,2020,228117.2462,75554.1577,6085.249339,,pcod_rec_pp
persistence,F0,WGOA,Rpath,ATF,2020,1626337.879,581528.2622,21115.8993,,pcod_rec_pp
persistence,F0,WGOA,Rpath,POL,2021,2995471.355,1772438.505,93869.85877,,pcod_rec_pp
persistence,F0,WGOA,Rpath,COD,2021,246074.3727,80181.00935,18686.81231,,pcod_rec_pp
persistence,F0,WGOA,Rpath,ATF,2021,1646164.511,588168.3007,9846.300133,,pcod_rec_pp
persistence,F0,WGOA,Rpath,POL,2022,2974120.546,1761962.339,123494.0341,,pcod_rec_pp
persistence,F0,WGOA,Rpath,COD,2022,260979.5272,80696.13341,25387.70532,,pcod_rec_pp
persistence,F0,WGOA,Rpath,ATF,2022,1660853.239,595237.3018,11531.83168,,pcod_rec_pp
persistence,F0,WGOA,Rpath,POL,2023,2954851.425,1752685.59,124964.8454,,pcod_rec_pp
persistence,F0,WGOA,Rpath,COD,2023,281428.0876,80437.53839,21018.29691,,pcod_rec_pp
persistence,F0,WGOA,Rpath,ATF,2023,1673786.771,603767.5153,9114.887409,,pcod_rec_pp
persistence,F0,WGOA,Rpath,POL,2024,3027028.356,1805008.94,0,,pcod_rec_pp
persistence,F0,WGOA,Rpath,COD,2024,318578.5345,85647.45545,0,,pcod_rec_pp
persistence,F0,WGOA,Rpath,ATF,2024,1692346.588,615925.9435,0,,pcod_rec_pp
persistence,F0,WGOA,Rpath,POL,2025,3068557.401,1833252.367,0,,pcod_rec_pp
persistence,F0,WGOA,Rpath,COD,2025,349935.2431,89592.99109,0,,pcod_rec_pp
persistence,F0,WGOA,Rpath,ATF,2025,1707692.855,627451.8718,0,,pcod_rec_pp
persistence,F0,WGOA,Rpath,POL,2026,3097588.978,1852722.443,0,,pcod_rec_pp
persistence,F0,WGOA,Rpath,COD,2026,376995.8389,94557.91934,0,,pcod_rec_pp
persistence,F0,WGOA,Rpath,ATF,2026,1720938.162,638088.3656,0,,pcod_rec_pp
persistence,F0,WGOA,Rpath,POL,2027,3117209.927,1865125.839,0,,pcod_rec_pp
persistence,F0,WGOA,Rpath,COD,2027,400357.9266,100868.6472,0,,pcod_rec_pp
persistence,F0,WGOA,Rpath,ATF,2027,1731484.868,646680.372,0,,pcod_rec_pp
persistence,F0,WGOA,Rpath,POL,2028,3130108.191,1873207.31,0,,pcod_rec_pp
persistence,F0,WGOA,Rpath,COD,2028,420459.311,107598.0814,0,,pcod_rec_pp
persistence,F0,WGOA,Rpath,ATF,2028,1739505.202,652927.2801,0,,pcod_rec_pp
persistence,F0,WGOA,Rpath,POL,2029,3138679.446,1878931.31,0,,pcod_rec_pp
persistence,F0,WGOA,Rpath,COD,2029,437738.2836,113727.9031,0,,pcod_rec_pp
persistence,F0,WGOA,Rpath,ATF,2029,1745554.152,657061.4941,0,,pcod_rec_pp
persistence,F0,WGOA,Rpath,POL,2030,3144504.998,1883372.032,0,,pcod_rec_pp
persistence,F0,WGOA,Rpath,COD,2030,452631.9066,118853.1933,0,,pcod_rec_pp
persistence,F0,WGOA,Rpath,ATF,2030,1750274.743,659326.0841,0,,pcod_rec_pp
persistence,F0,WGOA,Rpath,POL,2031,3148589.314,1887019.232,0,,pcod_rec_pp
persistence,F0,WGOA,Rpath,COD,2031,465594.3605,122853.427,0,,pcod_rec_pp
persistence,F0,WGOA,Rpath,ATF,2031,1754190.209,660076.7214,0,,pcod_rec_pp
persistence,F0,WGOA,Rpath,POL,2032,3151642.481,1890141.277,0,,pcod_rec_pp
persistence,F0,WGOA,Rpath,COD,2032,477041.9704,125616.5722,0,,pcod_rec_pp
persistence,F0,WGOA,Rpath,ATF,2032,1757644.353,659898.7324,0,,pcod_rec_pp
persistence,F0,WGOA,Rpath,POL,2033,3154214.161,1892947.851,0,,pcod_rec_pp
persistence,F0,WGOA,Rpath,COD,2033,487292.5066,127291.7989,0,,pcod_rec_pp
persistence,F0,WGOA,Rpath,ATF,2033,1760824.81,659389.6091,0,,pcod_rec_pp
persistence,F0,WGOA,Rpath,POL,2034,3156729.721,1895618.32,0,,pcod_rec_pp
persistence,F0,WGOA,Rpath,COD,2034,496572.4229,128217.6079,0,,pcod_rec_pp
persistence,F0,WGOA,Rpath,ATF,2034,1763810.934,659032.43,0,,pcod_rec_pp
persistence,F0,WGOA,Rpath,POL,2035,3159509.777,1898301.732,0,,pcod_rec_pp
persistence,F0,WGOA,Rpath,COD,2035,505038.6552,128754.5533,0,,pcod_rec_pp
persistence,F0,WGOA,Rpath,ATF,2035,1766619.318,659126.0089,0,,pcod_rec_pp
persistence,F0,WGOA,Rpath,POL,2036,3162801.413,1901129.125,0,,pcod_rec_pp
persistence,F0,WGOA,Rpath,COD,2036,512800.6606,129169.4796,0,,pcod_rec_pp
persistence,F0,WGOA,Rpath,ATF,2036,1769240.958,659784.7378,0,,pcod_rec_pp
persistence,F0,WGOA,Rpath,POL,2037,3166806.02,1904226.689,0,,pcod_rec_pp
persistence,F0,WGOA,Rpath,COD,2037,519940.8392,129650.8255,0,,pcod_rec_pp
persistence,F0,WGOA,Rpath,ATF,2037,1771668.714,660977.871,0,,pcod_rec_pp
persistence,F0,WGOA,Rpath,POL,2038,3171686.992,1907714.762,0,,pcod_rec_pp
persistence,F0,WGOA,Rpath,COD,2038,526532.7595,130219.3919,0,,pcod_rec_pp
persistence,F0,WGOA,Rpath,ATF,2038,1773913.755,662574.1346,0,,pcod_rec_pp
persistence,F0,WGOA,Rpath,POL,2039,3177559.436,1911693.92,0,,pcod_rec_pp
persistence,F0,WGOA,Rpath,COD,2039,532650.4105,130854.7921,0,,pcod_rec_pp
persistence,F0,WGOA,Rpath,ATF,2039,1776010.877,664397.8696,0,,pcod_rec_pp
persistence,F0,WGOA,Rpath,POL,2040,3184476.793,1916229.659,0,,pcod_rec_pp
persistence,F0,WGOA,Rpath,COD,2040,538370.8781,131477.6998,0,,pcod_rec_pp
persistence,F0,WGOA,Rpath,ATF,2040,1778014.721,666256.0139,0,,pcod_rec_pp
persistence,F0,WGOA,Rpath,POL,2041,3192425.329,1921343.256,0,,pcod_rec_pp
persistence,F0,WGOA,Rpath,COD,2041,543767.2691,131987.7661,0,,pcod_rec_pp
persistence,F0,WGOA,Rpath,ATF,2041,1779990.219,668005.3958,0,,pcod_rec_pp
persistence,F0,WGOA,Rpath,POL,2042,3201325.948,1927009.48,0,,pcod_rec_pp
persistence,F0,WGOA,Rpath,COD,2042,548902.6673,132318.1821,0,,pcod_rec_pp
persistence,F0,WGOA,Rpath,ATF,2042,1782001.156,669563.3989,0,,pcod_rec_pp
persistence,F0,WGOA,Rpath,POL,2043,3211041.419,1933158.713,0,,pcod_rec_pp
persistence,F0,WGOA,Rpath,COD,2043,553822.4078,132465.6938,0,,pcod_rec_pp
persistence,F0,WGOA,Rpath,ATF,2043,1784100.079,670910.1066,0,,pcod_rec_pp
persistence,F0,WGOA,Rpath,POL,2044,3221384.297,1939682.202,0,,pcod_rec_pp
persistence,F0,WGOA,Rpath,COD,2044,558554.4571,132427.6673,0,,pcod_rec_pp
persistence,F0,WGOA,Rpath,ATF,2044,1786321.459,672076.5117,0,,pcod_rec_pp
persistence,F0,WGOA,Rpath,POL,2045,3232129.834,1946441.287,0,,pcod_rec_pp
persistence,F0,WGOA,Rpath,COD,2045,563105.0311,132301.9773,0,,pcod_rec_pp
persistence,F0,WGOA,Rpath,ATF,2045,1788678.916,673124.9643,0,,pcod_rec_pp
persistence,F0,WGOA,Rpath,POL,2046,3243038.898,1953285.207,0,,pcod_rec_pp
persistence,F0,WGOA,Rpath,COD,2046,567469.4438,132132.2276,0,,pcod_rec_pp
persistence,F0,WGOA,Rpath,ATF,2046,1791165.982,674127.5775,0,,pcod_rec_pp
persistence,F0,WGOA,Rpath,POL,2047,3253899.027,1960080.97,0,,pcod_rec_pp
persistence,F0,WGOA,Rpath,COD,2047,571632.6424,131983.5214,0,,pcod_rec_pp
persistence,F0,WGOA,Rpath,ATF,2047,1793759.752,675147.3332,0,,pcod_rec_pp
persistence,F0,WGOA,Rpath,POL,2048,3264566.717,1966741.802,0,,pcod_rec_pp
persistence,F0,WGOA,Rpath,COD,2048,575581.9884,131931.7577,0,,pcod_rec_pp
persistence,F0,WGOA,Rpath,ATF,2048,1796427.536,676225.5954,0,,pcod_rec_pp
persistence,F0,WGOA,Rpath,POL,2049,3274984.599,1973237.837,0,,pcod_rec_pp
persistence,F0,WGOA,Rpath,COD,2049,579314.4035,131961.3288,0,,pcod_rec_pp
persistence,F0,WGOA,Rpath,ATF,2049,1799134.203,677377.7567,0,,pcod_rec_pp
persistence,F0,WGOA,Rpath,POL,2050,3285166.038,1979583.867,0,,pcod_rec_pp
persistence,F0,WGOA,Rpath,COD,2050,582829.5101,132062.3508,0,,pcod_rec_pp
persistence,F0,WGOA,Rpath,ATF,2050,1801848.616,678596.0305,0,,pcod_rec_pp
persistence,F0,WGOA,Rpath,POL,2051,3295159.363,1985814.674,0,,pcod_rec_pp
persistence,F0,WGOA,Rpath,COD,2051,586137.8331,132230.4203,0,,pcod_rec_pp
persistence,F0,WGOA,Rpath,ATF,2051,1804547.905,679856.9563,0,,pcod_rec_pp
persistence,F0,WGOA,Rpath,POL,2052,3305013.457,1991963.592,0,,pcod_rec_pp
persistence,F0,WGOA,Rpath,COD,2052,589258.0537,132407.3647,0,,pcod_rec_pp
persistence,F0,WGOA,Rpath,ATF,2052,1807218.364,681130.1697,0,,pcod_rec_pp
persistence,F0,WGOA,Rpath,POL,2053,3314753.385,1998047.53,0,,pcod_rec_pp
persistence,F0,WGOA,Rpath,COD,2053,592209.805,132557.997,0,,pcod_rec_pp
persistence,F0,WGOA,Rpath,ATF,2053,1809854.033,682386.4319,0,,pcod_rec_pp
persistence,F0,WGOA,Rpath,POL,2054,3324364.001,2004055.976,0,,pcod_rec_pp
persistence,F0,WGOA,Rpath,COD,2054,595010.5787,132661.0999,0,,pcod_rec_pp
persistence,F0,WGOA,Rpath,ATF,2054,1812454.257,683603.5693,0,,pcod_rec_pp
persistence,F0,WGOA,Rpath,POL,2055,3333785.195,2009949.096,0,,pcod_rec_pp
persistence,F0,WGOA,Rpath,COD,2055,597672.1188,132721.8702,0,,pcod_rec_pp
persistence,F0,WGOA,Rpath,ATF,2055,1815020.439,684769.0648,0,,pcod_rec_pp
persistence,F0,WGOA,Rpath,POL,2056,3342916.008,2015661.478,0,,pcod_rec_pp
persistence,F0,WGOA,Rpath,COD,2056,600200.6706,132745.6301,0,,pcod_rec_pp
persistence,F0,WGOA,Rpath,ATF,2056,1817553.136,685879.7516,0,,pcod_rec_pp
persistence,F0,WGOA,Rpath,POL,2057,3351630.664,2021113.042,0,,pcod_rec_pp
persistence,F0,WGOA,Rpath,COD,2057,602597.413,132738.7825,0,,pcod_rec_pp
persistence,F0,WGOA,Rpath,ATF,2057,1820049.804,686939.1847,0,,pcod_rec_pp
persistence,F0,WGOA,Rpath,POL,2058,3359812.748,2026231.554,0,,pcod_rec_pp
persistence,F0,WGOA,Rpath,COD,2058,604858.6532,132721.0999,0,,pcod_rec_pp
persistence,F0,WGOA,Rpath,ATF,2058,1822503.72,687953.954,0,,pcod_rec_pp
persistence,F0,WGOA,Rpath,POL,2059,3367394.639,2030977.968,0,,pcod_rec_pp
persistence,F0,WGOA,Rpath,COD,2059,606980.8835,132710.9116,0,,pcod_rec_pp
persistence,F0,WGOA,Rpath,ATF,2059,1824904.582,688930.4429,0,,pcod_rec_pp
persistence,F0,WGOA,Rpath,POL,2060,3374379.993,2035359.465,0,,pcod_rec_pp
persistence,F0,WGOA,Rpath,COD,2060,608963.5558,132720.6728,0,,pcod_rec_pp
persistence,F0,WGOA,Rpath,ATF,2060,1827240.436,689872.7914,0,,pcod_rec_pp
persistence,F0,WGOA,Rpath,POL,2061,3380836.256,2039422.517,0,,pcod_rec_pp
persistence,F0,WGOA,Rpath,COD,2061,610810.4511,132769.8888,0,,pcod_rec_pp
persistence,F0,WGOA,Rpath,ATF,2061,1829500.228,690782.4975,0,,pcod_rec_pp
persistence,F0,WGOA,Rpath,POL,2062,3386865.326,2043232.732,0,,pcod_rec_pp
persistence,F0,WGOA,Rpath,COD,2062,612530.1642,132838.4617,0,,pcod_rec_pp
persistence,F0,WGOA,Rpath,ATF,2062,1831675.923,691659.2863,0,,pcod_rec_pp
persistence,F0,WGOA,Rpath,POL,2063,3392571.018,2046853.921,0,,pcod_rec_pp
persistence,F0,WGOA,Rpath,COD,2063,614132.6466,132918.8448,0,,pcod_rec_pp
persistence,F0,WGOA,Rpath,ATF,2063,1833763.216,692502.1968,0,,pcod_rec_pp
persistence,F0,WGOA,Rpath,POL,2064,3398033.987,2050333.045,0,,pcod_rec_pp
persistence,F0,WGOA,Rpath,COD,2064,615628.889,133000.3903,0,,pcod_rec_pp
persistence,F0,WGOA,Rpath,ATF,2064,1835761.234,693310.6276,0,,pcod_rec_pp
persistence,F0,WGOA,Rpath,POL,2065,3403296.643,2053691.962,0,,pcod_rec_pp
persistence,F0,WGOA,Rpath,COD,2065,617029.5917,133072.7647,0,,pcod_rec_pp
persistence,F0,WGOA,Rpath,ATF,2065,1837671.624,694085.1195,0,,pcod_rec_pp
persistence,F0,WGOA,Rpath,POL,2066,3408357.028,2056924.486,0,,pcod_rec_pp
persistence,F0,WGOA,Rpath,COD,2066,618343.4989,133128.6075,0,,pcod_rec_pp
persistence,F0,WGOA,Rpath,ATF,2066,1839497.154,694827.3581,0,,pcod_rec_pp
persistence,F0,WGOA,Rpath,POL,2067,3413171.41,2059998.717,0,,pcod_rec_pp
persistence,F0,WGOA,Rpath,COD,2067,619576.4379,133164.757,0,,pcod_rec_pp
persistence,F0,WGOA,Rpath,ATF,2067,1841240.363,695539.6865,0,,pcod_rec_pp
persistence,F0,WGOA,Rpath,POL,2068,3417669.063,2062867.198,0,,pcod_rec_pp
persistence,F0,WGOA,Rpath,COD,2068,620731.3118,133182.6122,0,,pcod_rec_pp
persistence,F0,WGOA,Rpath,ATF,2068,1842902.461,696224.2921,0,,pcod_rec_pp
persistence,F0,WGOA,Rpath,POL,2069,3421779.708,2065485.09,0,,pcod_rec_pp
persistence,F0,WGOA,Rpath,COD,2069,621809.023,133187.8058,0,,pcod_rec_pp
persistence,F0,WGOA,Rpath,ATF,2069,1844482.573,696882.1775,0,,pcod_rec_pp
persistence,F0,WGOA,Rpath,POL,2070,3425465.554,2067830.607,0,,pcod_rec_pp
persistence,F0,WGOA,Rpath,COD,2070,622810.1652,133194.9049,0,,pcod_rec_pp
persistence,F0,WGOA,Rpath,ATF,2070,1845978.006,697512.6887,0,,pcod_rec_pp
persistence,F0,WGOA,Rpath,POL,2071,3428741.204,2069916.582,0,,pcod_rec_pp
persistence,F0,WGOA,Rpath,COD,2071,623736.871,133201.4358,0,,pcod_rec_pp
persistence,F0,WGOA,Rpath,ATF,2071,1847385.463,698113.8243,0,,pcod_rec_pp
persistence,F0,WGOA,Rpath,POL,2072,3431671.093,2071786.95,0,,pcod_rec_pp
persistence,F0,WGOA,Rpath,COD,2072,624592.3619,133212.3216,0,,pcod_rec_pp
persistence,F0,WGOA,Rpath,ATF,2072,1848702.504,698683.0766,0,,pcod_rec_pp
persistence,F0,WGOA,Rpath,POL,2073,3434348.489,2073501.93,0,,pcod_rec_pp
persistence,F0,WGOA,Rpath,COD,2073,625381.5704,133229.8685,0,,pcod_rec_pp
persistence,F0,WGOA,Rpath,ATF,2073,1849928.723,699218.5651,0,,pcod_rec_pp
persistence,F0,WGOA,Rpath,POL,2074,3436868.775,2075120.788,0,,pcod_rec_pp
persistence,F0,WGOA,Rpath,COD,2074,626110.685,133254.0568,0,,pcod_rec_pp
persistence,F0,WGOA,Rpath,ATF,2074,1851066.142,699719.9594,0,,pcod_rec_pp
persistence,F0,WGOA,Rpath,POL,2075,3439307.626,2076688.635,0,,pcod_rec_pp
persistence,F0,WGOA,Rpath,COD,2075,626786.1868,133282.9235,0,,pcod_rec_pp
persistence,F0,WGOA,Rpath,ATF,2075,1852118.793,700188.8543,0,,pcod_rec_pp
persistence,F0,WGOA,Rpath,POL,2076,3441707.286,2078228.646,0,,pcod_rec_pp
persistence,F0,WGOA,Rpath,COD,2076,627413.9738,133313.2773,0,,pcod_rec_pp
persistence,F0,WGOA,Rpath,ATF,2076,1853091.883,700628.608,0,,pcod_rec_pp
persistence,F0,WGOA,Rpath,POL,2077,3444070.788,2079739.137,0,,pcod_rec_pp
persistence,F0,WGOA,Rpath,COD,2077,627998.7281,133341.7655,0,,pcod_rec_pp
persistence,F0,WGOA,Rpath,ATF,2077,1853990.829,701043.7349,0,,pcod_rec_pp
persistence,F0,WGOA,Rpath,POL,2078,3446364.666,2081195.903,0,,pcod_rec_pp
persistence,F0,WGOA,Rpath,COD,2078,628543.6129,133365.8493,0,,pcod_rec_pp
persistence,F0,WGOA,Rpath,ATF,2078,1854820.324,701438.964,0,,pcod_rec_pp
persistence,F0,WGOA,Rpath,POL,2079,3448531.129,2082560.541,0,,pcod_rec_pp
persistence,F0,WGOA,Rpath,COD,2079,629050.3492,133383.7233,0,,pcod_rec_pp
persistence,F0,WGOA,Rpath,ATF,2079,1855583.575,701818.1809,0,,pcod_rec_pp
persistence,F0,WGOA,Rpath,POL,2080,3450510.206,2083795.075,0,,pcod_rec_pp
persistence,F0,WGOA,Rpath,COD,2080,629519.686,133394.6647,0,,pcod_rec_pp
persistence,F0,WGOA,Rpath,ATF,2080,1856281.877,702183.5106,0,,pcod_rec_pp
persistence,F0,WGOA,Rpath,POL,2081,3452264.972,2084877.994,0,,pcod_rec_pp
persistence,F0,WGOA,Rpath,COD,2081,629952.1998,133399.2045,0,,pcod_rec_pp
persistence,F0,WGOA,Rpath,ATF,2081,1856914.86,702534.9404,0,,pcod_rec_pp
persistence,F0,WGOA,Rpath,POL,2082,3453798.632,2085814.318,0,,pcod_rec_pp
persistence,F0,WGOA,Rpath,COD,2082,630349.0822,133399.0232,0,,pcod_rec_pp
persistence,F0,WGOA,Rpath,ATF,2082,1857481.414,702870.6711,0,,pcod_rec_pp
persistence,F0,WGOA,Rpath,POL,2083,3455154.614,2086634.348,0,,pcod_rec_pp
persistence,F0,WGOA,Rpath,COD,2083,630712.5287,133396.5792,0,,pcod_rec_pp
persistence,F0,WGOA,Rpath,ATF,2083,1857980.924,703188.0683,0,,pcod_rec_pp
persistence,F0,WGOA,Rpath,POL,2084,3456401.871,2087383.227,0,,pcod_rec_pp
persistence,F0,WGOA,Rpath,COD,2084,631045.63,133394.5471,0,,pcod_rec_pp
persistence,F0,WGOA,Rpath,ATF,2084,1858414.242,703484.8053,0,,pcod_rec_pp
persistence,F0,WGOA,Rpath,POL,2085,3457613.859,2088107.27,0,,pcod_rec_pp
persistence,F0,WGOA,Rpath,COD,2085,631351.9206,133395.2226,0,,pcod_rec_pp
persistence,F0,WGOA,Rpath,ATF,2085,1858784.039,703759.7961,0,,pcod_rec_pp
persistence,F0,WGOA,Rpath,POL,2086,3458849.885,2088842.475,0,,pcod_rec_pp
persistence,F0,WGOA,Rpath,COD,2086,631634.8582,133400.053,0,,pcod_rec_pp
persistence,F0,WGOA,Rpath,ATF,2086,1859094.55,704013.6616,0,,pcod_rec_pp
persistence,F0,WGOA,Rpath,POL,2087,3460142.445,2089607.177,0,,pcod_rec_pp
persistence,F0,WGOA,Rpath,COD,2087,631897.3913,133409.351,0,,pcod_rec_pp
persistence,F0,WGOA,Rpath,ATF,2087,1859350.9,704248.6792,0,,pcod_rec_pp
persistence,F0,WGOA,Rpath,POL,2088,3461491.721,2090399.169,0,,pcod_rec_pp
persistence,F0,WGOA,Rpath,COD,2088,632141.6794,133422.2593,0,,pcod_rec_pp
persistence,F0,WGOA,Rpath,ATF,2088,1859558.292,704468.2868,0,,pcod_rec_pp
persistence,F0,WGOA,Rpath,POL,2089,3462867.271,2091197.287,0,,pcod_rec_pp
persistence,F0,WGOA,Rpath,COD,2089,632368.9744,133436.9686,0,,pcod_rec_pp
persistence,F0,WGOA,Rpath,ATF,2089,1859721.246,704676.2915,0,,pcod_rec_pp
persistence,F0,WGOA,Rpath,POL,2090,3464217.935,2091968.18,0,,pcod_rec_pp
persistence,F0,WGOA,Rpath,COD,2090,632579.7187,133451.1613,0,,pcod_rec_pp
persistence,F0,WGOA,Rpath,ATF,2090,1859842.951,704875.9449,0,,pcod_rec_pp
persistence,F0,WGOA,Rpath,POL,2091,3465489.379,2092677.834,0,,pcod_rec_pp
persistence,F0,WGOA,Rpath,COD,2091,632773.8961,133462.6009,0,,pcod_rec_pp
persistence,F0,WGOA,Rpath,ATF,2091,1859924.927,705069.1392,0,,pcod_rec_pp
persistence,F0,WGOA,Rpath,POL,2092,3466643.966,2093304.186,0,,pcod_rec_pp
persistence,F0,WGOA,Rpath,COD,2092,632951.5437,133469.7272,0,,pcod_rec_pp
persistence,F0,WGOA,Rpath,ATF,2092,1859967.217,705256.0435,0,,pcod_rec_pp
persistence,F0,WGOA,Rpath,POL,2093,3467675.244,2093845.778,0,,pcod_rec_pp
persistence,F0,WGOA,Rpath,COD,2093,633113.2351,133472.0935,0,,pcod_rec_pp
persistence,F0,WGOA,Rpath,ATF,2093,1859969.085,705435.2997,0,,pcod_rec_pp
persistence,F0,WGOA,Rpath,POL,2094,3468609.764,2094321.928,0,,pcod_rec_pp
persistence,F0,WGOA,Rpath,COD,2094,633260.283,133470.4955,0,,pcod_rec_pp
persistence,F0,WGOA,Rpath,ATF,2094,1859929.992,705604.7343,0,,pcod_rec_pp
persistence,F0,WGOA,Rpath,POL,2095,3469496.853,2094765.393,0,,pcod_rec_pp
persistence,F0,WGOA,Rpath,COD,2095,633394.5922,133466.7441,0,,pcod_rec_pp
persistence,F0,WGOA,Rpath,ATF,2095,1859850.434,705762.277,0,,pcod_rec_pp
persistence,F0,WGOA,Rpath,POL,2096,3470392.396,2095211.756,0,,pcod_rec_pp
persistence,F0,WGOA,Rpath,COD,2096,633518.2953,133463.1612,0,,pcod_rec_pp
persistence,F0,WGOA,Rpath,ATF,2096,1859732.301,705906.7424,0,,pcod_rec_pp
persistence,F0,WGOA,Rpath,POL,2097,3471342.943,2095689.543,0,,pcod_rec_pp
persistence,F0,WGOA,Rpath,COD,2097,633633.3497,133461.9514,0,,pcod_rec_pp
persistence,F0,WGOA,Rpath,ATF,2097,1859578.756,706038.2748,0,,pcod_rec_pp
persistence,F0,WGOA,Rpath,POL,2098,3472374.266,2096213.489,0,,pcod_rec_pp
persistence,F0,WGOA,Rpath,COD,2098,633741.2335,133464.6235,0,,pcod_rec_pp
persistence,F0,WGOA,Rpath,ATF,2098,1859393.753,706158.3688,0,,pcod_rec_pp
persistence,F0,WGOA,Rpath,POL,2099,3473485.955,2096781.645,0,,pcod_rec_pp
persistence,F0,WGOA,Rpath,COD,2099,633842.7878,133471.6078,0,,pcod_rec_pp
persistence,F0,WGOA,Rpath,ATF,2099,1859181.365,706269.4995,0,,pcod_rec_pp
ssp126,F0,WGOA,Rpath,POL,1991,2884927.165,1690895.406,87828.01,,pcod_rec_pp
ssp126,F0,WGOA,Rpath,COD,1991,399280.2939,93224.23736,64466.82999,,pcod_rec_pp
ssp126,F0,WGOA,Rpath,ATF,1991,1554327.805,597326.9774,16958.38001,,pcod_rec_pp
ssp126,F0,WGOA,Rpath,POL,1992,2892495.913,1696087.278,90585.18996,,pcod_rec_pp
ssp126,F0,WGOA,Rpath,COD,1992,371842.9001,88999.22879,78966.50009,,pcod_rec_pp
ssp126,F0,WGOA,Rpath,ATF,1992,1551901.376,598021.2117,20482.18006,,pcod_rec_pp
ssp126,F0,WGOA,Rpath,POL,1993,2886917.46,1690078.21,108230.1801,,pcod_rec_pp
ssp126,F0,WGOA,Rpath,COD,1993,375328.1754,91984.46817,45849.17007,,pcod_rec_pp
ssp126,F0,WGOA,Rpath,ATF,1993,1551566.347,599298.1593,18294.44992,,pcod_rec_pp
ssp126,F0,WGOA,Rpath,POL,1994,2891612.897,1691340.87,100412.3599,,pcod_rec_pp
ssp126,F0,WGOA,Rpath,COD,1994,374238.5054,92168.02449,45610.57997,,pcod_rec_pp
ssp126,F0,WGOA,Rpath,ATF,1994,1547453.432,598480.5088,21993.23998,,pcod_rec_pp
ssp126,F0,WGOA,Rpath,POL,1995,2920445.243,1709974.752,69168.12993,,pcod_rec_pp
ssp126,F0,WGOA,Rpath,COD,1995,354241.1182,88060.92648,67907.17999,,pcod_rec_pp
ssp126,F0,WGOA,Rpath,ATF,1995,1548788.073,599203.4556,17415.49004,,pcod_rec_pp
ssp126,F0,WGOA,Rpath,POL,1996,2949537.5,1727520.768,49825.87004,,pcod_rec_pp
ssp126,F0,WGOA,Rpath,COD,1996,348901.2699,89289.89982,55391.6601,,pcod_rec_pp
ssp126,F0,WGOA,Rpath,ATF,1996,1545296.542,597141.1539,21555.6099,,pcod_rec_pp
ssp126,F0,WGOA,Rpath,POL,1997,2946193.762,1722365.564,84179.64997,,pcod_rec_pp
ssp126,F0,WGOA,Rpath,COD,1997,339607.8718,88455.84666,58920.57999,,pcod_rec_pp
ssp126,F0,WGOA,Rpath,ATF,1997,1547340.939,596389.7317,14758.27989,,pcod_rec_pp
ssp126,F0,WGOA,Rpath,POL,1998,3007840.548,1762267.823,5428.379998,,pcod_rec_pp
ssp126,F0,WGOA,Rpath,COD,1998,338402.0081,87897.09963,50218.95011,,pcod_rec_pp
ssp126,F0,WGOA,Rpath,ATF,1998,1552042.171,596282.5118,12377.19001,,pcod_rec_pp
ssp126,F0,WGOA,Rpath,POL,1999,2993956.264,1751820.359,90556.90006,,pcod_rec_pp
ssp126,F0,WGOA,Rpath,COD,1999,323385.5045,83134.3282,66264.6701,,pcod_rec_pp
ssp126,F0,WGOA,Rpath,ATF,1999,1556822.572,596729.6537,14649.22992,,pcod_rec_pp
ssp126,F0,WGOA,Rpath,POL,2000,3049484.669,1789601.224,5552.830105,,pcod_rec_pp
ssp126,F0,WGOA,Rpath,COD,2000,321234.7048,82993.63067,53384.86994,,pcod_rec_pp
ssp126,F0,WGOA,Rpath,ATF,2000,1555589.603,595731.5303,22993.75009,,pcod_rec_pp
ssp126,F0,WGOA,Rpath,POL,2001,3082953.386,1808450.385,3452.299979,,pcod_rec_pp
ssp126,F0,WGOA,Rpath,COD,2001,327836.0522,85350.66779,40517.40995,,pcod_rec_pp
ssp126,F0,WGOA,Rpath,ATF,2001,1559150.397,597017.2815,17416.19999,,pcod_rec_pp
ssp126,F0,WGOA,Rpath,POL,2002,3117695.911,1828996.892,1698.029945,,pcod_rec_pp
ssp126,F0,WGOA,Rpath,COD,2002,329657.1998,86672.3968,41567.98996,,pcod_rec_pp
ssp126,F0,WGOA,Rpath,ATF,2002,1561074.367,598208.7603,20173.56001,,pcod_rec_pp
ssp126,F0,WGOA,Rpath,POL,2003,3105660.591,1817041.088,48590.07701,,pcod_rec_pp
ssp126,F0,WGOA,Rpath,COD,2003,321002.2329,86072.65487,52365.75509,,pcod_rec_pp
ssp126,F0,WGOA,Rpath,ATF,2003,1552272.454,595288.6341,30169.77189,,pcod_rec_pp
ssp126,F0,WGOA,Rpath,POL,2004,3100496.18,1811816.72,62434.43992,,pcod_rec_pp
ssp126,F0,WGOA,Rpath,COD,2004,310907.3461,86861.68446,56450.24197,,pcod_rec_pp
ssp126,F0,WGOA,Rpath,ATF,2004,1557805.526,597533.7477,15634.90804,,pcod_rec_pp
ssp126,F0,WGOA,Rpath,POL,2005,3085140.756,1801622.597,78302.79193,,pcod_rec_pp
ssp126,F0,WGOA,Rpath,COD,2005,308747.7124,89355.03295,47523.77993,,pcod_rec_pp
ssp126,F0,WGOA,Rpath,ATF,2005,1557456.933,596651.5277,19923.57305,,pcod_rec_pp
ssp126,F0,WGOA,Rpath,POL,2006,3088115.7,1805154.794,68928.30799,,pcod_rec_pp
ssp126,F0,WGOA,Rpath,COD,2006,305285.4254,89662.84203,47767.07996,,pcod_rec_pp
ssp126,F0,WGOA,Rpath,ATF,2006,1552052.557,593803.972,27622.69892,,pcod_rec_pp
ssp126,F0,WGOA,Rpath,POL,2007,3108388.666,1820162.189,51572.307,,pcod_rec_pp
ssp126,F0,WGOA,Rpath,COD,2007,298656.828,86970.58416,51812.178,,pcod_rec_pp
ssp126,F0,WGOA,Rpath,ATF,2007,1552833.111,593773.0969,25346.98698,,pcod_rec_pp
ssp126,F0,WGOA,Rpath,POL,2008,3122657.328,1829614.826,50786.20601,,pcod_rec_pp
ssp126,F0,WGOA,Rpath,COD,2008,288014.1972,83738.42574,58386.38403,,pcod_rec_pp
ssp126,F0,WGOA,Rpath,ATF,2008,1551453.517,592951.9777,29205.93997,,pcod_rec_pp
ssp126,F0,WGOA,Rpath,POL,2009,3143273.399,1841984.82,41549.50308,,pcod_rec_pp
ssp126,F0,WGOA,Rpath,COD,2009,284535.8483,83301.56554,51788.98001,,pcod_rec_pp
ssp126,F0,WGOA,Rpath,ATF,2009,1555113.026,594046.2661,24831.74204,,pcod_rec_pp
ssp126,F0,WGOA,Rpath,POL,2010,3136117.031,1835292.146,73443.38423,,pcod_rec_pp
ssp126,F0,WGOA,Rpath,COD,2010,260387.0744,76717.56805,76954.1546,,pcod_rec_pp
ssp126,F0,WGOA,Rpath,ATF,2010,1558263.173,594362.5648,24339.44647,,pcod_rec_pp
ssp126,F0,WGOA,Rpath,POL,2011,3141056.088,1838289.751,77694.47962,,pcod_rec_pp
ssp126,F0,WGOA,Rpath,COD,2011,234318.5161,69543.30604,83710.47539,,pcod_rec_pp
ssp126,F0,WGOA,Rpath,ATF,2011,1557071.61,592792.1032,30911.82176,,pcod_rec_pp
ssp126,F0,WGOA,Rpath,POL,2012,3133568.472,1833854.712,98934.69122,,pcod_rec_pp
ssp126,F0,WGOA,Rpath,COD,2012,216652.3988,64116.82151,76871.10999,,pcod_rec_pp
ssp126,F0,WGOA,Rpath,ATF,2012,1567597.99,595605.7671,20761.90991,,pcod_rec_pp
ssp126,F0,WGOA,Rpath,POL,2013,3129803.327,1832301.647,90796.63161,,pcod_rec_pp
ssp126,F0,WGOA,Rpath,COD,2013,207097.746,61173.05499,66829.78162,,pcod_rec_pp
ssp126,F0,WGOA,Rpath,ATF,2013,1575636.643,596480.792,21809.31232,,pcod_rec_pp
ssp126,F0,WGOA,Rpath,POL,2014,3087331.432,1803398.136,138948.062,,pcod_rec_pp
ssp126,F0,WGOA,Rpath,COD,2014,180191.4473,54326.17477,83491.7282,,pcod_rec_pp
ssp126,F0,WGOA,Rpath,ATF,2014,1567912.163,590069.7527,36524.50153,,pcod_rec_pp
ssp126,F0,WGOA,Rpath,POL,2015,3045526.286,1775739.079,162807.646,,pcod_rec_pp
ssp126,F0,WGOA,Rpath,COD,2015,157932.7221,48934.44114,77689.99201,,pcod_rec_pp
ssp126,F0,WGOA,Rpath,ATF,2015,1577268.818,588791.536,19296.58722,,pcod_rec_pp
ssp126,F0,WGOA,Rpath,POL,2016,3007798.292,1753763.798,173086.3524,,pcod_rec_pp
ssp126,F0,WGOA,Rpath,COD,2016,147656.6154,47339.00977,62867.32743,,pcod_rec_pp
ssp126,F0,WGOA,Rpath,ATF,2016,1586289.943,586210.8787,19976.29419,,pcod_rec_pp
ssp126,F0,WGOA,Rpath,POL,2017,2976739.358,1738811.225,184220.0285,,pcod_rec_pp
ssp126,F0,WGOA,Rpath,COD,2017,147736.1447,50239.67431,48204.21467,,pcod_rec_pp
ssp126,F0,WGOA,Rpath,ATF,2017,1591593.276,581990.6601,27053.50899,,pcod_rec_pp
ssp126,F0,WGOA,Rpath,POL,2018,2968841.332,1740812.462,150815.1922,,pcod_rec_pp
ssp126,F0,WGOA,Rpath,COD,2018,174522.2292,61112.90393,14681.2982,,pcod_rec_pp
ssp126,F0,WGOA,Rpath,ATF,2018,1607270.211,582229.7484,18870.25094,,pcod_rec_pp
ssp126,F0,WGOA,Rpath,POL,2019,2976191.205,1750709.517,110649.2716,,pcod_rec_pp
ssp126,F0,WGOA,Rpath,COD,2019,197788.813,66355.87669,15200.42058,,pcod_rec_pp
ssp126,F0,WGOA,Rpath,ATF,2019,1614692.328,580069.5368,24567.05196,,pcod_rec_pp
ssp126,F0,WGOA,Rpath,POL,2020,2989833.346,1764765.168,99971.06489,,pcod_rec_pp
ssp126,F0,WGOA,Rpath,COD,2020,227902.927,75553.61902,6085.249339,,pcod_rec_pp
ssp126,F0,WGOA,Rpath,ATF,2020,1626341.19,581530.1681,21115.8993,,pcod_rec_pp
ssp126,F0,WGOA,Rpath,POL,2021,2760965.304,1605313.885,93869.85877,,pcod_rec_pp
ssp126,F0,WGOA,Rpath,COD,2021,242354.8603,78912.36003,18686.81231,,pcod_rec_pp
ssp126,F0,WGOA,Rpath,ATF,2021,1615709.619,572243.0631,9846.300133,,pcod_rec_pp
ssp126,F0,WGOA,Rpath,POL,2022,2580522.689,1448780.467,123494.0341,,pcod_rec_pp
ssp126,F0,WGOA,Rpath,COD,2022,248423.4098,75156.405,25387.70532,,pcod_rec_pp
ssp126,F0,WGOA,Rpath,ATF,2022,1556932.599,535892.9429,11531.83168,,pcod_rec_pp
ssp126,F0,WGOA,Rpath,POL,2023,2808239.576,1622574.772,124964.8454,,pcod_rec_pp
ssp126,F0,WGOA,Rpath,COD,2023,265845.8596,72457.63381,21018.29691,,pcod_rec_pp
ssp126,F0,WGOA,Rpath,ATF,2023,1559495.987,531438.3323,9114.887409,,pcod_rec_pp
ssp126,F0,WGOA,Rpath,POL,2024,3151397.198,1913003.964,0,,pcod_rec_pp
ssp126,F0,WGOA,Rpath,COD,2024,308871.6919,79631.85613,0,,pcod_rec_pp
ssp126,F0,WGOA,Rpath,ATF,2024,1637006.142,573410.0451,0,,pcod_rec_pp
ssp126,F0,WGOA,Rpath,POL,2025,3163874.893,1932567.421,0,,pcod_rec_pp
ssp126,F0,WGOA,Rpath,COD,2025,345294.7272,88361.52379,0,,pcod_rec_pp
ssp126,F0,WGOA,Rpath,ATF,2025,1700751.48,618728.8683,0,,pcod_rec_pp
ssp126,F0,WGOA,Rpath,POL,2026,3132355.786,1882895.733,0,,pcod_rec_pp
ssp126,F0,WGOA,Rpath,COD,2026,372344.7343,97343.92559,0,,pcod_rec_pp
ssp126,F0,WGOA,Rpath,ATF,2026,1721618.515,642984.8685,0,,pcod_rec_pp
ssp126,F0,WGOA,Rpath,POL,2027,3286943.073,1977522.961,0,,pcod_rec_pp
ssp126,F0,WGOA,Rpath,COD,2027,398393.1979,108428.4432,0,,pcod_rec_pp
ssp126,F0,WGOA,Rpath,ATF,2027,1748545.271,669506.8226,0,,pcod_rec_pp
ssp126,F0,WGOA,Rpath,POL,2028,3368721.26,2050804.748,0,,pcod_rec_pp
ssp126,F0,WGOA,Rpath,COD,2028,423699.8678,120829.5723,0,,pcod_rec_pp
ssp126,F0,WGOA,Rpath,ATF,2028,1790825.592,705512.8609,0,,pcod_rec_pp
ssp126,F0,WGOA,Rpath,POL,2029,3333024.938,2025592.568,0,,pcod_rec_pp
ssp126,F0,WGOA,Rpath,COD,2029,441425.9706,129285.4155,0,,pcod_rec_pp
ssp126,F0,WGOA,Rpath,ATF,2029,1811903.902,725253.686,0,,pcod_rec_pp
ssp126,F0,WGOA,Rpath,POL,2030,3270749.419,1965556.565,0,,pcod_rec_pp
ssp126,F0,WGOA,Rpath,COD,2030,451002.2006,132799.5192,0,,pcod_rec_pp
ssp126,F0,WGOA,Rpath,ATF,2030,1805540.529,719534.7153,0,,pcod_rec_pp
ssp126,F0,WGOA,Rpath,POL,2031,3307145.076,1994235.867,0,,pcod_rec_pp
ssp126,F0,WGOA,Rpath,COD,2031,460900.1055,135006.5835,0,,pcod_rec_pp
ssp126,F0,WGOA,Rpath,ATF,2031,1810826.198,712100.1717,0,,pcod_rec_pp
ssp126,F0,WGOA,Rpath,POL,2032,3301192.974,1991003.667,0,,pcod_rec_pp
ssp126,F0,WGOA,Rpath,COD,2032,468327.5909,137688.8466,0,,pcod_rec_pp
ssp126,F0,WGOA,Rpath,ATF,2032,1812375.089,699142.0172,0,,pcod_rec_pp
ssp126,F0,WGOA,Rpath,POL,2033,3346568.727,2038829.177,0,,pcod_rec_pp
ssp126,F0,WGOA,Rpath,COD,2033,476790.5998,142774.024,0,,pcod_rec_pp
ssp126,F0,WGOA,Rpath,ATF,2033,1832612.985,696739.972,0,,pcod_rec_pp
ssp126,F0,WGOA,Rpath,POL,2034,3260786.165,1978936.993,0,,pcod_rec_pp
ssp126,F0,WGOA,Rpath,COD,2034,482527.5581,145154.9627,0,,pcod_rec_pp
ssp126,F0,WGOA,Rpath,ATF,2034,1835528.287,687196.8846,0,,pcod_rec_pp
ssp126,F0,WGOA,Rpath,POL,2035,3325607.371,2028787.9,0,,pcod_rec_pp
ssp126,F0,WGOA,Rpath,COD,2035,488701.2461,146056.8816,0,,pcod_rec_pp
ssp126,F0,WGOA,Rpath,ATF,2035,1849134.785,685450.0855,0,,pcod_rec_pp
ssp126,F0,WGOA,Rpath,POL,2036,3070793.148,1843651.454,0,,pcod_rec_pp
ssp126,F0,WGOA,Rpath,COD,2036,488711.9937,142726.4718,0,,pcod_rec_pp
ssp126,F0,WGOA,Rpath,ATF,2036,1825292.228,668629.0599,0,,pcod_rec_pp
ssp126,F0,WGOA,Rpath,POL,2037,3040359.851,1807424.931,0,,pcod_rec_pp
ssp126,F0,WGOA,Rpath,COD,2037,485870.1626,137157.114,0,,pcod_rec_pp
ssp126,F0,WGOA,Rpath,ATF,2037,1791993.866,646529.488,0,,pcod_rec_pp
ssp126,F0,WGOA,Rpath,POL,2038,3253101.286,1976973.497,0,,pcod_rec_pp
ssp126,F0,WGOA,Rpath,COD,2038,492610.4219,135873.0113,0,,pcod_rec_pp
ssp126,F0,WGOA,Rpath,ATF,2038,1808936.808,654140.137,0,,pcod_rec_pp
ssp126,F0,WGOA,Rpath,POL,2039,3261577.159,2011221.893,0,,pcod_rec_pp
ssp126,F0,WGOA,Rpath,COD,2039,505156.0444,138840.1661,0,,pcod_rec_pp
ssp126,F0,WGOA,Rpath,ATF,2039,1844212.051,678812.4194,0,,pcod_rec_pp
ssp126,F0,WGOA,Rpath,POL,2040,3168216.778,1919505.376,0,,pcod_rec_pp
ssp126,F0,WGOA,Rpath,COD,2040,508076.5617,138604.2113,0,,pcod_rec_pp
ssp126,F0,WGOA,Rpath,ATF,2040,1829488.645,676656.2974,0,,pcod_rec_pp
ssp126,F0,WGOA,Rpath,POL,2041,3235597.149,1967202.619,0,,pcod_rec_pp
ssp126,F0,WGOA,Rpath,COD,2041,510248.636,139593.3025,0,,pcod_rec_pp
ssp126,F0,WGOA,Rpath,ATF,2041,1838464.299,687530.9939,0,,pcod_rec_pp
ssp126,F0,WGOA,Rpath,POL,2042,3311335.01,2028822.748,0,,pcod_rec_pp
ssp126,F0,WGOA,Rpath,COD,2042,514454.0085,143240.171,0,,pcod_rec_pp
ssp126,F0,WGOA,Rpath,ATF,2042,1857450.476,704575.5208,0,,pcod_rec_pp
ssp126,F0,WGOA,Rpath,POL,2043,3318076.041,2031883.171,0,,pcod_rec_pp
ssp126,F0,WGOA,Rpath,COD,2043,520145.077,148635.0604,0,,pcod_rec_pp
ssp126,F0,WGOA,Rpath,ATF,2043,1869264.426,717432.9713,0,,pcod_rec_pp
ssp126,F0,WGOA,Rpath,POL,2044,3417337.952,2105261.548,0,,pcod_rec_pp
ssp126,F0,WGOA,Rpath,COD,2044,526881.018,155614.2825,0,,pcod_rec_pp
ssp126,F0,WGOA,Rpath,ATF,2044,1894030.182,735273.8417,0,,pcod_rec_pp
ssp126,F0,WGOA,Rpath,POL,2045,3434337.121,2120531.178,0,,pcod_rec_pp
ssp126,F0,WGOA,Rpath,COD,2045,530257.1254,162102.9791,0,,pcod_rec_pp
ssp126,F0,WGOA,Rpath,ATF,2045,1916809.096,749578.5148,0,,pcod_rec_pp
ssp126,F0,WGOA,Rpath,POL,2046,3196284.361,1935659.155,0,,pcod_rec_pp
ssp126,F0,WGOA,Rpath,COD,2046,525214.6111,161870.5852,0,,pcod_rec_pp
ssp126,F0,WGOA,Rpath,ATF,2046,1890245.357,732834.4789,0,,pcod_rec_pp
ssp126,F0,WGOA,Rpath,POL,2047,3243089.58,1951895.043,0,,pcod_rec_pp
ssp126,F0,WGOA,Rpath,COD,2047,521155.8266,156965.7528,0,,pcod_rec_pp
ssp126,F0,WGOA,Rpath,ATF,2047,1864941.196,710602.1021,0,,pcod_rec_pp
ssp126,F0,WGOA,Rpath,POL,2048,3358201.359,2054518.684,0,,pcod_rec_pp
ssp126,F0,WGOA,Rpath,COD,2048,525183.8902,153292.48,0,,pcod_rec_pp
ssp126,F0,WGOA,Rpath,ATF,2048,1881695.143,710938.9089,0,,pcod_rec_pp
ssp126,F0,WGOA,Rpath,POL,2049,3245176.972,1987948.173,0,,pcod_rec_pp
ssp126,F0,WGOA,Rpath,COD,2049,527834.2799,149847.9824,0,,pcod_rec_pp
ssp126,F0,WGOA,Rpath,ATF,2049,1887360.091,707768.7617,0,,pcod_rec_pp
ssp126,F0,WGOA,Rpath,POL,2050,3065117.862,1825809.244,0,,pcod_rec_pp
ssp126,F0,WGOA,Rpath,COD,2050,521735.2499,141731.4928,0,,pcod_rec_pp
ssp126,F0,WGOA,Rpath,ATF,2050,1835816.06,672142.0827,0,,pcod_rec_pp
ssp126,F0,WGOA,Rpath,POL,2051,3087267.304,1833570.79,0,,pcod_rec_pp
ssp126,F0,WGOA,Rpath,COD,2051,518730.1109,134359.6021,0,,pcod_rec_pp
ssp126,F0,WGOA,Rpath,ATF,2051,1805546.358,647677.825,0,,pcod_rec_pp
ssp126,F0,WGOA,Rpath,POL,2052,3152580.411,1895235.588,0,,pcod_rec_pp
ssp126,F0,WGOA,Rpath,COD,2052,520984.5972,129372.4077,0,,pcod_rec_pp
ssp126,F0,WGOA,Rpath,ATF,2052,1802399.056,641332.0307,0,,pcod_rec_pp
ssp126,F0,WGOA,Rpath,POL,2053,3245459.955,1969440.193,0,,pcod_rec_pp
ssp126,F0,WGOA,Rpath,COD,2053,528563.5874,128087.893,0,,pcod_rec_pp
ssp126,F0,WGOA,Rpath,ATF,2053,1814214.403,648635.5125,0,,pcod_rec_pp
ssp126,F0,WGOA,Rpath,POL,2054,3629343.662,2275464.163,0,,pcod_rec_pp
ssp126,F0,WGOA,Rpath,COD,2054,546462.4357,134713.7268,0,,pcod_rec_pp
ssp126,F0,WGOA,Rpath,ATF,2054,1894579.439,701004.8802,0,,pcod_rec_pp
ssp126,F0,WGOA,Rpath,POL,2055,3524775.703,2208292.282,0,,pcod_rec_pp
ssp126,F0,WGOA,Rpath,COD,2055,560809.7515,144007.6268,0,,pcod_rec_pp
ssp126,F0,WGOA,Rpath,ATF,2055,1948160.908,748159.623,0,,pcod_rec_pp
ssp126,F0,WGOA,Rpath,POL,2056,3287146.045,1992389.351,0,,pcod_rec_pp
ssp126,F0,WGOA,Rpath,COD,2056,559348.3353,147377.3529,0,,pcod_rec_pp
ssp126,F0,WGOA,Rpath,ATF,2056,1914365.001,742262.2667,0,,pcod_rec_pp
ssp126,F0,WGOA,Rpath,POL,2057,3487611.463,2124437.424,0,,pcod_rec_pp
ssp126,F0,WGOA,Rpath,COD,2057,561544.8661,153316.1292,0,,pcod_rec_pp
ssp126,F0,WGOA,Rpath,ATF,2057,1916752.263,750540.0567,0,,pcod_rec_pp
ssp126,F0,WGOA,Rpath,POL,2058,3612089.089,2237311.724,0,,pcod_rec_pp
ssp126,F0,WGOA,Rpath,COD,2058,566727.475,159807.264,0,,pcod_rec_pp
ssp126,F0,WGOA,Rpath,ATF,2058,1951391.842,774837.109,0,,pcod_rec_pp
ssp126,F0,WGOA,Rpath,POL,2059,3643734.278,2269064.62,0,,pcod_rec_pp
ssp126,F0,WGOA,Rpath,COD,2059,571687.1282,165141.5895,0,,pcod_rec_pp
ssp126,F0,WGOA,Rpath,ATF,2059,1981385.038,791850.4063,0,,pcod_rec_pp
ssp126,F0,WGOA,Rpath,POL,2060,3529814.367,2172620.713,0,,pcod_rec_pp
ssp126,F0,WGOA,Rpath,COD,2060,569220.6084,166023.5492,0,,pcod_rec_pp
ssp126,F0,WGOA,Rpath,ATF,2060,1978351.716,784137.6555,0,,pcod_rec_pp
ssp126,F0,WGOA,Rpath,POL,2061,3398184.808,2068097.418,0,,pcod_rec_pp
ssp126,F0,WGOA,Rpath,COD,2061,560574.3759,161788.5898,0,,pcod_rec_pp
ssp126,F0,WGOA,Rpath,ATF,2061,1958164.885,761297.5455,0,,pcod_rec_pp
ssp126,F0,WGOA,Rpath,POL,2062,3432718.546,2090577.906,0,,pcod_rec_pp
ssp126,F0,WGOA,Rpath,COD,2062,554319.1648,158174.7363,0,,pcod_rec_pp
ssp126,F0,WGOA,Rpath,ATF,2062,1945859.135,740288.7096,0,,pcod_rec_pp
ssp126,F0,WGOA,Rpath,POL,2063,3518679.514,2166366.334,0,,pcod_rec_pp
ssp126,F0,WGOA,Rpath,COD,2063,554127.4716,159460.4815,0,,pcod_rec_pp
ssp126,F0,WGOA,Rpath,ATF,2063,1958141.581,735536.7992,0,,pcod_rec_pp
ssp126,F0,WGOA,Rpath,POL,2064,3396267.054,2076025.583,0,,pcod_rec_pp
ssp126,F0,WGOA,Rpath,COD,2064,551160.4307,157465.9961,0,,pcod_rec_pp
ssp126,F0,WGOA,Rpath,ATF,2064,1947071.736,721544.8646,0,,pcod_rec_pp
ssp126,F0,WGOA,Rpath,POL,2065,3628108.259,2256295.942,0,,pcod_rec_pp
ssp126,F0,WGOA,Rpath,COD,2065,555520.8531,156648.1746,0,,pcod_rec_pp
ssp126,F0,WGOA,Rpath,ATF,2065,1979320.387,733135.7428,0,,pcod_rec_pp
ssp126,F0,WGOA,Rpath,POL,2066,3483760.059,2164336.242,0,,pcod_rec_pp
ssp126,F0,WGOA,Rpath,COD,2066,559847.0167,156387.6659,0,,pcod_rec_pp
ssp126,F0,WGOA,Rpath,ATF,2066,1997803.884,745602.3959,0,,pcod_rec_pp
ssp126,F0,WGOA,Rpath,POL,2067,3399444.779,2084153.359,0,,pcod_rec_pp
ssp126,F0,WGOA,Rpath,COD,2067,557510.3461,150772.8582,0,,pcod_rec_pp
ssp126,F0,WGOA,Rpath,ATF,2067,1978643.387,738438.8134,0,,pcod_rec_pp
ssp126,F0,WGOA,Rpath,POL,2068,3332984.551,2020681.29,0,,pcod_rec_pp
ssp126,F0,WGOA,Rpath,COD,2068,554568.7447,145596.5576,0,,pcod_rec_pp
ssp126,F0,WGOA,Rpath,ATF,2068,1945932.117,723263.1132,0,,pcod_rec_pp
ssp126,F0,WGOA,Rpath,POL,2069,3495265.961,2146620.891,0,,pcod_rec_pp
ssp126,F0,WGOA,Rpath,COD,2069,557010.3205,144927.0518,0,,pcod_rec_pp
ssp126,F0,WGOA,Rpath,ATF,2069,1951880.052,728716.5152,0,,pcod_rec_pp
ssp126,F0,WGOA,Rpath,POL,2070,3533304.754,2195422.842,0,,pcod_rec_pp
ssp126,F0,WGOA,Rpath,COD,2070,563517.1752,148437.6491,0,,pcod_rec_pp
ssp126,F0,WGOA,Rpath,ATF,2070,1980977.386,749920.4431,0,,pcod_rec_pp
ssp126,F0,WGOA,Rpath,POL,2071,3641522.367,2275234.925,0,,pcod_rec_pp
ssp126,F0,WGOA,Rpath,COD,2071,568293.2308,152150.9355,0,,pcod_rec_pp
ssp126,F0,WGOA,Rpath,ATF,2071,2012055.381,772574.7022,0,,pcod_rec_pp
ssp126,F0,WGOA,Rpath,POL,2072,3687789.6,2315363.287,0,,pcod_rec_pp
ssp126,F0,WGOA,Rpath,COD,2072,574718.2248,157322.0487,0,,pcod_rec_pp
ssp126,F0,WGOA,Rpath,ATF,2072,2049249.066,799642.842,0,,pcod_rec_pp
ssp126,F0,WGOA,Rpath,POL,2073,3713170.66,2333342.442,0,,pcod_rec_pp
ssp126,F0,WGOA,Rpath,COD,2073,578805.1889,163498.506,0,,pcod_rec_pp
ssp126,F0,WGOA,Rpath,ATF,2073,2077380.483,821081.5576,0,,pcod_rec_pp
ssp126,F0,WGOA,Rpath,POL,2074,3514449.875,2167151.807,0,,pcod_rec_pp
ssp126,F0,WGOA,Rpath,COD,2074,571642.01,166439.3117,0,,pcod_rec_pp
ssp126,F0,WGOA,Rpath,ATF,2074,2051351.593,808733.5806,0,,pcod_rec_pp
ssp126,F0,WGOA,Rpath,POL,2075,3339708.899,2023998.425,0,,pcod_rec_pp
ssp126,F0,WGOA,Rpath,COD,2075,561717.0927,166119.8548,0,,pcod_rec_pp
ssp126,F0,WGOA,Rpath,ATF,2075,2001836.34,776419.4623,0,,pcod_rec_pp
ssp126,F0,WGOA,Rpath,POL,2076,3474692.238,2119124.654,0,,pcod_rec_pp
ssp126,F0,WGOA,Rpath,COD,2076,555813.9559,166056.7422,0,,pcod_rec_pp
ssp126,F0,WGOA,Rpath,ATF,2076,1981533.786,753878.3709,0,,pcod_rec_pp
ssp126,F0,WGOA,Rpath,POL,2077,3574995.798,2221912.782,0,,pcod_rec_pp
ssp126,F0,WGOA,Rpath,COD,2077,557732.3358,167258.5076,0,,pcod_rec_pp
ssp126,F0,WGOA,Rpath,ATF,2077,2006311.589,757432.4797,0,,pcod_rec_pp
ssp126,F0,WGOA,Rpath,POL,2078,3609566.206,2270037.687,0,,pcod_rec_pp
ssp126,F0,WGOA,Rpath,COD,2078,564081.685,166274.3415,0,,pcod_rec_pp
ssp126,F0,WGOA,Rpath,ATF,2078,2042988.893,771755.9612,0,,pcod_rec_pp
ssp126,F0,WGOA,Rpath,POL,2079,3148388.98,1900440.455,0,,pcod_rec_pp
ssp126,F0,WGOA,Rpath,COD,2079,554631.5663,155535.3975,0,,pcod_rec_pp
ssp126,F0,WGOA,Rpath,ATF,2079,1970984.208,728365.046,0,,pcod_rec_pp
ssp126,F0,WGOA,Rpath,POL,2080,3329887.817,2012357.684,0,,pcod_rec_pp
ssp126,F0,WGOA,Rpath,COD,2080,549607.0517,143293.5258,0,,pcod_rec_pp
ssp126,F0,WGOA,Rpath,ATF,2080,1938390.244,703132.048,0,,pcod_rec_pp
ssp126,F0,WGOA,Rpath,POL,2081,3414112.116,2100626.762,0,,pcod_rec_pp
ssp126,F0,WGOA,Rpath,COD,2081,553934.1899,138339.734,0,,pcod_rec_pp
ssp126,F0,WGOA,Rpath,ATF,2081,1952381.841,710078.9883,0,,pcod_rec_pp
ssp126,F0,WGOA,Rpath,POL,2082,3258354.5,1986426.954,0,,pcod_rec_pp
ssp126,F0,WGOA,Rpath,COD,2082,551201.9244,135268.4323,0,,pcod_rec_pp
ssp126,F0,WGOA,Rpath,ATF,2082,1932814.535,703970.9993,0,,pcod_rec_pp
ssp126,F0,WGOA,Rpath,POL,2083,3124574.634,1870528.492,0,,pcod_rec_pp
ssp126,F0,WGOA,Rpath,COD,2083,546240.1757,132212.2746,0,,pcod_rec_pp
ssp126,F0,WGOA,Rpath,ATF,2083,1887459.688,683224.895,0,,pcod_rec_pp
ssp126,F0,WGOA,Rpath,POL,2084,3137290.871,1865029.392,0,,pcod_rec_pp
ssp126,F0,WGOA,Rpath,COD,2084,544163.6842,131222.4732,0,,pcod_rec_pp
ssp126,F0,WGOA,Rpath,ATF,2084,1847598.683,663380.6352,0,,pcod_rec_pp
ssp126,F0,WGOA,Rpath,POL,2085,3500495.118,2157256.77,0,,pcod_rec_pp
ssp126,F0,WGOA,Rpath,COD,2085,554549.5391,136882.5247,0,,pcod_rec_pp
ssp126,F0,WGOA,Rpath,ATF,2085,1887841.198,689405.4221,0,,pcod_rec_pp
ssp126,F0,WGOA,Rpath,POL,2086,3545425.105,2213823.576,0,,pcod_rec_pp
ssp126,F0,WGOA,Rpath,COD,2086,568715.8786,143689.9823,0,,pcod_rec_pp
ssp126,F0,WGOA,Rpath,ATF,2086,1941951.54,732967.899,0,,pcod_rec_pp
ssp126,F0,WGOA,Rpath,POL,2087,3590073.674,2238328.429,0,,pcod_rec_pp
ssp126,F0,WGOA,Rpath,COD,2087,580355.247,147128.7344,0,,pcod_rec_pp
ssp126,F0,WGOA,Rpath,ATF,2087,1976238.758,767211.6906,0,,pcod_rec_pp
ssp126,F0,WGOA,Rpath,POL,2088,3436660.545,2116269.346,0,,pcod_rec_pp
ssp126,F0,WGOA,Rpath,COD,2088,586100.0947,146192.7516,0,,pcod_rec_pp
ssp126,F0,WGOA,Rpath,ATF,2088,1975861.379,779440.0712,0,,pcod_rec_pp
ssp126,F0,WGOA,Rpath,POL,2089,3295967.174,1966846.871,0,,pcod_rec_pp
ssp126,F0,WGOA,Rpath,COD,2089,577431.5798,138349.387,0,,pcod_rec_pp
ssp126,F0,WGOA,Rpath,ATF,2089,1913039.649,746796.9234,0,,pcod_rec_pp
ssp126,F0,WGOA,Rpath,POL,2090,3379482.121,2035187.395,0,,pcod_rec_pp
ssp126,F0,WGOA,Rpath,COD,2090,577284.9878,136837.7123,0,,pcod_rec_pp
ssp126,F0,WGOA,Rpath,ATF,2090,1898623.487,736310.2231,0,,pcod_rec_pp
ssp126,F0,WGOA,Rpath,POL,2091,3591841.098,2204500.857,0,,pcod_rec_pp
ssp126,F0,WGOA,Rpath,COD,2091,582891.8045,139402.7391,0,,pcod_rec_pp
ssp126,F0,WGOA,Rpath,ATF,2091,1918190.784,741518.5733,0,,pcod_rec_pp
ssp126,F0,WGOA,Rpath,POL,2092,3502670.198,2151865.351,0,,pcod_rec_pp
ssp126,F0,WGOA,Rpath,COD,2092,586750.2391,142987.0173,0,,pcod_rec_pp
ssp126,F0,WGOA,Rpath,ATF,2092,1933792.231,745046.2205,0,,pcod_rec_pp
ssp126,F0,WGOA,Rpath,POL,2093,3363255.999,2039384.319,0,,pcod_rec_pp
ssp126,F0,WGOA,Rpath,COD,2093,584113.7032,142578.1049,0,,pcod_rec_pp
ssp126,F0,WGOA,Rpath,ATF,2093,1915035.527,727720.0824,0,,pcod_rec_pp
ssp126,F0,WGOA,Rpath,POL,2094,3238696.702,1920834.626,0,,pcod_rec_pp
ssp126,F0,WGOA,Rpath,COD,2094,576559.545,139210.7102,0,,pcod_rec_pp
ssp126,F0,WGOA,Rpath,ATF,2094,1863542.875,691021.1499,0,,pcod_rec_pp
ssp126,F0,WGOA,Rpath,POL,2095,3463088.259,2090682.669,0,,pcod_rec_pp
ssp126,F0,WGOA,Rpath,COD,2095,577595.7717,138791.1267,0,,pcod_rec_pp
ssp126,F0,WGOA,Rpath,ATF,2095,1864674.943,684341.1493,0,,pcod_rec_pp
ssp126,F0,WGOA,Rpath,POL,2096,3608963.978,2230957.892,0,,pcod_rec_pp
ssp126,F0,WGOA,Rpath,COD,2096,586507.4541,142435.0845,0,,pcod_rec_pp
ssp126,F0,WGOA,Rpath,ATF,2096,1910620.724,710921.0698,0,,pcod_rec_pp
ssp126,F0,WGOA,Rpath,POL,2097,3557122.986,2197693.529,0,,pcod_rec_pp
ssp126,F0,WGOA,Rpath,COD,2097,590874.1344,145144.0608,0,,pcod_rec_pp
ssp126,F0,WGOA,Rpath,ATF,2097,1935495.25,731747.0213,0,,pcod_rec_pp
ssp126,F0,WGOA,Rpath,POL,2098,3449008.02,2095511.117,0,,pcod_rec_pp
ssp126,F0,WGOA,Rpath,COD,2098,589724.993,145623.0229,0,,pcod_rec_pp
ssp126,F0,WGOA,Rpath,ATF,2098,1921230.756,730436.1847,0,,pcod_rec_pp
ssp126,F0,WGOA,Rpath,POL,2099,3421048.581,2061853.086,0,,pcod_rec_pp
ssp126,F0,WGOA,Rpath,COD,2099,588253.6441,145483.8665,0,,pcod_rec_pp
ssp126,F0,WGOA,Rpath,ATF,2099,1902271.121,724486.5062,0,,pcod_rec_pp
ssp245,F0,WGOA,Rpath,POL,1991,2884927.165,1690895.406,87828.01,,pcod_rec_pp
ssp245,F0,WGOA,Rpath,COD,1991,399280.2939,93224.23736,64466.82999,,pcod_rec_pp
ssp245,F0,WGOA,Rpath,ATF,1991,1554327.805,597326.9774,16958.38001,,pcod_rec_pp
ssp245,F0,WGOA,Rpath,POL,1992,2892495.913,1696087.278,90585.18996,,pcod_rec_pp
ssp245,F0,WGOA,Rpath,COD,1992,371842.9001,88999.22879,78966.50009,,pcod_rec_pp
ssp245,F0,WGOA,Rpath,ATF,1992,1551901.376,598021.2117,20482.18006,,pcod_rec_pp
ssp245,F0,WGOA,Rpath,POL,1993,2886917.46,1690078.21,108230.1801,,pcod_rec_pp
ssp245,F0,WGOA,Rpath,COD,1993,375328.1754,91984.46817,45849.17007,,pcod_rec_pp
ssp245,F0,WGOA,Rpath,ATF,1993,1551566.347,599298.1593,18294.44992,,pcod_rec_pp
ssp245,F0,WGOA,Rpath,POL,1994,2891612.897,1691340.87,100412.3599,,pcod_rec_pp
ssp245,F0,WGOA,Rpath,COD,1994,374238.5054,92168.02449,45610.57997,,pcod_rec_pp
ssp245,F0,WGOA,Rpath,ATF,1994,1547453.432,598480.5088,21993.23998,,pcod_rec_pp
ssp245,F0,WGOA,Rpath,POL,1995,2920445.243,1709974.752,69168.12993,,pcod_rec_pp
ssp245,F0,WGOA,Rpath,COD,1995,354241.1182,88060.92648,67907.17999,,pcod_rec_pp
ssp245,F0,WGOA,Rpath,ATF,1995,1548788.073,599203.4556,17415.49004,,pcod_rec_pp
ssp245,F0,WGOA,Rpath,POL,1996,2949537.5,1727520.768,49825.87004,,pcod_rec_pp
ssp245,F0,WGOA,Rpath,COD,1996,348901.2699,89289.89982,55391.6601,,pcod_rec_pp
ssp245,F0,WGOA,Rpath,ATF,1996,1545296.542,597141.1539,21555.6099,,pcod_rec_pp
ssp245,F0,WGOA,Rpath,POL,1997,2946193.762,1722365.564,84179.64997,,pcod_rec_pp
ssp245,F0,WGOA,Rpath,COD,1997,339607.8718,88455.84666,58920.57999,,pcod_rec_pp
ssp245,F0,WGOA,Rpath,ATF,1997,1547340.939,596389.7317,14758.27989,,pcod_rec_pp
ssp245,F0,WGOA,Rpath,POL,1998,3007840.548,1762267.823,5428.379998,,pcod_rec_pp
ssp245,F0,WGOA,Rpath,COD,1998,338402.0081,87897.09963,50218.95011,,pcod_rec_pp
ssp245,F0,WGOA,Rpath,ATF,1998,1552042.171,596282.5118,12377.19001,,pcod_rec_pp
ssp245,F0,WGOA,Rpath,POL,1999,2993956.264,1751820.359,90556.90006,,pcod_rec_pp
ssp245,F0,WGOA,Rpath,COD,1999,323385.5045,83134.3282,66264.6701,,pcod_rec_pp
ssp245,F0,WGOA,Rpath,ATF,1999,1556822.572,596729.6537,14649.22992,,pcod_rec_pp
ssp245,F0,WGOA,Rpath,POL,2000,3049484.669,1789601.224,5552.830105,,pcod_rec_pp
ssp245,F0,WGOA,Rpath,COD,2000,321234.7048,82993.63067,53384.86994,,pcod_rec_pp
ssp245,F0,WGOA,Rpath,ATF,2000,1555589.603,595731.5303,22993.75009,,pcod_rec_pp
ssp245,F0,WGOA,Rpath,POL,2001,3082953.386,1808450.385,3452.299979,,pcod_rec_pp
ssp245,F0,WGOA,Rpath,COD,2001,327836.0522,85350.66779,40517.40995,,pcod_rec_pp
ssp245,F0,WGOA,Rpath,ATF,2001,1559150.397,597017.2815,17416.19999,,pcod_rec_pp
ssp245,F0,WGOA,Rpath,POL,2002,3117695.911,1828996.892,1698.029945,,pcod_rec_pp
ssp245,F0,WGOA,Rpath,COD,2002,329657.1998,86672.3968,41567.98996,,pcod_rec_pp
ssp245,F0,WGOA,Rpath,ATF,2002,1561074.367,598208.7603,20173.56001,,pcod_rec_pp
ssp245,F0,WGOA,Rpath,POL,2003,3105660.591,1817041.088,48590.07701,,pcod_rec_pp
ssp245,F0,WGOA,Rpath,COD,2003,321002.2329,86072.65487,52365.75509,,pcod_rec_pp
ssp245,F0,WGOA,Rpath,ATF,2003,1552272.454,595288.6341,30169.77189,,pcod_rec_pp
ssp245,F0,WGOA,Rpath,POL,2004,3100496.18,1811816.72,62434.43992,,pcod_rec_pp
ssp245,F0,WGOA,Rpath,COD,2004,310907.3461,86861.68446,56450.24197,,pcod_rec_pp
ssp245,F0,WGOA,Rpath,ATF,2004,1557805.526,597533.7477,15634.90804,,pcod_rec_pp
ssp245,F0,WGOA,Rpath,POL,2005,3085140.756,1801622.597,78302.79193,,pcod_rec_pp
ssp245,F0,WGOA,Rpath,COD,2005,308747.7124,89355.03295,47523.77993,,pcod_rec_pp
ssp245,F0,WGOA,Rpath,ATF,2005,1557456.933,596651.5277,19923.57305,,pcod_rec_pp
ssp245,F0,WGOA,Rpath,POL,2006,3088115.7,1805154.794,68928.30799,,pcod_rec_pp
ssp245,F0,WGOA,Rpath,COD,2006,305285.4254,89662.84203,47767.07996,,pcod_rec_pp
ssp245,F0,WGOA,Rpath,ATF,2006,1552052.557,593803.972,27622.69892,,pcod_rec_pp
ssp245,F0,WGOA,Rpath,POL,2007,3108388.666,1820162.189,51572.307,,pcod_rec_pp
ssp245,F0,WGOA,Rpath,COD,2007,298656.828,86970.58416,51812.178,,pcod_rec_pp
ssp245,F0,WGOA,Rpath,ATF,2007,1552833.111,593773.0969,25346.98698,,pcod_rec_pp
ssp245,F0,WGOA,Rpath,POL,2008,3122657.328,1829614.826,50786.20601,,pcod_rec_pp
ssp245,F0,WGOA,Rpath,COD,2008,288014.1972,83738.42574,58386.38403,,pcod_rec_pp
ssp245,F0,WGOA,Rpath,ATF,2008,1551453.517,592951.9777,29205.93997,,pcod_rec_pp
ssp245,F0,WGOA,Rpath,POL,2009,3143273.399,1841984.82,41549.50308,,pcod_rec_pp
ssp245,F0,WGOA,Rpath,COD,2009,284535.8483,83301.56554,51788.98001,,pcod_rec_pp
ssp245,F0,WGOA,Rpath,ATF,2009,1555113.026,594046.2661,24831.74204,,pcod_rec_pp
ssp245,F0,WGOA,Rpath,POL,2010,3136117.031,1835292.146,73443.38423,,pcod_rec_pp
ssp245,F0,WGOA,Rpath,COD,2010,260387.0744,76717.56805,76954.1546,,pcod_rec_pp
ssp245,F0,WGOA,Rpath,ATF,2010,1558263.173,594362.5648,24339.44647,,pcod_rec_pp
ssp245,F0,WGOA,Rpath,POL,2011,3141056.088,1838289.751,77694.47962,,pcod_rec_pp
ssp245,F0,WGOA,Rpath,COD,2011,234318.5161,69543.30604,83710.47539,,pcod_rec_pp
ssp245,F0,WGOA,Rpath,ATF,2011,1557071.61,592792.1032,30911.82176,,pcod_rec_pp
ssp245,F0,WGOA,Rpath,POL,2012,3133568.472,1833854.712,98934.69122,,pcod_rec_pp
ssp245,F0,WGOA,Rpath,COD,2012,216652.3988,64116.82151,76871.10999,,pcod_rec_pp
ssp245,F0,WGOA,Rpath,ATF,2012,1567597.99,595605.7671,20761.90991,,pcod_rec_pp
ssp245,F0,WGOA,Rpath,POL,2013,3129803.327,1832301.647,90796.63161,,pcod_rec_pp
ssp245,F0,WGOA,Rpath,COD,2013,207097.746,61173.05499,66829.78162,,pcod_rec_pp
ssp245,F0,WGOA,Rpath,ATF,2013,1575636.643,596480.792,21809.31232,,pcod_rec_pp
ssp245,F0,WGOA,Rpath,POL,2014,3087331.432,1803398.136,138948.062,,pcod_rec_pp
ssp245,F0,WGOA,Rpath,COD,2014,180191.4473,54326.17477,83491.7282,,pcod_rec_pp
ssp245,F0,WGOA,Rpath,ATF,2014,1567912.163,590069.7527,36524.50153,,pcod_rec_pp
ssp245,F0,WGOA,Rpath,POL,2015,3045526.286,1775739.079,162807.646,,pcod_rec_pp
ssp245,F0,WGOA,Rpath,COD,2015,157932.7221,48934.44114,77689.99201,,pcod_rec_pp
ssp245,F0,WGOA,Rpath,ATF,2015,1577268.818,588791.536,19296.58722,,pcod_rec_pp
ssp245,F0,WGOA,Rpath,POL,2016,3007798.292,1753763.798,173086.3524,,pcod_rec_pp
ssp245,F0,WGOA,Rpath,COD,2016,147656.6154,47339.00977,62867.32743,,pcod_rec_pp
ssp245,F0,WGOA,Rpath,ATF,2016,1586289.943,586210.8787,19976.29419,,pcod_rec_pp
ssp245,F0,WGOA,Rpath,POL,2017,2976739.358,1738811.225,184220.0285,,pcod_rec_pp
ssp245,F0,WGOA,Rpath,COD,2017,147736.1447,50239.67431,48204.21467,,pcod_rec_pp
ssp245,F0,WGOA,Rpath,ATF,2017,1591593.276,581990.6601,27053.50899,,pcod_rec_pp
ssp245,F0,WGOA,Rpath,POL,2018,2968841.332,1740812.462,150815.1922,,pcod_rec_pp
ssp245,F0,WGOA,Rpath,COD,2018,174522.2292,61112.90393,14681.2982,,pcod_rec_pp
ssp245,F0,WGOA,Rpath,ATF,2018,1607270.211,582229.7484,18870.25094,,pcod_rec_pp
ssp245,F0,WGOA,Rpath,POL,2019,2976191.205,1750709.517,110649.2716,,pcod_rec_pp
ssp245,F0,WGOA,Rpath,COD,2019,197788.813,66355.87669,15200.42058,,pcod_rec_pp
ssp245,F0,WGOA,Rpath,ATF,2019,1614692.328,580069.5368,24567.05196,,pcod_rec_pp
ssp245,F0,WGOA,Rpath,POL,2020,2989895.252,1764767.026,99971.06489,,pcod_rec_pp
ssp245,F0,WGOA,Rpath,COD,2020,227504.7379,75552.62082,6085.249339,,pcod_rec_pp
ssp245,F0,WGOA,Rpath,ATF,2020,1626347.351,581533.7136,21115.8993,,pcod_rec_pp
ssp245,F0,WGOA,Rpath,POL,2021,3044658.546,1804473.01,93869.85877,,pcod_rec_pp
ssp245,F0,WGOA,Rpath,COD,2021,245042.2946,80221.44886,18686.81231,,pcod_rec_pp
ssp245,F0,WGOA,Rpath,ATF,2021,1650353.45,590299.2359,9846.300133,,pcod_rec_pp
ssp245,F0,WGOA,Rpath,POL,2022,2687631.907,1561425.055,123494.0341,,pcod_rec_pp
ssp245,F0,WGOA,Rpath,COD,2022,256199.0124,80125.42372,25387.70532,,pcod_rec_pp
ssp245,F0,WGOA,Rpath,ATF,2022,1629935.299,579610.5674,11531.83168,,pcod_rec_pp
ssp245,F0,WGOA,Rpath,POL,2023,2533522.246,1416688.2,124964.8454,,pcod_rec_pp
ssp245,F0,WGOA,Rpath,COD,2023,267004.5806,75400.75383,21018.29691,,pcod_rec_pp
ssp245,F0,WGOA,Rpath,ATF,2023,1563526.732,540355.9471,9114.887409,,pcod_rec_pp
ssp245,F0,WGOA,Rpath,POL,2024,2802353.577,1614498.056,0,,pcod_rec_pp
ssp245,F0,WGOA,Rpath,COD,2024,301888.6441,76766.71346,0,,pcod_rec_pp
ssp245,F0,WGOA,Rpath,ATF,2024,1563758.305,534720.9355,0,,pcod_rec_pp
ssp245,F0,WGOA,Rpath,POL,2025,3014625.277,1803672.146,0,,pcod_rec_pp
ssp245,F0,WGOA,Rpath,COD,2025,340257.3239,78825.1743,0,,pcod_rec_pp
ssp245,F0,WGOA,Rpath,ATF,2025,1612017.394,560693.8324,0,,pcod_rec_pp
ssp245,F0,WGOA,Rpath,POL,2026,3036567.027,1822619.813,0,,pcod_rec_pp
ssp245,F0,WGOA,Rpath,COD,2026,374335.788,82665.83506,0,,pcod_rec_pp
ssp245,F0,WGOA,Rpath,ATF,2026,1648653.77,587475.0432,0,,pcod_rec_pp
ssp245,F0,WGOA,Rpath,POL,2027,3208767.905,1933135.644,0,,pcod_rec_pp
ssp245,F0,WGOA,Rpath,COD,2027,404560.0321,90074.28629,0,,pcod_rec_pp
ssp245,F0,WGOA,Rpath,ATF,2027,1689449.046,619880.9335,0,,pcod_rec_pp
ssp245,F0,WGOA,Rpath,POL,2028,3154873.242,1891298.467,0,,pcod_rec_pp
ssp245,F0,WGOA,Rpath,COD,2028,430349.4254,101219.6991,0,,pcod_rec_pp
ssp245,F0,WGOA,Rpath,ATF,2028,1714845.678,647748.5084,0,,pcod_rec_pp
ssp245,F0,WGOA,Rpath,POL,2029,3135032.166,1863404.824,0,,pcod_rec_pp
ssp245,F0,WGOA,Rpath,COD,2029,449256.1237,110468.491,0,,pcod_rec_pp
ssp245,F0,WGOA,Rpath,ATF,2029,1717042.35,660969.8699,0,,pcod_rec_pp
ssp245,F0,WGOA,Rpath,POL,2030,3056966.344,1798038.38,0,,pcod_rec_pp
ssp245,F0,WGOA,Rpath,COD,2030,462597.115,116722.2409,0,,pcod_rec_pp
ssp245,F0,WGOA,Rpath,ATF,2030,1702556.098,660221.7621,0,,pcod_rec_pp
ssp245,F0,WGOA,Rpath,POL,2031,3049946.832,1780387.731,0,,pcod_rec_pp
ssp245,F0,WGOA,Rpath,COD,2031,471705.7263,118916.2699,0,,pcod_rec_pp
ssp245,F0,WGOA,Rpath,ATF,2031,1678547.344,645415.1636,0,,pcod_rec_pp
ssp245,F0,WGOA,Rpath,POL,2032,3289527.932,1976936.34,0,,pcod_rec_pp
ssp245,F0,WGOA,Rpath,COD,2032,488077.2626,122590.3387,0,,pcod_rec_pp
ssp245,F0,WGOA,Rpath,ATF,2032,1711466.632,657034.0983,0,,pcod_rec_pp
ssp245,F0,WGOA,Rpath,POL,2033,3191305.979,1917639.722,0,,pcod_rec_pp
ssp245,F0,WGOA,Rpath,COD,2033,501688.1521,124698.1638,0,,pcod_rec_pp
ssp245,F0,WGOA,Rpath,ATF,2033,1728379.437,660288.3043,0,,pcod_rec_pp
ssp245,F0,WGOA,Rpath,POL,2034,2926595.594,1707189.979,0,,pcod_rec_pp
ssp245,F0,WGOA,Rpath,COD,2034,502646.9258,121750.854,0,,pcod_rec_pp
ssp245,F0,WGOA,Rpath,ATF,2034,1689239.022,630817.5178,0,,pcod_rec_pp
ssp245,F0,WGOA,Rpath,POL,2035,2837835.55,1615350.191,0,,pcod_rec_pp
ssp245,F0,WGOA,Rpath,COD,2035,496420.2915,115589.653,0,,pcod_rec_pp
ssp245,F0,WGOA,Rpath,ATF,2035,1633873.742,589753.4228,0,,pcod_rec_pp
ssp245,F0,WGOA,Rpath,POL,2036,3081076.218,1810872.506,0,,pcod_rec_pp
ssp245,F0,WGOA,Rpath,COD,2036,503224.6006,115428.8765,0,,pcod_rec_pp
ssp245,F0,WGOA,Rpath,ATF,2036,1642444.725,584201.7032,0,,pcod_rec_pp
ssp245,F0,WGOA,Rpath,POL,2037,3127780.791,1872222.455,0,,pcod_rec_pp
ssp245,F0,WGOA,Rpath,COD,2037,515529.1613,121052.763,0,,pcod_rec_pp
ssp245,F0,WGOA,Rpath,ATF,2037,1670388.755,596925.0757,0,,pcod_rec_pp
ssp245,F0,WGOA,Rpath,POL,2038,3198531.934,1924243.78,0,,pcod_rec_pp
ssp245,F0,WGOA,Rpath,COD,2038,525776.2401,127092.036,0,,pcod_rec_pp
ssp245,F0,WGOA,Rpath,ATF,2038,1697383.699,614954.8005,0,,pcod_rec_pp
ssp245,F0,WGOA,Rpath,POL,2039,3253471.634,1958631.184,0,,pcod_rec_pp
ssp245,F0,WGOA,Rpath,COD,2039,534251.8205,133130.0634,0,,pcod_rec_pp
ssp245,F0,WGOA,Rpath,ATF,2039,1723360.962,636646.0189,0,,pcod_rec_pp
ssp245,F0,WGOA,Rpath,POL,2040,3070450.197,1813213.429,0,,pcod_rec_pp
ssp245,F0,WGOA,Rpath,COD,2040,535556.6854,136784.642,0,,pcod_rec_pp
ssp245,F0,WGOA,Rpath,ATF,2040,1708879.167,638058.9351,0,,pcod_rec_pp
ssp245,F0,WGOA,Rpath,POL,2041,2959382.649,1718910.279,0,,pcod_rec_pp
ssp245,F0,WGOA,Rpath,COD,2041,533699.5483,136066.3717,0,,pcod_rec_pp
ssp245,F0,WGOA,Rpath,ATF,2041,1675437.895,626025.2055,0,,pcod_rec_pp
ssp245,F0,WGOA,Rpath,POL,2042,3106130.147,1815083.783,0,,pcod_rec_pp
ssp245,F0,WGOA,Rpath,COD,2042,536513.2152,134199.3385,0,,pcod_rec_pp
ssp245,F0,WGOA,Rpath,ATF,2042,1659652.528,619118.0134,0,,pcod_rec_pp
ssp245,F0,WGOA,Rpath,POL,2043,3053558.156,1792292.617,0,,pcod_rec_pp
ssp245,F0,WGOA,Rpath,COD,2043,541765.6368,131545.3737,0,,pcod_rec_pp
ssp245,F0,WGOA,Rpath,ATF,2043,1654905.032,616832.4875,0,,pcod_rec_pp
ssp245,F0,WGOA,Rpath,POL,2044,3108003.867,1829165.339,0,,pcod_rec_pp
ssp245,F0,WGOA,Rpath,COD,2044,546606.3848,125215.5713,0,,pcod_rec_pp
ssp245,F0,WGOA,Rpath,ATF,2044,1651359.603,611661.1835,0,,pcod_rec_pp
ssp245,F0,WGOA,Rpath,POL,2045,3242086.964,1937612.492,0,,pcod_rec_pp
ssp245,F0,WGOA,Rpath,COD,2045,558901.2955,120749.4708,0,,pcod_rec_pp
ssp245,F0,WGOA,Rpath,ATF,2045,1678840.159,623887.6332,0,,pcod_rec_pp
ssp245,F0,WGOA,Rpath,POL,2046,3170046.507,1882528.151,0,,pcod_rec_pp
ssp245,F0,WGOA,Rpath,COD,2046,567019.2036,116549.2253,0,,pcod_rec_pp
ssp245,F0,WGOA,Rpath,ATF,2046,1686281.222,627773.8275,0,,pcod_rec_pp
ssp245,F0,WGOA,Rpath,POL,2047,3177934.284,1881747.565,0,,pcod_rec_pp
ssp245,F0,WGOA,Rpath,COD,2047,573707.6528,113905.1675,0,,pcod_rec_pp
ssp245,F0,WGOA,Rpath,ATF,2047,1690414.921,630923.6308,0,,pcod_rec_pp
ssp245,F0,WGOA,Rpath,POL,2048,2984322.506,1722994.722,0,,pcod_rec_pp
ssp245,F0,WGOA,Rpath,COD,2048,571423.7695,112575.8634,0,,pcod_rec_pp
ssp245,F0,WGOA,Rpath,ATF,2048,1653679.002,611580.9999,0,,pcod_rec_pp
ssp245,F0,WGOA,Rpath,POL,2049,2884046.486,1640718.325,0,,pcod_rec_pp
ssp245,F0,WGOA,Rpath,COD,2049,563498.2862,111706.7269,0,,pcod_rec_pp
ssp245,F0,WGOA,Rpath,ATF,2049,1612412.077,586994.1732,0,,pcod_rec_pp
ssp245,F0,WGOA,Rpath,POL,2050,3017367.747,1733526.769,0,,pcod_rec_pp
ssp245,F0,WGOA,Rpath,COD,2050,561805.583,112933.9588,0,,pcod_rec_pp
ssp245,F0,WGOA,Rpath,ATF,2050,1594568.817,572863.6552,0,,pcod_rec_pp
ssp245,F0,WGOA,Rpath,POL,2051,3013545.551,1738407.377,0,,pcod_rec_pp
ssp245,F0,WGOA,Rpath,COD,2051,562771.2638,116100.8016,0,,pcod_rec_pp
ssp245,F0,WGOA,Rpath,ATF,2051,1585086.884,565135.0016,0,,pcod_rec_pp
ssp245,F0,WGOA,Rpath,POL,2052,3128844.879,1835377.535,0,,pcod_rec_pp
ssp245,F0,WGOA,Rpath,COD,2052,567057.9213,119388.6541,0,,pcod_rec_pp
ssp245,F0,WGOA,Rpath,ATF,2052,1602024.846,573502.8593,0,,pcod_rec_pp
ssp245,F0,WGOA,Rpath,POL,2053,3060871.647,1782651.184,0,,pcod_rec_pp
ssp245,F0,WGOA,Rpath,COD,2053,571112.3425,119574.5437,0,,pcod_rec_pp
ssp245,F0,WGOA,Rpath,ATF,2053,1601719.855,576026.3551,0,,pcod_rec_pp
ssp245,F0,WGOA,Rpath,POL,2054,3176914.709,1855782.792,0,,pcod_rec_pp
ssp245,F0,WGOA,Rpath,COD,2054,578116.5682,119548.9951,0,,pcod_rec_pp
ssp245,F0,WGOA,Rpath,ATF,2054,1608455.892,583552.1645,0,,pcod_rec_pp
ssp245,F0,WGOA,Rpath,POL,2055,3066520.674,1771085.371,0,,pcod_rec_pp
ssp245,F0,WGOA,Rpath,COD,2055,580995.9452,117610.295,0,,pcod_rec_pp
ssp245,F0,WGOA,Rpath,ATF,2055,1599295.323,585069.8675,0,,pcod_rec_pp
ssp245,F0,WGOA,Rpath,POL,2056,3021605.206,1722272.675,0,,pcod_rec_pp
ssp245,F0,WGOA,Rpath,COD,2056,578452.9411,111493.6331,0,,pcod_rec_pp
ssp245,F0,WGOA,Rpath,ATF,2056,1573848.29,575637.2633,0,,pcod_rec_pp
ssp245,F0,WGOA,Rpath,POL,2057,2948930.168,1662958.47,0,,pcod_rec_pp
ssp245,F0,WGOA,Rpath,COD,2057,578503.8558,107075.2586,0,,pcod_rec_pp
ssp245,F0,WGOA,Rpath,ATF,2057,1545688.374,562625.9903,0,,pcod_rec_pp
ssp245,F0,WGOA,Rpath,POL,2058,2951927.602,1653481.863,0,,pcod_rec_pp
ssp245,F0,WGOA,Rpath,COD,2058,579878.28,104189.8928,0,,pcod_rec_pp
ssp245,F0,WGOA,Rpath,ATF,2058,1514379.229,544437.8979,0,,pcod_rec_pp
ssp245,F0,WGOA,Rpath,POL,2059,3235411.533,1870154.658,0,,pcod_rec_pp
ssp245,F0,WGOA,Rpath,COD,2059,589231.8643,103680.6905,0,,pcod_rec_pp
ssp245,F0,WGOA,Rpath,ATF,2059,1534010.774,553012.8307,0,,pcod_rec_pp
ssp245,F0,WGOA,Rpath,POL,2060,3161536.503,1847019.326,0,,pcod_rec_pp
ssp245,F0,WGOA,Rpath,COD,2060,601489.1167,104668.1035,0,,pcod_rec_pp
ssp245,F0,WGOA,Rpath,ATF,2060,1564776.667,572943.2651,0,,pcod_rec_pp
ssp245,F0,WGOA,Rpath,POL,2061,2750881.097,1517222.15,0,,pcod_rec_pp
ssp245,F0,WGOA,Rpath,COD,2061,592877.6138,99930.1283,0,,pcod_rec_pp
ssp245,F0,WGOA,Rpath,ATF,2061,1502925.79,540982.8737,0,,pcod_rec_pp
ssp245,F0,WGOA,Rpath,POL,2062,2984400.877,1637688.622,0,,pcod_rec_pp
ssp245,F0,WGOA,Rpath,COD,2062,586133.837,94727.52143,0,,pcod_rec_pp
ssp245,F0,WGOA,Rpath,ATF,2062,1465083.427,516727.0668,0,,pcod_rec_pp
ssp245,F0,WGOA,Rpath,POL,2063,3487721.526,2059698.802,0,,pcod_rec_pp
ssp245,F0,WGOA,Rpath,COD,2063,605107.2278,99284.14582,0,,pcod_rec_pp
ssp245,F0,WGOA,Rpath,ATF,2063,1538309.139,557048.3966,0,,pcod_rec_pp
ssp245,F0,WGOA,Rpath,POL,2064,3326677.532,1968510.391,0,,pcod_rec_pp
ssp245,F0,WGOA,Rpath,COD,2064,622364.3855,107081.7096,0,,pcod_rec_pp
ssp245,F0,WGOA,Rpath,ATF,2064,1583523.929,591668.6754,0,,pcod_rec_pp
ssp245,F0,WGOA,Rpath,POL,2065,3120414.764,1754114.369,0,,pcod_rec_pp
ssp245,F0,WGOA,Rpath,COD,2065,618126.8576,110208.2647,0,,pcod_rec_pp
ssp245,F0,WGOA,Rpath,ATF,2065,1539468.996,572558.4687,0,,pcod_rec_pp
ssp245,F0,WGOA,Rpath,POL,2066,3472690.381,2003400.317,0,,pcod_rec_pp
ssp245,F0,WGOA,Rpath,COD,2066,626564.397,117308.2493,0,,pcod_rec_pp
ssp245,F0,WGOA,Rpath,ATF,2066,1568180.357,590148.6444,0,,pcod_rec_pp
ssp245,F0,WGOA,Rpath,POL,2067,3771094.832,2263952.497,0,,pcod_rec_pp
ssp245,F0,WGOA,Rpath,COD,2067,648109.8381,126077.0402,0,,pcod_rec_pp
ssp245,F0,WGOA,Rpath,ATF,2067,1648492.833,640501.3405,0,,pcod_rec_pp
ssp245,F0,WGOA,Rpath,POL,2068,3811900.734,2308245.242,0,,pcod_rec_pp
ssp245,F0,WGOA,Rpath,COD,2068,668440.8708,134824.6931,0,,pcod_rec_pp
ssp245,F0,WGOA,Rpath,ATF,2068,1716254.88,688450.3389,0,,pcod_rec_pp
ssp245,F0,WGOA,Rpath,POL,2069,3320209.439,1924550.155,0,,pcod_rec_pp
ssp245,F0,WGOA,Rpath,COD,2069,665064.83,133039.2785,0,,pcod_rec_pp
ssp245,F0,WGOA,Rpath,ATF,2069,1687314.31,675440.7172,0,,pcod_rec_pp
ssp245,F0,WGOA,Rpath,POL,2070,3291879.665,1843379.411,0,,pcod_rec_pp
ssp245,F0,WGOA,Rpath,COD,2070,650644.6069,121714.0626,0,,pcod_rec_pp
ssp245,F0,WGOA,Rpath,ATF,2070,1628370.845,631750.6674,0,,pcod_rec_pp
ssp245,F0,WGOA,Rpath,POL,2071,3680238.276,2153393.285,0,,pcod_rec_pp
ssp245,F0,WGOA,Rpath,COD,2071,654180.4911,116768.5193,0,,pcod_rec_pp
ssp245,F0,WGOA,Rpath,ATF,2071,1657417.232,633036.5215,0,,pcod_rec_pp
ssp245,F0,WGOA,Rpath,POL,2072,3630689.404,2168485.896,0,,pcod_rec_pp
ssp245,F0,WGOA,Rpath,COD,2072,662061.7671,119423.9256,0,,pcod_rec_pp
ssp245,F0,WGOA,Rpath,ATF,2072,1705330.742,650504.4571,0,,pcod_rec_pp
ssp245,F0,WGOA,Rpath,POL,2073,3272073.345,1896687.143,0,,pcod_rec_pp
ssp245,F0,WGOA,Rpath,COD,2073,653968.0221,119544.8709,0,,pcod_rec_pp
ssp245,F0,WGOA,Rpath,ATF,2073,1680757.9,627940.8485,0,,pcod_rec_pp
ssp245,F0,WGOA,Rpath,POL,2074,3444070.636,1986914.155,0,,pcod_rec_pp
ssp245,F0,WGOA,Rpath,COD,2074,644751.8015,119502.8203,0,,pcod_rec_pp
ssp245,F0,WGOA,Rpath,ATF,2074,1664568.622,605934.7026,0,,pcod_rec_pp
ssp245,F0,WGOA,Rpath,POL,2075,3500185.828,2061392.259,0,,pcod_rec_pp
ssp245,F0,WGOA,Rpath,COD,2075,643427.6838,125123.7271,0,,pcod_rec_pp
ssp245,F0,WGOA,Rpath,ATF,2075,1693643.584,614478.3431,0,,pcod_rec_pp
ssp245,F0,WGOA,Rpath,POL,2076,3425793.446,2021619.673,0,,pcod_rec_pp
ssp245,F0,WGOA,Rpath,COD,2076,640032.8618,130655.3432,0,,pcod_rec_pp
ssp245,F0,WGOA,Rpath,ATF,2076,1705248.902,620790.4004,0,,pcod_rec_pp
ssp245,F0,WGOA,Rpath,POL,2077,3358330.461,1959111.22,0,,pcod_rec_pp
ssp245,F0,WGOA,Rpath,COD,2077,634894.8283,136328.3508,0,,pcod_rec_pp
ssp245,F0,WGOA,Rpath,ATF,2077,1693436.043,616739.5985,0,,pcod_rec_pp
ssp245,F0,WGOA,Rpath,POL,2078,3197302.778,1831527.6,0,,pcod_rec_pp
ssp245,F0,WGOA,Rpath,COD,2078,624075.3189,135786.8598,0,,pcod_rec_pp
ssp245,F0,WGOA,Rpath,ATF,2078,1660526.371,600060.4507,0,,pcod_rec_pp
ssp245,F0,WGOA,Rpath,POL,2079,3299863.387,1906854.329,0,,pcod_rec_pp
ssp245,F0,WGOA,Rpath,COD,2079,616852.2936,129992.3399,0,,pcod_rec_pp
ssp245,F0,WGOA,Rpath,ATF,2079,1650635.692,593948.6955,0,,pcod_rec_pp
ssp245,F0,WGOA,Rpath,POL,2080,3280126.858,1912044.313,0,,pcod_rec_pp
ssp245,F0,WGOA,Rpath,COD,2080,618371.581,125950.1826,0,,pcod_rec_pp
ssp245,F0,WGOA,Rpath,ATF,2080,1655784.069,599091.1247,0,,pcod_rec_pp
ssp245,F0,WGOA,Rpath,POL,2081,3102391.485,1768836.072,0,,pcod_rec_pp
ssp245,F0,WGOA,Rpath,COD,2081,611031.2849,119293.8526,0,,pcod_rec_pp
ssp245,F0,WGOA,Rpath,ATF,2081,1620288.779,581603.6065,0,,pcod_rec_pp
ssp245,F0,WGOA,Rpath,POL,2082,3350970.095,1952364.322,0,,pcod_rec_pp
ssp245,F0,WGOA,Rpath,COD,2082,608477.7297,113441.9016,0,,pcod_rec_pp
ssp245,F0,WGOA,Rpath,ATF,2082,1632074.667,587777.1599,0,,pcod_rec_pp
ssp245,F0,WGOA,Rpath,POL,2083,3404210.94,2009286.607,0,,pcod_rec_pp
ssp245,F0,WGOA,Rpath,COD,2083,614344.8852,112301.9379,0,,pcod_rec_pp
ssp245,F0,WGOA,Rpath,ATF,2083,1660112.128,606687.0982,0,,pcod_rec_pp
ssp245,F0,WGOA,Rpath,POL,2084,3560177.785,2134723.461,0,,pcod_rec_pp
ssp245,F0,WGOA,Rpath,COD,2084,626263.5108,119950.3173,0,,pcod_rec_pp
ssp245,F0,WGOA,Rpath,ATF,2084,1704799.712,637646.6826,0,,pcod_rec_pp
ssp245,F0,WGOA,Rpath,POL,2085,3541591.232,2108956.219,0,,pcod_rec_pp
ssp245,F0,WGOA,Rpath,COD,2085,631468.0056,131118.8658,0,,pcod_rec_pp
ssp245,F0,WGOA,Rpath,ATF,2085,1725396.953,657190.4714,0,,pcod_rec_pp
ssp245,F0,WGOA,Rpath,POL,2086,3266818.228,1899613.631,0,,pcod_rec_pp
ssp245,F0,WGOA,Rpath,COD,2086,627361.8378,137743.3157,0,,pcod_rec_pp
ssp245,F0,WGOA,Rpath,ATF,2086,1705993.942,652075.4007,0,,pcod_rec_pp
ssp245,F0,WGOA,Rpath,POL,2087,3532878.736,2070130.785,0,,pcod_rec_pp
ssp245,F0,WGOA,Rpath,COD,2087,624529.3836,143809.129,0,,pcod_rec_pp
ssp245,F0,WGOA,Rpath,ATF,2087,1704795.608,649423.1609,0,,pcod_rec_pp
ssp245,F0,WGOA,Rpath,POL,2088,3235946.572,1873282.243,0,,pcod_rec_pp
ssp245,F0,WGOA,Rpath,COD,2088,617362.1388,146971.6032,0,,pcod_rec_pp
ssp245,F0,WGOA,Rpath,ATF,2088,1689722.095,639987.271,0,,pcod_rec_pp
ssp245,F0,WGOA,Rpath,POL,2089,3161828.113,1794876.866,0,,pcod_rec_pp
ssp245,F0,WGOA,Rpath,COD,2089,598552.0422,137478.2236,0,,pcod_rec_pp
ssp245,F0,WGOA,Rpath,ATF,2089,1642198.292,605278.3643,0,,pcod_rec_pp
ssp245,F0,WGOA,Rpath,POL,2090,3164806.502,1798401.5,0,,pcod_rec_pp
ssp245,F0,WGOA,Rpath,COD,2090,589064.0441,129630.2035,0,,pcod_rec_pp
ssp245,F0,WGOA,Rpath,ATF,2090,1619472.901,582008.9208,0,,pcod_rec_pp
ssp245,F0,WGOA,Rpath,POL,2091,3438840.308,2021303.865,0,,pcod_rec_pp
ssp245,F0,WGOA,Rpath,COD,2091,591600.8437,128005.2486,0,,pcod_rec_pp
ssp245,F0,WGOA,Rpath,ATF,2091,1646318.237,586003.6344,0,,pcod_rec_pp
ssp245,F0,WGOA,Rpath,POL,2092,3498598.703,2097087.605,0,,pcod_rec_pp
ssp245,F0,WGOA,Rpath,COD,2092,598510.0228,130840.4962,0,,pcod_rec_pp
ssp245,F0,WGOA,Rpath,ATF,2092,1696010.771,610579.1114,0,,pcod_rec_pp
ssp245,F0,WGOA,Rpath,POL,2093,3387841.843,1995499.402,0,,pcod_rec_pp
ssp245,F0,WGOA,Rpath,COD,2093,598533.1126,133534.7391,0,,pcod_rec_pp
ssp245,F0,WGOA,Rpath,ATF,2093,1697394.006,614528.0743,0,,pcod_rec_pp
ssp245,F0,WGOA,Rpath,POL,2094,3591176.748,2145997.264,0,,pcod_rec_pp
ssp245,F0,WGOA,Rpath,COD,2094,604849.3835,141466.7056,0,,pcod_rec_pp
ssp245,F0,WGOA,Rpath,ATF,2094,1734500.978,640919.3613,0,,pcod_rec_pp
ssp245,F0,WGOA,Rpath,POL,2095,3211207.893,1854771.543,0,,pcod_rec_pp
ssp245,F0,WGOA,Rpath,COD,2095,598586.7981,141754.0142,0,,pcod_rec_pp
ssp245,F0,WGOA,Rpath,ATF,2095,1700722.128,630629.4345,0,,pcod_rec_pp
ssp245,F0,WGOA,Rpath,POL,2096,3368454.804,1950863.318,0,,pcod_rec_pp
ssp245,F0,WGOA,Rpath,COD,2096,597498.6497,138437.6291,0,,pcod_rec_pp
ssp245,F0,WGOA,Rpath,ATF,2096,1685050.732,624688.3557,0,,pcod_rec_pp
ssp245,F0,WGOA,Rpath,POL,2097,3539346.803,2100232.348,0,,pcod_rec_pp
ssp245,F0,WGOA,Rpath,COD,2097,605382.9677,139172.2376,0,,pcod_rec_pp
ssp245,F0,WGOA,Rpath,ATF,2097,1715114.488,644004.3442,0,,pcod_rec_pp
ssp245,F0,WGOA,Rpath,POL,2098,3414310.454,2023919.857,0,,pcod_rec_pp
ssp245,F0,WGOA,Rpath,COD,2098,610526.8171,134138.7013,0,,pcod_rec_pp
ssp245,F0,WGOA,Rpath,ATF,2098,1726693.428,652261.2897,0,,pcod_rec_pp
ssp245,F0,WGOA,Rpath,POL,2099,3348467.994,1952852.647,0,,pcod_rec_pp
ssp245,F0,WGOA,Rpath,COD,2099,613348.5089,125681.3397,0,,pcod_rec_pp
ssp245,F0,WGOA,Rpath,ATF,2099,1707675.017,638840.1161,0,,pcod_rec_pp
ssp585,F0,WGOA,Rpath,POL,1991,2884927.165,1690895.406,87828.01,,pcod_rec_pp
ssp585,F0,WGOA,Rpath,COD,1991,399280.2939,93224.23736,64466.82999,,pcod_rec_pp
ssp585,F0,WGOA,Rpath,ATF,1991,1554327.805,597326.9774,16958.38001,,pcod_rec_pp
ssp585,F0,WGOA,Rpath,POL,1992,2892495.913,1696087.278,90585.18996,,pcod_rec_pp
ssp585,F0,WGOA,Rpath,COD,1992,371842.9001,88999.22879,78966.50009,,pcod_rec_pp
ssp585,F0,WGOA,Rpath,ATF,1992,1551901.376,598021.2117,20482.18006,,pcod_rec_pp
ssp585,F0,WGOA,Rpath,POL,1993,2886917.46,1690078.21,108230.1801,,pcod_rec_pp
ssp585,F0,WGOA,Rpath,COD,1993,375328.1754,91984.46817,45849.17007,,pcod_rec_pp
ssp585,F0,WGOA,Rpath,ATF,1993,1551566.347,599298.1593,18294.44992,,pcod_rec_pp
ssp585,F0,WGOA,Rpath,POL,1994,2891612.897,1691340.87,100412.3599,,pcod_rec_pp
ssp585,F0,WGOA,Rpath,COD,1994,374238.5054,92168.02449,45610.57997,,pcod_rec_pp
ssp585,F0,WGOA,Rpath,ATF,1994,1547453.432,598480.5088,21993.23998,,pcod_rec_pp
ssp585,F0,WGOA,Rpath,POL,1995,2920445.243,1709974.752,69168.12993,,pcod_rec_pp
ssp585,F0,WGOA,Rpath,COD,1995,354241.1182,88060.92648,67907.17999,,pcod_rec_pp
ssp585,F0,WGOA,Rpath,ATF,1995,1548788.073,599203.4556,17415.49004,,pcod_rec_pp
ssp585,F0,WGOA,Rpath,POL,1996,2949537.5,1727520.768,49825.87004,,pcod_rec_pp
ssp585,F0,WGOA,Rpath,COD,1996,348901.2699,89289.89982,55391.6601,,pcod_rec_pp
ssp585,F0,WGOA,Rpath,ATF,1996,1545296.542,597141.1539,21555.6099,,pcod_rec_pp
ssp585,F0,WGOA,Rpath,POL,1997,2946193.762,1722365.564,84179.64997,,pcod_rec_pp
ssp585,F0,WGOA,Rpath,COD,1997,339607.8718,88455.84666,58920.57999,,pcod_rec_pp
ssp585,F0,WGOA,Rpath,ATF,1997,1547340.939,596389.7317,14758.27989,,pcod_rec_pp
ssp585,F0,WGOA,Rpath,POL,1998,3007840.548,1762267.823,5428.379998,,pcod_rec_pp
ssp585,F0,WGOA,Rpath,COD,1998,338402.0081,87897.09963,50218.95011,,pcod_rec_pp
ssp585,F0,WGOA,Rpath,ATF,1998,1552042.171,596282.5118,12377.19001,,pcod_rec_pp
ssp585,F0,WGOA,Rpath,POL,1999,2993956.264,1751820.359,90556.90006,,pcod_rec_pp
ssp585,F0,WGOA,Rpath,COD,1999,323385.5045,83134.3282,66264.6701,,pcod_rec_pp
ssp585,F0,WGOA,Rpath,ATF,1999,1556822.572,596729.6537,14649.22992,,pcod_rec_pp
ssp585,F0,WGOA,Rpath,POL,2000,3049484.669,1789601.224,5552.830105,,pcod_rec_pp
ssp585,F0,WGOA,Rpath,COD,2000,321234.7048,82993.63067,53384.86994,,pcod_rec_pp
ssp585,F0,WGOA,Rpath,ATF,2000,1555589.603,595731.5303,22993.75009,,pcod_rec_pp
ssp585,F0,WGOA,Rpath,POL,2001,3082953.386,1808450.385,3452.299979,,pcod_rec_pp
ssp585,F0,WGOA,Rpath,COD,2001,327836.0522,85350.66779,40517.40995,,pcod_rec_pp
ssp585,F0,WGOA,Rpath,ATF,2001,1559150.397,597017.2815,17416.19999,,pcod_rec_pp
ssp585,F0,WGOA,Rpath,POL,2002,3117695.911,1828996.892,1698.029945,,pcod_rec_pp
ssp585,F0,WGOA,Rpath,COD,2002,329657.1998,86672.3968,41567.98996,,pcod_rec_pp
ssp585,F0,WGOA,Rpath,ATF,2002,1561074.367,598208.7603,20173.56001,,pcod_rec_pp
ssp585,F0,WGOA,Rpath,POL,2003,3105660.591,1817041.088,48590.07701,,pcod_rec_pp
ssp585,F0,WGOA,Rpath,COD,2003,321002.2329,86072.65487,52365.75509,,pcod_rec_pp
ssp585,F0,WGOA,Rpath,ATF,2003,1552272.454,595288.6341,30169.77189,,pcod_rec_pp
ssp585,F0,WGOA,Rpath,POL,2004,3100496.18,1811816.72,62434.43992,,pcod_rec_pp
ssp585,F0,WGOA,Rpath,COD,2004,310907.3461,86861.68446,56450.24197,,pcod_rec_pp
ssp585,F0,WGOA,Rpath,ATF,2004,1557805.526,597533.7477,15634.90804,,pcod_rec_pp
ssp585,F0,WGOA,Rpath,POL,2005,3085140.756,1801622.597,78302.79193,,pcod_rec_pp
ssp585,F0,WGOA,Rpath,COD,2005,308747.7124,89355.03295,47523.77993,,pcod_rec_pp
ssp585,F0,WGOA,Rpath,ATF,2005,1557456.933,596651.5277,19923.57305,,pcod_rec_pp
ssp585,F0,WGOA,Rpath,POL,2006,3088115.7,1805154.794,68928.30799,,pcod_rec_pp
ssp585,F0,WGOA,Rpath,COD,2006,305285.4254,89662.84203,47767.07996,,pcod_rec_pp
ssp585,F0,WGOA,Rpath,ATF,2006,1552052.557,593803.972,27622.69892,,pcod_rec_pp
ssp585,F0,WGOA,Rpath,POL,2007,3108388.666,1820162.189,51572.307,,pcod_rec_pp
ssp585,F0,WGOA,Rpath,COD,2007,298656.828,86970.58416,51812.178,,pcod_rec_pp
ssp585,F0,WGOA,Rpath,ATF,2007,1552833.111,593773.0969,25346.98698,,pcod_rec_pp
ssp585,F0,WGOA,Rpath,POL,2008,3122657.328,1829614.826,50786.20601,,pcod_rec_pp
ssp585,F0,WGOA,Rpath,COD,2008,288014.1972,83738.42574,58386.38403,,pcod_rec_pp
ssp585,F0,WGOA,Rpath,ATF,2008,1551453.517,592951.9777,29205.93997,,pcod_rec_pp
ssp585,F0,WGOA,Rpath,POL,2009,3143273.399,1841984.82,41549.50308,,pcod_rec_pp
ssp585,F0,WGOA,Rpath,COD,2009,284535.8483,83301.56554,51788.98001,,pcod_rec_pp
ssp585,F0,WGOA,Rpath,ATF,2009,1555113.026,594046.2661,24831.74204,,pcod_rec_pp
ssp585,F0,WGOA,Rpath,POL,2010,3136117.031,1835292.146,73443.38423,,pcod_rec_pp
ssp585,F0,WGOA,Rpath,COD,2010,260387.0744,76717.56805,76954.1546,,pcod_rec_pp
ssp585,F0,WGOA,Rpath,ATF,2010,1558263.173,594362.5648,24339.44647,,pcod_rec_pp
ssp585,F0,WGOA,Rpath,POL,2011,3141056.088,1838289.751,77694.47962,,pcod_rec_pp
ssp585,F0,WGOA,Rpath,COD,2011,234318.5161,69543.30604,83710.47539,,pcod_rec_pp
ssp585,F0,WGOA,Rpath,ATF,2011,1557071.61,592792.1032,30911.82176,,pcod_rec_pp
ssp585,F0,WGOA,Rpath,POL,2012,3133568.472,1833854.712,98934.69122,,pcod_rec_pp
ssp585,F0,WGOA,Rpath,COD,2012,216652.3988,64116.82151,76871.10999,,pcod_rec_pp
ssp585,F0,WGOA,Rpath,ATF,2012,1567597.99,595605.7671,20761.90991,,pcod_rec_pp
ssp585,F0,WGOA,Rpath,POL,2013,3129803.327,1832301.647,90796.63161,,pcod_rec_pp
ssp585,F0,WGOA,Rpath,COD,2013,207097.746,61173.05499,66829.78162,,pcod_rec_pp
ssp585,F0,WGOA,Rpath,ATF,2013,1575636.643,596480.792,21809.31232,,pcod_rec_pp
ssp585,F0,WGOA,Rpath,POL,2014,3087331.432,1803398.136,138948.062,,pcod_rec_pp
ssp585,F0,WGOA,Rpath,COD,2014,180191.4473,54326.17477,83491.7282,,pcod_rec_pp
ssp585,F0,WGOA,Rpath,ATF,2014,1567912.163,590069.7527,36524.50153,,pcod_rec_pp
ssp585,F0,WGOA,Rpath,POL,2015,3045526.286,1775739.079,162807.646,,pcod_rec_pp
ssp585,F0,WGOA,Rpath,COD,2015,157932.7221,48934.44114,77689.99201,,pcod_rec_pp
ssp585,F0,WGOA,Rpath,ATF,2015,1577268.818,588791.536,19296.58722,,pcod_rec_pp
ssp585,F0,WGOA,Rpath,POL,2016,3007798.292,1753763.798,173086.3524,,pcod_rec_pp
ssp585,F0,WGOA,Rpath,COD,2016,147656.6154,47339.00977,62867.32743,,pcod_rec_pp
ssp585,F0,WGOA,Rpath,ATF,2016,1586289.943,586210.8787,19976.29419,,pcod_rec_pp
ssp585,F0,WGOA,Rpath,POL,2017,2976739.358,1738811.225,184220.0285,,pcod_rec_pp
ssp585,F0,WGOA,Rpath,COD,2017,147736.1447,50239.67431,48204.21467,,pcod_rec_pp
ssp585,F0,WGOA,Rpath,ATF,2017,1591593.276,581990.6601,27053.50899,,pcod_rec_pp
ssp585,F0,WGOA,Rpath,POL,2018,2968841.332,1740812.462,150815.1922,,pcod_rec_pp
ssp585,F0,WGOA,Rpath,COD,2018,174522.2292,61112.90393,14681.2982,,pcod_rec_pp
ssp585,F0,WGOA,Rpath,ATF,2018,1607270.211,582229.7484,18870.25094,,pcod_rec_pp
ssp585,F0,WGOA,Rpath,POL,2019,2976191.205,1750709.517,110649.2716,,pcod_rec_pp
ssp585,F0,WGOA,Rpath,COD,2019,197788.813,66355.87669,15200.42058,,pcod_rec_pp
ssp585,F0,WGOA,Rpath,ATF,2019,1614692.328,580069.5368,24567.05196,,pcod_rec_pp
ssp585,F0,WGOA,Rpath,POL,2020,2989817.059,1764764.681,99971.06489,,pcod_rec_pp
ssp585,F0,WGOA,Rpath,COD,2020,228008.227,75553.88356,6085.249339,,pcod_rec_pp
ssp585,F0,WGOA,Rpath,ATF,2020,1626339.563,581529.2315,21115.8993,,pcod_rec_pp
ssp585,F0,WGOA,Rpath,POL,2021,2873146.93,1679597.268,93869.85877,,pcod_rec_pp
ssp585,F0,WGOA,Rpath,COD,2021,243246.7489,79035.53294,18686.81231,,pcod_rec_pp
ssp585,F0,WGOA,Rpath,ATF,2021,1626538.301,577597.5151,9846.300133,,pcod_rec_pp
ssp585,F0,WGOA,Rpath,POL,2022,2854426.189,1661321.535,123494.0341,,pcod_rec_pp
ssp585,F0,WGOA,Rpath,COD,2022,254782.3528,77651.99684,25387.70532,,pcod_rec_pp
ssp585,F0,WGOA,Rpath,ATF,2022,1619062.628,570473.6455,11531.83168,,pcod_rec_pp
ssp585,F0,WGOA,Rpath,POL,2023,3144052.948,1897144.455,124964.8454,,pcod_rec_pp
ssp585,F0,WGOA,Rpath,COD,2023,279121.2309,79047.46298,21018.29691,,pcod_rec_pp
ssp585,F0,WGOA,Rpath,ATF,2023,1675683.412,600902.4542,9114.887409,,pcod_rec_pp
ssp585,F0,WGOA,Rpath,POL,2024,3257967.662,1996468.919,0,,pcod_rec_pp
ssp585,F0,WGOA,Rpath,COD,2024,321309.1321,88233.22008,0,,pcod_rec_pp
ssp585,F0,WGOA,Rpath,ATF,2024,1744221.8,645299.7788,0,,pcod_rec_pp
ssp585,F0,WGOA,Rpath,POL,2025,3239968.328,1972451.499,0,,pcod_rec_pp
ssp585,F0,WGOA,Rpath,COD,2025,353443.1209,96817.60439,0,,pcod_rec_pp
ssp585,F0,WGOA,Rpath,ATF,2025,1780387.597,674980.6851,0,,pcod_rec_pp
ssp585,F0,WGOA,Rpath,POL,2026,3188923.283,1924776.566,0,,pcod_rec_pp
ssp585,F0,WGOA,Rpath,COD,2026,377791.2847,106697.7619,0,,pcod_rec_pp
ssp585,F0,WGOA,Rpath,ATF,2026,1793513.227,690382.4744,0,,pcod_rec_pp
ssp585,F0,WGOA,Rpath,POL,2027,3106506.743,1840343.041,0,,pcod_rec_pp
ssp585,F0,WGOA,Rpath,COD,2027,392981.4408,114020.0615,0,,pcod_rec_pp
ssp585,F0,WGOA,Rpath,ATF,2027,1768029.322,678191.1224,0,,pcod_rec_pp
ssp585,F0,WGOA,Rpath,POL,2028,3217225.695,1928805.886,0,,pcod_rec_pp
ssp585,F0,WGOA,Rpath,COD,2028,409294.9966,120036.624,0,,pcod_rec_pp
ssp585,F0,WGOA,Rpath,ATF,2028,1775362.931,679786.0416,0,,pcod_rec_pp
ssp585,F0,WGOA,Rpath,POL,2029,2868994.852,1685300.198,0,,pcod_rec_pp
ssp585,F0,WGOA,Rpath,COD,2029,418697.0312,120295.4858,0,,pcod_rec_pp
ssp585,F0,WGOA,Rpath,ATF,2029,1736213.046,653532.3502,0,,pcod_rec_pp
ssp585,F0,WGOA,Rpath,POL,2030,3020259.563,1776106.938,0,,pcod_rec_pp
ssp585,F0,WGOA,Rpath,COD,2030,427089.3024,118262.1025,0,,pcod_rec_pp
ssp585,F0,WGOA,Rpath,ATF,2030,1709553.897,626012.303,0,,pcod_rec_pp
ssp585,F0,WGOA,Rpath,POL,2031,3006423.687,1784607.203,0,,pcod_rec_pp
ssp585,F0,WGOA,Rpath,COD,2031,438304.8894,117829.4058,0,,pcod_rec_pp
ssp585,F0,WGOA,Rpath,ATF,2031,1707917.258,614059.0618,0,,pcod_rec_pp
ssp585,F0,WGOA,Rpath,POL,2032,2857551.365,1665968.352,0,,pcod_rec_pp
ssp585,F0,WGOA,Rpath,COD,2032,442828.4682,114507.2627,0,,pcod_rec_pp
ssp585,F0,WGOA,Rpath,ATF,2032,1671611.041,586385.416,0,,pcod_rec_pp
ssp585,F0,WGOA,Rpath,POL,2033,2821827.699,1640808.556,0,,pcod_rec_pp
ssp585,F0,WGOA,Rpath,COD,2033,450535.1478,112419.8255,0,,pcod_rec_pp
ssp585,F0,WGOA,Rpath,ATF,2033,1649288.226,569346.2693,0,,pcod_rec_pp
ssp585,F0,WGOA,Rpath,POL,2034,3014671.626,1780708.049,0,,pcod_rec_pp
ssp585,F0,WGOA,Rpath,COD,2034,461694.6769,112112.4017,0,,pcod_rec_pp
ssp585,F0,WGOA,Rpath,ATF,2034,1653845.208,570603.1098,0,,pcod_rec_pp
ssp585,F0,WGOA,Rpath,POL,2035,3334314.637,2049966.645,0,,pcod_rec_pp
ssp585,F0,WGOA,Rpath,COD,2035,484832.1601,119076.4552,0,,pcod_rec_pp
ssp585,F0,WGOA,Rpath,ATF,2035,1730288.445,620155.1182,0,,pcod_rec_pp
ssp585,F0,WGOA,Rpath,POL,2036,3342346.399,2063843.34,0,,pcod_rec_pp
ssp585,F0,WGOA,Rpath,COD,2036,505678.7847,127840.5869,0,,pcod_rec_pp
ssp585,F0,WGOA,Rpath,ATF,2036,1790709.147,672637.4671,0,,pcod_rec_pp
ssp585,F0,WGOA,Rpath,POL,2037,3264111.198,1989052.126,0,,pcod_rec_pp
ssp585,F0,WGOA,Rpath,COD,2037,516915.1393,133244.9583,0,,pcod_rec_pp
ssp585,F0,WGOA,Rpath,ATF,2037,1809857.41,703228.8323,0,,pcod_rec_pp
ssp585,F0,WGOA,Rpath,POL,2038,2947182.925,1722763.046,0,,pcod_rec_pp
ssp585,F0,WGOA,Rpath,COD,2038,513315.6245,132205.97,0,,pcod_rec_pp
ssp585,F0,WGOA,Rpath,ATF,2038,1750235.413,680950.328,0,,pcod_rec_pp
ssp585,F0,WGOA,Rpath,POL,2039,3042622.787,1766127.445,0,,pcod_rec_pp
ssp585,F0,WGOA,Rpath,COD,2039,509740.4768,131410.6438,0,,pcod_rec_pp
ssp585,F0,WGOA,Rpath,ATF,2039,1706717.082,656520.2293,0,,pcod_rec_pp
ssp585,F0,WGOA,Rpath,POL,2040,3234167.296,1931901.008,0,,pcod_rec_pp
ssp585,F0,WGOA,Rpath,COD,2040,516340.4614,135239.673,0,,pcod_rec_pp
ssp585,F0,WGOA,Rpath,ATF,2040,1721894.625,660344.9603,0,,pcod_rec_pp
ssp585,F0,WGOA,Rpath,POL,2041,3126207.762,1873272.697,0,,pcod_rec_pp
ssp585,F0,WGOA,Rpath,COD,2041,524825.5396,137619.3152,0,,pcod_rec_pp
ssp585,F0,WGOA,Rpath,ATF,2041,1729145.763,657688.2844,0,,pcod_rec_pp
ssp585,F0,WGOA,Rpath,POL,2042,3024550.111,1778658.83,0,,pcod_rec_pp
ssp585,F0,WGOA,Rpath,COD,2042,524744.36,133551.772,0,,pcod_rec_pp
ssp585,F0,WGOA,Rpath,ATF,2042,1701293.301,631206.3351,0,,pcod_rec_pp
ssp585,F0,WGOA,Rpath,POL,2043,2913843.319,1688680.167,0,,pcod_rec_pp
ssp585,F0,WGOA,Rpath,COD,2043,520434.0283,125117.8015,0,,pcod_rec_pp
ssp585,F0,WGOA,Rpath,ATF,2043,1667007.579,600774.1445,0,,pcod_rec_pp
ssp585,F0,WGOA,Rpath,POL,2044,3074874.094,1807767.72,0,,pcod_rec_pp
ssp585,F0,WGOA,Rpath,COD,2044,523118.4841,118107.0589,0,,pcod_rec_pp
ssp585,F0,WGOA,Rpath,ATF,2044,1662911.155,588522.5144,0,,pcod_rec_pp
ssp585,F0,WGOA,Rpath,POL,2045,3211072.647,1928274.313,0,,pcod_rec_pp
ssp585,F0,WGOA,Rpath,COD,2045,537311.5673,119022.6268,0,,pcod_rec_pp
ssp585,F0,WGOA,Rpath,ATF,2045,1693457.371,603183.0721,0,,pcod_rec_pp
ssp585,F0,WGOA,Rpath,POL,2046,3331930.764,2021366.266,0,,pcod_rec_pp
ssp585,F0,WGOA,Rpath,COD,2046,553352.0858,122381.05,0,,pcod_rec_pp
ssp585,F0,WGOA,Rpath,ATF,2046,1733247.712,630640.5746,0,,pcod_rec_pp
ssp585,F0,WGOA,Rpath,POL,2047,3378203.537,2047699.052,0,,pcod_rec_pp
ssp585,F0,WGOA,Rpath,COD,2047,565873.9239,127310.1803,0,,pcod_rec_pp
ssp585,F0,WGOA,Rpath,ATF,2047,1765126.052,658569.6959,0,,pcod_rec_pp
ssp585,F0,WGOA,Rpath,POL,2048,3445028.802,2098661.505,0,,pcod_rec_pp
ssp585,F0,WGOA,Rpath,COD,2048,576980.3834,134527.9717,0,,pcod_rec_pp
ssp585,F0,WGOA,Rpath,ATF,2048,1803248.66,693282.4042,0,,pcod_rec_pp
ssp585,F0,WGOA,Rpath,POL,2049,3296130.001,1982397.112,0,,pcod_rec_pp
ssp585,F0,WGOA,Rpath,COD,2049,579767.4309,138006.7413,0,,pcod_rec_pp
ssp585,F0,WGOA,Rpath,ATF,2049,1802168.325,705161.3178,0,,pcod_rec_pp
ssp585,F0,WGOA,Rpath,POL,2050,3396315.944,2029195.825,0,,pcod_rec_pp
ssp585,F0,WGOA,Rpath,COD,2050,580236.5098,138601.4671,0,,pcod_rec_pp
ssp585,F0,WGOA,Rpath,ATF,2050,1790958.584,703102.7558,0,,pcod_rec_pp
ssp585,F0,WGOA,Rpath,POL,2051,3428944.513,2071965.071,0,,pcod_rec_pp
ssp585,F0,WGOA,Rpath,COD,2051,586898.8427,143692.2567,0,,pcod_rec_pp
ssp585,F0,WGOA,Rpath,ATF,2051,1810625.007,714413.6658,0,,pcod_rec_pp
ssp585,F0,WGOA,Rpath,POL,2052,3359026.627,2011644.924,0,,pcod_rec_pp
ssp585,F0,WGOA,Rpath,COD,2052,584054.8119,145285.2205,0,,pcod_rec_pp
ssp585,F0,WGOA,Rpath,ATF,2052,1801167.899,702777.3118,0,,pcod_rec_pp
ssp585,F0,WGOA,Rpath,POL,2053,3371441.29,2022747.416,0,,pcod_rec_pp
ssp585,F0,WGOA,Rpath,COD,2053,581539.1659,146624.3439,0,,pcod_rec_pp
ssp585,F0,WGOA,Rpath,ATF,2053,1802055.18,692829.8857,0,,pcod_rec_pp
ssp585,F0,WGOA,Rpath,POL,2054,3193506.108,1877430.295,0,,pcod_rec_pp
ssp585,F0,WGOA,Rpath,COD,2054,571785.108,143400.8729,0,,pcod_rec_pp
ssp585,F0,WGOA,Rpath,ATF,2054,1764554.353,660091.3301,0,,pcod_rec_pp
ssp585,F0,WGOA,Rpath,POL,2055,3226538.904,1917912.291,0,,pcod_rec_pp
ssp585,F0,WGOA,Rpath,COD,2055,570251.8593,140946.6239,0,,pcod_rec_pp
ssp585,F0,WGOA,Rpath,ATF,2055,1763221.89,647011.1861,0,,pcod_rec_pp
ssp585,F0,WGOA,Rpath,POL,2056,3239978.192,1918504.978,0,,pcod_rec_pp
ssp585,F0,WGOA,Rpath,COD,2056,566869.6808,137373.0146,0,,pcod_rec_pp
ssp585,F0,WGOA,Rpath,ATF,2056,1746138.929,628261.248,0,,pcod_rec_pp
ssp585,F0,WGOA,Rpath,POL,2057,3238804.432,1928244.68,0,,pcod_rec_pp
ssp585,F0,WGOA,Rpath,COD,2057,566665.3258,134943.1481,0,,pcod_rec_pp
ssp585,F0,WGOA,Rpath,ATF,2057,1748399.456,624860.9252,0,,pcod_rec_pp
ssp585,F0,WGOA,Rpath,POL,2058,3178110.242,1882171.255,0,,pcod_rec_pp
ssp585,F0,WGOA,Rpath,COD,2058,564290.309,131351.8966,0,,pcod_rec_pp
ssp585,F0,WGOA,Rpath,ATF,2058,1737584.877,618546.6405,0,,pcod_rec_pp
ssp585,F0,WGOA,Rpath,POL,2059,3285561.22,1963439.851,0,,pcod_rec_pp
ssp585,F0,WGOA,Rpath,COD,2059,566825.4015,128662.2634,0,,pcod_rec_pp
ssp585,F0,WGOA,Rpath,ATF,2059,1747022.131,626734.6961,0,,pcod_rec_pp
ssp585,F0,WGOA,Rpath,POL,2060,3510298.91,2143064.979,0,,pcod_rec_pp
ssp585,F0,WGOA,Rpath,COD,2060,578627.0525,130414.7644,0,,pcod_rec_pp
ssp585,F0,WGOA,Rpath,ATF,2060,1792252.228,660048.7695,0,,pcod_rec_pp
ssp585,F0,WGOA,Rpath,POL,2061,3374049.802,2041704.112,0,,pcod_rec_pp
ssp585,F0,WGOA,Rpath,COD,2061,582589.7524,132042.6459,0,,pcod_rec_pp
ssp585,F0,WGOA,Rpath,ATF,2061,1804780.326,680239.9273,0,,pcod_rec_pp
ssp585,F0,WGOA,Rpath,POL,2062,3485672.18,2102451.247,0,,pcod_rec_pp
ssp585,F0,WGOA,Rpath,COD,2062,586224.5329,135766.4711,0,,pcod_rec_pp
ssp585,F0,WGOA,Rpath,ATF,2062,1813585.439,694994.122,0,,pcod_rec_pp
ssp585,F0,WGOA,Rpath,POL,2063,3549078.013,2151330.351,0,,pcod_rec_pp
ssp585,F0,WGOA,Rpath,COD,2063,591852.1896,143652.3481,0,,pcod_rec_pp
ssp585,F0,WGOA,Rpath,ATF,2063,1836378.497,716013.3621,0,,pcod_rec_pp
ssp585,F0,WGOA,Rpath,POL,2064,3545230.304,2155606.717,0,,pcod_rec_pp
ssp585,F0,WGOA,Rpath,COD,2064,593163.3843,152479.3852,0,,pcod_rec_pp
ssp585,F0,WGOA,Rpath,ATF,2064,1856698.416,732361.5704,0,,pcod_rec_pp
ssp585,F0,WGOA,Rpath,POL,2065,3311455.951,1966521.611,0,,pcod_rec_pp
ssp585,F0,WGOA,Rpath,COD,2065,583077.0305,153550.0988,0,,pcod_rec_pp
ssp585,F0,WGOA,Rpath,ATF,2065,1824581.672,713157.366,0,,pcod_rec_pp
ssp585,F0,WGOA,Rpath,POL,2066,3250857.722,1903704.916,0,,pcod_rec_pp
ssp585,F0,WGOA,Rpath,COD,2066,570353.1549,152181.2772,0,,pcod_rec_pp
ssp585,F0,WGOA,Rpath,ATF,2066,1783604.944,680822.308,0,,pcod_rec_pp
ssp585,F0,WGOA,Rpath,POL,2067,3297049.612,1946159.715,0,,pcod_rec_pp
ssp585,F0,WGOA,Rpath,COD,2067,561661.4871,149508.1318,0,,pcod_rec_pp
ssp585,F0,WGOA,Rpath,ATF,2067,1769860.27,660004.3103,0,,pcod_rec_pp
ssp585,F0,WGOA,Rpath,POL,2068,3435440.612,2064353.82,0,,pcod_rec_pp
ssp585,F0,WGOA,Rpath,COD,2068,562178.6033,150101.1441,0,,pcod_rec_pp
ssp585,F0,WGOA,Rpath,ATF,2068,1785336.868,656020.5041,0,,pcod_rec_pp
ssp585,F0,WGOA,Rpath,POL,2069,3506366.631,2132560.69,0,,pcod_rec_pp
ssp585,F0,WGOA,Rpath,COD,2069,565177.0838,154754.8745,0,,pcod_rec_pp
ssp585,F0,WGOA,Rpath,ATF,2069,1818228.572,666808.2252,0,,pcod_rec_pp
ssp585,F0,WGOA,Rpath,POL,2070,3485090.354,2115088.6,0,,pcod_rec_pp
ssp585,F0,WGOA,Rpath,COD,2070,562446.0112,156143.1036,0,,pcod_rec_pp
ssp585,F0,WGOA,Rpath,ATF,2070,1838062.884,675935.1964,0,,pcod_rec_pp
ssp585,F0,WGOA,Rpath,POL,2071,3648149.736,2236152.337,0,,pcod_rec_pp
ssp585,F0,WGOA,Rpath,COD,2071,567015.2456,159151.1826,0,,pcod_rec_pp
ssp585,F0,WGOA,Rpath,ATF,2071,1877779.113,700813.9798,0,,pcod_rec_pp
ssp585,F0,WGOA,Rpath,POL,2072,3600419.489,2203252.348,0,,pcod_rec_pp
ssp585,F0,WGOA,Rpath,COD,2072,568858.0324,164987.2129,0,,pcod_rec_pp
ssp585,F0,WGOA,Rpath,ATF,2072,1901879.433,723151.715,0,,pcod_rec_pp
ssp585,F0,WGOA,Rpath,POL,2073,3491369.659,2106046.11,0,,pcod_rec_pp
ssp585,F0,WGOA,Rpath,COD,2073,559878.5497,164099.6239,0,,pcod_rec_pp
ssp585,F0,WGOA,Rpath,ATF,2073,1888836.112,723459.0972,0,,pcod_rec_pp
ssp585,F0,WGOA,Rpath,POL,2074,3468768.406,2078297.429,0,,pcod_rec_pp
ssp585,F0,WGOA,Rpath,COD,2074,549711.0929,162724.2006,0,,pcod_rec_pp
ssp585,F0,WGOA,Rpath,ATF,2074,1872090.944,716720.0257,0,,pcod_rec_pp
ssp585,F0,WGOA,Rpath,POL,2075,3504790.18,2119179.251,0,,pcod_rec_pp
ssp585,F0,WGOA,Rpath,COD,2075,547158.2657,165631.52,0,,pcod_rec_pp
ssp585,F0,WGOA,Rpath,ATF,2075,1878171.328,718984.47,0,,pcod_rec_pp
ssp585,F0,WGOA,Rpath,POL,2076,3715379.846,2281265.148,0,,pcod_rec_pp
ssp585,F0,WGOA,Rpath,COD,2076,550368.7193,169599.5672,0,,pcod_rec_pp
ssp585,F0,WGOA,Rpath,ATF,2076,1907810.105,731167.3765,0,,pcod_rec_pp
ssp585,F0,WGOA,Rpath,POL,2077,3740480.231,2321016.451,0,,pcod_rec_pp
ssp585,F0,WGOA,Rpath,COD,2077,554440.5518,177490.7865,0,,pcod_rec_pp
ssp585,F0,WGOA,Rpath,ATF,2077,1954735.255,755385.9339,0,,pcod_rec_pp
ssp585,F0,WGOA,Rpath,POL,2078,3673102.605,2267533.402,0,,pcod_rec_pp
ssp585,F0,WGOA,Rpath,COD,2078,552013.3327,179270.186,0,,pcod_rec_pp
ssp585,F0,WGOA,Rpath,ATF,2078,1972994.505,763255.5336,0,,pcod_rec_pp
ssp585,F0,WGOA,Rpath,POL,2079,3532741.726,2148632.365,0,,pcod_rec_pp
ssp585,F0,WGOA,Rpath,COD,2079,544562.372,174655.8576,0,,pcod_rec_pp
ssp585,F0,WGOA,Rpath,ATF,2079,1958026.969,751203.0295,0,,pcod_rec_pp
ssp585,F0,WGOA,Rpath,POL,2080,3499678.357,2112710.98,0,,pcod_rec_pp
ssp585,F0,WGOA,Rpath,COD,2080,534809.422,167182.3485,0,,pcod_rec_pp
ssp585,F0,WGOA,Rpath,ATF,2080,1935788.701,732641.9348,0,,pcod_rec_pp
ssp585,F0,WGOA,Rpath,POL,2081,3432703.034,2066928.987,0,,pcod_rec_pp
ssp585,F0,WGOA,Rpath,COD,2081,525333.2574,162536.9935,0,,pcod_rec_pp
ssp585,F0,WGOA,Rpath,ATF,2081,1916326.135,715015.4415,0,,pcod_rec_pp
ssp585,F0,WGOA,Rpath,POL,2082,3364247.146,2026791.496,0,,pcod_rec_pp
ssp585,F0,WGOA,Rpath,COD,2082,517442.113,161962.3632,0,,pcod_rec_pp
ssp585,F0,WGOA,Rpath,ATF,2082,1900196.283,698981.7518,0,,pcod_rec_pp
ssp585,F0,WGOA,Rpath,POL,2083,3341490.143,2001073.927,0,,pcod_rec_pp
ssp585,F0,WGOA,Rpath,COD,2083,512179.1232,160706.5396,0,,pcod_rec_pp
ssp585,F0,WGOA,Rpath,ATF,2083,1873986.792,677005.4153,0,,pcod_rec_pp
ssp585,F0,WGOA,Rpath,POL,2084,3432972.891,2092560.732,0,,pcod_rec_pp
ssp585,F0,WGOA,Rpath,COD,2084,515884.8841,162923.2702,0,,pcod_rec_pp
ssp585,F0,WGOA,Rpath,ATF,2084,1891728.805,681635.6692,0,,pcod_rec_pp
ssp585,F0,WGOA,Rpath,POL,2085,3433978.664,2097389.352,0,,pcod_rec_pp
ssp585,F0,WGOA,Rpath,COD,2085,515519.0097,161243.1111,0,,pcod_rec_pp
ssp585,F0,WGOA,Rpath,ATF,2085,1900419.341,686614.5382,0,,pcod_rec_pp
ssp585,F0,WGOA,Rpath,POL,2086,3408980.479,2072796.285,0,,pcod_rec_pp
ssp585,F0,WGOA,Rpath,COD,2086,511761.2933,154941.1481,0,,pcod_rec_pp
ssp585,F0,WGOA,Rpath,ATF,2086,1900339.196,690914.5256,0,,pcod_rec_pp
ssp585,F0,WGOA,Rpath,POL,2087,3417641.397,2074517.653,0,,pcod_rec_pp
ssp585,F0,WGOA,Rpath,COD,2087,510382.2018,149752.3989,0,,pcod_rec_pp
ssp585,F0,WGOA,Rpath,ATF,2087,1899501.696,697117.8538,0,,pcod_rec_pp
ssp585,F0,WGOA,Rpath,POL,2088,3516200.239,2151475.999,0,,pcod_rec_pp
ssp585,F0,WGOA,Rpath,COD,2088,512607.9612,149428.03,0,,pcod_rec_pp
ssp585,F0,WGOA,Rpath,ATF,2088,1914636.89,713127.9356,0,,pcod_rec_pp
ssp585,F0,WGOA,Rpath,POL,2089,3418346.723,2082395.324,0,,pcod_rec_pp
ssp585,F0,WGOA,Rpath,COD,2089,512706.8409,154360.1652,0,,pcod_rec_pp
ssp585,F0,WGOA,Rpath,ATF,2089,1913800.113,721023.6565,0,,pcod_rec_pp
ssp585,F0,WGOA,Rpath,POL,2090,3367517.813,2020170.089,0,,pcod_rec_pp
ssp585,F0,WGOA,Rpath,COD,2090,506247.1824,159872.6251,0,,pcod_rec_pp
ssp585,F0,WGOA,Rpath,ATF,2090,1884347.9,708167.6413,0,,pcod_rec_pp
ssp585,F0,WGOA,Rpath,POL,2091,3555797.871,2168011.269,0,,pcod_rec_pp
ssp585,F0,WGOA,Rpath,COD,2091,504302.5335,166705.1117,0,,pcod_rec_pp
ssp585,F0,WGOA,Rpath,ATF,2091,1903061.246,719274.5035,0,,pcod_rec_pp
ssp585,F0,WGOA,Rpath,POL,2092,3625487.204,2235683.409,0,,pcod_rec_pp
ssp585,F0,WGOA,Rpath,COD,2092,504326.928,174126.0976,0,,pcod_rec_pp
ssp585,F0,WGOA,Rpath,ATF,2092,1935950.47,738911.3677,0,,pcod_rec_pp
ssp585,F0,WGOA,Rpath,POL,2093,3582528.456,2196710.089,0,,pcod_rec_pp
ssp585,F0,WGOA,Rpath,COD,2093,501335.005,180235.2857,0,,pcod_rec_pp
ssp585,F0,WGOA,Rpath,ATF,2093,1946240.899,745118.5829,0,,pcod_rec_pp
ssp585,F0,WGOA,Rpath,POL,2094,3442991.486,2084643.991,0,,pcod_rec_pp
ssp585,F0,WGOA,Rpath,COD,2094,495830.9948,182914.8981,0,,pcod_rec_pp
ssp585,F0,WGOA,Rpath,ATF,2094,1933337.01,736387.5298,0,,pcod_rec_pp
ssp585,F0,WGOA,Rpath,POL,2095,3605063.751,2197541.21,0,,pcod_rec_pp
ssp585,F0,WGOA,Rpath,COD,2095,492972.26,184872.3426,0,,pcod_rec_pp
ssp585,F0,WGOA,Rpath,ATF,2095,1940202.243,734787.1496,0,,pcod_rec_pp
ssp585,F0,WGOA,Rpath,POL,2096,3540473.36,2172719.527,0,,pcod_rec_pp
ssp585,F0,WGOA,Rpath,COD,2096,496834.393,184514.0533,0,,pcod_rec_pp
ssp585,F0,WGOA,Rpath,ATF,2096,1957906.653,742016.4489,0,,pcod_rec_pp
ssp585,F0,WGOA,Rpath,POL,2097,3709228.334,2290984.805,0,,pcod_rec_pp
ssp585,F0,WGOA,Rpath,COD,2097,503159.5945,177933.9211,0,,pcod_rec_pp
ssp585,F0,WGOA,Rpath,ATF,2097,1978606.34,749593.2009,0,,pcod_rec_pp
ssp585,F0,WGOA,Rpath,POL,2098,3685985.672,2307034.271,0,,pcod_rec_pp
ssp585,F0,WGOA,Rpath,COD,2098,511336.7502,170117.7345,0,,pcod_rec_pp
ssp585,F0,WGOA,Rpath,ATF,2098,2027977.116,777569.8132,0,,pcod_rec_pp
ssp585,F0,WGOA,Rpath,POL,2099,3458225.036,2105620.356,0,,pcod_rec_pp
ssp585,F0,WGOA,Rpath,COD,2099,510747.3811,154228.1357,0,,pcod_rec_pp
ssp585,F0,WGOA,Rpath,ATF,2099,1988994.899,754146.8483,0,,pcod_rec_pp
persistence,Fmean,WGOA,Rpath,POL,1991,2884927.165,1690895.406,87828.01,,pcod_rec_pp
persistence,Fmean,WGOA,Rpath,COD,1991,399280.2939,93224.23736,64466.82999,,pcod_rec_pp
persistence,Fmean,WGOA,Rpath,ATF,1991,1554327.805,597326.9774,16958.38001,,pcod_rec_pp
persistence,Fmean,WGOA,Rpath,POL,1992,2892495.913,1696087.278,90585.18996,,pcod_rec_pp
persistence,Fmean,WGOA,Rpath,COD,1992,371842.9001,88999.22879,78966.50009,,pcod_rec_pp
persistence,Fmean,WGOA,Rpath,ATF,1992,1551901.376,598021.2117,20482.18006,,pcod_rec_pp
persistence,Fmean,WGOA,Rpath,POL,1993,2886917.46,1690078.21,108230.1801,,pcod_rec_pp
persistence,Fmean,WGOA,Rpath,COD,1993,375328.1754,91984.46817,45849.17007,,pcod_rec_pp
persistence,Fmean,WGOA,Rpath,ATF,1993,1551566.347,599298.1593,18294.44992,,pcod_rec_pp
persistence,Fmean,WGOA,Rpath,POL,1994,2891612.897,1691340.87,100412.3599,,pcod_rec_pp
persistence,Fmean,WGOA,Rpath,COD,1994,374238.5054,92168.02449,45610.57997,,pcod_rec_pp
persistence,Fmean,WGOA,Rpath,ATF,1994,1547453.432,598480.5088,21993.23998,,pcod_rec_pp
persistence,Fmean,WGOA,Rpath,POL,1995,2920445.243,1709974.752,69168.12993,,pcod_rec_pp
persistence,Fmean,WGOA,Rpath,COD,1995,354241.1182,88060.92648,67907.17999,,pcod_rec_pp
persistence,Fmean,WGOA,Rpath,ATF,1995,1548788.073,599203.4556,17415.49004,,pcod_rec_pp
persistence,Fmean,WGOA,Rpath,POL,1996,2949537.5,1727520.768,49825.87004,,pcod_rec_pp
persistence,Fmean,WGOA,Rpath,COD,1996,348901.2699,89289.89982,55391.6601,,pcod_rec_pp
persistence,Fmean,WGOA,Rpath,ATF,1996,1545296.542,597141.1539,21555.6099,,pcod_rec_pp
persistence,Fmean,WGOA,Rpath,POL,1997,2946193.762,1722365.564,84179.64997,,pcod_rec_pp
persistence,Fmean,WGOA,Rpath,COD,1997,339607.8718,88455.84666,58920.57999,,pcod_rec_pp
persistence,Fmean,WGOA,Rpath,ATF,1997,1547340.939,596389.7317,14758.27989,,pcod_rec_pp
persistence,Fmean,WGOA,Rpath,POL,1998,3007840.548,1762267.823,5428.379998,,pcod_rec_pp
persistence,Fmean,WGOA,Rpath,COD,1998,338402.0081,87897.09963,50218.95011,,pcod_rec_pp
persistence,Fmean,WGOA,Rpath,ATF,1998,1552042.171,596282.5118,12377.19001,,pcod_rec_pp
persistence,Fmean,WGOA,Rpath,POL,1999,2993956.264,1751820.359,90556.90006,,pcod_rec_pp
persistence,Fmean,WGOA,Rpath,COD,1999,323385.5045,83134.3282,66264.6701,,pcod_rec_pp
persistence,Fmean,WGOA,Rpath,ATF,1999,1556822.572,596729.6537,14649.22992,,pcod_rec_pp
persistence,Fmean,WGOA,Rpath,POL,2000,3049484.669,1789601.224,5552.830105,,pcod_rec_pp
persistence,Fmean,WGOA,Rpath,COD,2000,321234.7048,82993.63067,53384.86994,,pcod_rec_pp
persistence,Fmean,WGOA,Rpath,ATF,2000,1555589.603,595731.5303,22993.75009,,pcod_rec_pp
persistence,Fmean,WGOA,Rpath,POL,2001,3082953.386,1808450.385,3452.299979,,pcod_rec_pp
persistence,Fmean,WGOA,Rpath,COD,2001,327836.0522,85350.66779,40517.40995,,pcod_rec_pp
persistence,Fmean,WGOA,Rpath,ATF,2001,1559150.397,597017.2815,17416.19999,,pcod_rec_pp
persistence,Fmean,WGOA,Rpath,POL,2002,3117695.911,1828996.892,1698.029945,,pcod_rec_pp
persistence,Fmean,WGOA,Rpath,COD,2002,329657.1998,86672.3968,41567.98996,,pcod_rec_pp
persistence,Fmean,WGOA,Rpath,ATF,2002,1561074.367,598208.7603,20173.56001,,pcod_rec_pp
persistence,Fmean,WGOA,Rpath,POL,2003,3105660.591,1817041.088,48590.07701,,pcod_rec_pp
persistence,Fmean,WGOA,Rpath,COD,2003,321002.2329,86072.65487,52365.75509,,pcod_rec_pp
persistence,Fmean,WGOA,Rpath,ATF,2003,1552272.454,595288.6341,30169.77189,,pcod_rec_pp
persistence,Fmean,WGOA,Rpath,POL,2004,3100496.18,1811816.72,62434.43992,,pcod_rec_pp
persistence,Fmean,WGOA,Rpath,COD,2004,310907.3461,86861.68446,56450.24197,,pcod_rec_pp
persistence,Fmean,WGOA,Rpath,ATF,2004,1557805.526,597533.7477,15634.90804,,pcod_rec_pp
persistence,Fmean,WGOA,Rpath,POL,2005,3085140.756,1801622.597,78302.79193,,pcod_rec_pp
persistence,Fmean,WGOA,Rpath,COD,2005,308747.7124,89355.03295,47523.77993,,pcod_rec_pp
persistence,Fmean,WGOA,Rpath,ATF,2005,1557456.933,596651.5277,19923.57305,,pcod_rec_pp
persistence,Fmean,WGOA,Rpath,POL,2006,3088115.7,1805154.794,68928.30799,,pcod_rec_pp
persistence,Fmean,WGOA,Rpath,COD,2006,305285.4254,89662.84203,47767.07996,,pcod_rec_pp
persistence,Fmean,WGOA,Rpath,ATF,2006,1552052.557,593803.972,27622.69892,,pcod_rec_pp
persistence,Fmean,WGOA,Rpath,POL,2007,3108388.666,1820162.189,51572.307,,pcod_rec_pp
persistence,Fmean,WGOA,Rpath,COD,2007,298656.828,86970.58416,51812.178,,pcod_rec_pp
persistence,Fmean,WGOA,Rpath,ATF,2007,1552833.111,593773.0969,25346.98698,,pcod_rec_pp
persistence,Fmean,WGOA,Rpath,POL,2008,3122657.328,1829614.826,50786.20601,,pcod_rec_pp
persistence,Fmean,WGOA,Rpath,COD,2008,288014.1972,83738.42574,58386.38403,,pcod_rec_pp
persistence,Fmean,WGOA,Rpath,ATF,2008,1551453.517,592951.9777,29205.93997,,pcod_rec_pp
persistence,Fmean,WGOA,Rpath,POL,2009,3143273.399,1841984.82,41549.50308,,pcod_rec_pp
persistence,Fmean,WGOA,Rpath,COD,2009,284535.8483,83301.56554,51788.98001,,pcod_rec_pp
persistence,Fmean,WGOA,Rpath,ATF,2009,1555113.026,594046.2661,24831.74204,,pcod_rec_pp
persistence,Fmean,WGOA,Rpath,POL,2010,3136117.031,1835292.146,73443.38423,,pcod_rec_pp
persistence,Fmean,WGOA,Rpath,COD,2010,260387.0744,76717.56805,76954.1546,,pcod_rec_pp
persistence,Fmean,WGOA,Rpath,ATF,2010,1558263.173,594362.5648,24339.44647,,pcod_rec_pp
persistence,Fmean,WGOA,Rpath,POL,2011,3141056.088,1838289.751,77694.47962,,pcod_rec_pp
persistence,Fmean,WGOA,Rpath,COD,2011,234318.5161,69543.30604,83710.47539,,pcod_rec_pp
persistence,Fmean,WGOA,Rpath,ATF,2011,1557071.61,592792.1032,30911.82176,,pcod_rec_pp
persistence,Fmean,WGOA,Rpath,POL,2012,3133568.472,1833854.712,98934.69122,,pcod_rec_pp
persistence,Fmean,WGOA,Rpath,COD,2012,216652.3988,64116.82151,76871.10999,,pcod_rec_pp
persistence,Fmean,WGOA,Rpath,ATF,2012,1567597.99,595605.7671,20761.90991,,pcod_rec_pp
persistence,Fmean,WGOA,Rpath,POL,2013,3129803.327,1832301.647,90796.63161,,pcod_rec_pp
persistence,Fmean,WGOA,Rpath,COD,2013,207097.746,61173.05499,66829.78162,,pcod_rec_pp
persistence,Fmean,WGOA,Rpath,ATF,2013,1575636.643,596480.792,21809.31232,,pcod_rec_pp
persistence,Fmean,WGOA,Rpath,POL,2014,3087331.432,1803398.136,138948.062,,pcod_rec_pp
persistence,Fmean,WGOA,Rpath,COD,2014,180191.4473,54326.17477,83491.7282,,pcod_rec_pp
persistence,Fmean,WGOA,Rpath,ATF,2014,1567912.163,590069.7527,36524.50153,,pcod_rec_pp
persistence,Fmean,WGOA,Rpath,POL,2015,3045526.286,1775739.079,162807.646,,pcod_rec_pp
persistence,Fmean,WGOA,Rpath,COD,2015,157932.7221,48934.44114,77689.99201,,pcod_rec_pp
persistence,Fmean,WGOA,Rpath,ATF,2015,1577268.818,588791.536,19296.58722,,pcod_rec_pp
persistence,Fmean,WGOA,Rpath,POL,2016,3007798.292,1753763.798,173086.3524,,pcod_rec_pp
persistence,Fmean,WGOA,Rpath,COD,2016,147656.6154,47339.00977,62867.32743,,pcod_rec_pp
persistence,Fmean,WGOA,Rpath,ATF,2016,1586289.943,586210.8787,19976.29419,,pcod_rec_pp
persistence,Fmean,WGOA,Rpath,POL,2017,2976739.358,1738811.225,184220.0285,,pcod_rec_pp
persistence,Fmean,WGOA,Rpath,COD,2017,147736.1447,50239.67431,48204.21467,,pcod_rec_pp
persistence,Fmean,WGOA,Rpath,ATF,2017,1591593.276,581990.6601,27053.50899,,pcod_rec_pp
persistence,Fmean,WGOA,Rpath,POL,2018,2968841.332,1740812.462,150815.1922,,pcod_rec_pp
persistence,Fmean,WGOA,Rpath,COD,2018,174522.2292,61112.90393,14681.2982,,pcod_rec_pp
persistence,Fmean,WGOA,Rpath,ATF,2018,1607270.211,582229.7484,18870.25094,,pcod_rec_pp
persistence,Fmean,WGOA,Rpath,POL,2019,2976191.205,1750709.517,110649.2716,,pcod_rec_pp
persistence,Fmean,WGOA,Rpath,COD,2019,197788.813,66355.87669,15200.42058,,pcod_rec_pp
persistence,Fmean,WGOA,Rpath,ATF,2019,1614692.328,580069.5368,24567.05196,,pcod_rec_pp
persistence,Fmean,WGOA,Rpath,POL,2020,2989800.234,1764764.179,99971.06489,,pcod_rec_pp
persistence,Fmean,WGOA,Rpath,COD,2020,228117.2462,75554.1577,6085.249339,,pcod_rec_pp
persistence,Fmean,WGOA,Rpath,ATF,2020,1626337.879,581528.2622,21115.8993,,pcod_rec_pp
persistence,Fmean,WGOA,Rpath,POL,2021,2895986.769,1704616.097,234794.642,,pcod_rec_pp
persistence,Fmean,WGOA,Rpath,COD,2021,211867.5003,68663.20701,59686.05616,,pcod_rec_pp
persistence,Fmean,WGOA,Rpath,ATF,2021,1625228.737,580512.1136,32525.47993,,pcod_rec_pp
persistence,Fmean,WGOA,Rpath,POL,2022,2815689.971,1654975.164,259664.7733,,pcod_rec_pp
persistence,Fmean,WGOA,Rpath,COD,2022,201770.6953,61680.91136,63520.22561,,pcod_rec_pp
persistence,Fmean,WGOA,Rpath,ATF,2022,1622599.484,581039.4574,34187.49665,,pcod_rec_pp
persistence,Fmean,WGOA,Rpath,POL,2023,2757029.512,1619047.208,257435.4887,,pcod_rec_pp
persistence,Fmean,WGOA,Rpath,COD,2023,201108.0658,55838.09304,58203.26398,,pcod_rec_pp
persistence,Fmean,WGOA,Rpath,ATF,2023,1620485.603,582891.9769,31733.10849,,pcod_rec_pp
persistence,Fmean,WGOA,Rpath,POL,2024,2803699.805,1655397.968,132412.4355,,pcod_rec_pp
persistence,Fmean,WGOA,Rpath,COD,2024,218361.6462,56963.3,39127.96755,,pcod_rec_pp
persistence,Fmean,WGOA,Rpath,ATF,2024,1626941.426,588368.4648,22641.95502,,pcod_rec_pp
persistence,Fmean,WGOA,Rpath,POL,2025,2830359.236,1674880.493,134391.3157,,pcod_rec_pp
persistence,Fmean,WGOA,Rpath,COD,2025,231267.725,58979.78799,42309.36372,,pcod_rec_pp
persistence,Fmean,WGOA,Rpath,ATF,2025,1633286.322,593466.7017,22730.17837,,pcod_rec_pp
persistence,Fmean,WGOA,Rpath,POL,2026,2851741.237,1689606.345,135529.2289,,pcod_rec_pp
persistence,Fmean,WGOA,Rpath,COD,2026,242204.5204,62549.73493,44612.19183,,pcod_rec_pp
persistence,Fmean,WGOA,Rpath,ATF,2026,1640631.284,598340.1473,22825.99877,,pcod_rec_pp
persistence,Fmean,WGOA,Rpath,POL,2027,2868055.483,1699664.664,136458.6312,,pcod_rec_pp
persistence,Fmean,WGOA,Rpath,COD,2027,252294.1042,65774.92221,46565.08427,,pcod_rec_pp
persistence,Fmean,WGOA,Rpath,ATF,2027,1647653.359,602454.2545,22927.18494,,pcod_rec_pp
persistence,Fmean,WGOA,Rpath,POL,2028,2879911.519,1706675.93,137181.6498,,pcod_rec_pp
persistence,Fmean,WGOA,Rpath,COD,2028,261914.2058,67217.28797,48371.92333,,pcod_rec_pp
persistence,Fmean,WGOA,Rpath,ATF,2028,1653719.893,606015.2572,23019.30236,,pcod_rec_pp
persistence,Fmean,WGOA,Rpath,POL,2029,2888255.293,1711683.328,137722.5347,,pcod_rec_pp
persistence,Fmean,WGOA,Rpath,COD,2029,270980.8906,67214.51671,50162.5045,,pcod_rec_pp
persistence,Fmean,WGOA,Rpath,ATF,2029,1658700.411,609162.5546,23097.12739,,pcod_rec_pp
persistence,Fmean,WGOA,Rpath,POL,2030,2893738.511,1715116.27,138104.553,,pcod_rec_pp
persistence,Fmean,WGOA,Rpath,COD,2030,279131.4522,66666.77095,51935.64519,,pcod_rec_pp
persistence,Fmean,WGOA,Rpath,ATF,2030,1662713.693,611745.9763,23160.59842,,pcod_rec_pp
persistence,Fmean,WGOA,Rpath,POL,2031,2896847.029,1717151.484,138348.8869,,pcod_rec_pp
persistence,Fmean,WGOA,Rpath,COD,2031,285946.2402,66433.34783,53566.82547,,pcod_rec_pp
persistence,Fmean,WGOA,Rpath,ATF,2031,1665922.38,613614.135,23211.64295,,pcod_rec_pp
persistence,Fmean,WGOA,Rpath,POL,2032,2898012.356,1717981.579,138478.959,,pcod_rec_pp
persistence,Fmean,WGOA,Rpath,COD,2032,291197.9041,67138.67325,54921.12958,,pcod_rec_pp
persistence,Fmean,WGOA,Rpath,ATF,2032,1668462.839,614868.251,23252.33154,,pcod_rec_pp
persistence,Fmean,WGOA,Rpath,POL,2033,2897597.35,1717841.144,138517.5056,,pcod_rec_pp
persistence,Fmean,WGOA,Rpath,COD,2033,294962.5438,68766.27626,55926.41343,,pcod_rec_pp
persistence,Fmean,WGOA,Rpath,ATF,2033,1670443.116,615675.8693,23284.36689,,pcod_rec_pp
persistence,Fmean,WGOA,Rpath,POL,2034,2895868.786,1716939.025,138482.1304,,pcod_rec_pp
persistence,Fmean,WGOA,Rpath,COD,2034,297537.7098,70878.30534,56592.2654,,pcod_rec_pp
persistence,Fmean,WGOA,Rpath,ATF,2034,1671953.944,616157.5679,23309.11567,,pcod_rec_pp
persistence,Fmean,WGOA,Rpath,POL,2035,2893008.344,1715412.511,138383.805,,pcod_rec_pp
persistence,Fmean,WGOA,Rpath,COD,2035,299302.0962,72815.27871,56997.00761,,pcod_rec_pp
persistence,Fmean,WGOA,Rpath,ATF,2035,1673075.896,616365.0462,23327.78088,,pcod_rec_pp
persistence,Fmean,WGOA,Rpath,POL,2036,2889157.784,1713336.38,138228.9345,,pcod_rec_pp
persistence,Fmean,WGOA,Rpath,COD,2036,300579.19,74094.99296,57246.34143,,pcod_rec_pp
persistence,Fmean,WGOA,Rpath,ATF,2036,1673880.635,616323.4422,23341.47352,,pcod_rec_pp
persistence,Fmean,WGOA,Rpath,POL,2037,2884466.647,1710764.986,138023.0279,,pcod_rec_pp
persistence,Fmean,WGOA,Rpath,COD,2037,301567.6283,74575.93086,57431.05798,,pcod_rec_pp
persistence,Fmean,WGOA,Rpath,ATF,2037,1674428.564,616069.7533,23351.17424,,pcod_rec_pp
persistence,Fmean,WGOA,Rpath,POL,2038,2879120.684,1707772.912,137773.676,,pcod_rec_pp
persistence,Fmean,WGOA,Rpath,COD,2038,302325.0659,74470.9522,57598.79709,,pcod_rec_pp
persistence,Fmean,WGOA,Rpath,ATF,2038,1674766.749,615659.7431,23357.66165,,pcod_rec_pp
persistence,Fmean,WGOA,Rpath,POL,2039,2873337.532,1704469.165,137491.415,,pcod_rec_pp
persistence,Fmean,WGOA,Rpath,COD,2039,302816.2573,74171.43221,57752.11359,,pcod_rec_pp
persistence,Fmean,WGOA,Rpath,ATF,2039,1674929.292,615168.745,23361.48519,,pcod_rec_pp
persistence,Fmean,WGOA,Rpath,POL,2040,2867337.456,1700984.492,137188.5627,,pcod_rec_pp
persistence,Fmean,WGOA,Rpath,COD,2040,302989.0599,74028.98241,57865.41888,,pcod_rec_pp
persistence,Fmean,WGOA,Rpath,ATF,2040,1674939.861,614648.3268,23363.00067,,pcod_rec_pp
persistence,Fmean,WGOA,Rpath,POL,2041,2861308.4,1697445.518,136877.0344,,pcod_rec_pp
persistence,Fmean,WGOA,Rpath,COD,2041,302836.445,74213.36925,57910.48045,,pcod_rec_pp
persistence,Fmean,WGOA,Rpath,ATF,2041,1674815.149,614146.1035,23362.43898,,pcod_rec_pp
persistence,Fmean,WGOA,Rpath,POL,2042,2855382.534,1693950.911,136566.3186,,pcod_rec_pp
persistence,Fmean,WGOA,Rpath,COD,2042,302417.233,74664.31964,57876.09036,,pcod_rec_pp
persistence,Fmean,WGOA,Rpath,ATF,2042,1674568.818,613684.7334,23359.98257,,pcod_rec_pp
persistence,Fmean,WGOA,Rpath,POL,2043,2849631.584,1690558.654,136262.4093,,pcod_rec_pp
persistence,Fmean,WGOA,Rpath,COD,2043,301835.4468,75196.77978,57774.4271,,pcod_rec_pp
persistence,Fmean,WGOA,Rpath,ATF,2043,1674214.643,613259.3886,23355.81856,,pcod_rec_pp
persistence,Fmean,WGOA,Rpath,POL,2044,2844076.749,1687286.48,135967.8723,,pcod_rec_pp
persistence,Fmean,WGOA,Rpath,COD,2044,301203.5444,75603.28829,57634.64164,,pcod_rec_pp
persistence,Fmean,WGOA,Rpath,ATF,2044,1673768.059,612845.6142,23350.1714,,pcod_rec_pp
persistence,Fmean,WGOA,Rpath,POL,2045,2838705.046,1684121.969,135682.7095,,pcod_rec_pp
persistence,Fmean,WGOA,Rpath,COD,2045,300605.336,75752.97662,57489.17153,,pcod_rec_pp
persistence,Fmean,WGOA,Rpath,ATF,2045,1673245.628,612413.6052,23343.29983,,pcod_rec_pp
persistence,Fmean,WGOA,Rpath,POL,2046,2833484.647,1681035.763,135405.4269,,pcod_rec_pp
persistence,Fmean,WGOA,Rpath,COD,2046,300075.2707,75648.98071,57361.52161,,pcod_rec_pp
persistence,Fmean,WGOA,Rpath,ATF,2046,1672663.266,611942.0241,23335.46578,,pcod_rec_pp
persistence,Fmean,WGOA,Rpath,POL,2047,2828374.935,1677993.132,135133.8872,,pcod_rec_pp
persistence,Fmean,WGOA,Rpath,COD,2047,299602.411,75396.99639,57259.64087,,pcod_rec_pp
persistence,Fmean,WGOA,Rpath,ATF,2047,1672034.217,611425.6759,23326.89635,,pcod_rec_pp
persistence,Fmean,WGOA,Rpath,POL,2048,2823331.888,1674961.449,134865.8108,,pcod_rec_pp
persistence,Fmean,WGOA,Rpath,COD,2048,299150.7508,75135.94338,57176.95181,,pcod_rec_pp
persistence,Fmean,WGOA,Rpath,ATF,2048,1671367.445,610874.5554,23317.75387,,pcod_rec_pp
persistence,Fmean,WGOA,Rpath,POL,2049,2818313.012,1671914.821,134599.0238,,pcod_rec_pp
persistence,Fmean,WGOA,Rpath,COD,2049,298685.0032,74970.72191,57099.67114,,pcod_rec_pp
persistence,Fmean,WGOA,Rpath,ATF,2049,1670666.86,610307.2316,23308.12226,,pcod_rec_pp
persistence,Fmean,WGOA,Rpath,POL,2050,2813285.012,1668837.892,134331.7143,,pcod_rec_pp
persistence,Fmean,WGOA,Rpath,COD,2050,298189.105,74934.42875,57015.3493,,pcod_rec_pp
persistence,Fmean,WGOA,Rpath,ATF,2050,1669931.746,609742.203,23298.01176,,pcod_rec_pp
persistence,Fmean,WGOA,Rpath,POL,2051,2808232.68,1665728.818,134062.8064,,pcod_rec_pp
persistence,Fmean,WGOA,Rpath,COD,2051,297670.7282,74990.67391,56918.60928,,pcod_rec_pp
persistence,Fmean,WGOA,Rpath,ATF,2051,1669158.283,609191.1134,23287.37994,,pcod_rec_pp
persistence,Fmean,WGOA,Rpath,POL,2052,2803163.168,1662598.741,133792.2604,,pcod_rec_pp
persistence,Fmean,WGOA,Rpath,COD,2052,297153.2196,75066.87314,56812.24796,,pcod_rec_pp
persistence,Fmean,WGOA,Rpath,ATF,2052,1668341.494,608656.0733,23276.16048,,pcod_rec_pp
persistence,Fmean,WGOA,Rpath,POL,2053,2798103.218,1659467.806,133521.0853,,pcod_rec_pp
persistence,Fmean,WGOA,Rpath,COD,2053,296661.9196,75096.20946,56704.28465,,pcod_rec_pp
persistence,Fmean,WGOA,Rpath,ATF,2053,1667476.952,608131.3164,23264.28922,,pcod_rec_pp
persistence,Fmean,WGOA,Rpath,POL,2054,2793091.308,1656359.977,133251.0705,,pcod_rec_pp
persistence,Fmean,WGOA,Rpath,COD,2054,296212.3246,75047.52112,56603.21414,,pcod_rec_pp
persistence,Fmean,WGOA,Rpath,ATF,2054,1666561.787,607607.5524,23251.72101,,pcod_rec_pp
persistence,Fmean,WGOA,Rpath,POL,2055,2788168.812,1653299.188,132984.3895,,pcod_rec_pp
persistence,Fmean,WGOA,Rpath,COD,2055,295805.0516,74932.16365,56514.03721,,pcod_rec_pp
persistence,Fmean,WGOA,Rpath,ATF,2055,1665594.809,607076.4742,23238.43373,,pcod_rec_pp
persistence,Fmean,WGOA,Rpath,POL,2056,2783371.705,1650306.192,132723.1929,,pcod_rec_pp
persistence,Fmean,WGOA,Rpath,COD,2056,295428.502,74789.67008,56436.71292,,pcod_rec_pp
persistence,Fmean,WGOA,Rpath,ATF,2056,1664576.195,606533.6404,23224.42389,,pcod_rec_pp
persistence,Fmean,WGOA,Rpath,POL,2057,2778723.358,1647395.109,132469.1885,,pcod_rec_pp
persistence,Fmean,WGOA,Rpath,COD,2057,295066.4082,74663.61213,56367.22218,,pcod_rec_pp
persistence,Fmean,WGOA,Rpath,ATF,2057,1663507.041,605978.9956,23209.70047,,pcod_rec_pp
persistence,Fmean,WGOA,Rpath,POL,2058,2774229.455,1644570.117,132223.2732,,pcod_rec_pp
persistence,Fmean,WGOA,Rpath,COD,2058,294705.7472,74581.02192,56300.18752,,pcod_rec_pp
persistence,Fmean,WGOA,Rpath,ATF,2058,1662389.022,605415.5043,23194.28035,,pcod_rec_pp
persistence,Fmean,WGOA,Rpath,POL,2059,2769875.177,1641822.618,131985.269,,pcod_rec_pp
persistence,Fmean,WGOA,Rpath,COD,2059,294341.2988,74543.89056,56231.50471,,pcod_rec_pp
persistence,Fmean,WGOA,Rpath,ATF,2059,1661224.279,604847.1123,23178.18716,,pcod_rec_pp
persistence,Fmean,WGOA,Rpath,POL,2060,2765625.245,1639130.066,131753.8045,,pcod_rec_pp
persistence,Fmean,WGOA,Rpath,COD,2060,293975.5169,74533.81765,56159.78108,,pcod_rec_pp
persistence,Fmean,WGOA,Rpath,ATF,2060,1660015.308,604276.9788,23161.45168,,pcod_rec_pp
persistence,Fmean,WGOA,Rpath,POL,2061,2761427.871,1636457.963,131526.4125,,pcod_rec_pp
persistence,Fmean,WGOA,Rpath,COD,2061,293614.8742,74524.79422,56086.20085,,pcod_rec_pp
persistence,Fmean,WGOA,Rpath,ATF,2061,1658764.759,603706.6767,23144.1101,,pcod_rec_pp
persistence,Fmean,WGOA,Rpath,POL,2062,2757224.08,1633766.438,131299.9219,,pcod_rec_pp
persistence,Fmean,WGOA,Rpath,COD,2062,293265.201,74496.56827,56013.24465,,pcod_rec_pp
persistence,Fmean,WGOA,Rpath,ATF,2062,1657475.075,603136.3668,23126.20003,,pcod_rec_pp
persistence,Fmean,WGOA,Rpath,POL,2063,2752962.647,1631021.227,131071.1846,,pcod_rec_pp
persistence,Fmean,WGOA,Rpath,COD,2063,292928.4414,74442.42672,55943.11618,,pcod_rec_pp
persistence,Fmean,WGOA,Rpath,ATF,2063,1656147.865,602565.2601,23107.75239,,pcod_rec_pp
persistence,Fmean,WGOA,Rpath,POL,2064,2748616.426,1628205.351,130837.9995,,pcod_rec_pp
persistence,Fmean,WGOA,Rpath,COD,2064,292602.0545,74369.12941,55876.67276,,pcod_rec_pp
persistence,Fmean,WGOA,Rpath,ATF,2064,1654783.549,601992.1319,23088.78269,,pcod_rec_pp
persistence,Fmean,WGOA,Rpath,POL,2065,2744192.097,1625325.525,130599.8571,,pcod_rec_pp
persistence,Fmean,WGOA,Rpath,COD,2065,292280.7562,74290.80603,55813.24215,,pcod_rec_pp
persistence,Fmean,WGOA,Rpath,ATF,2065,1653381.66,601415.8094,23069.29022,,pcod_rec_pp
persistence,Fmean,WGOA,Rpath,POL,2066,2739727.866,1622409.744,130358.1155,,pcod_rec_pp
persistence,Fmean,WGOA,Rpath,COD,2066,291959.2629,74220.95937,55751.20569,,pcod_rec_pp
persistence,Fmean,WGOA,Rpath,ATF,2066,1651941.371,600835.2758,23049.2647,,pcod_rec_pp
persistence,Fmean,WGOA,Rpath,POL,2067,2735281.243,1619498.138,130115.5381,,pcod_rec_pp
persistence,Fmean,WGOA,Rpath,COD,2067,291634.5476,74166.61504,55688.90386,,pcod_rec_pp
persistence,Fmean,WGOA,Rpath,ATF,2067,1650462.092,600249.6145,23028.69488,,pcod_rec_pp
persistence,Fmean,WGOA,Rpath,POL,2068,2730913.667,1616632.233,129875.4893,,pcod_rec_pp
persistence,Fmean,WGOA,Rpath,COD,2068,291306.6893,74126.74171,55625.37758,,pcod_rec_pp
persistence,Fmean,WGOA,Rpath,ATF,2068,1648943.942,599658.0127,23007.5769,,pcod_rec_pp
persistence,Fmean,WGOA,Rpath,POL,2069,2726677.989,1613846.756,129641.1579,,pcod_rec_pp
persistence,Fmean,WGOA,Rpath,COD,2069,290978.2406,74094.6488,55560.64678,,pcod_rec_pp
persistence,Fmean,WGOA,Rpath,ATF,2069,1647387.975,599059.9076,22985.91953,,pcod_rec_pp
persistence,Fmean,WGOA,Rpath,POL,2070,2722611.016,1611165.127,129415.0197,,pcod_rec_pp
persistence,Fmean,WGOA,Rpath,COD,2070,290652.7054,74062.34811,55495.50269,,pcod_rec_pp
persistence,Fmean,WGOA,Rpath,ATF,2070,1645796.241,598455.314,22963.74583,,pcod_rec_pp
persistence,Fmean,WGOA,Rpath,POL,2071,2718730.292,1608597.69,129198.5567,,pcod_rec_pp
persistence,Fmean,WGOA,Rpath,COD,2071,290332.959,74024.44588,55431.01069,,pcod_rec_pp
persistence,Fmean,WGOA,Rpath,ATF,2071,1644171.625,597845.0848,22941.09195,,pcod_rec_pp
persistence,Fmean,WGOA,Rpath,POL,2072,2715033.147,1606141.219,128992.1478,,pcod_rec_pp
persistence,Fmean,WGOA,Rpath,COD,2072,290020.2719,73979.90459,55368.00264,,pcod_rec_pp
persistence,Fmean,WGOA,Rpath,ATF,2072,1642517.615,597231.0146,22918.00355,,pcod_rec_pp
persistence,Fmean,WGOA,Rpath,POL,2073,2711496.678,1603778.856,128795.0394,,pcod_rec_pp
persistence,Fmean,WGOA,Rpath,COD,2073,289714.1797,73931.36663,55306.77832,,pcod_rec_pp
persistence,Fmean,WGOA,Rpath,ATF,2073,1640838.107,596615.7582,22894.53238,,pcod_rec_pp
persistence,Fmean,WGOA,Rpath,POL,2074,2708078.898,1601480.911,128605.3703,,pcod_rec_pp
persistence,Fmean,WGOA,Rpath,COD,2074,289413.0266,73882.92099,55247.09331,,pcod_rec_pp
persistence,Fmean,WGOA,Rpath,ATF,2074,1639137.218,596002.5381,22870.73375,,pcod_rec_pp
persistence,Fmean,WGOA,Rpath,POL,2075,2704723.112,1599208.232,128420.3257,,pcod_rec_pp
persistence,Fmean,WGOA,Rpath,COD,2075,289114.7925,73837.7137,55188.37028,,pcod_rec_pp
persistence,Fmean,WGOA,Rpath,ATF,2075,1637418.893,595394.5365,22846.66319,,pcod_rec_pp
persistence,Fmean,WGOA,Rpath,POL,2076,2701368.777,1596920.312,128236.5795,,pcod_rec_pp
persistence,Fmean,WGOA,Rpath,COD,2076,288817.836,73796.56904,55129.99455,,pcod_rec_pp
persistence,Fmean,WGOA,Rpath,ATF,2076,1635686.249,594794.0529,22822.36951,,pcod_rec_pp
persistence,Fmean,WGOA,Rpath,POL,2077,2697969.124,1594587.703,128051.1222,,pcod_rec_pp
persistence,Fmean,WGOA,Rpath,COD,2077,288521.3506,73758.06997,55071.55986,,pcod_rec_pp
persistence,Fmean,WGOA,Rpath,ATF,2077,1633941.018,594201.7629,22797.88623,,pcod_rec_pp
persistence,Fmean,WGOA,Rpath,POL,2078,2694508.502,1592203.36,127862.2624,,pcod_rec_pp
persistence,Fmean,WGOA,Rpath,COD,2078,288225.4634,73719.75828,55012.98299,,pcod_rec_pp
persistence,Fmean,WGOA,Rpath,ATF,2078,1632183.558,593616.5073,22773.22749,,pcod_rec_pp
persistence,Fmean,WGOA,Rpath,POL,2079,2691009.126,1589785.919,127670.2855,,pcod_rec_pp
persistence,Fmean,WGOA,Rpath,COD,2079,287931.0034,73679.63874,54954.46894,,pcod_rec_pp
persistence,Fmean,WGOA,Rpath,ATF,2079,1630413.486,593035.759,22748.39281,,pcod_rec_pp
persistence,Fmean,WGOA,Rpath,POL,2080,2687523.579,1587373.239,127477.3792,,pcod_rec_pp
persistence,Fmean,WGOA,Rpath,COD,2080,287639.0897,73637.18699,54896.36882,,pcod_rec_pp
persistence,Fmean,WGOA,Rpath,ATF,2080,1628630.499,592456.5351,22723.37763,,pcod_rec_pp
persistence,Fmean,WGOA,Rpath,POL,2081,2684118.615,1585010.803,127286.9233,,pcod_rec_pp
persistence,Fmean,WGOA,Rpath,COD,2081,287350.7689,73593.46346,54839.01562,,pcod_rec_pp
persistence,Fmean,WGOA,Rpath,ATF,2081,1626834.991,591876.3646,22698.18362,,pcod_rec_pp
persistence,Fmean,WGOA,Rpath,POL,2082,2680858.756,1582741.028,127102.5784,,pcod_rec_pp
persistence,Fmean,WGOA,Rpath,COD,2082,287066.8693,73550.44241,54782.62165,,pcod_rec_pp
persistence,Fmean,WGOA,Rpath,ATF,2082,1625028.272,591293.9829,22672.82425,,pcod_rec_pp
persistence,Fmean,WGOA,Rpath,POL,2083,2677794.763,1580596.396,126927.5341,,pcod_rec_pp
persistence,Fmean,WGOA,Rpath,COD,2083,286788.0729,73510.01222,54727.27343,,pcod_rec_pp
persistence,Fmean,WGOA,Rpath,ATF,2083,1623212.48,590709.6161,22647.32522,,pcod_rec_pp
persistence,Fmean,WGOA,Rpath,POL,2084,2674957.623,1578596.185,126764.0451,,pcod_rec_pp
persistence,Fmean,WGOA,Rpath,COD,2084,286515.0654,73473.16623,54672.99843,,pcod_rec_pp
persistence,Fmean,WGOA,Rpath,ATF,2084,1621390.408,590124.8912,22621.72208,,pcod_rec_pp
persistence,Fmean,WGOA,Rpath,POL,2085,2672356.186,1576745.123,126613.203,,pcod_rec_pp
persistence,Fmean,WGOA,Rpath,COD,2085,286248.6034,73439.71392,54619.8441,,pcod_rec_pp
persistence,Fmean,WGOA,Rpath,ATF,2085,1619565.352,589542.4879,22596.05774,,pcod_rec_pp
persistence,Fmean,WGOA,Rpath,POL,2086,2669976.386,1575032.651,126474.8419,,pcod_rec_pp
persistence,Fmean,WGOA,Rpath,COD,2086,285989.4202,73408.53817,54567.91597,,pcod_rec_pp
persistence,Fmean,WGOA,Rpath,ATF,2086,1617741.006,588965.6699,22570.38072,,pcod_rec_pp
persistence,Fmean,WGOA,Rpath,POL,2087,2667781.244,1573432.569,126347.5031,,pcod_rec_pp
persistence,Fmean,WGOA,Rpath,COD,2087,285737.9863,73379.09242,54517.35297,,pcod_rec_pp
persistence,Fmean,WGOA,Rpath,ATF,2087,1615921.37,588397.8393,22544.74393,,pcod_rec_pp
persistence,Fmean,WGOA,Rpath,POL,2088,2665712.765,1571904.356,126228.4778,,pcod_rec_pp
persistence,Fmean,WGOA,Rpath,COD,2088,285494.3741,73350.14293,54468.25489,,pcod_rec_pp
persistence,Fmean,WGOA,Rpath,ATF,2088,1614110.549,587842.135,22519.20312,,pcod_rec_pp
persistence,Fmean,WGOA,Rpath,POL,2089,2663699.23,1570398.9,126114.0739,,pcod_rec_pp
persistence,Fmean,WGOA,Rpath,COD,2089,285258.0531,73319.9338,54420.60733,,pcod_rec_pp
persistence,Fmean,WGOA,Rpath,ATF,2089,1612312.173,587307.0753,22493.81195,,pcod_rec_pp
persistence,Fmean,WGOA,Rpath,POL,2090,2661671.827,1568870.819,126000.3184,,pcod_rec_pp
persistence,Fmean,WGOA,Rpath,COD,2090,285027.8816,73288.21766,54374.30611,,pcod_rec_pp
persistence,Fmean,WGOA,Rpath,ATF,2090,1610528.642,586787.9977,22468.61195,,pcod_rec_pp
persistence,Fmean,WGOA,Rpath,POL,2091,2659587.51,1567294.343,125884.1071,,pcod_rec_pp
persistence,Fmean,WGOA,Rpath,COD,2091,284802.7162,73255.19795,54329.17942,,pcod_rec_pp
persistence,Fmean,WGOA,Rpath,ATF,2091,1608760.632,586283.7395,22443.62341,,pcod_rec_pp
persistence,Fmean,WGOA,Rpath,POL,2092,2657445.635,1565673.679,125764.3286,,pcod_rec_pp
persistence,Fmean,WGOA,Rpath,COD,2092,284581.8022,73221.53437,54285.03628,,pcod_rec_pp
persistence,Fmean,WGOA,Rpath,ATF,2092,1607007.503,585791.7428,22418.84723,,pcod_rec_pp
persistence,Fmean,WGOA,Rpath,POL,2093,2655287.64,1564040.932,125642.2701,,pcod_rec_pp
persistence,Fmean,WGOA,Rpath,COD,2093,284365.0611,73188.30135,54241.78241,,pcod_rec_pp
persistence,Fmean,WGOA,Rpath,ATF,2093,1605268.215,585308.5492,22394.27161,,pcod_rec_pp
persistence,Fmean,WGOA,Rpath,POL,2094,2653181.262,1562443.894,125521.086,,pcod_rec_pp
persistence,Fmean,WGOA,Rpath,COD,2094,284153.0744,73156.55883,54199.44643,,pcod_rec_pp
persistence,Fmean,WGOA,Rpath,ATF,2094,1603542.21,584830.841,22369.88573,,pcod_rec_pp
persistence,Fmean,WGOA,Rpath,POL,2095,2651200.085,1560931.938,125404.7471,,pcod_rec_pp
persistence,Fmean,WGOA,Rpath,COD,2095,283946.8584,73127.07603,54158.15633,,pcod_rec_pp
persistence,Fmean,WGOA,Rpath,ATF,2095,1601829.858,584356.2934,22345.68973,,pcod_rec_pp
persistence,Fmean,WGOA,Rpath,POL,2096,2649407.285,1559545.927,125297.0429,,pcod_rec_pp
persistence,Fmean,WGOA,Rpath,COD,2096,283747.6035,73100.25177,54118.10128,,pcod_rec_pp
persistence,Fmean,WGOA,Rpath,ATF,2096,1600132.468,583884.1453,22321.69724,,pcod_rec_pp
persistence,Fmean,WGOA,Rpath,POL,2097,2647846.239,1558313.039,125200.9082,,pcod_rec_pp
persistence,Fmean,WGOA,Rpath,COD,2097,283556.4709,73076.0832,54079.49276,,pcod_rec_pp
persistence,Fmean,WGOA,Rpath,ATF,2097,1598452.074,583415.4297,22297.93337,,pcod_rec_pp
persistence,Fmean,WGOA,Rpath,POL,2098,2646536.857,1557244.975,125118.0813,,pcod_rec_pp
persistence,Fmean,WGOA,Rpath,COD,2098,283374.4456,73054.23679,54042.53274,,pcod_rec_pp
persistence,Fmean,WGOA,Rpath,ATF,2098,1596791.212,582952.4751,22274.43101,,pcod_rec_pp
persistence,Fmean,WGOA,Rpath,POL,2099,2645474.508,1556337.289,125048.972,,pcod_rec_pp
persistence,Fmean,WGOA,Rpath,COD,2099,283202.2138,73034.19209,54007.38915,,pcod_rec_pp
persistence,Fmean,WGOA,Rpath,ATF,2099,1595152.78,582498.4415,22251.22807,,pcod_rec_pp
ssp126,Fmean,WGOA,Rpath,POL,1991,2884927.165,1690895.406,87828.01,,pcod_rec_pp
ssp126,Fmean,WGOA,Rpath,COD,1991,399280.2939,93224.23736,64466.82999,,pcod_rec_pp
ssp126,Fmean,WGOA,Rpath,ATF,1991,1554327.805,597326.9774,16958.38001,,pcod_rec_pp
ssp126,Fmean,WGOA,Rpath,POL,1992,2892495.913,1696087.278,90585.18996,,pcod_rec_pp
ssp126,Fmean,WGOA,Rpath,COD,1992,371842.9001,88999.22879,78966.50009,,pcod_rec_pp
ssp126,Fmean,WGOA,Rpath,ATF,1992,1551901.376,598021.2117,20482.18006,,pcod_rec_pp
ssp126,Fmean,WGOA,Rpath,POL,1993,2886917.46,1690078.21,108230.1801,,pcod_rec_pp
ssp126,Fmean,WGOA,Rpath,COD,1993,375328.1754,91984.46817,45849.17007,,pcod_rec_pp
ssp126,Fmean,WGOA,Rpath,ATF,1993,1551566.347,599298.1593,18294.44992,,pcod_rec_pp
ssp126,Fmean,WGOA,Rpath,POL,1994,2891612.897,1691340.87,100412.3599,,pcod_rec_pp
ssp126,Fmean,WGOA,Rpath,COD,1994,374238.5054,92168.02449,45610.57997,,pcod_rec_pp
ssp126,Fmean,WGOA,Rpath,ATF,1994,1547453.432,598480.5088,21993.23998,,pcod_rec_pp
ssp126,Fmean,WGOA,Rpath,POL,1995,2920445.243,1709974.752,69168.12993,,pcod_rec_pp
ssp126,Fmean,WGOA,Rpath,COD,1995,354241.1182,88060.92648,67907.17999,,pcod_rec_pp
ssp126,Fmean,WGOA,Rpath,ATF,1995,1548788.073,599203.4556,17415.49004,,pcod_rec_pp
ssp126,Fmean,WGOA,Rpath,POL,1996,2949537.5,1727520.768,49825.87004,,pcod_rec_pp
ssp126,Fmean,WGOA,Rpath,COD,1996,348901.2699,89289.89982,55391.6601,,pcod_rec_pp
ssp126,Fmean,WGOA,Rpath,ATF,1996,1545296.542,597141.1539,21555.6099,,pcod_rec_pp
ssp126,Fmean,WGOA,Rpath,POL,1997,2946193.762,1722365.564,84179.64997,,pcod_rec_pp
ssp126,Fmean,WGOA,Rpath,COD,1997,339607.8718,88455.84666,58920.57999,,pcod_rec_pp
ssp126,Fmean,WGOA,Rpath,ATF,1997,1547340.939,596389.7317,14758.27989,,pcod_rec_pp
ssp126,Fmean,WGOA,Rpath,POL,1998,3007840.548,1762267.823,5428.379998,,pcod_rec_pp
ssp126,Fmean,WGOA,Rpath,COD,1998,338402.0081,87897.09963,50218.95011,,pcod_rec_pp
ssp126,Fmean,WGOA,Rpath,ATF,1998,1552042.171,596282.5118,12377.19001,,pcod_rec_pp
ssp126,Fmean,WGOA,Rpath,POL,1999,2993956.264,1751820.359,90556.90006,,pcod_rec_pp
ssp126,Fmean,WGOA,Rpath,COD,1999,323385.5045,83134.3282,66264.6701,,pcod_rec_pp
ssp126,Fmean,WGOA,Rpath,ATF,1999,1556822.572,596729.6537,14649.22992,,pcod_rec_pp
ssp126,Fmean,WGOA,Rpath,POL,2000,3049484.669,1789601.224,5552.830105,,pcod_rec_pp
ssp126,Fmean,WGOA,Rpath,COD,2000,321234.7048,82993.63067,53384.86994,,pcod_rec_pp
ssp126,Fmean,WGOA,Rpath,ATF,2000,1555589.603,595731.5303,22993.75009,,pcod_rec_pp
ssp126,Fmean,WGOA,Rpath,POL,2001,3082953.386,1808450.385,3452.299979,,pcod_rec_pp
ssp126,Fmean,WGOA,Rpath,COD,2001,327836.0522,85350.66779,40517.40995,,pcod_rec_pp
ssp126,Fmean,WGOA,Rpath,ATF,2001,1559150.397,597017.2815,17416.19999,,pcod_rec_pp
ssp126,Fmean,WGOA,Rpath,POL,2002,3117695.911,1828996.892,1698.029945,,pcod_rec_pp
ssp126,Fmean,WGOA,Rpath,COD,2002,329657.1998,86672.3968,41567.98996,,pcod_rec_pp
ssp126,Fmean,WGOA,Rpath,ATF,2002,1561074.367,598208.7603,20173.56001,,pcod_rec_pp
ssp126,Fmean,WGOA,Rpath,POL,2003,3105660.591,1817041.088,48590.07701,,pcod_rec_pp
ssp126,Fmean,WGOA,Rpath,COD,2003,321002.2329,86072.65487,52365.75509,,pcod_rec_pp
ssp126,Fmean,WGOA,Rpath,ATF,2003,1552272.454,595288.6341,30169.77189,,pcod_rec_pp
ssp126,Fmean,WGOA,Rpath,POL,2004,3100496.18,1811816.72,62434.43992,,pcod_rec_pp
ssp126,Fmean,WGOA,Rpath,COD,2004,310907.3461,86861.68446,56450.24197,,pcod_rec_pp
ssp126,Fmean,WGOA,Rpath,ATF,2004,1557805.526,597533.7477,15634.90804,,pcod_rec_pp
ssp126,Fmean,WGOA,Rpath,POL,2005,3085140.756,1801622.597,78302.79193,,pcod_rec_pp
ssp126,Fmean,WGOA,Rpath,COD,2005,308747.7124,89355.03295,47523.77993,,pcod_rec_pp
ssp126,Fmean,WGOA,Rpath,ATF,2005,1557456.933,596651.5277,19923.57305,,pcod_rec_pp
ssp126,Fmean,WGOA,Rpath,POL,2006,3088115.7,1805154.794,68928.30799,,pcod_rec_pp
ssp126,Fmean,WGOA,Rpath,COD,2006,305285.4254,89662.84203,47767.07996,,pcod_rec_pp
ssp126,Fmean,WGOA,Rpath,ATF,2006,1552052.557,593803.972,27622.69892,,pcod_rec_pp
ssp126,Fmean,WGOA,Rpath,POL,2007,3108388.666,1820162.189,51572.307,,pcod_rec_pp
ssp126,Fmean,WGOA,Rpath,COD,2007,298656.828,86970.58416,51812.178,,pcod_rec_pp
ssp126,Fmean,WGOA,Rpath,ATF,2007,1552833.111,593773.0969,25346.98698,,pcod_rec_pp
ssp126,Fmean,WGOA,Rpath,POL,2008,3122657.328,1829614.826,50786.20601,,pcod_rec_pp
ssp126,Fmean,WGOA,Rpath,COD,2008,288014.1972,83738.42574,58386.38403,,pcod_rec_pp
ssp126,Fmean,WGOA,Rpath,ATF,2008,1551453.517,592951.9777,29205.93997,,pcod_rec_pp
ssp126,Fmean,WGOA,Rpath,POL,2009,3143273.399,1841984.82,41549.50308,,pcod_rec_pp
ssp126,Fmean,WGOA,Rpath,COD,2009,284535.8483,83301.56554,51788.98001,,pcod_rec_pp
ssp126,Fmean,WGOA,Rpath,ATF,2009,1555113.026,594046.2661,24831.74204,,pcod_rec_pp
ssp126,Fmean,WGOA,Rpath,POL,2010,3136117.031,1835292.146,73443.38423,,pcod_rec_pp
ssp126,Fmean,WGOA,Rpath,COD,2010,260387.0744,76717.56805,76954.1546,,pcod_rec_pp
ssp126,Fmean,WGOA,Rpath,ATF,2010,1558263.173,594362.5648,24339.44647,,pcod_rec_pp
ssp126,Fmean,WGOA,Rpath,POL,2011,3141056.088,1838289.751,77694.47962,,pcod_rec_pp
ssp126,Fmean,WGOA,Rpath,COD,2011,234318.5161,69543.30604,83710.47539,,pcod_rec_pp
ssp126,Fmean,WGOA,Rpath,ATF,2011,1557071.61,592792.1032,30911.82176,,pcod_rec_pp
ssp126,Fmean,WGOA,Rpath,POL,2012,3133568.472,1833854.712,98934.69122,,pcod_rec_pp
ssp126,Fmean,WGOA,Rpath,COD,2012,216652.3988,64116.82151,76871.10999,,pcod_rec_pp
ssp126,Fmean,WGOA,Rpath,ATF,2012,1567597.99,595605.7671,20761.90991,,pcod_rec_pp
ssp126,Fmean,WGOA,Rpath,POL,2013,3129803.327,1832301.647,90796.63161,,pcod_rec_pp
ssp126,Fmean,WGOA,Rpath,COD,2013,207097.746,61173.05499,66829.78162,,pcod_rec_pp
ssp126,Fmean,WGOA,Rpath,ATF,2013,1575636.643,596480.792,21809.31232,,pcod_rec_pp
ssp126,Fmean,WGOA,Rpath,POL,2014,3087331.432,1803398.136,138948.062,,pcod_rec_pp
ssp126,Fmean,WGOA,Rpath,COD,2014,180191.4473,54326.17477,83491.7282,,pcod_rec_pp
ssp126,Fmean,WGOA,Rpath,ATF,2014,1567912.163,590069.7527,36524.50153,,pcod_rec_pp
ssp126,Fmean,WGOA,Rpath,POL,2015,3045526.286,1775739.079,162807.646,,pcod_rec_pp
ssp126,Fmean,WGOA,Rpath,COD,2015,157932.7221,48934.44114,77689.99201,,pcod_rec_pp
ssp126,Fmean,WGOA,Rpath,ATF,2015,1577268.818,588791.536,19296.58722,,pcod_rec_pp
ssp126,Fmean,WGOA,Rpath,POL,2016,3007798.292,1753763.798,173086.3524,,pcod_rec_pp
ssp126,Fmean,WGOA,Rpath,COD,2016,147656.6154,47339.00977,62867.32743,,pcod_rec_pp
ssp126,Fmean,WGOA,Rpath,ATF,2016,1586289.943,586210.8787,19976.29419,,pcod_rec_pp
ssp126,Fmean,WGOA,Rpath,POL,2017,2976739.358,1738811.225,184220.0285,,pcod_rec_pp
ssp126,Fmean,WGOA,Rpath,COD,2017,147736.1447,50239.67431,48204.21467,,pcod_rec_pp
ssp126,Fmean,WGOA,Rpath,ATF,2017,1591593.276,581990.6601,27053.50899,,pcod_rec_pp
ssp126,Fmean,WGOA,Rpath,POL,2018,2968841.332,1740812.462,150815.1922,,pcod_rec_pp
ssp126,Fmean,WGOA,Rpath,COD,2018,174522.2292,61112.90393,14681.2982,,pcod_rec_pp
ssp126,Fmean,WGOA,Rpath,ATF,2018,1607270.211,582229.7484,18870.25094,,pcod_rec_pp
ssp126,Fmean,WGOA,Rpath,POL,2019,2976191.205,1750709.517,110649.2716,,pcod_rec_pp
ssp126,Fmean,WGOA,Rpath,COD,2019,197788.813,66355.87669,15200.42058,,pcod_rec_pp
ssp126,Fmean,WGOA,Rpath,ATF,2019,1614692.328,580069.5368,24567.05196,,pcod_rec_pp
ssp126,Fmean,WGOA,Rpath,POL,2020,2989833.346,1764765.168,99971.06489,,pcod_rec_pp
ssp126,Fmean,WGOA,Rpath,COD,2020,227902.927,75553.61902,6085.249339,,pcod_rec_pp
ssp126,Fmean,WGOA,Rpath,ATF,2020,1626341.19,581530.1681,21115.8993,,pcod_rec_pp
ssp126,Fmean,WGOA,Rpath,POL,2021,2666658.292,1542448.221,232294.416,,pcod_rec_pp
ssp126,Fmean,WGOA,Rpath,COD,2021,208376.8317,67509.16227,59618.99624,,pcod_rec_pp
ssp126,Fmean,WGOA,Rpath,ATF,2021,1594986.893,564719.3993,32450.08865,,pcod_rec_pp
ssp126,Fmean,WGOA,Rpath,POL,2022,2439718.154,1358627.068,245220.0336,,pcod_rec_pp
ssp126,Fmean,WGOA,Rpath,COD,2022,191172.4459,57257.27193,62549.33904,,pcod_rec_pp
ssp126,Fmean,WGOA,Rpath,ATF,2022,1520368.693,522798.0742,33324.1308,,pcod_rec_pp
ssp126,Fmean,WGOA,Rpath,POL,2023,2618660.869,1498244.662,243772.1345,,pcod_rec_pp
ssp126,Fmean,WGOA,Rpath,COD,2023,188750.5738,49999.65788,56392.01822,,pcod_rec_pp
ssp126,Fmean,WGOA,Rpath,ATF,2023,1508942.216,512569.0869,30163.86082,,pcod_rec_pp
ssp126,Fmean,WGOA,Rpath,POL,2024,2918253.911,1756097.62,131571.1847,,pcod_rec_pp
ssp126,Fmean,WGOA,Rpath,COD,2024,210115.2018,53055.66909,37545.21107,,pcod_rec_pp
ssp126,Fmean,WGOA,Rpath,ATF,2024,1573583.979,547504.3403,21421.54408,,pcod_rec_pp
ssp126,Fmean,WGOA,Rpath,POL,2025,2913320.387,1762760.94,139960.0449,,pcod_rec_pp
ssp126,Fmean,WGOA,Rpath,COD,2025,225073.6925,59518.01948,41393.32361,,pcod_rec_pp
ssp126,Fmean,WGOA,Rpath,ATF,2025,1627429.455,585613.2753,22370.14907,,pcod_rec_pp
ssp126,Fmean,WGOA,Rpath,POL,2026,2876830.964,1710481.546,137178.3404,,pcod_rec_pp
ssp126,Fmean,WGOA,Rpath,COD,2026,234124.3785,66394.44766,43814.1744,,pcod_rec_pp
ssp126,Fmean,WGOA,Rpath,ATF,2026,1641724.317,603545.014,22819.22674,,pcod_rec_pp
ssp126,Fmean,WGOA,Rpath,POL,2027,3023189.09,1798877.187,138592.9671,,pcod_rec_pp
ssp126,Fmean,WGOA,Rpath,COD,2027,245262.6924,71899.31803,45155.60876,,pcod_rec_pp
ssp126,Fmean,WGOA,Rpath,ATF,2027,1664162.605,624371.2913,22985.0365,,pcod_rec_pp
ssp126,Fmean,WGOA,Rpath,POL,2028,3102719.593,1870534.327,146126.8272,,pcod_rec_pp
ssp126,Fmean,WGOA,Rpath,COD,2028,258686.2761,75879.37309,46957.58231,,pcod_rec_pp
ssp126,Fmean,WGOA,Rpath,ATF,2028,1703585.348,655993.1069,23450.54635,,pcod_rec_pp
ssp126,Fmean,WGOA,Rpath,POL,2029,3071641.578,1848550.344,147845.8365,,pcod_rec_pp
ssp126,Fmean,WGOA,Rpath,COD,2029,268883.2904,74839.50246,49518.77337,,pcod_rec_pp
ssp126,Fmean,WGOA,Rpath,ATF,2029,1723535.808,673695.4384,23889.95121,,pcod_rec_pp
ssp126,Fmean,WGOA,Rpath,POL,2030,3016594.024,1793971.265,144868.0508,,pcod_rec_pp
ssp126,Fmean,WGOA,Rpath,COD,2030,273979.3557,70751.00658,51479.03011,,pcod_rec_pp
ssp126,Fmean,WGOA,Rpath,ATF,2030,1717432.475,668251.1581,23982.27699,,pcod_rec_pp
ssp126,Fmean,WGOA,Rpath,POL,2031,3053759.021,1822296.935,144948.5663,,pcod_rec_pp
ssp126,Fmean,WGOA,Rpath,COD,2031,278806.1377,70141.72096,52755.14267,,pcod_rec_pp
ssp126,Fmean,WGOA,Rpath,ATF,2031,1723435.609,662240.8785,23947.89166,,pcod_rec_pp
ssp126,Fmean,WGOA,Rpath,POL,2032,3047522.221,1818202.453,144836.9173,,pcod_rec_pp
ssp126,Fmean,WGOA,Rpath,COD,2032,281526.0166,73250.71472,53428.94073,,pcod_rec_pp
ssp126,Fmean,WGOA,Rpath,ATF,2032,1725588.908,651590.0892,24002.17449,,pcod_rec_pp
ssp126,Fmean,WGOA,Rpath,POL,2033,3086334.927,1858995.164,146404.1732,,pcod_rec_pp
ssp126,Fmean,WGOA,Rpath,COD,2033,284729.7587,77480.85498,53872.18267,,pcod_rec_pp
ssp126,Fmean,WGOA,Rpath,ATF,2033,1745640.178,651310.5667,24163.31138,,pcod_rec_pp
ssp126,Fmean,WGOA,Rpath,POL,2034,2998127.647,1797739.164,145502.7733,,pcod_rec_pp
ssp126,Fmean,WGOA,Rpath,COD,2034,285546.5881,79743.79736,54361.67603,,pcod_rec_pp
ssp126,Fmean,WGOA,Rpath,ATF,2034,1747702.604,643592.7014,24370.99088,,pcod_rec_pp
ssp126,Fmean,WGOA,Rpath,POL,2035,3052551.456,1838443.477,143712.7982,,pcod_rec_pp
ssp126,Fmean,WGOA,Rpath,COD,2035,286576.8914,79889.58256,54344.4556,,pcod_rec_pp
ssp126,Fmean,WGOA,Rpath,ATF,2035,1759911.992,642770.4461,24398.24696,,pcod_rec_pp
ssp126,Fmean,WGOA,Rpath,POL,2036,2801803.635,1660358.249,141307.4587,,pcod_rec_pp
ssp126,Fmean,WGOA,Rpath,COD,2036,282876.9598,78668.07037,54399.06293,,pcod_rec_pp
ssp126,Fmean,WGOA,Rpath,ATF,2036,1734685.368,626383.4766,24478.84607,,pcod_rec_pp
ssp126,Fmean,WGOA,Rpath,POL,2037,2766525.288,1622407.746,133149.1864,,pcod_rec_pp
ssp126,Fmean,WGOA,Rpath,COD,2037,277895.6019,75400.23826,53497.41456,,pcod_rec_pp
ssp126,Fmean,WGOA,Rpath,ATF,2037,1700688.557,604299.5072,23967.97821,,pcod_rec_pp
ssp126,Fmean,WGOA,Rpath,POL,2038,2953639.293,1772193.9,135968.4686,,pcod_rec_pp
ssp126,Fmean,WGOA,Rpath,COD,2038,279065.2568,74842.46079,53089.18597,,pcod_rec_pp
ssp126,Fmean,WGOA,Rpath,ATF,2038,1715565.433,609888.5587,23740.79791,,pcod_rec_pp
ssp126,Fmean,WGOA,Rpath,POL,2039,2942775.753,1791444.902,142957.3078,,pcod_rec_pp
ssp126,Fmean,WGOA,Rpath,COD,2039,282586.5602,77241.79254,53825.98852,,pcod_rec_pp
ssp126,Fmean,WGOA,Rpath,ATF,2039,1747252.965,630814.9062,24187.70725,,pcod_rec_pp
ssp126,Fmean,WGOA,Rpath,POL,2040,2844089.498,1697944.414,136739.6147,,pcod_rec_pp
ssp126,Fmean,WGOA,Rpath,COD,2040,279395.6124,78486.46417,53885.60047,,pcod_rec_pp
ssp126,Fmean,WGOA,Rpath,ATF,2040,1730419.679,626135.4413,24260.86674,,pcod_rec_pp
ssp126,Fmean,WGOA,Rpath,POL,2041,2893562.172,1733454.007,136479.2158,,pcod_rec_pp
ssp126,Fmean,WGOA,Rpath,COD,2041,275959.2313,80342.16845,53323.12436,,pcod_rec_pp
ssp126,Fmean,WGOA,Rpath,ATF,2041,1736920.372,633931.591,24172.80697,,pcod_rec_pp
ssp126,Fmean,WGOA,Rpath,POL,2042,2948384.365,1780847.909,139491.3932,,pcod_rec_pp
ssp126,Fmean,WGOA,Rpath,COD,2042,273638.3615,82080.72133,53115.45589,,pcod_rec_pp
ssp126,Fmean,WGOA,Rpath,ATF,2042,1752770.396,647459.7367,24316.01431,,pcod_rec_pp
ssp126,Fmean,WGOA,Rpath,POL,2043,2939395.894,1774072.694,140200.3846,,pcod_rec_pp
ssp126,Fmean,WGOA,Rpath,COD,2043,272306.975,84228.17848,52651.97495,,pcod_rec_pp
ssp126,Fmean,WGOA,Rpath,ATF,2043,1761777.773,657366.198,24509.03395,,pcod_rec_pp
ssp126,Fmean,WGOA,Rpath,POL,2044,3015023.696,1830522.476,141015.1995,,pcod_rec_pp
ssp126,Fmean,WGOA,Rpath,COD,2044,272331.0203,88363.6451,51793.08763,,pcod_rec_pp
ssp126,Fmean,WGOA,Rpath,ATF,2044,1783754.489,672158.7089,24665.29455,,pcod_rec_pp
ssp126,Fmean,WGOA,Rpath,POL,2045,3013312.513,1833520.498,143273.0724,,pcod_rec_pp
ssp126,Fmean,WGOA,Rpath,COD,2045,271147.0169,89815.97493,51616.82317,,pcod_rec_pp
ssp126,Fmean,WGOA,Rpath,ATF,2045,1803493.859,683640.8074,24996.71246,,pcod_rec_pp
ssp126,Fmean,WGOA,Rpath,POL,2046,2782221.215,1659844.872,139135.944,,pcod_rec_pp
ssp126,Fmean,WGOA,Rpath,COD,2046,265660.2389,84881.85065,51403.5317,,pcod_rec_pp
ssp126,Fmean,WGOA,Rpath,ATF,2046,1775383.996,666068.0275,25058.89232,,pcod_rec_pp
ssp126,Fmean,WGOA,Rpath,POL,2047,2813349.252,1668210.62,132660.9357,,pcod_rec_pp
ssp126,Fmean,WGOA,Rpath,COD,2047,261586.6238,79829.60531,50187.15911,,pcod_rec_pp
ssp126,Fmean,WGOA,Rpath,ATF,2047,1749403.72,643818.4159,24548.91808,,pcod_rec_pp
ssp126,Fmean,WGOA,Rpath,POL,2048,2899053.103,1749697.677,136763.6695,,pcod_rec_pp
ssp126,Fmean,WGOA,Rpath,COD,2048,262078.1076,79469.1075,49763.11409,,pcod_rec_pp
ssp126,Fmean,WGOA,Rpath,ATF,2048,1763704.686,642664.6604,24463.14263,,pcod_rec_pp
ssp126,Fmean,WGOA,Rpath,POL,2049,2778715.372,1679500.679,138184.1858,,pcod_rec_pp
ssp126,Fmean,WGOA,Rpath,COD,2049,261113.0502,79175.67711,49973.38533,,pcod_rec_pp
ssp126,Fmean,WGOA,Rpath,ATF,2049,1766500.887,638189.9715,24692.90962,,pcod_rec_pp
ssp126,Fmean,WGOA,Rpath,POL,2050,2608780.638,1530553.97,128273.2519,,pcod_rec_pp
ssp126,Fmean,WGOA,Rpath,COD,2050,255310.8996,75736.42421,49399.26953,,pcod_rec_pp
ssp126,Fmean,WGOA,Rpath,ATF,2050,1714593.946,603929.6773,24325.26136,,pcod_rec_pp
ssp126,Fmean,WGOA,Rpath,POL,2051,2618137.505,1532351.656,124447.8667,,pcod_rec_pp
ssp126,Fmean,WGOA,Rpath,COD,2051,251684.402,73636.58918,48269.02034,,pcod_rec_pp
ssp126,Fmean,WGOA,Rpath,ATF,2051,1683559.038,580342.3484,23708.60206,,pcod_rec_pp
ssp126,Fmean,WGOA,Rpath,POL,2052,2661942.946,1579114.987,126625.9824,,pcod_rec_pp
ssp126,Fmean,WGOA,Rpath,COD,2052,251161.0585,71984.79138,48133.38027,,pcod_rec_pp
ssp126,Fmean,WGOA,Rpath,ATF,2052,1677918.276,573398.4284,23449.89856,,pcod_rec_pp
ssp126,Fmean,WGOA,Rpath,POL,2053,2730184.567,1633718.997,128275.8617,,pcod_rec_pp
ssp126,Fmean,WGOA,Rpath,COD,2053,253618.2749,71690.47022,48278.73796,,pcod_rec_pp
ssp126,Fmean,WGOA,Rpath,ATF,2053,1686316.816,579203.1547,23454.89004,,pcod_rec_pp
ssp126,Fmean,WGOA,Rpath,POL,2054,3050433.816,1883630.753,136361.8203,,pcod_rec_pp
ssp126,Fmean,WGOA,Rpath,COD,2054,261265.0467,75719.06401,48805.28443,,pcod_rec_pp
ssp126,Fmean,WGOA,Rpath,ATF,2054,1759918.349,626546.2276,23906.75063,,pcod_rec_pp
ssp126,Fmean,WGOA,Rpath,POL,2055,2941970.821,1813485.836,144088.9861,,pcod_rec_pp
ssp126,Fmean,WGOA,Rpath,COD,2055,265701.5645,81679.14648,50692.49702,,pcod_rec_pp
ssp126,Fmean,WGOA,Rpath,ATF,2055,1806207.1,668334.2977,24963.79806,,pcod_rec_pp
ssp126,Fmean,WGOA,Rpath,POL,2056,2732079.124,1625821.881,134297.3485,,pcod_rec_pp
ssp126,Fmean,WGOA,Rpath,COD,2056,262356.1598,81601.73888,50807.63678,,pcod_rec_pp
ssp126,Fmean,WGOA,Rpath,ATF,2056,1770070.122,661365.0954,25022.9847,,pcod_rec_pp
ssp126,Fmean,WGOA,Rpath,POL,2057,2903570.963,1739300.35,132701.1316,,pcod_rec_pp
ssp126,Fmean,WGOA,Rpath,COD,2057,262438.5956,83731.76298,49641.17653,,pcod_rec_pp
ssp126,Fmean,WGOA,Rpath,ATF,2057,1770125.814,667817.6171,24599.52812,,pcod_rec_pp
ssp126,Fmean,WGOA,Rpath,POL,2058,2999203.584,1830743.818,140759.8534,,pcod_rec_pp
ssp126,Fmean,WGOA,Rpath,COD,2058,264402.9631,85222.5249,50005.89058,,pcod_rec_pp
ssp126,Fmean,WGOA,Rpath,ATF,2058,1800604.025,688406.752,24860.32814,,pcod_rec_pp
ssp126,Fmean,WGOA,Rpath,POL,2059,3013082.156,1847660.875,142985.2459,,pcod_rec_pp
ssp126,Fmean,WGOA,Rpath,COD,2059,266253.0134,83723.42875,50686.47686,,pcod_rec_pp
ssp126,Fmean,WGOA,Rpath,ATF,2059,1826784.625,702117.5819,25254.43417,,pcod_rec_pp
ssp126,Fmean,WGOA,Rpath,POL,2060,2904769.901,1758493.008,140240.6872,,pcod_rec_pp
ssp126,Fmean,WGOA,Rpath,COD,2060,262872.4107,83280.24842,50574.82934,,pcod_rec_pp
ssp126,Fmean,WGOA,Rpath,ATF,2060,1821962.58,693289.8967,25453.75329,,pcod_rec_pp
ssp126,Fmean,WGOA,Rpath,POL,2061,2783702.735,1666705.859,136243.0142,,pcod_rec_pp
ssp126,Fmean,WGOA,Rpath,COD,2061,256035.3528,83749.82982,50002.09796,,pcod_rec_pp
ssp126,Fmean,WGOA,Rpath,ATF,2061,1801291.816,670875.3327,25313.86032,,pcod_rec_pp
ssp126,Fmean,WGOA,Rpath,POL,2062,2806868.761,1683256.676,133320.0292,,pcod_rec_pp
ssp126,Fmean,WGOA,Rpath,COD,2062,251434.9213,83010.7856,48753.65098,,pcod_rec_pp
ssp126,Fmean,WGOA,Rpath,ATF,2062,1788645.909,650797.2917,24992.3313,,pcod_rec_pp
ssp126,Fmean,WGOA,Rpath,POL,2063,2870361.351,1741733.424,135309.2436,,pcod_rec_pp
ssp126,Fmean,WGOA,Rpath,COD,2063,250113.3933,83762.45684,47581.52604,,pcod_rec_pp
ssp126,Fmean,WGOA,Rpath,ATF,2063,1799273.278,645879.3325,24964.35941,,pcod_rec_pp
ssp126,Fmean,WGOA,Rpath,POL,2064,2756671.443,1659921.889,134017.1342,,pcod_rec_pp
ssp126,Fmean,WGOA,Rpath,COD,2064,247896.6038,82935.44401,47105.21271,,pcod_rec_pp
ssp126,Fmean,WGOA,Rpath,ATF,2064,1787228.152,632590.5589,25049.23572,,pcod_rec_pp
ssp126,Fmean,WGOA,Rpath,POL,2065,2945340.945,1802648.404,134488.8096,,pcod_rec_pp
ssp126,Fmean,WGOA,Rpath,COD,2065,250652.1968,80098.76594,46879.62262,,pcod_rec_pp
ssp126,Fmean,WGOA,Rpath,ATF,2065,1816426.891,642717.1586,25022.52789,,pcod_rec_pp
ssp126,Fmean,WGOA,Rpath,POL,2066,2810996.228,1719158.881,139008.1592,,pcod_rec_pp
ssp126,Fmean,WGOA,Rpath,COD,2066,252123.4576,78088.30362,47850.59423,,pcod_rec_pp
ssp126,Fmean,WGOA,Rpath,ATF,2066,1831067.091,653225.0422,25534.46837,,pcod_rec_pp
ssp126,Fmean,WGOA,Rpath,POL,2067,2738181.284,1650220.61,132397.6801,,pcod_rec_pp
ssp126,Fmean,WGOA,Rpath,COD,2067,249806.1285,76520.67642,47978.92893,,pcod_rec_pp
ssp126,Fmean,WGOA,Rpath,ATF,2067,1810675.351,646215.3329,25429.82645,,pcod_rec_pp
ssp126,Fmean,WGOA,Rpath,POL,2068,2682863.43,1599812.454,128335.0529,,pcod_rec_pp
ssp126,Fmean,WGOA,Rpath,COD,2068,247320.4815,76694.53751,47469.62029,,pcod_rec_pp
ssp126,Fmean,WGOA,Rpath,ATF,2068,1778189.622,631989.3857,25032.71118,,pcod_rec_pp
ssp126,Fmean,WGOA,Rpath,POL,2069,2818004.062,1704027.158,129717.3879,,pcod_rec_pp
ssp126,Fmean,WGOA,Rpath,COD,2069,247913.3032,78531.44971,47016.65846,,pcod_rec_pp
ssp126,Fmean,WGOA,Rpath,ATF,2069,1782725.22,636507.7423,24754.52099,,pcod_rec_pp
ssp126,Fmean,WGOA,Rpath,POL,2070,2842366.663,1739447.974,135500.1635,,pcod_rec_pp
ssp126,Fmean,WGOA,Rpath,COD,2070,250503.735,80185.4443,47423.7611,,pcod_rec_pp
ssp126,Fmean,WGOA,Rpath,ATF,2070,1808539.959,655046.7344,25058.35594,,pcod_rec_pp
ssp126,Fmean,WGOA,Rpath,POL,2071,2929173.438,1799187.517,136138.7561,,pcod_rec_pp
ssp126,Fmean,WGOA,Rpath,COD,2071,252004.2176,80855.33545,47665.54789,,pcod_rec_pp
ssp126,Fmean,WGOA,Rpath,ATF,2071,1836526.594,674948.4715,25357.32673,,pcod_rec_pp
ssp126,Fmean,WGOA,Rpath,POL,2072,2961939.725,1827225.18,139754.2929,,pcod_rec_pp
ssp126,Fmean,WGOA,Rpath,COD,2072,254065.0532,82674.84947,48218.5728,,pcod_rec_pp
ssp126,Fmean,WGOA,Rpath,ATF,2072,1869985.778,698611.8057,25827.82603,,pcod_rec_pp
ssp126,Fmean,WGOA,Rpath,POL,2073,2979189.232,1838839.258,140967.7708,,pcod_rec_pp
ssp126,Fmean,WGOA,Rpath,COD,2073,254301.6279,85435.2678,48600.44582,,pcod_rec_pp
ssp126,Fmean,WGOA,Rpath,ATF,2073,1895065.257,717241.5296,26219.25243,,pcod_rec_pp
ssp126,Fmean,WGOA,Rpath,POL,2074,2811865.209,1703100.066,137020.7267,,pcod_rec_pp
ssp126,Fmean,WGOA,Rpath,COD,2074,248458.0746,86260.15399,48402.53411,,pcod_rec_pp
ssp126,Fmean,WGOA,Rpath,ATF,2074,1869605.727,705254.5582,26291.37436,,pcod_rec_pp
ssp126,Fmean,WGOA,Rpath,POL,2075,2667136.606,1589721.15,130794.6419,,pcod_rec_pp
ssp126,Fmean,WGOA,Rpath,COD,2075,242615.2826,85783.59408,47088.26687,,pcod_rec_pp
ssp126,Fmean,WGOA,Rpath,ATF,2075,1823321.866,675467.9547,25813.07975,,pcod_rec_pp
ssp126,Fmean,WGOA,Rpath,POL,2076,2782394.838,1671356.126,128310.3907,,pcod_rec_pp
ssp126,Fmean,WGOA,Rpath,COD,2076,240300.8581,84228.58472,45388.29886,,pcod_rec_pp
ssp126,Fmean,WGOA,Rpath,ATF,2076,1805814.999,654782.3135,25218.99978,,pcod_rec_pp
ssp126,Fmean,WGOA,Rpath,POL,2077,2859223.752,1752085.376,134332.2417,,pcod_rec_pp
ssp126,Fmean,WGOA,Rpath,COD,2077,242694.033,82290.50549,45254.70365,,pcod_rec_pp
ssp126,Fmean,WGOA,Rpath,ATF,2077,1830121.386,657454.1332,25315.57169,,pcod_rec_pp
ssp126,Fmean,WGOA,Rpath,POL,2078,2879806.885,1783728.79,137879.2675,,pcod_rec_pp
ssp126,Fmean,WGOA,Rpath,COD,2078,247160.0357,78696.19294,46198.4383,,pcod_rec_pp
ssp126,Fmean,WGOA,Rpath,ATF,2078,1864660.721,669693.287,25759.91329,,pcod_rec_pp
ssp126,Fmean,WGOA,Rpath,POL,2079,2496300.915,1482277.635,128605.0927,,pcod_rec_pp
ssp126,Fmean,WGOA,Rpath,COD,2079,242182.8297,74033.22072,46645.371,,pcod_rec_pp
ssp126,Fmean,WGOA,Rpath,ATF,2079,1796391.205,630241.0637,25693.88459,,pcod_rec_pp
ssp126,Fmean,WGOA,Rpath,POL,2080,2655932.453,1578252.931,121297.8009,,pcod_rec_pp
ssp126,Fmean,WGOA,Rpath,COD,2080,240177.8201,72344.86792,45782.22731,,pcod_rec_pp
ssp126,Fmean,WGOA,Rpath,ATF,2080,1766877.656,607999.9293,24766.7228,,pcod_rec_pp
ssp126,Fmean,WGOA,Rpath,POL,2081,2723601.109,1652775.439,129206.092,,pcod_rec_pp
ssp126,Fmean,WGOA,Rpath,COD,2081,241834.7028,73850.93849,46091.22058,,pcod_rec_pp
ssp126,Fmean,WGOA,Rpath,ATF,2081,1779915.344,614580.4332,24743.56045,,pcod_rec_pp
ssp126,Fmean,WGOA,Rpath,POL,2082,2593480.369,1558324.287,127795.3787,,pcod_rec_pp
ssp126,Fmean,WGOA,Rpath,COD,2082,238787.3932,74163.17229,46388.42075,,pcod_rec_pp
ssp126,Fmean,WGOA,Rpath,ATF,2082,1760920.769,609511.267,24788.45723,,pcod_rec_pp
ssp126,Fmean,WGOA,Rpath,POL,2083,2486938.625,1465433.196,121744.0768,,pcod_rec_pp
ssp126,Fmean,WGOA,Rpath,COD,2083,235503.572,74363.12356,45710.35936,,pcod_rec_pp
ssp126,Fmean,WGOA,Rpath,ATF,2083,1718421.607,591522.1402,24355.18114,,pcod_rec_pp
ssp126,Fmean,WGOA,Rpath,POL,2084,2503917.989,1465943.46,118511.1462,,pcod_rec_pp
ssp126,Fmean,WGOA,Rpath,COD,2084,235296.9602,74245.06908,44501.63262,,pcod_rec_pp
ssp126,Fmean,WGOA,Rpath,ATF,2084,1681760.878,574303.1422,23738.55015,,pcod_rec_pp
ssp126,Fmean,WGOA,Rpath,POL,2085,2807356.676,1705633.158,125290.5123,,pcod_rec_pp
ssp126,Fmean,WGOA,Rpath,COD,2085,243514.8116,74400.36652,44570.47942,,pcod_rec_pp
ssp126,Fmean,WGOA,Rpath,ATF,2085,1720451.491,598207.2491,23604.17147,,pcod_rec_pp
ssp126,Fmean,WGOA,Rpath,POL,2086,2837650.147,1745538.133,135171.2149,,pcod_rec_pp
ssp126,Fmean,WGOA,Rpath,COD,2086,253366.8931,72174.75851,46803.36571,,pcod_rec_pp
ssp126,Fmean,WGOA,Rpath,ATF,2086,1770523.918,637413.2309,24382.0265,,pcod_rec_pp
ssp126,Fmean,WGOA,Rpath,POL,2087,2874438.807,1760712.283,135405.7686,,pcod_rec_pp
ssp126,Fmean,WGOA,Rpath,COD,2087,260662.9536,70197.98817,48783.60512,,pcod_rec_pp
ssp126,Fmean,WGOA,Rpath,ATF,2087,1801963.687,668005.2857,24907.73574,,pcod_rec_pp
ssp126,Fmean,WGOA,Rpath,POL,2088,2747155.916,1662281.852,135411.4942,,pcod_rec_pp
ssp126,Fmean,WGOA,Rpath,COD,2088,262985.904,72967.2691,50208.16433,,pcod_rec_pp
ssp126,Fmean,WGOA,Rpath,ATF,2088,1800695.129,678507.947,25215.02233,,pcod_rec_pp
ssp126,Fmean,WGOA,Rpath,POL,2089,2640942.385,1548247.85,126317.8426,,pcod_rec_pp
ssp126,Fmean,WGOA,Rpath,COD,2089,257673.2182,74188.36667,50032.61061,,pcod_rec_pp
ssp126,Fmean,WGOA,Rpath,ATF,2089,1741885.84,648862.8644,24704.39181,,pcod_rec_pp
ssp126,Fmean,WGOA,Rpath,POL,2090,2714920.025,1611792.38,128055.2412,,pcod_rec_pp
ssp126,Fmean,WGOA,Rpath,COD,2090,257583.2222,76779.82101,49277.81252,,pcod_rec_pp
ssp126,Fmean,WGOA,Rpath,ATF,2090,1729521.309,639538.9125,24197.67936,,pcod_rec_pp
ssp126,Fmean,WGOA,Rpath,POL,2091,2894279.793,1752628.039,132374.4817,,pcod_rec_pp
ssp126,Fmean,WGOA,Rpath,COD,2091,260823.3352,78741.61809,49120.73452,,pcod_rec_pp
ssp126,Fmean,WGOA,Rpath,ATF,2091,1749279.492,644248.8106,24147.81405,,pcod_rec_pp
ssp126,Fmean,WGOA,Rpath,POL,2092,2813984.127,1704836.28,136767.5398,,pcod_rec_pp
ssp126,Fmean,WGOA,Rpath,COD,2092,262615.6255,79158.19738,49745.15624,,pcod_rec_pp
ssp126,Fmean,WGOA,Rpath,ATF,2092,1764443.324,647182.5207,24567.34396,,pcod_rec_pp
ssp126,Fmean,WGOA,Rpath,POL,2093,2697369.603,1611087.536,132208.6771,,pcod_rec_pp
ssp126,Fmean,WGOA,Rpath,COD,2093,261624.3824,76586.39544,50128.4782,,pcod_rec_pp
ssp126,Fmean,WGOA,Rpath,ATF,2093,1747115.91,631222.0958,24554.52779,,pcod_rec_pp
ssp126,Fmean,WGOA,Rpath,POL,2094,2598315.471,1517627.101,125505.4769,,pcod_rec_pp
ssp126,Fmean,WGOA,Rpath,COD,2094,258625.3148,73007.84942,49688.76635,,pcod_rec_pp
ssp126,Fmean,WGOA,Rpath,ATF,2094,1699259.952,598123.0082,24065.66132,,pcod_rec_pp
ssp126,Fmean,WGOA,Rpath,POL,2095,2789361.394,1661314.885,126747.1696,,pcod_rec_pp
ssp126,Fmean,WGOA,Rpath,COD,2095,260749.5223,72555.18066,49192.49744,,pcod_rec_pp
ssp126,Fmean,WGOA,Rpath,ATF,2095,1701504.672,592478.5231,23624.08319,,pcod_rec_pp
ssp126,Fmean,WGOA,Rpath,POL,2096,2905427.371,1772934.203,135996.0505,,pcod_rec_pp
ssp126,Fmean,WGOA,Rpath,COD,2096,265950.7008,74732.68975,50186.49212,,pcod_rec_pp
ssp126,Fmean,WGOA,Rpath,ATF,2096,1744865.589,616756.5253,24009.35005,,pcod_rec_pp
ssp126,Fmean,WGOA,Rpath,POL,2097,2856746.469,1738832.876,137994.8189,,pcod_rec_pp
ssp126,Fmean,WGOA,Rpath,COD,2097,267224.1209,75674.14016,51449.40191,,pcod_rec_pp
ssp126,Fmean,WGOA,Rpath,ATF,2097,1767440.178,635764.2316,24540.66334,,pcod_rec_pp
ssp126,Fmean,WGOA,Rpath,POL,2098,2767899.207,1654200.662,133742.0066,,pcod_rec_pp
ssp126,Fmean,WGOA,Rpath,COD,2098,264979.2377,77724.46358,51457.37305,,pcod_rec_pp
ssp126,Fmean,WGOA,Rpath,ATF,2098,1753320.371,634809.319,24603.91384,,pcod_rec_pp
ssp126,Fmean,WGOA,Rpath,POL,2099,2748009.507,1630428.413,131170.1502,,pcod_rec_pp
ssp126,Fmean,WGOA,Rpath,COD,2099,263309.5727,81041.62763,50555.30554,,pcod_rec_pp
ssp126,Fmean,WGOA,Rpath,ATF,2099,1735464.148,629792.1088,24345.55137,,pcod_rec_pp
ssp245,Fmean,WGOA,Rpath,POL,1991,2884927.165,1690895.406,87828.01,,pcod_rec_pp
ssp245,Fmean,WGOA,Rpath,COD,1991,399280.2939,93224.23736,64466.82999,,pcod_rec_pp
ssp245,Fmean,WGOA,Rpath,ATF,1991,1554327.805,597326.9774,16958.38001,,pcod_rec_pp
ssp245,Fmean,WGOA,Rpath,POL,1992,2892495.913,1696087.278,90585.18996,,pcod_rec_pp
ssp245,Fmean,WGOA,Rpath,COD,1992,371842.9001,88999.22879,78966.50009,,pcod_rec_pp
ssp245,Fmean,WGOA,Rpath,ATF,1992,1551901.376,598021.2117,20482.18006,,pcod_rec_pp
ssp245,Fmean,WGOA,Rpath,POL,1993,2886917.46,1690078.21,108230.1801,,pcod_rec_pp
ssp245,Fmean,WGOA,Rpath,COD,1993,375328.1754,91984.46817,45849.17007,,pcod_rec_pp
ssp245,Fmean,WGOA,Rpath,ATF,1993,1551566.347,599298.1593,18294.44992,,pcod_rec_pp
ssp245,Fmean,WGOA,Rpath,POL,1994,2891612.897,1691340.87,100412.3599,,pcod_rec_pp
ssp245,Fmean,WGOA,Rpath,COD,1994,374238.5054,92168.02449,45610.57997,,pcod_rec_pp
ssp245,Fmean,WGOA,Rpath,ATF,1994,1547453.432,598480.5088,21993.23998,,pcod_rec_pp
ssp245,Fmean,WGOA,Rpath,POL,1995,2920445.243,1709974.752,69168.12993,,pcod_rec_pp
ssp245,Fmean,WGOA,Rpath,COD,1995,354241.1182,88060.92648,67907.17999,,pcod_rec_pp
ssp245,Fmean,WGOA,Rpath,ATF,1995,1548788.073,599203.4556,17415.49004,,pcod_rec_pp
ssp245,Fmean,WGOA,Rpath,POL,1996,2949537.5,1727520.768,49825.87004,,pcod_rec_pp
ssp245,Fmean,WGOA,Rpath,COD,1996,348901.2699,89289.89982,55391.6601,,pcod_rec_pp
ssp245,Fmean,WGOA,Rpath,ATF,1996,1545296.542,597141.1539,21555.6099,,pcod_rec_pp
ssp245,Fmean,WGOA,Rpath,POL,1997,2946193.762,1722365.564,84179.64997,,pcod_rec_pp
ssp245,Fmean,WGOA,Rpath,COD,1997,339607.8718,88455.84666,58920.57999,,pcod_rec_pp
ssp245,Fmean,WGOA,Rpath,ATF,1997,1547340.939,596389.7317,14758.27989,,pcod_rec_pp
ssp245,Fmean,WGOA,Rpath,POL,1998,3007840.548,1762267.823,5428.379998,,pcod_rec_pp
ssp245,Fmean,WGOA,Rpath,COD,1998,338402.0081,87897.09963,50218.95011,,pcod_rec_pp
ssp245,Fmean,WGOA,Rpath,ATF,1998,1552042.171,596282.5118,12377.19001,,pcod_rec_pp
ssp245,Fmean,WGOA,Rpath,POL,1999,2993956.264,1751820.359,90556.90006,,pcod_rec_pp
ssp245,Fmean,WGOA,Rpath,COD,1999,323385.5045,83134.3282,66264.6701,,pcod_rec_pp
ssp245,Fmean,WGOA,Rpath,ATF,1999,1556822.572,596729.6537,14649.22992,,pcod_rec_pp
ssp245,Fmean,WGOA,Rpath,POL,2000,3049484.669,1789601.224,5552.830105,,pcod_rec_pp
ssp245,Fmean,WGOA,Rpath,COD,2000,321234.7048,82993.63067,53384.86994,,pcod_rec_pp
ssp245,Fmean,WGOA,Rpath,ATF,2000,1555589.603,595731.5303,22993.75009,,pcod_rec_pp
ssp245,Fmean,WGOA,Rpath,POL,2001,3082953.386,1808450.385,3452.299979,,pcod_rec_pp
ssp245,Fmean,WGOA,Rpath,COD,2001,327836.0522,85350.66779,40517.40995,,pcod_rec_pp
ssp245,Fmean,WGOA,Rpath,ATF,2001,1559150.397,597017.2815,17416.19999,,pcod_rec_pp
ssp245,Fmean,WGOA,Rpath,POL,2002,3117695.911,1828996.892,1698.029945,,pcod_rec_pp
ssp245,Fmean,WGOA,Rpath,COD,2002,329657.1998,86672.3968,41567.98996,,pcod_rec_pp
ssp245,Fmean,WGOA,Rpath,ATF,2002,1561074.367,598208.7603,20173.56001,,pcod_rec_pp
ssp245,Fmean,WGOA,Rpath,POL,2003,3105660.591,1817041.088,48590.07701,,pcod_rec_pp
ssp245,Fmean,WGOA,Rpath,COD,2003,321002.2329,86072.65487,52365.75509,,pcod_rec_pp
ssp245,Fmean,WGOA,Rpath,ATF,2003,1552272.454,595288.6341,30169.77189,,pcod_rec_pp
ssp245,Fmean,WGOA,Rpath,POL,2004,3100496.18,1811816.72,62434.43992,,pcod_rec_pp
ssp245,Fmean,WGOA,Rpath,COD,2004,310907.3461,86861.68446,56450.24197,,pcod_rec_pp
ssp245,Fmean,WGOA,Rpath,ATF,2004,1557805.526,597533.7477,15634.90804,,pcod_rec_pp
ssp245,Fmean,WGOA,Rpath,POL,2005,3085140.756,1801622.597,78302.79193,,pcod_rec_pp
ssp245,Fmean,WGOA,Rpath,COD,2005,308747.7124,89355.03295,47523.77993,,pcod_rec_pp
ssp245,Fmean,WGOA,Rpath,ATF,2005,1557456.933,596651.5277,19923.57305,,pcod_rec_pp
ssp245,Fmean,WGOA,Rpath,POL,2006,3088115.7,1805154.794,68928.30799,,pcod_rec_pp
ssp245,Fmean,WGOA,Rpath,COD,2006,305285.4254,89662.84203,47767.07996,,pcod_rec_pp
ssp245,Fmean,WGOA,Rpath,ATF,2006,1552052.557,593803.972,27622.69892,,pcod_rec_pp
ssp245,Fmean,WGOA,Rpath,POL,2007,3108388.666,1820162.189,51572.307,,pcod_rec_pp
ssp245,Fmean,WGOA,Rpath,COD,2007,298656.828,86970.58416,51812.178,,pcod_rec_pp
ssp245,Fmean,WGOA,Rpath,ATF,2007,1552833.111,593773.0969,25346.98698,,pcod_rec_pp
ssp245,Fmean,WGOA,Rpath,POL,2008,3122657.328,1829614.826,50786.20601,,pcod_rec_pp
ssp245,Fmean,WGOA,Rpath,COD,2008,288014.1972,83738.42574,58386.38403,,pcod_rec_pp
ssp245,Fmean,WGOA,Rpath,ATF,2008,1551453.517,592951.9777,29205.93997,,pcod_rec_pp
ssp245,Fmean,WGOA,Rpath,POL,2009,3143273.399,1841984.82,41549.50308,,pcod_rec_pp
ssp245,Fmean,WGOA,Rpath,COD,2009,284535.8483,83301.56554,51788.98001,,pcod_rec_pp
ssp245,Fmean,WGOA,Rpath,ATF,2009,1555113.026,594046.2661,24831.74204,,pcod_rec_pp
ssp245,Fmean,WGOA,Rpath,POL,2010,3136117.031,1835292.146,73443.38423,,pcod_rec_pp
ssp245,Fmean,WGOA,Rpath,COD,2010,260387.0744,76717.56805,76954.1546,,pcod_rec_pp
ssp245,Fmean,WGOA,Rpath,ATF,2010,1558263.173,594362.5648,24339.44647,,pcod_rec_pp
ssp245,Fmean,WGOA,Rpath,POL,2011,3141056.088,1838289.751,77694.47962,,pcod_rec_pp
ssp245,Fmean,WGOA,Rpath,COD,2011,234318.5161,69543.30604,83710.47539,,pcod_rec_pp
ssp245,Fmean,WGOA,Rpath,ATF,2011,1557071.61,592792.1032,30911.82176,,pcod_rec_pp
ssp245,Fmean,WGOA,Rpath,POL,2012,3133568.472,1833854.712,98934.69122,,pcod_rec_pp
ssp245,Fmean,WGOA,Rpath,COD,2012,216652.3988,64116.82151,76871.10999,,pcod_rec_pp
ssp245,Fmean,WGOA,Rpath,ATF,2012,1567597.99,595605.7671,20761.90991,,pcod_rec_pp
ssp245,Fmean,WGOA,Rpath,POL,2013,3129803.327,1832301.647,90796.63161,,pcod_rec_pp
ssp245,Fmean,WGOA,Rpath,COD,2013,207097.746,61173.05499,66829.78162,,pcod_rec_pp
ssp245,Fmean,WGOA,Rpath,ATF,2013,1575636.643,596480.792,21809.31232,,pcod_rec_pp
ssp245,Fmean,WGOA,Rpath,POL,2014,3087331.432,1803398.136,138948.062,,pcod_rec_pp
ssp245,Fmean,WGOA,Rpath,COD,2014,180191.4473,54326.17477,83491.7282,,pcod_rec_pp
ssp245,Fmean,WGOA,Rpath,ATF,2014,1567912.163,590069.7527,36524.50153,,pcod_rec_pp
ssp245,Fmean,WGOA,Rpath,POL,2015,3045526.286,1775739.079,162807.646,,pcod_rec_pp
ssp245,Fmean,WGOA,Rpath,COD,2015,157932.7221,48934.44114,77689.99201,,pcod_rec_pp
ssp245,Fmean,WGOA,Rpath,ATF,2015,1577268.818,588791.536,19296.58722,,pcod_rec_pp
ssp245,Fmean,WGOA,Rpath,POL,2016,3007798.292,1753763.798,173086.3524,,pcod_rec_pp
ssp245,Fmean,WGOA,Rpath,COD,2016,147656.6154,47339.00977,62867.32743,,pcod_rec_pp
ssp245,Fmean,WGOA,Rpath,ATF,2016,1586289.943,586210.8787,19976.29419,,pcod_rec_pp
ssp245,Fmean,WGOA,Rpath,POL,2017,2976739.358,1738811.225,184220.0285,,pcod_rec_pp
ssp245,Fmean,WGOA,Rpath,COD,2017,147736.1447,50239.67431,48204.21467,,pcod_rec_pp
ssp245,Fmean,WGOA,Rpath,ATF,2017,1591593.276,581990.6601,27053.50899,,pcod_rec_pp
ssp245,Fmean,WGOA,Rpath,POL,2018,2968841.332,1740812.462,150815.1922,,pcod_rec_pp
ssp245,Fmean,WGOA,Rpath,COD,2018,174522.2292,61112.90393,14681.2982,,pcod_rec_pp
ssp245,Fmean,WGOA,Rpath,ATF,2018,1607270.211,582229.7484,18870.25094,,pcod_rec_pp
ssp245,Fmean,WGOA,Rpath,POL,2019,2976191.205,1750709.517,110649.2716,,pcod_rec_pp
ssp245,Fmean,WGOA,Rpath,COD,2019,197788.813,66355.87669,15200.42058,,pcod_rec_pp
ssp245,Fmean,WGOA,Rpath,ATF,2019,1614692.328,580069.5368,24567.05196,,pcod_rec_pp
ssp245,Fmean,WGOA,Rpath,POL,2020,2989895.252,1764767.026,99971.06489,,pcod_rec_pp
ssp245,Fmean,WGOA,Rpath,COD,2020,227504.7379,75552.62082,6085.249339,,pcod_rec_pp
ssp245,Fmean,WGOA,Rpath,ATF,2020,1626347.351,581533.7136,21115.8993,,pcod_rec_pp
ssp245,Fmean,WGOA,Rpath,POL,2021,2944299.052,1735746.173,234937.1744,,pcod_rec_pp
ssp245,Fmean,WGOA,Rpath,COD,2021,210799.4744,68700.86134,59707.82976,,pcod_rec_pp
ssp245,Fmean,WGOA,Rpath,ATF,2021,1629392.712,582626.3884,32535.91814,,pcod_rec_pp
ssp245,Fmean,WGOA,Rpath,POL,2022,2539554.174,1464013.193,258165.4493,,pcod_rec_pp
ssp245,Fmean,WGOA,Rpath,COD,2022,197315.7641,61277.59866,63385.8497,,pcod_rec_pp
ssp245,Fmean,WGOA,Rpath,ATF,2022,1592033.904,565648.8494,34205.49229,,pcod_rec_pp
ssp245,Fmean,WGOA,Rpath,POL,2023,2358442.544,1304276.902,241696.8771,,pcod_rec_pp
ssp245,Fmean,WGOA,Rpath,COD,2023,189623.6648,52143.51783,56726.35488,,pcod_rec_pp
ssp245,Fmean,WGOA,Rpath,ATF,2023,1512537.783,521162.4881,30831.13673,,pcod_rec_pp
ssp245,Fmean,WGOA,Rpath,POL,2024,2592482.247,1479396.708,117989.5358,,pcod_rec_pp
ssp245,Fmean,WGOA,Rpath,COD,2024,206415.0103,50200.08563,36826.74521,,pcod_rec_pp
ssp245,Fmean,WGOA,Rpath,ATF,2024,1501889.216,510054.5436,20995.44368,,pcod_rec_pp
ssp245,Fmean,WGOA,Rpath,POL,2025,2776066.65,1647674.711,129676.5105,,pcod_rec_pp
ssp245,Fmean,WGOA,Rpath,COD,2025,224516.5614,50601.09436,40654.31114,,pcod_rec_pp
ssp245,Fmean,WGOA,Rpath,ATF,2025,1540991.877,529772.5581,21211.99388,,pcod_rec_pp
ssp245,Fmean,WGOA,Rpath,POL,2026,2785459.933,1656745.946,133548.2387,,pcod_rec_pp
ssp245,Fmean,WGOA,Rpath,COD,2026,238595.5324,55186.40749,44029.40083,,pcod_rec_pp
ssp245,Fmean,WGOA,Rpath,ATF,2026,1570973.823,550495.1094,21752.74531,,pcod_rec_pp
ssp245,Fmean,WGOA,Rpath,POL,2027,2943568.536,1754027.013,134759.5916,,pcod_rec_pp
ssp245,Fmean,WGOA,Rpath,COD,2027,251115.1541,62550.77515,46437.33024,,pcod_rec_pp
ssp245,Fmean,WGOA,Rpath,ATF,2027,1606705.327,577166.295,22112.82139,,pcod_rec_pp
ssp245,Fmean,WGOA,Rpath,POL,2028,2892722.431,1715509.084,139582.0516,,pcod_rec_pp
ssp245,Fmean,WGOA,Rpath,COD,2028,262478.6181,68555.65792,48644.05383,,pcod_rec_pp
ssp245,Fmean,WGOA,Rpath,ATF,2028,1628456.154,600802.8499,22632.95352,,pcod_rec_pp
ssp245,Fmean,WGOA,Rpath,POL,2029,2878418.021,1692243.691,137617.4122,,pcod_rec_pp
ssp245,Fmean,WGOA,Rpath,COD,2029,271867.7901,70439.36955,50250.35023,,pcod_rec_pp
ssp245,Fmean,WGOA,Rpath,ATF,2029,1628794.134,612128.8833,22732.14544,,pcod_rec_pp
ssp245,Fmean,WGOA,Rpath,POL,2030,2809069.306,1635155.048,136615.6506,,pcod_rec_pp
ssp245,Fmean,WGOA,Rpath,COD,2030,279861.5979,68551.72889,51872.97205,,pcod_rec_pp
ssp245,Fmean,WGOA,Rpath,ATF,2030,1613830.206,611260.2821,22659.17572,,pcod_rec_pp
ssp245,Fmean,WGOA,Rpath,POL,2031,2806872.426,1621565.094,133526.7003,,pcod_rec_pp
ssp245,Fmean,WGOA,Rpath,COD,2031,286514.8057,64177.64086,53334.77612,,pcod_rec_pp
ssp245,Fmean,WGOA,Rpath,ATF,2031,1590268.902,597727.9789,22343.23895,,pcod_rec_pp
ssp245,Fmean,WGOA,Rpath,POL,2032,3034483.248,1805368.259,139533.9425,,pcod_rec_pp
ssp245,Fmean,WGOA,Rpath,COD,2032,297990.4777,62427.34281,55285.24302,,pcod_rec_pp
ssp245,Fmean,WGOA,Rpath,ATF,2032,1622896.4,610148.2203,22327.88844,,pcod_rec_pp
ssp245,Fmean,WGOA,Rpath,POL,2033,2936819.657,1745343.12,144159.5523,,pcod_rec_pp
ssp245,Fmean,WGOA,Rpath,COD,2033,304858.5448,63068.03359,57857.90814,,pcod_rec_pp
ssp245,Fmean,WGOA,Rpath,ATF,2033,1638883.904,614557.9535,22803.46477,,pcod_rec_pp
ssp245,Fmean,WGOA,Rpath,POL,2034,2685818.346,1546394.663,135537.5922,,pcod_rec_pp
ssp245,Fmean,WGOA,Rpath,COD,2034,301338.1244,63888.76413,58630.82633,,pcod_rec_pp
ssp245,Fmean,WGOA,Rpath,ATF,2034,1599840.29,587383.5069,22699.35559,,pcod_rec_pp
ssp245,Fmean,WGOA,Rpath,POL,2035,2604142.146,1461628.968,126441.1043,,pcod_rec_pp
ssp245,Fmean,WGOA,Rpath,COD,2035,292575.8089,64360.05653,57661.49214,,pcod_rec_pp
ssp245,Fmean,WGOA,Rpath,ATF,2035,1545234.659,548977.2586,21983.42364,,pcod_rec_pp
ssp245,Fmean,WGOA,Rpath,POL,2036,2830142.398,1643555.077,130390.5305,,pcod_rec_pp
ssp245,Fmean,WGOA,Rpath,COD,2036,293124.6991,68297.11984,56542.95993,,pcod_rec_pp
ssp245,Fmean,WGOA,Rpath,ATF,2036,1553008.564,544294.0284,21548.90737,,pcod_rec_pp
ssp245,Fmean,WGOA,Rpath,POL,2037,2862385.018,1693160.245,137800.5757,,pcod_rec_pp
ssp245,Fmean,WGOA,Rpath,COD,2037,296850.2599,73091.50565,56776.75286,,pcod_rec_pp
ssp245,Fmean,WGOA,Rpath,ATF,2037,1578747.176,556274.719,21864.8697,,pcod_rec_pp
ssp245,Fmean,WGOA,Rpath,POL,2038,2918934.776,1732206.073,138201.046,,pcod_rec_pp
ssp245,Fmean,WGOA,Rpath,COD,2038,299583.0859,76471.23051,57172.05025,,pcod_rec_pp
ssp245,Fmean,WGOA,Rpath,ATF,2038,1603264.539,572497.1067,22191.2198,,pcod_rec_pp
ssp245,Fmean,WGOA,Rpath,POL,2039,2960094.473,1755859.399,139953.6302,,pcod_rec_pp
ssp245,Fmean,WGOA,Rpath,COD,2039,301742.1416,77559.5775,57680.2286,,pcod_rec_pp
ssp245,Fmean,WGOA,Rpath,ATF,2039,1626346.961,591328.9343,22529.90173,,pcod_rec_pp
ssp245,Fmean,WGOA,Rpath,POL,2040,2778927.501,1615893.108,137884.3727,,pcod_rec_pp
ssp245,Fmean,WGOA,Rpath,COD,2040,299694.5338,76031.57341,57897.48317,,pcod_rec_pp
ssp245,Fmean,WGOA,Rpath,ATF,2040,1609932.851,590444.8224,22688.12118,,pcod_rec_pp
ssp245,Fmean,WGOA,Rpath,POL,2041,2667779.234,1525919.35,131910.7832,,pcod_rec_pp
ssp245,Fmean,WGOA,Rpath,COD,2041,296698.0473,73336.78169,57220.24366,,pcod_rec_pp
ssp245,Fmean,WGOA,Rpath,ATF,2041,1575869.167,576919.8282,22307.2587,,pcod_rec_pp
ssp245,Fmean,WGOA,Rpath,POL,2042,2795601.972,1610602.766,129673.5698,,pcod_rec_pp
ssp245,Fmean,WGOA,Rpath,COD,2042,297872.1042,71394.66406,56463.23495,,pcod_rec_pp
ssp245,Fmean,WGOA,Rpath,ATF,2042,1559491.391,568311.4616,21811.40523,,pcod_rec_pp
ssp245,Fmean,WGOA,Rpath,POL,2043,2730320.259,1581453.826,133449.0384,,pcod_rec_pp
ssp245,Fmean,WGOA,Rpath,COD,2043,300058.6506,69313.26224,56961.29638,,pcod_rec_pp
ssp245,Fmean,WGOA,Rpath,ATF,2043,1553234.841,563954.5355,21772.93938,,pcod_rec_pp
ssp245,Fmean,WGOA,Rpath,POL,2044,2766261.625,1604893.888,130965.7586,,pcod_rec_pp
ssp245,Fmean,WGOA,Rpath,COD,2044,301277.0224,65962.0012,57503.34171,,pcod_rec_pp
ssp245,Fmean,WGOA,Rpath,ATF,2044,1547993.729,557258.8515,21621.97186,,pcod_rec_pp
ssp245,Fmean,WGOA,Rpath,POL,2045,2871920.031,1691478.233,134978.9967,,pcod_rec_pp
ssp245,Fmean,WGOA,Rpath,COD,2045,305780.0188,65390.28853,58200.66338,,pcod_rec_pp
ssp245,Fmean,WGOA,Rpath,ATF,2045,1572104.028,567233.4031,21744.98632,,pcod_rec_pp
ssp245,Fmean,WGOA,Rpath,POL,2046,2788685.41,1630431.345,135852.5705,,pcod_rec_pp
ssp245,Fmean,WGOA,Rpath,COD,2046,305877.9215,66664.54219,59084.58849,,pcod_rec_pp
ssp245,Fmean,WGOA,Rpath,ATF,2046,1575908.669,569499.8733,22017.79729,,pcod_rec_pp
ssp245,Fmean,WGOA,Rpath,POL,2047,2781400.41,1620439.39,133867.7938,,pcod_rec_pp
ssp245,Fmean,WGOA,Rpath,COD,2047,304971.1827,69877.80533,59100.76801,,pcod_rec_pp
ssp245,Fmean,WGOA,Rpath,ATF,2047,1576390.692,571398.2622,22023.76729,,pcod_rec_pp
ssp245,Fmean,WGOA,Rpath,POL,2048,2593546.067,1472981.106,129347.265,,pcod_rec_pp
ssp245,Fmean,WGOA,Rpath,COD,2048,299060.932,71702.76405,58402.8552,,pcod_rec_pp
ssp245,Fmean,WGOA,Rpath,ATF,2048,1537501.566,552172.1199,21823.39557,,pcod_rec_pp
ssp245,Fmean,WGOA,Rpath,POL,2049,2491885.303,1395752.451,123791.948,,pcod_rec_pp
ssp245,Fmean,WGOA,Rpath,COD,2049,291212.4845,70782.92681,57110.73345,,pcod_rec_pp
ssp245,Fmean,WGOA,Rpath,ATF,2049,1494874.935,528086.0012,21248.59287,,pcod_rec_pp
ssp245,Fmean,WGOA,Rpath,POL,2050,2598662.734,1471885.493,122145.4606,,pcod_rec_pp
ssp245,Fmean,WGOA,Rpath,COD,2050,289042.9737,69082.26847,55816.20638,,pcod_rec_pp
ssp245,Fmean,WGOA,Rpath,ATF,2050,1475002.49,513678.9278,20694.88003,,pcod_rec_pp
ssp245,Fmean,WGOA,Rpath,POL,2051,2577809.208,1466388.365,124061.597,,pcod_rec_pp
ssp245,Fmean,WGOA,Rpath,COD,2051,288989.4281,66895.93209,55252.20073,,pcod_rec_pp
ssp245,Fmean,WGOA,Rpath,ATF,2051,1462728.423,504873.3544,20538.28316,,pcod_rec_pp
ssp245,Fmean,WGOA,Rpath,POL,2052,2661776.934,1537900.277,125918.3691,,pcod_rec_pp
ssp245,Fmean,WGOA,Rpath,COD,2052,291311.0831,64981.07897,55494.20512,,pcod_rec_pp
ssp245,Fmean,WGOA,Rpath,ATF,2052,1475283.867,510788.8505,20507.42839,,pcod_rec_pp
ssp245,Fmean,WGOA,Rpath,POL,2053,2584703.149,1480368.798,126402.3186,,pcod_rec_pp
ssp245,Fmean,WGOA,Rpath,COD,2053,292493.8065,62973.2906,56488.10343,,pcod_rec_pp
ssp245,Fmean,WGOA,Rpath,ATF,2053,1470563.146,511054.2769,20628.71149,,pcod_rec_pp
ssp245,Fmean,WGOA,Rpath,POL,2054,2674659.763,1534012.226,124862.5513,,pcod_rec_pp
ssp245,Fmean,WGOA,Rpath,COD,2054,294893.7796,62333.67663,56456.9989,,pcod_rec_pp
ssp245,Fmean,WGOA,Rpath,ATF,2054,1472631.187,516084.1839,20516.99328,,pcod_rec_pp
ssp245,Fmean,WGOA,Rpath,POL,2055,2564418.566,1454544.868,125952.2588,,pcod_rec_pp
ssp245,Fmean,WGOA,Rpath,COD,2055,293361.8525,63419.19679,56939.61972,,pcod_rec_pp
ssp245,Fmean,WGOA,Rpath,ATF,2055,1459143.129,515616.9844,20538.68922,,pcod_rec_pp
ssp245,Fmean,WGOA,Rpath,POL,2056,2516973.297,1408080.088,121237.5176,,pcod_rec_pp
ssp245,Fmean,WGOA,Rpath,COD,2056,288522.5076,64105.72763,56691.42314,,pcod_rec_pp
ssp245,Fmean,WGOA,Rpath,ATF,2056,1430800.738,505397.4546,20196.10517,,pcod_rec_pp
ssp245,Fmean,WGOA,Rpath,POL,2057,2443956.72,1354223.432,119745.4282,,pcod_rec_pp
ssp245,Fmean,WGOA,Rpath,COD,2057,285884.6836,64278.90401,55709.81402,,pcod_rec_pp
ssp245,Fmean,WGOA,Rpath,ATF,2057,1400218.663,491913.7824,19817.18113,,pcod_rec_pp
ssp245,Fmean,WGOA,Rpath,POL,2058,2438190.934,1342406.311,116342.8484,,pcod_rec_pp
ssp245,Fmean,WGOA,Rpath,COD,2058,285673.1786,63790.81253,54613.53024,,pcod_rec_pp
ssp245,Fmean,WGOA,Rpath,ATF,2058,1367223.065,473902.3958,19322.04043,,pcod_rec_pp
ssp245,Fmean,WGOA,Rpath,POL,2059,2669050.693,1517347.687,120373.7944,,pcod_rec_pp
ssp245,Fmean,WGOA,Rpath,COD,2059,291624.824,63745.02943,54673.49723,,pcod_rec_pp
ssp245,Fmean,WGOA,Rpath,ATF,2059,1381941.786,480070.7375,19109.04667,,pcod_rec_pp
ssp245,Fmean,WGOA,Rpath,POL,2060,2582407.696,1483664.622,128785.2301,,pcod_rec_pp
ssp245,Fmean,WGOA,Rpath,COD,2060,298559.5731,61530.51289,56876.1832,,pcod_rec_pp
ssp245,Fmean,WGOA,Rpath,ATF,2060,1405410.834,495918.7742,19564.18629,,pcod_rec_pp
ssp245,Fmean,WGOA,Rpath,POL,2061,2224008.107,1201679.887,116822.3487,,pcod_rec_pp
ssp245,Fmean,WGOA,Rpath,COD,2061,292598.4132,55385.67813,57509.68053,,pcod_rec_pp
ssp245,Fmean,WGOA,Rpath,ATF,2061,1342903.635,465360.2512,19350.40621,,pcod_rec_pp
ssp245,Fmean,WGOA,Rpath,POL,2062,2423409.143,1300113.812,108598.3662,,pcod_rec_pp
ssp245,Fmean,WGOA,Rpath,COD,2062,288208.3394,51513.09312,56088.74451,,pcod_rec_pp
ssp245,Fmean,WGOA,Rpath,ATF,2062,1304272.265,442416.2293,18406.64997,,pcod_rec_pp
ssp245,Fmean,WGOA,Rpath,POL,2063,2830276.455,1644197.643,125635.9922,,pcod_rec_pp
ssp245,Fmean,WGOA,Rpath,COD,2063,296683.9816,56684.47276,56928.16105,,pcod_rec_pp
ssp245,Fmean,WGOA,Rpath,ATF,2063,1367066.604,476732.9404,18520.31635,,pcod_rec_pp
ssp245,Fmean,WGOA,Rpath,POL,2064,2668376.882,1550066.533,134167.7407,,pcod_rec_pp
ssp245,Fmean,WGOA,Rpath,COD,2064,302019.1906,64602.19243,58881.63969,,pcod_rec_pp
ssp245,Fmean,WGOA,Rpath,ATF,2064,1402144.215,505614.7053,19420.7517,,pcod_rec_pp
ssp245,Fmean,WGOA,Rpath,POL,2065,2493336.361,1364206.981,119581.9223,,pcod_rec_pp
ssp245,Fmean,WGOA,Rpath,COD,2065,297238.2389,67505.51131,57846.84066,,pcod_rec_pp
ssp245,Fmean,WGOA,Rpath,ATF,2065,1356300.884,487145.5004,19282.12077,,pcod_rec_pp
ssp245,Fmean,WGOA,Rpath,POL,2066,2783194.682,1566930.383,123395.0082,,pcod_rec_pp
ssp245,Fmean,WGOA,Rpath,COD,2066,303136.0544,71737.11801,56702.07911,,pcod_rec_pp
ssp245,Fmean,WGOA,Rpath,ATF,2066,1377735.884,501099.563,18988.97147,,pcod_rec_pp
ssp245,Fmean,WGOA,Rpath,POL,2067,3012869.374,1771567.973,137916.7673,,pcod_rec_pp
ssp245,Fmean,WGOA,Rpath,COD,2067,317766.6168,72688.07908,58881.16881,,pcod_rec_pp
ssp245,Fmean,WGOA,Rpath,ATF,2067,1444781.431,543354.0561,19609.73852,,pcod_rec_pp
ssp245,Fmean,WGOA,Rpath,POL,2068,3025103.734,1789313.13,143292.5277,,pcod_rec_pp
ssp245,Fmean,WGOA,Rpath,COD,2068,330501.1405,69506.30304,61715.89748,,pcod_rec_pp
ssp245,Fmean,WGOA,Rpath,ATF,2068,1499825.024,583207.5995,20507.19836,,pcod_rec_pp
ssp245,Fmean,WGOA,Rpath,POL,2069,2601514.577,1468037.829,135338.6199,,pcod_rec_pp
ssp245,Fmean,WGOA,Rpath,COD,2069,327282.1465,64461.3679,63401.8382,,pcod_rec_pp
ssp245,Fmean,WGOA,Rpath,ATF,2069,1466517.044,568672.3577,20839.83913,,pcod_rec_pp
ssp245,Fmean,WGOA,Rpath,POL,2070,2584316.571,1405353.098,120921.0017,,pcod_rec_pp
ssp245,Fmean,WGOA,Rpath,COD,2070,318343.5664,61239.34175,62187.04573,,pcod_rec_pp
ssp245,Fmean,WGOA,Rpath,ATF,2070,1408129.995,528013.8072,20006.52984,,pcod_rec_pp
ssp245,Fmean,WGOA,Rpath,POL,2071,2892576.879,1655689.466,128337.284,,pcod_rec_pp
ssp245,Fmean,WGOA,Rpath,COD,2071,319046.5171,63737.99016,61379.68611,,pcod_rec_pp
ssp245,Fmean,WGOA,Rpath,ATF,2071,1429727.961,527225.5669,19647.24781,,pcod_rec_pp
ssp245,Fmean,WGOA,Rpath,POL,2072,2818487.304,1648253.673,138326.4753,,pcod_rec_pp
ssp245,Fmean,WGOA,Rpath,COD,2072,319362.4062,68352.78616,62494.112,,pcod_rec_pp
ssp245,Fmean,WGOA,Rpath,ATF,2072,1466370.876,540288.9278,20239.78445,,pcod_rec_pp
ssp245,Fmean,WGOA,Rpath,POL,2073,2507024.425,1415307.213,128411.556,,pcod_rec_pp
ssp245,Fmean,WGOA,Rpath,COD,2073,310229.6678,71227.09204,61571.78266,,pcod_rec_pp
ssp245,Fmean,WGOA,Rpath,ATF,2073,1437900.833,518893.9189,20365.78604,,pcod_rec_pp
ssp245,Fmean,WGOA,Rpath,POL,2074,2644118.903,1479123.792,119568.5947,,pcod_rec_pp
ssp245,Fmean,WGOA,Rpath,COD,2074,302513.5837,73796.63734,58786.36804,,pcod_rec_pp
ssp245,Fmean,WGOA,Rpath,ATF,2074,1418212.224,498690.776,19824.90514,,pcod_rec_pp
ssp245,Fmean,WGOA,Rpath,POL,2075,2664662.453,1528000.399,127379.2305,,pcod_rec_pp
ssp245,Fmean,WGOA,Rpath,COD,2075,299648.2347,76818.52025,58059.96039,,pcod_rec_pp
ssp245,Fmean,WGOA,Rpath,ATF,2075,1437053.324,504443.586,19935.77804,,pcod_rec_pp
ssp245,Fmean,WGOA,Rpath,POL,2076,2584014.445,1482849.855,126103.6624,,pcod_rec_pp
ssp245,Fmean,WGOA,Rpath,COD,2076,296779.1635,74837.80034,57625.0193,,pcod_rec_pp
ssp245,Fmean,WGOA,Rpath,ATF,2076,1439772.967,508199.7124,20103.18483,,pcod_rec_pp
ssp245,Fmean,WGOA,Rpath,POL,2077,2517972.831,1423280.388,120707.7889,,pcod_rec_pp
ssp245,Fmean,WGOA,Rpath,COD,2077,293965.2945,71212.26482,56383.51555,,pcod_rec_pp
ssp245,Fmean,WGOA,Rpath,ATF,2077,1422448.733,502760.6151,19980.76751,,pcod_rec_pp
ssp245,Fmean,WGOA,Rpath,POL,2078,2379099.939,1318849.104,116030.4205,,pcod_rec_pp
ssp245,Fmean,WGOA,Rpath,COD,2078,288436.3964,67728.77787,55509.75103,,pcod_rec_pp
ssp245,Fmean,WGOA,Rpath,ATF,2078,1386722.589,486050.9721,19650.38436,,pcod_rec_pp
ssp245,Fmean,WGOA,Rpath,POL,2079,2451499.232,1371804.984,113901.2446,,pcod_rec_pp
ssp245,Fmean,WGOA,Rpath,COD,2079,284954.722,63835.26819,55114.90555,,pcod_rec_pp
ssp245,Fmean,WGOA,Rpath,ATF,2079,1371751.257,478484.096,19213.58903,,pcod_rec_pp
ssp245,Fmean,WGOA,Rpath,POL,2080,2419486.469,1366959.294,116751.4904,,pcod_rec_pp
ssp245,Fmean,WGOA,Rpath,COD,2080,284531.4252,61166.98062,55282.69416,,pcod_rec_pp
ssp245,Fmean,WGOA,Rpath,ATF,2080,1369308.123,480304.8121,19165.5214,,pcod_rec_pp
ssp245,Fmean,WGOA,Rpath,POL,2081,2273988.398,1251493.71,110841.1574,,pcod_rec_pp
ssp245,Fmean,WGOA,Rpath,COD,2081,277344.9856,59798.69599,54525.12095,,pcod_rec_pp
ssp245,Fmean,WGOA,Rpath,ATF,2081,1332105.825,463294.7492,18913.90904,,pcod_rec_pp
ssp245,Fmean,WGOA,Rpath,POL,2082,2464028.443,1384556.646,110949.7995,,pcod_rec_pp
ssp245,Fmean,WGOA,Rpath,COD,2082,271857.3736,62574.02119,53489.93291,,pcod_rec_pp
ssp245,Fmean,WGOA,Rpath,ATF,2082,1336411.418,466221.7721,18562.76453,,pcod_rec_pp
ssp245,Fmean,WGOA,Rpath,POL,2083,2491437.863,1419010.066,117490.705,,pcod_rec_pp
ssp245,Fmean,WGOA,Rpath,COD,2083,270351.6333,67898.11406,53390.64111,,pcod_rec_pp
ssp245,Fmean,WGOA,Rpath,ATF,2083,1353146.157,479340.309,18793.37748,,pcod_rec_pp
ssp245,Fmean,WGOA,Rpath,POL,2084,2603060.866,1501836.177,119765.9248,,pcod_rec_pp
ssp245,Fmean,WGOA,Rpath,COD,2084,272451.5931,74245.22779,52545.69733,,pcod_rec_pp
ssp245,Fmean,WGOA,Rpath,ATF,2084,1384457.469,502881.6642,19057.03172,,pcod_rec_pp
ssp245,Fmean,WGOA,Rpath,POL,2085,2581594.536,1475269.169,120540.694,,pcod_rec_pp
ssp245,Fmean,WGOA,Rpath,COD,2085,271964.5381,80481.48901,52211.9118,,pcod_rec_pp
ssp245,Fmean,WGOA,Rpath,ATF,2085,1394930.788,516682.48,19371.10488,,pcod_rec_pp
ssp245,Fmean,WGOA,Rpath,POL,2086,2360956.665,1315960.735,117713.655,,pcod_rec_pp
ssp245,Fmean,WGOA,Rpath,COD,2086,269346.2151,79423.48198,51873.26805,,pcod_rec_pp
ssp245,Fmean,WGOA,Rpath,ATF,2086,1371715.035,509895.5638,19404.03797,,pcod_rec_pp
ssp245,Fmean,WGOA,Rpath,POL,2087,2572179.107,1446188.478,113507.5611,,pcod_rec_pp
ssp245,Fmean,WGOA,Rpath,COD,2087,270406.1667,73400.57986,50899.49217,,pcod_rec_pp
ssp245,Fmean,WGOA,Rpath,ATF,2087,1365769.106,505567.2651,18963.44118,,pcod_rec_pp
ssp245,Fmean,WGOA,Rpath,POL,2088,2322920.847,1294677.61,118005.5866,,pcod_rec_pp
ssp245,Fmean,WGOA,Rpath,COD,2088,267694.4867,67648.04169,51746.20399,,pcod_rec_pp
ssp245,Fmean,WGOA,Rpath,ATF,2088,1346848.875,495159.3223,19059.27268,,pcod_rec_pp
ssp245,Fmean,WGOA,Rpath,POL,2089,2267388.602,1234015.089,107575.2326,,pcod_rec_pp
ssp245,Fmean,WGOA,Rpath,COD,2089,258067.638,60903.36963,51387.87266,,pcod_rec_pp
ssp245,Fmean,WGOA,Rpath,ATF,2089,1302417.336,464979.5283,18478.74796,,pcod_rec_pp
ssp245,Fmean,WGOA,Rpath,POL,2090,2263009.046,1233659.622,107274.8586,,pcod_rec_pp
ssp245,Fmean,WGOA,Rpath,COD,2090,251803.84,59109.60013,50109.92417,,pcod_rec_pp
ssp245,Fmean,WGOA,Rpath,ATF,2090,1279010.71,444659.7477,18027.96938,,pcod_rec_pp
ssp245,Fmean,WGOA,Rpath,POL,2091,2463971.881,1391254.59,110491.9566,,pcod_rec_pp
ssp245,Fmean,WGOA,Rpath,COD,2091,250264.5566,65093.73928,48797.21491,,pcod_rec_pp
ssp245,Fmean,WGOA,Rpath,ATF,2091,1296762.995,446832.4963,17877.86929,,pcod_rec_pp
ssp245,Fmean,WGOA,Rpath,POL,2092,2491100.56,1432033.865,117343.3126,,pcod_rec_pp
ssp245,Fmean,WGOA,Rpath,COD,2092,249776.2881,73732.14868,48782.87986,,pcod_rec_pp
ssp245,Fmean,WGOA,Rpath,ATF,2092,1331915.3,466099.1927,18330.23334,,pcod_rec_pp
ssp245,Fmean,WGOA,Rpath,POL,2093,2404551.387,1348523.506,113526.3422,,pcod_rec_pp
ssp245,Fmean,WGOA,Rpath,COD,2093,247124.0337,76426.08437,48232.29323,,pcod_rec_pp
ssp245,Fmean,WGOA,Rpath,ATF,2093,1326688.433,469116.5902,18556.36214,,pcod_rec_pp
ssp245,Fmean,WGOA,Rpath,POL,2094,2560045.916,1456422.127,115297.5781,,pcod_rec_pp
ssp245,Fmean,WGOA,Rpath,COD,2094,248883.3962,77654.59128,47151.09414,,pcod_rec_pp
ssp245,Fmean,WGOA,Rpath,ATF,2094,1351262.55,489684.8184,18608.35255,,pcod_rec_pp
ssp245,Fmean,WGOA,Rpath,POL,2095,2267399.849,1246585.103,113950.9676,,pcod_rec_pp
ssp245,Fmean,WGOA,Rpath,COD,2095,245953.4657,74170.3693,47277.58429,,pcod_rec_pp
ssp245,Fmean,WGOA,Rpath,ATF,2095,1316537.721,479945.5647,18729.56903,,pcod_rec_pp
ssp245,Fmean,WGOA,Rpath,POL,2096,2398339.473,1322129,107937.8767,,pcod_rec_pp
ssp245,Fmean,WGOA,Rpath,COD,2096,248934.4969,67392.35933,46514.01689,,pcod_rec_pp
ssp245,Fmean,WGOA,Rpath,ATF,2096,1299370.611,473652.8408,18178.76679,,pcod_rec_pp
ssp245,Fmean,WGOA,Rpath,POL,2097,2520502.308,1430554.423,115246.069,,pcod_rec_pp
ssp245,Fmean,WGOA,Rpath,COD,2097,255669.704,63106.87776,47425.49428,,pcod_rec_pp
ssp245,Fmean,WGOA,Rpath,ATF,2097,1318990.678,486097.5925,18214.09244,,pcod_rec_pp
ssp245,Fmean,WGOA,Rpath,POL,2098,2413418.4,1365398.685,116870.1063,,pcod_rec_pp
ssp245,Fmean,WGOA,Rpath,COD,2098,258989.9451,60194.52799,49624.03981,,pcod_rec_pp
ssp245,Fmean,WGOA,Rpath,ATF,2098,1322928.043,489472.5,18468.47291,,pcod_rec_pp
ssp245,Fmean,WGOA,Rpath,POL,2099,2367982.418,1309595.282,110807.4454,,pcod_rec_pp
ssp245,Fmean,WGOA,Rpath,COD,2099,259876.2827,58769.7181,49865.06091,,pcod_rec_pp
ssp245,Fmean,WGOA,Rpath,ATF,2099,1303217.588,477081.1699,18310.44469,,pcod_rec_pp
ssp585,Fmean,WGOA,Rpath,POL,1991,2884927.165,1690895.406,87828.01,,pcod_rec_pp
ssp585,Fmean,WGOA,Rpath,COD,1991,399280.2939,93224.23736,64466.82999,,pcod_rec_pp
ssp585,Fmean,WGOA,Rpath,ATF,1991,1554327.805,597326.9774,16958.38001,,pcod_rec_pp
ssp585,Fmean,WGOA,Rpath,POL,1992,2892495.913,1696087.278,90585.18996,,pcod_rec_pp
ssp585,Fmean,WGOA,Rpath,COD,1992,371842.9001,88999.22879,78966.50009,,pcod_rec_pp
ssp585,Fmean,WGOA,Rpath,ATF,1992,1551901.376,598021.2117,20482.18006,,pcod_rec_pp
ssp585,Fmean,WGOA,Rpath,POL,1993,2886917.46,1690078.21,108230.1801,,pcod_rec_pp
ssp585,Fmean,WGOA,Rpath,COD,1993,375328.1754,91984.46817,45849.17007,,pcod_rec_pp
ssp585,Fmean,WGOA,Rpath,ATF,1993,1551566.347,599298.1593,18294.44992,,pcod_rec_pp
ssp585,Fmean,WGOA,Rpath,POL,1994,2891612.897,1691340.87,100412.3599,,pcod_rec_pp
ssp585,Fmean,WGOA,Rpath,COD,1994,374238.5054,92168.02449,45610.57997,,pcod_rec_pp
ssp585,Fmean,WGOA,Rpath,ATF,1994,1547453.432,598480.5088,21993.23998,,pcod_rec_pp
ssp585,Fmean,WGOA,Rpath,POL,1995,2920445.243,1709974.752,69168.12993,,pcod_rec_pp
ssp585,Fmean,WGOA,Rpath,COD,1995,354241.1182,88060.92648,67907.17999,,pcod_rec_pp
ssp585,Fmean,WGOA,Rpath,ATF,1995,1548788.073,599203.4556,17415.49004,,pcod_rec_pp
ssp585,Fmean,WGOA,Rpath,POL,1996,2949537.5,1727520.768,49825.87004,,pcod_rec_pp
ssp585,Fmean,WGOA,Rpath,COD,1996,348901.2699,89289.89982,55391.6601,,pcod_rec_pp
ssp585,Fmean,WGOA,Rpath,ATF,1996,1545296.542,597141.1539,21555.6099,,pcod_rec_pp
ssp585,Fmean,WGOA,Rpath,POL,1997,2946193.762,1722365.564,84179.64997,,pcod_rec_pp
ssp585,Fmean,WGOA,Rpath,COD,1997,339607.8718,88455.84666,58920.57999,,pcod_rec_pp
ssp585,Fmean,WGOA,Rpath,ATF,1997,1547340.939,596389.7317,14758.27989,,pcod_rec_pp
ssp585,Fmean,WGOA,Rpath,POL,1998,3007840.548,1762267.823,5428.379998,,pcod_rec_pp
ssp585,Fmean,WGOA,Rpath,COD,1998,338402.0081,87897.09963,50218.95011,,pcod_rec_pp
ssp585,Fmean,WGOA,Rpath,ATF,1998,1552042.171,596282.5118,12377.19001,,pcod_rec_pp
ssp585,Fmean,WGOA,Rpath,POL,1999,2993956.264,1751820.359,90556.90006,,pcod_rec_pp
ssp585,Fmean,WGOA,Rpath,COD,1999,323385.5045,83134.3282,66264.6701,,pcod_rec_pp
ssp585,Fmean,WGOA,Rpath,ATF,1999,1556822.572,596729.6537,14649.22992,,pcod_rec_pp
ssp585,Fmean,WGOA,Rpath,POL,2000,3049484.669,1789601.224,5552.830105,,pcod_rec_pp
ssp585,Fmean,WGOA,Rpath,COD,2000,321234.7048,82993.63067,53384.86994,,pcod_rec_pp
ssp585,Fmean,WGOA,Rpath,ATF,2000,1555589.603,595731.5303,22993.75009,,pcod_rec_pp
ssp585,Fmean,WGOA,Rpath,POL,2001,3082953.386,1808450.385,3452.299979,,pcod_rec_pp
ssp585,Fmean,WGOA,Rpath,COD,2001,327836.0522,85350.66779,40517.40995,,pcod_rec_pp
ssp585,Fmean,WGOA,Rpath,ATF,2001,1559150.397,597017.2815,17416.19999,,pcod_rec_pp
ssp585,Fmean,WGOA,Rpath,POL,2002,3117695.911,1828996.892,1698.029945,,pcod_rec_pp
ssp585,Fmean,WGOA,Rpath,COD,2002,329657.1998,86672.3968,41567.98996,,pcod_rec_pp
ssp585,Fmean,WGOA,Rpath,ATF,2002,1561074.367,598208.7603,20173.56001,,pcod_rec_pp
ssp585,Fmean,WGOA,Rpath,POL,2003,3105660.591,1817041.088,48590.07701,,pcod_rec_pp
ssp585,Fmean,WGOA,Rpath,COD,2003,321002.2329,86072.65487,52365.75509,,pcod_rec_pp
ssp585,Fmean,WGOA,Rpath,ATF,2003,1552272.454,595288.6341,30169.77189,,pcod_rec_pp
ssp585,Fmean,WGOA,Rpath,POL,2004,3100496.18,1811816.72,62434.43992,,pcod_rec_pp
ssp585,Fmean,WGOA,Rpath,COD,2004,310907.3461,86861.68446,56450.24197,,pcod_rec_pp
ssp585,Fmean,WGOA,Rpath,ATF,2004,1557805.526,597533.7477,15634.90804,,pcod_rec_pp
ssp585,Fmean,WGOA,Rpath,POL,2005,3085140.756,1801622.597,78302.79193,,pcod_rec_pp
ssp585,Fmean,WGOA,Rpath,COD,2005,308747.7124,89355.03295,47523.77993,,pcod_rec_pp
ssp585,Fmean,WGOA,Rpath,ATF,2005,1557456.933,596651.5277,19923.57305,,pcod_rec_pp
ssp585,Fmean,WGOA,Rpath,POL,2006,3088115.7,1805154.794,68928.30799,,pcod_rec_pp
ssp585,Fmean,WGOA,Rpath,COD,2006,305285.4254,89662.84203,47767.07996,,pcod_rec_pp
ssp585,Fmean,WGOA,Rpath,ATF,2006,1552052.557,593803.972,27622.69892,,pcod_rec_pp
ssp585,Fmean,WGOA,Rpath,POL,2007,3108388.666,1820162.189,51572.307,,pcod_rec_pp
ssp585,Fmean,WGOA,Rpath,COD,2007,298656.828,86970.58416,51812.178,,pcod_rec_pp
ssp585,Fmean,WGOA,Rpath,ATF,2007,1552833.111,593773.0969,25346.98698,,pcod_rec_pp
ssp585,Fmean,WGOA,Rpath,POL,2008,3122657.328,1829614.826,50786.20601,,pcod_rec_pp
ssp585,Fmean,WGOA,Rpath,COD,2008,288014.1972,83738.42574,58386.38403,,pcod_rec_pp
ssp585,Fmean,WGOA,Rpath,ATF,2008,1551453.517,592951.9777,29205.93997,,pcod_rec_pp
ssp585,Fmean,WGOA,Rpath,POL,2009,3143273.399,1841984.82,41549.50308,,pcod_rec_pp
ssp585,Fmean,WGOA,Rpath,COD,2009,284535.8483,83301.56554,51788.98001,,pcod_rec_pp
ssp585,Fmean,WGOA,Rpath,ATF,2009,1555113.026,594046.2661,24831.74204,,pcod_rec_pp
ssp585,Fmean,WGOA,Rpath,POL,2010,3136117.031,1835292.146,73443.38423,,pcod_rec_pp
ssp585,Fmean,WGOA,Rpath,COD,2010,260387.0744,76717.56805,76954.1546,,pcod_rec_pp
ssp585,Fmean,WGOA,Rpath,ATF,2010,1558263.173,594362.5648,24339.44647,,pcod_rec_pp
ssp585,Fmean,WGOA,Rpath,POL,2011,3141056.088,1838289.751,77694.47962,,pcod_rec_pp
ssp585,Fmean,WGOA,Rpath,COD,2011,234318.5161,69543.30604,83710.47539,,pcod_rec_pp
ssp585,Fmean,WGOA,Rpath,ATF,2011,1557071.61,592792.1032,30911.82176,,pcod_rec_pp
ssp585,Fmean,WGOA,Rpath,POL,2012,3133568.472,1833854.712,98934.69122,,pcod_rec_pp
ssp585,Fmean,WGOA,Rpath,COD,2012,216652.3988,64116.82151,76871.10999,,pcod_rec_pp
ssp585,Fmean,WGOA,Rpath,ATF,2012,1567597.99,595605.7671,20761.90991,,pcod_rec_pp
ssp585,Fmean,WGOA,Rpath,POL,2013,3129803.327,1832301.647,90796.63161,,pcod_rec_pp
ssp585,Fmean,WGOA,Rpath,COD,2013,207097.746,61173.05499,66829.78162,,pcod_rec_pp
ssp585,Fmean,WGOA,Rpath,ATF,2013,1575636.643,596480.792,21809.31232,,pcod_rec_pp
ssp585,Fmean,WGOA,Rpath,POL,2014,3087331.432,1803398.136,138948.062,,pcod_rec_pp
ssp585,Fmean,WGOA,Rpath,COD,2014,180191.4473,54326.17477,83491.7282,,pcod_rec_pp
ssp585,Fmean,WGOA,Rpath,ATF,2014,1567912.163,590069.7527,36524.50153,,pcod_rec_pp
ssp585,Fmean,WGOA,Rpath,POL,2015,3045526.286,1775739.079,162807.646,,pcod_rec_pp
ssp585,Fmean,WGOA,Rpath,COD,2015,157932.7221,48934.44114,77689.99201,,pcod_rec_pp
ssp585,Fmean,WGOA,Rpath,ATF,2015,1577268.818,588791.536,19296.58722,,pcod_rec_pp
ssp585,Fmean,WGOA,Rpath,POL,2016,3007798.292,1753763.798,173086.3524,,pcod_rec_pp
ssp585,Fmean,WGOA,Rpath,COD,2016,147656.6154,47339.00977,62867.32743,,pcod_rec_pp
ssp585,Fmean,WGOA,Rpath,ATF,2016,1586289.943,586210.8787,19976.29419,,pcod_rec_pp
ssp585,Fmean,WGOA,Rpath,POL,2017,2976739.358,1738811.225,184220.0285,,pcod_rec_pp
ssp585,Fmean,WGOA,Rpath,COD,2017,147736.1447,50239.67431,48204.21467,,pcod_rec_pp
ssp585,Fmean,WGOA,Rpath,ATF,2017,1591593.276,581990.6601,27053.50899,,pcod_rec_pp
ssp585,Fmean,WGOA,Rpath,POL,2018,2968841.332,1740812.462,150815.1922,,pcod_rec_pp
ssp585,Fmean,WGOA,Rpath,COD,2018,174522.2292,61112.90393,14681.2982,,pcod_rec_pp
ssp585,Fmean,WGOA,Rpath,ATF,2018,1607270.211,582229.7484,18870.25094,,pcod_rec_pp
ssp585,Fmean,WGOA,Rpath,POL,2019,2976191.205,1750709.517,110649.2716,,pcod_rec_pp
ssp585,Fmean,WGOA,Rpath,COD,2019,197788.813,66355.87669,15200.42058,,pcod_rec_pp
ssp585,Fmean,WGOA,Rpath,ATF,2019,1614692.328,580069.5368,24567.05196,,pcod_rec_pp
ssp585,Fmean,WGOA,Rpath,POL,2020,2989817.059,1764764.681,99971.06489,,pcod_rec_pp
ssp585,Fmean,WGOA,Rpath,COD,2020,228008.227,75553.88356,6085.249339,,pcod_rec_pp
ssp585,Fmean,WGOA,Rpath,ATF,2020,1626339.563,581529.2315,21115.8993,,pcod_rec_pp
ssp585,Fmean,WGOA,Rpath,POL,2021,2776668.067,1614685.348,232746.3015,,pcod_rec_pp
ssp585,Fmean,WGOA,Rpath,COD,2021,209244.817,67624.48395,59602.95581,,pcod_rec_pp
ssp585,Fmean,WGOA,Rpath,ATF,2021,1605753.707,570032.918,32460.68874,,pcod_rec_pp
ssp585,Fmean,WGOA,Rpath,POL,2022,2701649.519,1559666.653,253790.6435,,pcod_rec_pp
ssp585,Fmean,WGOA,Rpath,COD,2022,196588.9083,59251.23025,62919.6661,,pcod_rec_pp
ssp585,Fmean,WGOA,Rpath,ATF,2022,1581523.592,556748.9154,33780.61624,,pcod_rec_pp
ssp585,Fmean,WGOA,Rpath,POL,2023,2937162.697,1755525.687,258273.0621,,pcod_rec_pp
ssp585,Fmean,WGOA,Rpath,COD,2023,199309.6363,54899.33484,57577.62063,,pcod_rec_pp
ssp585,Fmean,WGOA,Rpath,ATF,2023,1622671.978,580205.6598,31348.53064,,pcod_rec_pp
ssp585,Fmean,WGOA,Rpath,POL,2024,3020387.799,1833495.275,141839.2559,,pcod_rec_pp
ssp585,Fmean,WGOA,Rpath,COD,2024,219507.4753,59055.44375,39548.07039,,pcod_rec_pp
ssp585,Fmean,WGOA,Rpath,ATF,2024,1677934.409,616948.1938,23009.42475,,pcod_rec_pp
ssp585,Fmean,WGOA,Rpath,POL,2025,2991003.989,1801992.646,142598.4454,,pcod_rec_pp
ssp585,Fmean,WGOA,Rpath,COD,2025,231935.8763,64983.16291,42816.31814,,pcod_rec_pp
ssp585,Fmean,WGOA,Rpath,ATF,2025,1704347.601,639264.8807,23596.9844,,pcod_rec_pp
ssp585,Fmean,WGOA,Rpath,POL,2026,2939537.539,1756028.017,141885.7987,,pcod_rec_pp
ssp585,Fmean,WGOA,Rpath,COD,2026,240862.0091,71786.28971,44531.42383,,pcod_rec_pp
ssp585,Fmean,WGOA,Rpath,ATF,2026,1711429.856,648401.7494,23846.64335,,pcod_rec_pp
ssp585,Fmean,WGOA,Rpath,POL,2027,2863770.993,1679012.54,137152.2941,,pcod_rec_pp
ssp585,Fmean,WGOA,Rpath,COD,2027,246456.0851,72939.73807,45660.26638,,pcod_rec_pp
ssp585,Fmean,WGOA,Rpath,ATF,2027,1683416.782,632522.5774,23671.75917,,pcod_rec_pp
ssp585,Fmean,WGOA,Rpath,POL,2028,2970523.861,1764550.365,138852.0692,,pcod_rec_pp
ssp585,Fmean,WGOA,Rpath,COD,2028,255644.6938,70388.91767,46920.63866,,pcod_rec_pp
ssp585,Fmean,WGOA,Rpath,ATF,2028,1689838.588,631802.7152,23476.62641,,pcod_rec_pp
ssp585,Fmean,WGOA,Rpath,POL,2029,2637375.585,1535415.864,137648.4419,,pcod_rec_pp
ssp585,Fmean,WGOA,Rpath,COD,2029,260296.1538,65931.36504,48845.4587,,pcod_rec_pp
ssp585,Fmean,WGOA,Rpath,ATF,2029,1650880.907,605814.4641,23478.20901,,pcod_rec_pp
ssp585,Fmean,WGOA,Rpath,POL,2030,2783941.852,1620430.441,128760.9203,,pcod_rec_pp
ssp585,Fmean,WGOA,Rpath,COD,2030,265330.6257,61725.26627,49464.57897,,pcod_rec_pp
ssp585,Fmean,WGOA,Rpath,ATF,2030,1625282.269,580044.6871,22760.00895,,pcod_rec_pp
ssp585,Fmean,WGOA,Rpath,POL,2031,2765281.587,1625117.247,133990.2049,,pcod_rec_pp
ssp585,Fmean,WGOA,Rpath,COD,2031,270838.4906,61461.24453,51179.0259,,pcod_rec_pp
ssp585,Fmean,WGOA,Rpath,ATF,2031,1623459.093,569793.2951,22685.81426,,pcod_rec_pp
ssp585,Fmean,WGOA,Rpath,POL,2032,2620832.042,1510282.591,128731.6711,,pcod_rec_pp
ssp585,Fmean,WGOA,Rpath,COD,2032,269694.0593,60508.88557,52302.06957,,pcod_rec_pp
ssp585,Fmean,WGOA,Rpath,ATF,2032,1586815.113,544665.5911,22466.02008,,pcod_rec_pp
ssp585,Fmean,WGOA,Rpath,POL,2033,2584158.387,1484051.001,125918.6908,,pcod_rec_pp
ssp585,Fmean,WGOA,Rpath,COD,2033,270346.5458,62233.9927,52080.03051,,pcod_rec_pp
ssp585,Fmean,WGOA,Rpath,ATF,2033,1563906.475,530027.4091,22063.89624,,pcod_rec_pp
ssp585,Fmean,WGOA,Rpath,POL,2034,2762047.501,1611222.072,126450.4111,,pcod_rec_pp
ssp585,Fmean,WGOA,Rpath,COD,2034,273710.065,66053.1746,51878.21146,,pcod_rec_pp
ssp585,Fmean,WGOA,Rpath,ATF,2034,1566923.42,532576.9913,21789.10142,,pcod_rec_pp
ssp585,Fmean,WGOA,Rpath,POL,2035,3052423.43,1853513.051,138481.5912,,pcod_rec_pp
ssp585,Fmean,WGOA,Rpath,COD,2035,285445.2301,71832.59113,53125.1928,,pcod_rec_pp
ssp585,Fmean,WGOA,Rpath,ATF,2035,1639232.533,580676.0892,22286.42623,,pcod_rec_pp
ssp585,Fmean,WGOA,Rpath,POL,2036,3047594.005,1855665.233,145850.8088,,pcod_rec_pp
ssp585,Fmean,WGOA,Rpath,COD,2036,294665.9487,74938.61142,55474.45865,,pcod_rec_pp
ssp585,Fmean,WGOA,Rpath,ATF,2036,1694685.688,630063.371,23286.14657,,pcod_rec_pp
ssp585,Fmean,WGOA,Rpath,POL,2037,2967309.435,1780251.465,143820.5119,,pcod_rec_pp
ssp585,Fmean,WGOA,Rpath,COD,2037,297047.2722,76597.24485,56812.7633,,pcod_rec_pp
ssp585,Fmean,WGOA,Rpath,ATF,2037,1709993.924,657075.004,23799.40051,,pcod_rec_pp
ssp585,Fmean,WGOA,Rpath,POL,2038,2667764.326,1533988.736,134953.7816,,pcod_rec_pp
ssp585,Fmean,WGOA,Rpath,COD,2038,290319.147,75724.40213,56733.02194,,pcod_rec_pp
ssp585,Fmean,WGOA,Rpath,ATF,2038,1649571.398,633026.0016,23547.23895,,pcod_rec_pp
ssp585,Fmean,WGOA,Rpath,POL,2039,2755662.682,1576131.39,128226.5108,,pcod_rec_pp
ssp585,Fmean,WGOA,Rpath,COD,2039,285942.1905,74397.67943,55039.92374,,pcod_rec_pp
ssp585,Fmean,WGOA,Rpath,ATF,2039,1606612.555,607209.3568,22655.73421,,pcod_rec_pp
ssp585,Fmean,WGOA,Rpath,POL,2040,2921271.436,1723666.184,135809.3408,,pcod_rec_pp
ssp585,Fmean,WGOA,Rpath,COD,2040,288685.6076,74449.61405,54788.04762,,pcod_rec_pp
ssp585,Fmean,WGOA,Rpath,ATF,2040,1620735.91,608045.413,22451.66503,,pcod_rec_pp
ssp585,Fmean,WGOA,Rpath,POL,2041,2802589.006,1658243.461,138989.8895,,pcod_rec_pp
ssp585,Fmean,WGOA,Rpath,COD,2041,292041.6832,73866.80072,55493.49039,,pcod_rec_pp
ssp585,Fmean,WGOA,Rpath,ATF,2041,1626533.273,602814.0229,22716.96008,,pcod_rec_pp
ssp585,Fmean,WGOA,Rpath,POL,2042,2696253.408,1562330.814,131223.5941,,pcod_rec_pp
ssp585,Fmean,WGOA,Rpath,COD,2042,289605.1191,70413.9273,55471.27622,,pcod_rec_pp
ssp585,Fmean,WGOA,Rpath,ATF,2042,1598324.167,575889.4986,22523.82868,,pcod_rec_pp
ssp585,Fmean,WGOA,Rpath,POL,2043,2581649.578,1473578.112,127031.021,,pcod_rec_pp
ssp585,Fmean,WGOA,Rpath,COD,2043,283973.06,66948.04106,55305.95564,,pcod_rec_pp
ssp585,Fmean,WGOA,Rpath,ATF,2043,1563488.002,545986.8609,22115.53656,,pcod_rec_pp
ssp585,Fmean,WGOA,Rpath,POL,2044,2715987.296,1574306.618,126594.733,,pcod_rec_pp
ssp585,Fmean,WGOA,Rpath,COD,2044,282373.2975,65092.84628,54710.82569,,pcod_rec_pp
ssp585,Fmean,WGOA,Rpath,ATF,2044,1557472,533784.956,21720.72272,,pcod_rec_pp
ssp585,Fmean,WGOA,Rpath,POL,2045,2821063.99,1671186.129,133167.4807,,pcod_rec_pp
ssp585,Fmean,WGOA,Rpath,COD,2045,286909.5443,68131.33188,54802.10691,,pcod_rec_pp
ssp585,Fmean,WGOA,Rpath,ATF,2045,1583946.703,547165.0997,21896.06378,,pcod_rec_pp
ssp585,Fmean,WGOA,Rpath,POL,2046,2912121.839,1739915.046,136376.9573,,pcod_rec_pp
ssp585,Fmean,WGOA,Rpath,COD,2046,292281.1071,74341.15947,55384.46746,,pcod_rec_pp
ssp585,Fmean,WGOA,Rpath,ATF,2046,1618561.327,572364.4432,22308.48635,,pcod_rec_pp
ssp585,Fmean,WGOA,Rpath,POL,2047,2937125.12,1750797.114,138045.5429,,pcod_rec_pp
ssp585,Fmean,WGOA,Rpath,COD,2047,296435.0508,78346.93458,56072.74772,,pcod_rec_pp
ssp585,Fmean,WGOA,Rpath,ATF,2047,1644881.079,597562.2535,22757.80425,,pcod_rec_pp
ssp585,Fmean,WGOA,Rpath,POL,2048,2980932.057,1785470.955,141108.6968,,pcod_rec_pp
ssp585,Fmean,WGOA,Rpath,COD,2048,300522.9648,79275.98324,56797.62959,,pcod_rec_pp
ssp585,Fmean,WGOA,Rpath,ATF,2048,1676735.075,628511.205,23171.81992,,pcod_rec_pp
ssp585,Fmean,WGOA,Rpath,POL,2049,2833341.745,1675580.458,140227.3929,,pcod_rec_pp
ssp585,Fmean,WGOA,Rpath,COD,2049,299267.8796,77350.40919,57687.43394,,pcod_rec_pp
ssp585,Fmean,WGOA,Rpath,ATF,2049,1670850.64,637370.3609,23427.47059,,pcod_rec_pp
ssp585,Fmean,WGOA,Rpath,POL,2050,2915348.042,1712459.17,135048.1611,,pcod_rec_pp
ssp585,Fmean,WGOA,Rpath,COD,2050,297238.9308,75832.64786,57269.41418,,pcod_rec_pp
ssp585,Fmean,WGOA,Rpath,ATF,2050,1656549.081,633080.2019,23127.94536,,pcod_rec_pp
ssp585,Fmean,WGOA,Rpath,POL,2051,2927559.892,1742031.678,140702.0238,,pcod_rec_pp
ssp585,Fmean,WGOA,Rpath,COD,2051,298526.0701,78791.04514,57120.47299,,pcod_rec_pp
ssp585,Fmean,WGOA,Rpath,ATF,2051,1671856.044,640721.5217,23220.02612,,pcod_rec_pp
ssp585,Fmean,WGOA,Rpath,POL,2052,2851606.135,1680370.577,137535.9309,,pcod_rec_pp
ssp585,Fmean,WGOA,Rpath,COD,2052,294192.9648,80437.71267,56898.00591,,pcod_rec_pp
ssp585,Fmean,WGOA,Rpath,ATF,2052,1659675.228,627260.1578,23235.51886,,pcod_rec_pp
ssp585,Fmean,WGOA,Rpath,POL,2053,2847024.153,1680267.682,136059.5298,,pcod_rec_pp
ssp585,Fmean,WGOA,Rpath,COD,2053,290371.7434,80288.92185,56149.1682,,pcod_rec_pp
ssp585,Fmean,WGOA,Rpath,ATF,2053,1657645.75,615772.1805,23127.58623,,pcod_rec_pp
ssp585,Fmean,WGOA,Rpath,POL,2054,2677178.374,1547473.434,131031.8479,,pcod_rec_pp
ssp585,Fmean,WGOA,Rpath,COD,2054,281997.769,77445.14616,55324.44008,,pcod_rec_pp
ssp585,Fmean,WGOA,Rpath,ATF,2054,1618978.422,583735.9824,22901.18111,,pcod_rec_pp
ssp585,Fmean,WGOA,Rpath,POL,2055,2689372.125,1573225.888,130260.6338,,pcod_rec_pp
ssp585,Fmean,WGOA,Rpath,COD,2055,278879.5567,76736.18353,53988.33555,,pcod_rec_pp
ssp585,Fmean,WGOA,Rpath,ATF,2055,1614878.743,570337.1026,22583.49838,,pcod_rec_pp
ssp585,Fmean,WGOA,Rpath,POL,2056,2687308.594,1565366.104,127242.0048,,pcod_rec_pp
ssp585,Fmean,WGOA,Rpath,COD,2056,274933.028,75869.88974,52947.21861,,pcod_rec_pp
ssp585,Fmean,WGOA,Rpath,ATF,2056,1595550.001,552043.1116,22358.57767,,pcod_rec_pp
ssp585,Fmean,WGOA,Rpath,POL,2057,2668656.465,1562429.288,128059.3947,,pcod_rec_pp
ssp585,Fmean,WGOA,Rpath,COD,2057,273345.208,74620.51886,52452.05074,,pcod_rec_pp
ssp585,Fmean,WGOA,Rpath,ATF,2057,1594124.17,547946.8278,22281.14028,,pcod_rec_pp
ssp585,Fmean,WGOA,Rpath,POL,2058,2601747.818,1513551.816,126032.2463,,pcod_rec_pp
ssp585,Fmean,WGOA,Rpath,COD,2058,270660.7336,71613.02089,52069.07883,,pcod_rec_pp
ssp585,Fmean,WGOA,Rpath,ATF,2058,1579901.103,541138.4539,22195.78394,,pcod_rec_pp
ssp585,Fmean,WGOA,Rpath,POL,2059,2680042.406,1572348.79,126016.7345,,pcod_rec_pp
ssp585,Fmean,WGOA,Rpath,COD,2059,270726.1816,69169.45048,51949.4479,,pcod_rec_pp
ssp585,Fmean,WGOA,Rpath,ATF,2059,1584556.185,547482.6174,22069.15086,,pcod_rec_pp
ssp585,Fmean,WGOA,Rpath,POL,2060,2856522.585,1711615.574,131354.8858,,pcod_rec_pp
ssp585,Fmean,WGOA,Rpath,COD,2060,274947.228,71479.82109,52383.58461,,pcod_rec_pp
ssp585,Fmean,WGOA,Rpath,ATF,2060,1622207.808,576265.6406,22294.61885,,pcod_rec_pp
ssp585,Fmean,WGOA,Rpath,POL,2061,2726871.745,1617633.996,133490.4358,,pcod_rec_pp
ssp585,Fmean,WGOA,Rpath,COD,2061,273228.313,73864.72037,53287.80373,,pcod_rec_pp
ssp585,Fmean,WGOA,Rpath,ATF,2061,1628388.32,592610.1063,22745.96632,,pcod_rec_pp
ssp585,Fmean,WGOA,Rpath,POL,2062,2817740.805,1663194.894,130179.4511,,pcod_rec_pp
ssp585,Fmean,WGOA,Rpath,COD,2062,272416.0363,78353.51532,52681.54533,,pcod_rec_pp
ssp585,Fmean,WGOA,Rpath,ATF,2062,1632191.852,604099.6476,22686.42826,,pcod_rec_pp
ssp585,Fmean,WGOA,Rpath,POL,2063,2863961.898,1701061.092,133998.7032,,pcod_rec_pp
ssp585,Fmean,WGOA,Rpath,COD,2063,273015.9254,82755.0554,52193.15871,,pcod_rec_pp
ssp585,Fmean,WGOA,Rpath,ATF,2063,1649323.612,620926.1506,22854.14606,,pcod_rec_pp
ssp585,Fmean,WGOA,Rpath,POL,2064,2850954.048,1699397.058,136096.4071,,pcod_rec_pp
ssp585,Fmean,WGOA,Rpath,COD,2064,271819.2878,85279.74388,52227.19747,,pcod_rec_pp
ssp585,Fmean,WGOA,Rpath,ATF,2064,1664304.719,633278.1753,23106.92153,,pcod_rec_pp
ssp585,Fmean,WGOA,Rpath,POL,2065,2647115.727,1540114.123,131356.605,,pcod_rec_pp
ssp585,Fmean,WGOA,Rpath,COD,2065,264954.133,80775.66062,51930.75155,,pcod_rec_pp
ssp585,Fmean,WGOA,Rpath,ATF,2065,1631054.453,613759.5077,23067.03442,,pcod_rec_pp
ssp585,Fmean,WGOA,Rpath,POL,2066,2592463.026,1487397.225,124490.009,,pcod_rec_pp
ssp585,Fmean,WGOA,Rpath,COD,2066,257350.1543,76813.57495,50393.66154,,pcod_rec_pp
ssp585,Fmean,WGOA,Rpath,ATF,2066,1591020.877,582995.3473,22486.22127,,pcod_rec_pp
ssp585,Fmean,WGOA,Rpath,POL,2067,2620476.203,1518498.094,124992.5005,,pcod_rec_pp
ssp585,Fmean,WGOA,Rpath,COD,2067,251663.9828,75440.32873,49333.23793,,pcod_rec_pp
ssp585,Fmean,WGOA,Rpath,ATF,2067,1576345.96,562712.3195,22088.71973,,pcod_rec_pp
ssp585,Fmean,WGOA,Rpath,POL,2068,2721759.176,1605327.45,127406.1908,,pcod_rec_pp
ssp585,Fmean,WGOA,Rpath,COD,2068,250966.6001,76519.89356,48697.09286,,pcod_rec_pp
ssp585,Fmean,WGOA,Rpath,ATF,2068,1588417.796,557789.2869,22024.65799,,pcod_rec_pp
ssp585,Fmean,WGOA,Rpath,POL,2069,2763908.47,1647237.318,130788.8693,,pcod_rec_pp
ssp585,Fmean,WGOA,Rpath,COD,2069,250392.6714,79347.37666,48247.98632,,pcod_rec_pp
ssp585,Fmean,WGOA,Rpath,ATF,2069,1615993.333,566385.6694,22331.17631,,pcod_rec_pp
ssp585,Fmean,WGOA,Rpath,POL,2070,2733027.547,1621712.104,130671.5889,,pcod_rec_pp
ssp585,Fmean,WGOA,Rpath,COD,2070,246530.8543,81368.35045,48229.45153,,pcod_rec_pp
ssp585,Fmean,WGOA,Rpath,ATF,2070,1630753.668,573780.4917,22658.14943,,pcod_rec_pp
ssp585,Fmean,WGOA,Rpath,POL,2071,2857608.476,1711072.406,132190.1486,,pcod_rec_pp
ssp585,Fmean,WGOA,Rpath,COD,2071,247286.4931,82463.36756,47680.65212,,pcod_rec_pp
ssp585,Fmean,WGOA,Rpath,ATF,2071,1663759.535,595481.4073,22918.61252,,pcod_rec_pp
ssp585,Fmean,WGOA,Rpath,POL,2072,2807551.014,1678414.405,134696.1133,,pcod_rec_pp
ssp585,Fmean,WGOA,Rpath,COD,2072,245816.678,84826.06342,47224.11726,,pcod_rec_pp
ssp585,Fmean,WGOA,Rpath,ATF,2072,1681779.668,614650.2053,23352.97893,,pcod_rec_pp
ssp585,Fmean,WGOA,Rpath,POL,2073,2714120.108,1598513.436,130415.2512,,pcod_rec_pp
ssp585,Fmean,WGOA,Rpath,COD,2073,239280.527,84277.23513,46904.24541,,pcod_rec_pp
ssp585,Fmean,WGOA,Rpath,ATF,2073,1666130.015,613885.0627,23371.50812,,pcod_rec_pp
ssp585,Fmean,WGOA,Rpath,POL,2074,2693856.166,1576899.025,127559.9317,,pcod_rec_pp
ssp585,Fmean,WGOA,Rpath,COD,2074,232678.9924,80319.95216,46036.46671,,pcod_rec_pp
ssp585,Fmean,WGOA,Rpath,ATF,2074,1647994.869,606496.8839,23108.57847,,pcod_rec_pp
ssp585,Fmean,WGOA,Rpath,POL,2075,2717177.427,1607970.426,129439.4682,,pcod_rec_pp
ssp585,Fmean,WGOA,Rpath,COD,2075,229868.0163,80930.19912,44894.81079,,pcod_rec_pp
ssp585,Fmean,WGOA,Rpath,ATF,2075,1651241.555,606572.7242,23003.44475,,pcod_rec_pp
ssp585,Fmean,WGOA,Rpath,POL,2076,2884588.815,1732368.897,131184.2175,,pcod_rec_pp
ssp585,Fmean,WGOA,Rpath,COD,2076,230490.9884,84998.52855,43883.18492,,pcod_rec_pp
ssp585,Fmean,WGOA,Rpath,ATF,2076,1676800.503,615363.2065,23079.97584,,pcod_rec_pp
ssp585,Fmean,WGOA,Rpath,POL,2077,2891566.429,1754057.584,137238.1526,,pcod_rec_pp
ssp585,Fmean,WGOA,Rpath,COD,2077,231668.3694,86784.54378,43900.59975,,pcod_rec_pp
ssp585,Fmean,WGOA,Rpath,ATF,2077,1717436.35,634530.3953,23661.14347,,pcod_rec_pp
ssp585,Fmean,WGOA,Rpath,POL,2078,2828071.847,1703352.9,135533.313,,pcod_rec_pp
ssp585,Fmean,WGOA,Rpath,COD,2078,229879.2563,83447.81169,44216.6443,,pcod_rec_pp
ssp585,Fmean,WGOA,Rpath,ATF,2078,1731649.646,639595.6464,24048.80023,,pcod_rec_pp
ssp585,Fmean,WGOA,Rpath,POL,2079,2709149.534,1606829.354,131195.0728,,pcod_rec_pp
ssp585,Fmean,WGOA,Rpath,COD,2079,224963.1772,80193.82962,43927.15878,,pcod_rec_pp
ssp585,Fmean,WGOA,Rpath,ATF,2079,1715978.754,627946.2387,24071.04175,,pcod_rec_pp
ssp585,Fmean,WGOA,Rpath,POL,2080,2678965.558,1578370.232,127019.6611,,pcod_rec_pp
ssp585,Fmean,WGOA,Rpath,COD,2080,218593.8466,79676.18566,42968.66792,,pcod_rec_pp
ssp585,Fmean,WGOA,Rpath,ATF,2080,1694476.317,611117.1752,23768.23109,,pcod_rec_pp
ssp585,Fmean,WGOA,Rpath,POL,2081,2617172.931,1540613.047,125799.7332,,pcod_rec_pp
ssp585,Fmean,WGOA,Rpath,COD,2081,212327.5015,79949.1266,41807.60702,,pcod_rec_pp
ssp585,Fmean,WGOA,Rpath,ATF,2081,1675769.598,595342.9527,23529.41248,,pcod_rec_pp
ssp585,Fmean,WGOA,Rpath,POL,2082,2553257.207,1504842.01,124073.2351,,pcod_rec_pp
ssp585,Fmean,WGOA,Rpath,COD,2082,207085.3479,79682.13746,40562.52567,,pcod_rec_pp
ssp585,Fmean,WGOA,Rpath,ATF,2082,1660249.613,581108.7123,23310.35254,,pcod_rec_pp
ssp585,Fmean,WGOA,Rpath,POL,2083,2531478.172,1481317.265,120104.9545,,pcod_rec_pp
ssp585,Fmean,WGOA,Rpath,COD,2083,204386.5415,77810.06135,39414.89828,,pcod_rec_pp
ssp585,Fmean,WGOA,Rpath,ATF,2083,1635856.536,561882.4856,22990.53817,,pcod_rec_pp
ssp585,Fmean,WGOA,Rpath,POL,2084,2595946.599,1547007.654,122826.8243,,pcod_rec_pp
ssp585,Fmean,WGOA,Rpath,COD,2084,206715.0257,76799.42913,38741.97438,,pcod_rec_pp
ssp585,Fmean,WGOA,Rpath,ATF,2084,1651165.867,565777.8406,22922.3984,,pcod_rec_pp
ssp585,Fmean,WGOA,Rpath,POL,2085,2591612.471,1545539.236,123317.2062,,pcod_rec_pp
ssp585,Fmean,WGOA,Rpath,COD,2085,207283.995,73577.4697,39213.04047,,pcod_rec_pp
ssp585,Fmean,WGOA,Rpath,ATF,2085,1657394.518,569722.9467,23068.55149,,pcod_rec_pp
ssp585,Fmean,WGOA,Rpath,POL,2086,2570358.226,1523500.995,121932.7271,,pcod_rec_pp
ssp585,Fmean,WGOA,Rpath,COD,2086,205762.3089,69028.70742,40027.75882,,pcod_rec_pp
ssp585,Fmean,WGOA,Rpath,ATF,2086,1655510.31,573107.6763,23114.16917,,pcod_rec_pp
ssp585,Fmean,WGOA,Rpath,POL,2087,2578929.53,1525473.581,121716.4571,,pcod_rec_pp
ssp585,Fmean,WGOA,Rpath,COD,2087,204080.808,69205.83434,39933.17109,,pcod_rec_pp
ssp585,Fmean,WGOA,Rpath,ATF,2087,1652975.623,578056.3007,23089.75133,,pcod_rec_pp
ssp585,Fmean,WGOA,Rpath,POL,2088,2660099.794,1587382.31,123577.4971,,pcod_rec_pp
ssp585,Fmean,WGOA,Rpath,COD,2088,203075.5908,75573.14329,39500.04567,,pcod_rec_pp
ssp585,Fmean,WGOA,Rpath,ATF,2088,1665266.129,591531.0483,23102.65177,,pcod_rec_pp
ssp585,Fmean,WGOA,Rpath,POL,2089,2582695.689,1535012.253,124895.2694,,pcod_rec_pp
ssp585,Fmean,WGOA,Rpath,COD,2089,201145.0667,79739.10868,39317.21451,,pcod_rec_pp
ssp585,Fmean,WGOA,Rpath,ATF,2089,1663079.423,597995.1472,23248.55403,,pcod_rec_pp
ssp585,Fmean,WGOA,Rpath,POL,2090,2550808.439,1491390.052,119945.8642,,pcod_rec_pp
ssp585,Fmean,WGOA,Rpath,COD,2090,196685.5277,79106.99216,38504.96148,,pcod_rec_pp
ssp585,Fmean,WGOA,Rpath,ATF,2090,1636319.299,586721.7567,22985.12083,,pcod_rec_pp
ssp585,Fmean,WGOA,Rpath,POL,2091,2703764.401,1609369.437,123549.8444,,pcod_rec_pp
ssp585,Fmean,WGOA,Rpath,COD,2091,194637.8171,78873.74816,37813.58004,,pcod_rec_pp
ssp585,Fmean,WGOA,Rpath,ATF,2091,1653612.288,595918.4689,22877.59068,,pcod_rec_pp
ssp585,Fmean,WGOA,Rpath,POL,2092,2755098.707,1659113.243,129330.4881,,pcod_rec_pp
ssp585,Fmean,WGOA,Rpath,COD,2092,193401.2579,78624.45772,37863.65236,,pcod_rec_pp
ssp585,Fmean,WGOA,Rpath,ATF,2092,1683140.863,612014.0185,23240.00854,,pcod_rec_pp
ssp585,Fmean,WGOA,Rpath,POL,2093,2719376.525,1625181.76,128786.7432,,pcod_rec_pp
ssp585,Fmean,WGOA,Rpath,COD,2093,190627.1632,79688.50633,37534.80368,,pcod_rec_pp
ssp585,Fmean,WGOA,Rpath,ATF,2093,1692794.158,616737.5242,23529.06634,,pcod_rec_pp
ssp585,Fmean,WGOA,Rpath,POL,2094,2608144.491,1539042.423,126452.3628,,pcod_rec_pp
ssp585,Fmean,WGOA,Rpath,COD,2094,187384.9667,80900.89727,36651.26133,,pcod_rec_pp
ssp585,Fmean,WGOA,Rpath,ATF,2094,1682148.787,608816.439,23583.42566,,pcod_rec_pp
ssp585,Fmean,WGOA,Rpath,POL,2095,2742733.779,1631047.475,125108.8614,,pcod_rec_pp
ssp585,Fmean,WGOA,Rpath,COD,2095,186692.9044,80126.99471,35528.74012,,pcod_rec_pp
ssp585,Fmean,WGOA,Rpath,ATF,2095,1690574.398,607562.2776,23411.66308,,pcod_rec_pp
ssp585,Fmean,WGOA,Rpath,POL,2096,2683927.153,1610337.309,130140.8787,,pcod_rec_pp
ssp585,Fmean,WGOA,Rpath,COD,2096,190648.9586,77242.29299,35552.3504,,pcod_rec_pp
ssp585,Fmean,WGOA,Rpath,ATF,2096,1707806.726,613887.241,23732.67815,,pcod_rec_pp
ssp585,Fmean,WGOA,Rpath,POL,2097,2820595.829,1700279.311,128248.0323,,pcod_rec_pp
ssp585,Fmean,WGOA,Rpath,COD,2097,196421.2088,73414.92207,35791.43106,,pcod_rec_pp
ssp585,Fmean,WGOA,Rpath,ATF,2097,1728396.221,620901.8404,23830.12326,,pcod_rec_pp
ssp585,Fmean,WGOA,Rpath,POL,2098,2790146.361,1706678.203,135346.2566,,pcod_rec_pp
ssp585,Fmean,WGOA,Rpath,COD,2098,201766.9834,72435.29414,37421.65017,,pcod_rec_pp
ssp585,Fmean,WGOA,Rpath,ATF,2098,1773485.767,645250.1919,24456.10578,,pcod_rec_pp
ssp585,Fmean,WGOA,Rpath,POL,2099,2611299.222,1549751.471,127432.3987,,pcod_rec_pp
ssp585,Fmean,WGOA,Rpath,COD,2099,202664.6841,68295.23792,39074.80857,,pcod_rec_pp
ssp585,Fmean,WGOA,Rpath,ATF,2099,1737406.3,624947.3546,24523.99676,,pcod_rec_pp
